id,title,poster_path
27205,Inception,/oYuLEt3zVCKq57qu2F8dT7NIa6f.jpg
157336,Interstellar,/gEU2QniE6E77NI6lCU6MxlNBvIx.jpg
155,The Dark Knight,/qJ2tW6WMUDux911r6m7haRef0WH.jpg
19995,Avatar,/kyeqWdyUXW608qlYkRqosgbbJyK.jpg
24428,The Avengers,/RYMX2wcKCBAr24UyPD7xwmjaTn.jpg
293660,Deadpool,/zq8Cl3PNIDGU3iWNRoc5nEZ6pCe.jpg
299536,Avengers: Infinity War,/7WsyChQLEftFiDOVTGkv3hFpyyt.jpg
550,Fight Club,/pB8BM7pdSp6B6Ih7QZ4DrQ3PmJK.jpg
118340,Guardians of the Galaxy,/r7vmZjiyZw9rpJMQJdXpjgiCOk9.jpg
680,Pulp Fiction,/d5iIlFn5s0ImszYzBPb8JPIfbXD.jpg
13,Forrest Gump,/arw2vcBveWOVZr6pxd9XTd1TdQa.jpg
671,Harry Potter and the Philosopher's Stone,/wuMc08IPKEatf9rnMNXvIDxqP4W.jpg
1726,Iron Man,/78lPtwv72eTNqFW9COBYI0dWDJa.jpg
68718,Django Unchained,/7oWY8VDWW7thTzWh3OKYRkWUlD5.jpg
278,The Shawshank Redemption,/lyQBXzOQSuE59IsHyhrp0qIiPAz.jpg
299534,Avengers: Endgame,/or06FN3Dka5tukK1e9sl16pB3iy.jpg
603,The Matrix,/f89U3ADr1oiB1s9GkdPOEpXUk5H.jpg
597,Titanic,/9xjZS2rlVxm8SFx8kPC3aIGCOYQ.jpg
475557,Joker,/udDclJoHjfjb8Ekgsd4FDteOkCU.jpg
120,The Lord of the Rings: The Fellowship of the Ring,/6oom5QYQ2yQTMJIbnvbkBL9cHo6.jpg
122,The Lord of the Rings: The Return of the King,/rCzpDGLbOoPwLjy3OAm5NUPOTrC.jpg
11324,Shutter Island,/4GDy0PHYX3VRXUtwK5ysFbg3kEx.jpg
106646,The Wolf of Wall Street,/34m2tygAYBGqA9MXKhRDtzYd4MR.jpg
99861,Avengers: Age of Ultron,/4ssDuvEDkSArWEdyBl2X5EHvYKU.jpg
271110,Captain America: Civil War,/rAGiXaUfPzY7CDEyNKUofk3Kw2e.jpg
49026,The Dark Knight Rises,/hr0L2aueqlP2BYUblTTjmtn0hw4.jpg
68721,Iron Man 3,/qhPtAc1TKbMPqNvcdXSOn9Bn7hZ.jpg
284054,Black Panther,/uxzzxijgPIY7slzFvMotPv8wjKA.jpg
284052,Doctor Strange,/uGBVj3bEbCoZbDjjl9wTxcygko1.jpg
76341,Mad Max: Fury Road,/8tZYtuWezp8JbcsvHYO0O46tFbo.jpg
16869,Inglourious Basterds,/7sfbEnaARXDDhKm0CZ7D7uc2sbo.jpg
70160,The Hunger Games,/yXCbOiVDCxO71zI7cuwBRXdftq8.jpg
315635,Spider-Man: Homecoming,/c24sv2weTHPsmDa7jEMN0m2P3RT.jpg
672,Harry Potter and the Chamber of Secrets,/sdEOH0992YZ0QSxgXNIGLq1ToUi.jpg
283995,Guardians of the Galaxy Vol. 2,/y4MBh0EjBlMuOzv9axM4qJlmhzz.jpg
121,The Lord of the Rings: The Two Towers,/5VTN0pR8gcqV3EPUHHfMGnJYN9L.jpg
1771,Captain America: The First Avenger,/vSNxAJTlD0r02V9sPYpOjqDZXUK.jpg
297761,Suicide Squad,/xFw9RXKZDvevAGocgBK0zteto4U.jpg
673,Harry Potter and the Prisoner of Azkaban,/aWxwnYoe8p2d2fcxOqtvAtJ72Rw.jpg
10195,Thor,/prSfAi1xGrhLQNxVSUFh61xQ4Qy.jpg
10138,Iron Man 2,/6WBeq4fCfn7AN0o21W9qNcRF2l9.jpg
272,Batman Begins,/4MpN4kIEqUjW8OPtOQJXlTdHiJV.jpg
284053,Thor: Ragnarok,/rzRwTcFvttcN1ZpX2xv4j3tSdJu.jpg
150540,Inside Out,/2H1TmgdfNtsKlU9jKdeNyYL5y8T.jpg
135397,Jurassic World,/A0LZHXUzo5C60Oahvt7VxvwuzHw.jpg
807,Se7en,/6yoghtyTpznpBik8EngEmJskVUO.jpg
674,Harry Potter and the Goblet of Fire,/fECBtHlr0RB3foNHDiCBXeg9Bv9.jpg
22,Pirates of the Caribbean: The Curse of the Black Pearl,/z8onk7LV9Mmw6zKz4hT6pzzvmvl.jpg
12445,Harry Potter and the Deathly Hallows: Part 2,/c54HpQmuwXjHq2C9wmoACjxoom3.jpg
11,Star Wars,/6FfCtAuVAW8XJjZ7eWeLibRLWTw.jpg
297762,Wonder Woman,/imekS7f1OuHyUP2LAiTEM0zBzUz.jpg
14160,Up,/vpbaStTMt8qqXaEgnOR2EE4DNJk.jpg
102899,Ant-Man,/8YxOIPrabqkQCOKKbuxaz9IcqhO.jpg
238,The Godfather,/3bhkrj58Vtu7enYsRolD1fZdja1.jpg
286217,The Martian,/5BHuvQ6p9kfc091Z8RiFNhCwL4b.jpg
105,Back to the Future,/fNOH9f1aA7XRTzl1sAOx9iF553Q.jpg
140607,Star Wars: The Force Awakens,/wqnLdwVXoBjKibFRR5U3y0aDUhs.jpg
634649,Spider-Man: No Way Home,/5weKu49pzJCt06OPpjvT80efnQj.jpg
675,Harry Potter and the Order of the Phoenix,/5aOyriWkPec0zUDxmHFP9qMmBaj.jpg
767,Harry Potter and the Half-Blood Prince,/z7uo9zmQdQwU5ZJHFpv2Upl30i1.jpg
263115,Logan,/fnbjcRDYn6YviCcePDnGdyAkYsB.jpg
12,Finding Nemo,/ggQ6o8X5984OCh3kZi2UIJQJY5y.jpg
346364,It,/9E2y5Q7WlCVNEhP5GiVTjhEhx1o.jpg
245891,John Wick,/fZPSd91yGE9fCcCe6OoQr6E3Bev.jpg
259316,Fantastic Beasts and Where to Find Them,/h6NYfVUyM6CDURtZSnBpz647Ldd.jpg
12444,Harry Potter and the Deathly Hallows: Part 1,/iGoXIpQb7Pot00EEdwpwPajheZ5.jpg
354912,Coco,/gGEsBPAijhVUFoiNpgZXqRVWJt2.jpg
100402,Captain America: The Winter Soldier,/tVFRpFw3xTedgPGqxW0AOI8Qhh0.jpg
557,Spider-Man,/gh4cZbhZxyTbgxQPxD0dOudNPTn.jpg
10681,WALL·E,/hbhFnRzzg6ZDmm8YAmxBnQpQIPh.jpg
210577,Gone Girl,/qymaJhucquUwjpb8oiqynMeXnID.jpg
49051,The Hobbit: An Unexpected Journey,/yHA9Fc37VmpUA5UncTxxo3rTGVA.jpg
585,"Monsters, Inc.",/sgheSKxZkttIe8ONsf2sWXPgip3.jpg
862,Toy Story,/uXDfjJbdP4ijW5hWSBrPrlKpxab.jpg
281957,The Revenant,/ji3ecJphATlVgWNY0B0RVXZizdf.jpg
209112,Batman v Superman: Dawn of Justice,/5UsK3grJvtQrtzEgqNlDljJW96w.jpg
8587,The Lion King,/sKCr78MXSLixwmZ8DyJLrpMsd15.jpg
98,Gladiator,/ty8TGRuvJLPUmAR1H1nRIsgwvim.jpg
37165,The Truman Show,/vuza0WqY239yBXOadKlGwJsZJFE.jpg
9806,The Incredibles,/2LqaLgk4Z226KkgPJuiOQ58wvrm.jpg
329865,Arrival,/x2FJsf1ElAgr63Y3PNPtJrcmpoe.jpg
496243,Parasite,/7IiTTgloJzvGI1TAYymCfbfl3vT.jpg
76338,Thor: The Dark World,/wp6OxE4poJ4G7c0U2ZIXasTSMR7.jpg
1930,The Amazing Spider-Man,/jIfkQNARYyERqRAq1p1c8xgePp4.jpg
381288,Split,/lli31lYTFpvxVBeFHWoe5PMfW5s.jpg
383498,Deadpool 2,/to0spRl1CMDvyUbOnbb4fTk3VAd.jpg
694,The Shining,/xazWoLealQwEgqZ89MLZklLZD3k.jpg
24,Kill Bill: Vol. 1,/v7TaX8kXMXs5yFFGR41guUDNcnB.jpg
101299,The Hunger Games: Catching Fire,/vrQHDXjVmbYzadOXQ0UaObunoy2.jpg
77338,The Intouchables,/323BP0itpxTsO0skTwdnVmf7YC9.jpg
419430,Get Out,/mE24wUCfjK8AoBBjaMjho7Rczr7.jpg
205596,The Imitation Game,/zSqJ1qFq8NXFfi7JeIYMlzyR0dx.jpg
424694,Bohemian Rhapsody,/lHu1wtNaczFPGFDTrjCSzeLPTKN.jpg
497,The Green Mile,/8VG8fDNiy50H4FedGwdSVUPoaJe.jpg
198663,The Maze Runner,/ode14q7WtDugFDp78fo9lCsmay9.jpg
18785,The Hangover,/uluhlXubGu1VxU63X9VHCLWDAYP.jpg
1891,The Empire Strikes Back,/nNAeTmF4CtdSgMDplXTDPOpYzsX.jpg
808,Shrek,/dyhaB19AICF7TO7CK2aD6KfymnQ.jpg
2062,Ratatouille,/t3vaWRPSf6WjDSamIkKDs1iQWna.jpg
207703,Kingsman: The Secret Service,/ay7xwXn1G9fzX9TUBlkGA584rGi.jpg
313369,La La Land,/uDO8zWDhfWwoFdKS4fzkUJt0Rf0.jpg
109445,Frozen,/kgwjIb2JDHRhNk13lmSxiClFjVk.jpg
374720,Dunkirk,/b4Oe15CGLL61Ped0RAS9JpqdmCt.jpg
269149,Zootopia,/hlK0e0wAQ3VLuJcsfIYPvb4JVud.jpg
240832,Lucy,/dhjyfcwEoW6jJ4Q7DpZTp6E58GA.jpg
329,Jurassic Park,/oU7Oq2kFAAlGqbU4VoAE36g4hoI.jpg
274,The Silence of the Lambs,/uS9m8OBk1A8eM9I042bx8XXpqAq.jpg
129,Spirited Away,/39wmItIWsg5sZMyRUHLkWBcuVCM.jpg
321612,Beauty and the Beast,/hKegSKIDep2ewJWPUQD7u0KqFIp.jpg
58,Pirates of the Caribbean: Dead Man's Chest,/uXEqmloGyP7UXAiphJUu2v2pcuE.jpg
177572,Big Hero 6,/2mxS4wUimwlLmI1xp6QW6NSU361.jpg
75656,Now You See Me,/tWsNYbrqy1p1w6K9zRk0mSchztT.jpg
131631,The Hunger Games: Mockingjay - Part 1,/4FAA18ZIja70d1Tu5hr5cj2q1sB.jpg
335983,Venom,/2uNW4WbgBXL25BAbXGLnLqX71Sw.jpg
1124,The Prestige,/Ag2B2KHKQPukjH7WutmgnnSNurZ.jpg
6479,I Am Legend,/iPDkaSdKk2jRLTM65UOEoKtsIZ8.jpg
857,Saving Private Ryan,/uqx37cS8cpHg8U35f9U5IBlrCV3.jpg
299537,Captain Marvel,/AtsgWhDnHTq68L0lLsUrCnM7TjG.jpg
339403,Baby Driver,/rmnQ9jKW72bHu8uKlMjPIb2VLMI.jpg
424,Schindler's List,/sF1U4EUQS8YHUYjNl3pMGNIQyr0.jpg
1892,Return of the Jedi,/jQYlydvHm3kUix1f8prMucrplhm.jpg
429617,Spider-Man: Far From Home,/4q2NNj4S5dG2RLF9CpXsej7yXl.jpg
37724,Skyfall,/d0IVecFQvsGdSbnMAHqiYsNYaJT.jpg
49047,Gravity,/kZ2nZw8D681aphje8NJi8EfbL1U.jpg
127585,X-Men: Days of Future Past,/tYfijzolzgoMOtegh1Y7j2Enorg.jpg
333339,Ready Player One,/pU1ULUq8D3iRxl1fdX2lZIzdHuI.jpg
72190,World War Z,/1SWBSYJsnyhdNRfLI1T6RsCxAQ4.jpg
640,Catch Me If You Can,/ctjEj2xM32OvBXCq8zAdK3ZrsAj.jpg
330459,Rogue One: A Star Wars Story,/i0yw1mFbB7sNGHCs7EXZPzFkdA1.jpg
181808,Star Wars: The Last Jedi,/kOVEVeg59E0wsnXmF9nrh6OmWII.jpg
49521,Man of Steel,/dksTL9NXc3GqPBRHYHcy1aIwjS.jpg
20352,Despicable Me,/b1BT309QWjtFUlJPLmXmrcHOWEL.jpg
558,Spider-Man 2,/olxpyq9kJAZ2NU1siLshhhXEPR7.jpg
324857,Spider-Man: Into the Spider-Verse,/iiZZdoQBEYBv6id8su7ImL0oCbD.jpg
118,Charlie and the Chocolate Factory,/wfGfxtBkhBzQfOZw4S8IQZgrH0a.jpg
244786,Whiplash,/7fn624j5lj3xTme2SgiLCeuedmO.jpg
1422,The Departed,/nT97ifVT2J1yMQmeq20Qblg61T.jpg
120467,The Grand Budapest Hotel,/eWdyYQreja6JGCzqHWXpWHDrrPo.jpg
10193,Toy Story 3,/AbbXspMOwdvwWZgVN0nabZq03Ec.jpg
77,Memento,/yuNs09hvpHVU1cBTCAk9zxsL2oW.jpg
38,Eternal Sunshine of the Spotless Mind,/5MwkWH9tYHv3mV9OdYTMR5qreIz.jpg
101,Léon: The Professional,/yI6X2cCM5YPJtxMhUd3dPGqDAhw.jpg
44214,Black Swan,/rH19vkjAzCZ0HIUvrgB3rowm68h.jpg
752,V for Vendetta,/1avD1JeaRiJX5M4ahPdZPypGoGN.jpg
1893,Star Wars: Episode I - The Phantom Menace,/6wkfovpn7Eq8dYNKaG5PY3q2oq6.jpg
152601,Her,/eCOtqtfvn7mxGl6nfmq4b1exJRc.jpg
285,Pirates of the Caribbean: At World's End,/jGWpG4YhpQwVmjyHEGkxEkeRf0S.jpg
122917,The Hobbit: The Battle of the Five Armies,/xT98tLqatZPQApyRmlPL12LtiWp.jpg
500,Reservoir Dogs,/xi8Iu6qyTfyZVDVy60raIOYJJmk.jpg
273248,The Hateful Eight,/jIywvdPjia2t3eKYbjVTcwBQlG8.jpg
348,Alien,/vfrQk5IPloGg1v9Rzbh2Eg3VGyM.jpg
10528,Sherlock Holmes,/momkKuWburNTqKBF6ez7rvhYVhE.jpg
12155,Alice in Wonderland,/o0kre9wRCZz3jjSjaru7QU0UtFz.jpg
1865,Pirates of the Caribbean: On Stranger Tides,/keGfSvCmYj7CvdRx36OdVrAEibE.jpg
559,Spider-Man 3,/qFmwhVUoUSXjkKRmca5yGDEXBIj.jpg
447332,A Quiet Place,/nAU74GmpUk7t5iklEp3bufwDq4n.jpg
297802,Aquaman,/xLPffWMhMj1l50ND3KchMjYoKmE.jpg
393,Kill Bill: Vol. 2,/2yhg0mZQMhDyvUQ4rG1IZ4oIA8L.jpg
920,Cars,/abW5AzHDaIK1n9C36VdAeOwORRA.jpg
863,Toy Story 2,/2MFIhZAW0CVlEQrFyqwa4U6zqJP.jpg
607,Men in Black,/uLOmOF5IzWoyrgIF5MfUnh5pa1X.jpg
137113,Edge of Tomorrow,/xjw5trHV7Mwo61P0kCTy8paEkgO.jpg
1271,300,/h7Lcio0c9ohxPhSZg42eTlKIVVY.jpg
353486,Jumanji: Welcome to the Jungle,/pSgXKPU5h6U89ipF7HBYajvYt7j.jpg
78,Blade Runner,/fwhLegA6z40W0DIy6EGXhzDzlOP.jpg
1895,Star Wars: Episode III - Revenge of the Sith,/xfSAoBEm9MNBjmlNcDYLvLSMlnq.jpg
324786,Hacksaw Ridge,/jcStBvbQt78tPeId5hC7a9jcDOK.jpg
8966,Twilight,/3Gkb6jm6962ADUPaCBqzz9CTbn9.jpg
62177,Brave,/1XAuDtMWpL0sYSFK0R6EZate2Ux.jpg
363088,Ant-Man and the Wasp,/vzqq2KOoyI30zH7eaDU4rrCbSVP.jpg
102651,Maleficent,/bDG3yei6AJlEAK3A5wN7RwFXQ7V.jpg
274870,Passengers,/jK9S6HANSf2no64v1x1HxfcpmcA.jpg
87827,Life of Pi,/iLgRu4hhSr6V1uManX6ukDriiSc.jpg
264660,Ex Machina,/dmJW8IAKHKxFNiUnoDR7JfsK7Rp.jpg
102382,The Amazing Spider-Man 2,/c3e9e18SSlvFd1cQaGmUj5tqL5P.jpg
335984,Blade Runner 2049,/gajva2L0rPYkEWjzgFlBXCAVBE5.jpg
425,Ice Age,/gLhHHZUzeseRXShoDyC4VqLgsNv.jpg
1894,Star Wars: Episode II - Attack of the Clones,/oZNPzxqM2s5DyVWab09NTQScDQt.jpg
141052,Justice League,/eifGNCSDuxJeS1loAXil5bIGgvC.jpg
57158,The Hobbit: The Desolation of Smaug,/70Ux6sHFIqu0bVFp8xzBZCOQFXM.jpg
466272,Once Upon a Time… in Hollywood,/8j58iEBw9pOXFD2L0nt0ZXeHviB.jpg
637,Life Is Beautiful,/mfnkSeeVOBVheuyn2lo4tfmOPQb.jpg
246655,X-Men: Apocalypse,/2mtQwJKVKQrZgTz49Dizb25eOQQ.jpg
194662,Birdman or (The Unexpected Virtue of Ignorance),/rHUg2AuIuLSIYMYFgavVwqt1jtc.jpg
157350,Divergent,/aNh4Q3iuPKDMPi2SL7GgOpiLukX.jpg
190859,American Sniper,/i1U46OwMc6vlm7OoSUKfqUH615e.jpg
10191,How to Train Your Dragon,/ygGmAO60t8GyqUo9xYeYxSZAR3b.jpg
260513,Incredibles 2,/9lFKBtaVIhP7E2Pk0IY1CwTKTMZ.jpg
162,Edward Scissorhands,/1RFIbuW9Z3eN9Oxw2KaQG5DfLmD.jpg
324552,John Wick: Chapter 2,/hXWBc0ioZP3cN4zCu6SN3YHXZVO.jpg
49538,X-Men: First Class,/vUvlOY575rztBuJV3a0dbHW5MQR.jpg
185,A Clockwork Orange,/4sHeTAp65WrSSuc05nRBKddhBxO.jpg
4922,The Curious Case of Benjamin Button,/26wEWZYt6yJkwRVkjcbwJEFh9IS.jpg
218,The Terminator,/hzXSE66v6KthZ8nPoLZmsi2G05j.jpg
165,Back to the Future Part II,/hQq8xZe5uLjFzSBt4LanNP7SQjl.jpg
280,Terminator 2: Judgment Day,/5M0j0B18abtBI5gi2RhfjjurTqb.jpg
769,GoodFellas,/aKuFiU82s5ISJpGZp7YkIr3kCUd.jpg
64690,Drive,/602vevIURmpDfzbnv5Ubi6wIkQm.jpg
68726,Pacific Rim,/8wo4eN8dWKaKlxhSvBz19uvj8gA.jpg
131634,The Hunger Games: Mockingjay - Part 2,/lImKHDfExAulp16grYm8zD5eONE.jpg
82690,Wreck-It Ralph,/zWoIgZ7mgmPkaZjG0102BSKFIqQ.jpg
141,Donnie Darko,/j73zf3TjWR9j8pHLndaHWh0YWvN.jpg
72105,Ted,/1QVZXQQHCEIj8lyUhdBYd2qOYtq.jpg
64682,The Great Gatsby,/nimh1rrDDLhgpG8XAYoUZXHYwb6.jpg
277834,Moana,/vNJFiwtsl7Twww7C0uM4qPnygNw.jpg
399055,The Shape of Water,/9zfwPffUXpBrEP26yp0q1ckXDcj.jpg
85,Raiders of the Lost Ark,/ceG9VzoRAVGwivFU403Wc3AHRys.jpg
19908,Zombieland,/dUkAmAyPVqubSBNRjRqCgHggZcK.jpg
127380,Finding Dory,/3UVe8NL1E2ZdUZ9EDlKGJY5UzE.jpg
296096,Me Before You,/Ia3dzj5LnCj1ZBdlVeJrbKJQxG.jpg
530915,1917,/iZf0KyrE25z1sage4SYFLCCrMi9.jpg
398818,Call Me by Your Name,/mZ4gBdfkhP9tvLH1DO4m4HYtiyi.jpg
82693,Silver Linings Playbook,/y7iOVneBvITlBdhy6tVqXVOa1Js.jpg
809,Shrek 2,/2yYP0PQjG8zVqturh1BAqu2Tixl.jpg
14161,2012,/zaqam2RNscH5ooYFWInV6hjx6y5.jpg
240,The Godfather Part II,/hek3koDUyRQk7FIhPXsa6mT2Zc3.jpg
14,American Beauty,/wby9315QzVKdW9BonAefg8jGTTb.jpg
70981,Prometheus,/m7nZCtHJyDLncBUarfM5h5mrppx.jpg
37799,The Social Network,/n0ybibhJtQ5icDqTp8eRytcIHJx.jpg
166426,Pirates of the Caribbean: Dead Men Tell No Tales,/qwoGfcg6YUS55nUweKGujHE54Wy.jpg
546554,Knives Out,/pThyQovXQrw2m0s9x82twj48Jq4.jpg
489,Good Will Hunting,/bABCBKYBK7A5G1x0FzoeoNfuj2.jpg
216015,Fifty Shades of Grey,/63kGofUkt1Mx0SIL4XI4Z5AoSgt.jpg
350,The Devil Wears Prada,/u6QBDGUCOEMRekna95ip2MxplbQ.jpg
103,Taxi Driver,/ekstpH614fwDX8DUln1a2Opz0N8.jpg
332562,A Star Is Born,/wrFpXMNBRj2PBiN4Z5kix51XaIZ.jpg
228150,Fury,/pfte7wdMobMF4CVHuOxyu6oqeeA.jpg
1724,The Incredible Hulk,/gKzYx79y0AQTL4UAk1cBQJ3nvrm.jpg
23483,Kick-Ass,/8citjdBmjddZjlPsAHEyCKwGVvD.jpg
2048,"I, Robot",/dlb6JKYv25rJSk2n2hwhOeJ7Dk.jpg
6977,No Country for Old Men,/bj1v6YKF8yHqA489VFfnQvOJpnc.jpg
61791,Rise of the Planet of the Apes,/cjLsuP75UDlRdJVMXzXg3TJ4umX.jpg
161,Ocean's Eleven,/hQQCdZrsHtZyR6NbKH2YyCqd2fR.jpg
745,The Sixth Sense,/4AfSDjjCy6T5LA1TMz0Lh2HlpRh.jpg
194,Amélie,/nSxDa3M9aMvGVLoItzWTepQ5h5d.jpg
111,Scarface,/iQ5ztdjvteGeboxtmRdXEChJOHh.jpg
146233,Prisoners,/tuZhZ6biFMr5n9YSVuHOJnNL1uU.jpg
73,American History X,/euypWkaYFOLW3e5rLIcTAjWnhhT.jpg
138843,The Conjuring,/wVYREutTvI2tmxr6ujrHT704wGF.jpg
222935,The Fault in Our Stars,/ep7dF4QR4Mm39LI958V0XbwE0hK.jpg
11036,The Notebook,/rNzQyW4f8B8cQeg7Dgj3n6eT5k9.jpg
76203,12 Years a Slave,/xdANQijuNrJaw1HA61rDccME4Tm.jpg
62,2001: A Space Odyssey,/ve72VxNqjGM69Uky4WTo2bK6rfq.jpg
49530,In Time,/3Mwj2sIONQckOZP3YwsUXF7U5I4.jpg
812,Aladdin,/fhyun1mja3WwQsYr1a3x1x9BttP.jpg
490132,Green Book,/7BsvSuDQuoqhWmU2fL7W2GOcZHU.jpg
38757,Tangled,/ym7Kst6a4uodryxqbGOxmewF235.jpg
8358,Cast Away,/7lLJgKnAicAcR5UEuo8xhSMj18w.jpg
36657,X-Men,/bRDAc4GogyS9ci3ow7UnInOcriN.jpg
93456,Despicable Me 2,/5Fh4NdoEnCjCK9wLjdJ9DJNFl2b.jpg
9502,Kung Fu Panda,/wWt4JYXTg5Wr3xBW2phBrMKgp3x.jpg
1858,Transformers,/phAFhKOEhOGLIuH0brr5EenAckY.jpg
601,E.T. the Extra-Terrestrial,/an0nD6uq6byfxXCfk6lQBzdL2J1.jpg
8681,Taken,/y5Va1WXDX6nZElVirPrGxf6w99B.jpg
351286,Jurassic World: Fallen Kingdom,/2CQ53CuWD1KdlOkEWhJcEVjqKn4.jpg
115,The Big Lebowski,/3bv6WAp6BSxxYvB5ozKFUYuRA8C.jpg
119450,Dawn of the Planet of the Apes,/kScdQEwS9jPEdnO23XjGAtaoRcT.jpg
207,Dead Poets Society,/ai40gM7SUaGA6fthvsd87o8IQq4.jpg
372058,Your Name.,/q719jXXEzOoYaps6babgKnONONX.jpg
338952,Fantastic Beasts: The Crimes of Grindelwald,/fMMrl8fD9gRCFJvsx0SuFwkEOop.jpg
562,Die Hard,/yFihWxQcmqcaBR31QM6Y8gT6aYV.jpg
291805,Now You See Me 2,/A81kDB6a1K86YLlcOtZB27jriJh.jpg
771,Home Alone,/9wSbe4CwObACCQvaUVhWQyLR5Vz.jpg
604,The Matrix Reloaded,/9TGHDvWrqKBzwDxDodHYXEmOE6J.jpg
953,Madagascar,/zMpJY5CJKUufG9OTw0In4eAFqPX.jpg
266856,The Theory of Everything,/wucOQrqihOtHToP7UAPKMFRJ9LL.jpg
242582,Nightcrawler,/j9HrX8f7GbZQm1BrBiR40uFQZSb.jpg
82992,Fast & Furious 6,/thSmnRdrzPBBospIOJjLZBReqzo.jpg
75612,Oblivion,/eO3r38fwnhb58M1YgcjQBd3VNcp.jpg
310,Bruce Almighty,/f0QqG14SZYYZcV4VWykVc5w13dz.jpg
13223,Gran Torino,/zUybYvxWdAJy5hhYovsXtHSWI1l.jpg
168259,Furious 7,/ktofZ9Htrjiy0P6LEowsDaxd3Ri.jpg
211672,Minions,/vlOgaxUiMOA8sPDG9n3VhQabnEi.jpg
36557,Casino Royale,/lMrxYKKhd4lqRzwUHAy5gcx9PSO.jpg
18,The Fifth Element,/fPtlCO1yQtnoLHOwKtWz7db6RGU.jpg
12405,Slumdog Millionaire,/5leCCi7ZF0CawAfM5Qo2ECKPprc.jpg
62211,Monsters University,/y7thwJ7z5Bplv6vwl6RI0yteaDD.jpg
51876,Limitless,/hv5JMCrMVLvV6HKPf9FcBuyk2MG.jpg
206647,Spectre,/672kUEMtTHcaVYSVY4eiHEliHFa.jpg
84892,The Perks of Being a Wallflower,/aKCvdFFF5n80P2VdS7d8YBwbCjh.jpg
1417,Pan's Labyrinth,/2VVhikIxoztAXEDQZLOdtBsu6vf.jpg
8844,Jumanji,/vgpXmVaVyUL7GGiDeiK1mKEKzcX.jpg
76600,Avatar: The Way of Water,/t6HIqrRAclMCA60NsSmeqe9RmNV.jpg
411,"The Chronicles of Narnia: The Lion, the Witch and the Wardrobe",/iREd0rNCjYdf5Ar0vfaW32yrkm.jpg
2080,X-Men Origins: Wolverine,/yj8LbTju1p7CUJg7US2unSBk33s.jpg
1359,American Psycho,/9uGHEgsiUXjCNq8wdq4r49YL8A1.jpg
45243,The Hangover Part II,/jrP9zmdSUpOzzUXpEqPqg3dryUr.jpg
58574,Sherlock Holmes: A Game of Shadows,/y1MYZkwhZK6L0Jy4YMuPktzDOfn.jpg
337339,The Fate of the Furious,/dImWM7GJqryWJO9LHa3XQ8DD5NH.jpg
458156,John Wick: Chapter 3 - Parabellum,/ziEuG1essDuWuC5lpWUaw1uXY2O.jpg
293167,Kong: Skull Island,/r2517Vz9EhDhj88qwbDVj8DCRZN.jpg
196,Back to the Future Part III,/crzoVQnMzIrRfHtQw0tLBirNfVg.jpg
41154,Men in Black 3,/90DdoEStzeObs96fsYf4GG544iN.jpg
294254,Maze Runner: The Scorch Trials,/2TZJ7sZd0thhXHvkPJGoPTtM8Bq.jpg
600,Full Metal Jacket,/kMKyx1k8hWWscYFnPbnxxN4Eqo4.jpg
495764,Birds of Prey (and the Fantabulous Emancipation of One Harley Quinn),/h4VB6m0RwcicVEZvzftYZyKXs6K.jpg
64688,21 Jump Street,/8v3Sqv9UcIUC4ebmpKWROqPBINZ.jpg
510,One Flew Over the Cuckoo's Nest,/3jcbDmRFiQ83drXNOvRDeKHxS0C.jpg
59967,Looper,/sNjL6SqErDBE8OUZlrDLkexfsCj.jpg
629,The Usual Suspects,/bUPmtQzrRhzqYySeiMpv7GurAfm.jpg
1949,Zodiac,/6YmeO4pB7XTh8P8F960O1uA14JO.jpg
787,Mr. & Mrs. Smith,/wzIO3ytxeSNt1wRpXLIdkNbGoDm.jpg
343668,Kingsman: The Golden Circle,/34xBL6BXNYFqtHO9zhcgoakS4aP.jpg
578,Jaws,/lxM6kqilAdpdhqUl2biYp5frUxE.jpg
1593,Night at the Museum,/uY9k8t2FQkMj60obnAnsPKLxHCE.jpg
262500,Insurgent,/dP5Fb6YRfzmCQtRbHOr2kO7tJW9.jpg
453,A Beautiful Mind,/zwzWCmH72OSC9NA0ipoqw5Zjya8.jpg
508442,Soul,/hm58Jw4Lw8OIeECIq5qyPYhAeRJ.jpg
420817,Aladdin,/ykUEbfpkf8d0w49pHh0AD2KrT52.jpg
438631,Dune,/d5NXSklXo0qyIYkgV94XAgMIckC.jpg
359940,"Three Billboards Outside Ebbing, Missouri",/pZRhqJj0DBy4ghB7g6pU7MGHsWJ.jpg
36658,X2,/mM5qSVdWlGkvALHhNIb6kW6D42Y.jpg
854,The Mask,/xbbXp9px4o8Oe7IbGd0yIbla8mZ.jpg
283366,Miss Peregrine's Home for Peculiar Children,/CIlbMFOfYDj0MP23hsIYhFGrL6.jpg
652,Troy,/a07wLy4ONfpsjnBqMwhlWTJTcm.jpg
19913,(500) Days of Summer,/f9mbM0YMLpYemcWx6o2WeiYQLDP.jpg
197,Braveheart,/or1gBugydmjToAEq7OZY0owwFk.jpg
420818,The Lion King,/dzBtMocZuJbjLOXvrl4zGYigDzh.jpg
13475,Star Trek,/9vaRPXj44Q2meHgt3VVfQufiHOJ.jpg
89,Indiana Jones and the Last Crusade,/npUCnxl1fqgt3aQiMQq0iJdZMZp.jpg
497698,Black Widow,/kwB7d51AIcyzPOBOHLCEZJkmPhQ.jpg
539,Psycho,/yz4QVqPx3h1hD1DfqqQkCq3rmxW.jpg
10020,Beauty and the Beast,/hUJ0UvQ5tgE2Z9WpfuduVSdiCiU.jpg
392044,Murder on the Orient Express,/kc2gJjebceoFgOQbukzPzP8SXVZ.jpg
608,Men in Black II,/enA22EPyzc2WQ1VVyY7zxresQQr.jpg
405774,Bird Box,/rGfGfgL2pEPCfhIvqHXieXFn7gp.jpg
56292,Mission: Impossible - Ghost Protocol,/psiWp3VTjznfokmGQG9uqiiknQQ.jpg
9799,The Fast and the Furious,/gqY0ITBgT7A82poL9jv851qdnIb.jpg
791373,Zack Snyder's Justice League,/tnAuB8q5vv7Ax9UAEje5Xi4BXik.jpg
580489,Venom: Let There Be Carnage,/rjkmN1dniUHVYAtwuV3Tji7FsDO.jpg
641,Requiem for a Dream,/nOd6vjEmzCT0k4VYqsA2hwyi87C.jpg
1402,The Pursuit of Happyness,/kTdG9wKnREyjK6nlFDNmpe7wlIK.jpg
605,The Matrix Revolutions,/qEWiBXJGXK28jGBAm8oFKKTB0WD.jpg
301528,Toy Story 4,/w9kR8qbmQ01HwnvK4alvnQ2ca0L.jpg
950,Ice Age: The Meltdown,/vdluBXie4qDvh0dFX2Fpq8v16it.jpg
399566,Godzilla vs. Kong,/pgqgaUx1cJb5oZQQ5v0tNARCeBp.jpg
330457,Frozen II,/mINJaa34MtknCYl5AjtNJzWj8cD.jpg
181812,Star Wars: The Rise of Skywalker,/db32LaOibwEliAmSL2jjDF6oDdj.jpg
5915,Into the Wild,/2MSGZEE6XZd2r4ODNziwAw7Hpw0.jpg
627,Trainspotting,/bhY62Dw8iW54DIhxPQerbuB9DOP.jpg
36668,X-Men: The Last Stand,/sNSvwqiNXjEvDSeQFsJAGPEP7Gl.jpg
76170,The Wolverine,/xNi8daRmN4XY8rXHd4rwLbJf1cU.jpg
381284,Hidden Figures,/9lfz2W2uGjyow3am00rsPJ8iOyq.jpg
8960,Hancock,/7DyuV2G0hLEqHeueDfOqhZ2DVut.jpg
82702,How to Train Your Dragon 2,/d13Uj86LdbDLrfDoHR5aDOFYyJC.jpg
10674,Mulan,/5TYgKxYhnhRNNwqnRAKHkgfqi2G.jpg
110415,Snowpiercer,/9JPx09Rr0Txq2eSQfjq1DEBR5cx.jpg
454626,Sonic the Hedgehog,/aQvJ5WPzZgYVDrxLX4R6cLJCEaQ.jpg
602,Independence Day,/p0BPQGSPoSa8Ml0DAf2mB2kCU0R.jpg
70,Million Dollar Baby,/2ti3l1OeB8G94yyqfAI7nmMZUbA.jpg
316029,The Greatest Showman,/b9CeobiihCx1uG1tpw8hXmpi7nm.jpg
287947,Shazam!,/xnopI5Xtky18MPhK40cZAGAOVeV.jpg
9738,Fantastic Four,/8HLQLILZLhDQWO6JDpvY6XJLH75.jpg
679,Aliens,/r1x5JGpyqZU8PYhbs4UcrO1Xb6x.jpg
577922,Tenet,/aCIFMriQh8rvhxpN1IWGgvH0Tlg.jpg
515001,Jojo Rabbit,/7GsM4mtM0worCtIVeiQt28HieeN.jpg
17654,District 9,/tuGlQkqLxnodDSk6mp5c2wvxUEd.jpg
4935,Howl's Moving Castle,/6pZgH10jhpToPcf0uvyTCPFhWpI.jpg
264644,Room,/dIxoYFcj6EqD5KScuU8lWCftnvH.jpg
772,Home Alone 2: Lost in New York,/uuitWHpJwxD1wruFl2nZHIb4UGN.jpg
591,The Da Vinci Code,/tYXOOkDxJ7jSvUX5j1Hbks1GjBZ.jpg
2501,The Bourne Identity,/aP8swke3gmowbkfZ6lmNidu0y9p.jpg
18239,The Twilight Saga: New Moon,/j5jM5pq78ObAXX1WhTsb115EkLl.jpg
568124,Encanto,/4j0PNHkMr5ax3IA8tjtxcmPU3QT.jpg
9741,Unbreakable,/mLuehrGLiK5zFCyRmDDOH6gbfPf.jpg
54138,Star Trek Into Darkness,/7XrRkhMa9lQ71RszzSyVrJVvhyS.jpg
414906,The Batman,/74xTEgt7R36Fpooo50r9T25onhq.jpg
47971,xXx: Return of Xander Cage,/hba8zREJpP1AYhaXgb2oJLQeO0K.jpg
9487,A Bug's Life,/Ah3J9OJVc2CNCuH2zMydXy9fmIC.jpg
337404,Cruella,/wToO8opxkGwKgSfJ1JK8tGvkG6U.jpg
87,Indiana Jones and the Temple of Doom,/n9WlJCilqSZ3m1ROSzv31v7KVOf.jpg
13183,Watchmen,/aZvOkdo203bm1kpcY0A0Tn074ER.jpg
9479,The Nightmare Before Christmas,/oQffRNjK8e19rF7xVYEN8ew0j7b.jpg
566525,Shang-Chi and the Legend of the Ten Rings,/9f2Q0U3IOsLgrI2HkvldwSABZy5.jpg
399579,Alita: Battle Angel,/xRWht48C2V8XNfzvPehyClOvDni.jpg
664413,365 Days,/6KwrHucIE3CvNT7kTm2MAlZ4fYF.jpg
124905,Godzilla,/zokD6uxR2iWfYM3Y84yGJvnNTK7.jpg
50620,The Twilight Saga: Breaking Dawn - Part 2,/7IGdPaKujv0BjI0Zd0m0a4CzEjJ.jpg
423,The Pianist,/2hFvxCCWrTmCYwfy7yum0GKRi3Y.jpg
176,Saw,/4da0TS3iQ1IzuyhDS8elgkmOfrN.jpg
564,The Mummy,/yhIsVvcUm7QxzLfT6HW2wLf5ajY.jpg
318846,The Big Short,/isuQWbJPbjybBEWdcCaBUPmU0XO.jpg
810,Shrek the Third,/n4SexGGQzI26E269tfpa80MZaGV.jpg
107,Snatch,/56mOJth6DJ6JhgoE2jtpilVqJO.jpg
138832,We're the Millers,/qF2LJ0jwWrtXSuT4AFD5OS2IqaT.jpg
50619,The Twilight Saga: Breaking Dawn - Part 1,/qs8LsHKYlVRmJbFUiSUhhRAygwj.jpg
24021,The Twilight Saga: Eclipse,/3mFM80dPzSqoXXuC2UMvLIRWX32.jpg
68724,Elysium,/aRjuJuPXHtVs6YegfeeQWXGRs1E.jpg
3933,Corpse Bride,/isb2Qow76GpqYmsSyfdMfsYAjts.jpg
177677,Mission: Impossible - Rogue Nation,/jwqL7croP7JMVfz0l9o7V4yJsJO.jpg
156022,The Equalizer,/9u4yW7yPA0BQ2pv9XwiNzItwvp8.jpg
45269,The King's Speech,/uQ538BfYLDJh3GXlzRZLo0j7PFj.jpg
620,Ghostbusters,/7E8nLijS9AwwUEPu2oFYOVKhdFA.jpg
109439,The Hangover Part III,/vtxuPWkdllLNLVyGjKYa267ntuH.jpg
954,Mission: Impossible,/l5uxY5m5OInWpcExIpKG6AR3rgL.jpg
466282,To All the Boys I've Loved Before,/hKHZhUbIyUAjcSrqJThFGYIR6kI.jpg
76492,Hotel Transylvania,/eJGvzGrsfe2sqTUPv5IwLWXjVuR.jpg
254128,San Andreas,/2Gfjn962aaFSD6eST6QU3oLDZTo.jpg
281338,War for the Planet of the Apes,/ijQHiImv16vNSeZQsmih04kwn0C.jpg
474350,It Chapter Two,/zfE0R94v1E8cuKAerbskfD3VfUt.jpg
300668,Annihilation,/4YRplSk6BhH6PRuE9gfyw9byUJ6.jpg
180,Minority Report,/ccqpHq5tk5W4ymbSbuoy4uYOxFI.jpg
152532,Dallas Buyers Club,/7Fdh7gUq3plvQqxRbNYhWvDABXA.jpg
453395,Doctor Strange in the Multiverse of Madness,/9Gtg2DzBhmYamXBS1hKAhiwbBKS.jpg
8373,Transformers: Revenge of the Fallen,/pLBb0whOzVDtJvyD4DPeQyQNOqp.jpg
512200,Jumanji: The Next Level,/jyw8VKYEiM1UDzPB7NsisUgBeJ8.jpg
10625,Mean Girls,/2ZkuQXvVhh45uSvkBej4S7Ix1NJ.jpg
348350,Solo: A Star Wars Story,/3IGbjc5ZC5yxim5W0sFING2kdcz.jpg
158015,The Purge,/x6hwbnR2nGacSzljqYaXY25w1Me.jpg
87101,Terminator Genisys,/oZRVDpNtmHk8M1VYy1aeOWUXgbC.jpg
391713,Lady Bird,/iySFtKLrWvVzXzlFj7x1zalxi5G.jpg
273481,Sicario,/lz8vNyXeidqqOdJW9ZjnDAMb5Vr.jpg
464052,Wonder Woman 1984,/8UlWHLMpgZm9bx6QYh0NFoq67TZ.jpg
126889,Alien: Covenant,/zecMELPbU5YMQpC81Z8ImaaXuf9.jpg
450465,Glass,/svIDTNUoajS8dLEo7EosxvyAsgJ.jpg
670,Oldboy,/pWDtjs568ZfOTMbURQBYuT4Qxka.jpg
122906,About Time,/iR1bVfURbN7r1C46WHFbwCkVve.jpg
537915,After,/u3B2YKUjWABcxXZ6Nm9h10hLUbh.jpg
402900,Ocean's Eight,/MvYpKlpFukTivnlBhizGbkAe3v.jpg
50646,"Crazy, Stupid, Love.",/p4RafgAPk558muOjnBMHhMArjS2.jpg
259693,The Conjuring 2,/zEqyD0SBt6HL7W9JQoWwtd5Do1T.jpg
314365,Spotlight,/gWkgMnIsd8Od7iyhEEKL5G4Qq6J.jpg
747,Shaun of the Dead,/dgXPhzNJH8HFTBjXPB177yNx6RI.jpg
429,"The Good, the Bad and the Ugly",/bX2xnavhMYjWDoZp1VM6VnU1xwe.jpg
68734,Argo,/9LcnmIeKUfKeAxeCY82W9Jug416.jpg
330,The Lost World: Jurassic Park,/jElpCJkSaRPYwIMwZY28gOKV7BK.jpg
38356,Transformers: Dark of the Moon,/28YlCLrFhONteYSs9hKjD1Km0Cj.jpg
74,War of the Worlds,/6Biy7R9LfumYshur3YKhpj56MpB.jpg
744,Top Gun,/xUuHj3CgmZQ9P2cMaqQs4J0d4Zc.jpg
45612,Source Code,/faCR2lavXBKeCS6N7STIMDLMCDL.jpg
436969,The Suicide Squad,/kb4s0ML0iVZlG6wAKbbs9NAm6X.jpg
8355,Ice Age: Dawn of the Dinosaurs,/cXOLaxcNjNAYmEx1trZxOTKhK3Q.jpg
63,Twelve Monkeys,/gt3iyguaCIw8DpQZI1LIN5TohM2.jpg
278927,The Jungle Book,/xIGhgcLtzzTON56G905I5tuwNQM.jpg
328111,The Secret Life of Pets,/g3Hms6AE174doeGR1gz5zX5sVsv.jpg
550988,Free Guy,/xmbU4JTUm8rsdtn7Y3Fcm30GpeT.jpg
389,12 Angry Men,/ow3wq89wM8qd5X7hWKxiRfsFf9C.jpg
217,Indiana Jones and the Kingdom of the Crystal Skull,/56As6XEM1flWvprX4LgkPl8ii4K.jpg
508943,Luca,/8tABCBpzu3mZbzMB3sRzMEHEvJi.jpg
315837,Ghost in the Shell,/myRzRzCxdfUWjkJWgpHHZ1oGkJd.jpg
51497,Fast Five,/c5rgA1EYwMmxsQdyvLkQ8LD5Qun.jpg
91314,Transformers: Age of Extinction,/jyzrfx2WaeY60kYZpPYepSjGz4S.jpg
39254,Real Steel,/4GIeI5K5YdDUkR3mNQBoScpSFEf.jpg
38700,Bad Boys for Life,/y95lQLnuNKdPAzw9F9Ab8kJ80c3.jpg
361743,Top Gun: Maverick,/62HCnUTziyWcpDaBO2i1DX17ljH.jpg
339846,Baywatch,/6HE4xd8zloDqmjMZuhUCCw2UcY1.jpg
187,Sin City,/i66G50wATMmPrvpP95f0XP6ZdVS.jpg
50014,The Help,/3kmfoWWEc9Vtyuaf9v5VipRgdjx.jpg
353081,Mission: Impossible - Fallout,/AkJQpZp9WoNdj7pLYSj1L0RcMMN.jpg
337167,Fifty Shades Freed,/9ZedQHPQVveaIYmDSTazhT3y273.jpg
58595,Snow White and the Huntsman,/8yKdQHaqOo1lkaErmqMuYFespYI.jpg
524434,Eternals,/lFByFSLV5WDJEv3KabbdAF959F2.jpg
28,Apocalypse Now,/eQVH91OSxh5I2uRfJuw4owd2Fq9.jpg
2108,The Breakfast Club,/9nai8pRm4Ja0O265Qp6UyqXlLQ8.jpg
187017,22 Jump Street,/850chzYHYbT3IISl6Q7dbBuFP2B.jpg
335797,Sing,/b8UiFXwMrSXVTHM0fb2twl8uE8a.jpg
198184,Chappie,/hpnuXlKKWznTgbheGe4iQXzkuwJ.jpg
435,The Day After Tomorrow,/kNKy8eJemg6sCAMBgh4xrD0lleX.jpg
35,The Simpsons Movie,/s3b8TZWwmkYc2KoJ5zk77qB6PzY.jpg
406997,Wonder,/ouYgAatYH4JzIThj6FI3UYf31RI.jpg
4348,Pride & Prejudice,/sGjIvtVvTlWnia2zfJfHz81pZ9Q.jpg
50544,Friends with Benefits,/q4ZAmIIbe2LiLvhQT0q3e6pleYr.jpg
4951,10 Things I Hate About You,/ujERk3aKABXU3NDXOAxEQYTHe9A.jpg
1979,Fantastic Four: Rise of the Silver Surfer,/f3ldtPF7SESMcyAIyIJHBLlBBkr.jpg
333371,10 Cloverfield Lane,/84Dhwz93vCin6T1PX6ctSvWEuNE.jpg
114,Pretty Woman,/hVHUfT801LQATGd26VPzhorIYza.jpg
121856,Assassin's Creed,/nhiShTvoga8fyGX8468hLj6pCtW.jpg
256591,Focus,/lOzGWjceYTd0kd5HyX7Ch46O9kh.jpg
95,Armageddon,/eTM3qtGhDU8cvjpoa6KEt5E2auU.jpg
10764,Quantum of Solace,/e3DXXLJHGqMx9yYpXsql1XNljmM.jpg
338970,Tomb Raider,/ePyN2nX9t8SOl70eRW47Q29zUFO.jpg
10144,The Little Mermaid,/plcZXvI310FkbwIptvd6rqk63LP.jpg
254,King Kong,/6a2HY6UmD7XiDD3NokgaBAXEsD2.jpg
22970,The Cabin in the Woods,/kjDXrK3ReIwuDrpWElI5OQkKYTA.jpg
275,Fargo,/rt7cpEr1uP6RTZykBFhBTcRaKvG.jpg
106,Predator,/9XibNLfmUWCg0PPydmyoCl1KxvF.jpg
341174,Fifty Shades Darker,/7CBO9GhsUeMSsWQb47WTPZnKjdj.jpg
137,Groundhog Day,/wIUz1J3RBBu88NAwTqLdHu4sGOP.jpg
9552,The Exorcist,/4ucLGcXVVSVnsfkGtbLY4XAius8.jpg
594,The Terminal,/pXNomqKcKXAQbuWxehb2N3XFKfn.jpg
137106,The Lego Movie,/9klB7qKC9aCeGyyM4uU5hSA6xDV.jpg
290250,The Nice Guys,/clq4So9spa9cXk3MZy2iMdqkxP2.jpg
128,Princess Mononoke,/cMYCDADoLKLbB83g4WnJegaZimC.jpg
646380,Don't Look Up,/th4E1yqsE8DGpAseLiUrI60Hf8V.jpg
27578,The Expendables,/j09ZkH6R4JWVylBcDai1laCmGw7.jpg
340666,Nocturnal Animals,/mdLDgQBD0va09npSQX5Zgo2evXM.jpg
22538,Scott Pilgrim vs. the World,/g5IoYeudx9XBEfwNL0fHvSckLBz.jpg
268,Batman,/cij4dd21v2Rk2YtUQbV5kW69WB2.jpg
336843,Maze Runner: The Death Cure,/2zYfzA3TBwrMC8tfFbpiTLODde0.jpg
1366,Rocky,/cqxg1CihGR5ge0i1wYXr4Rdeppu.jpg
2503,The Bourne Ultimatum,/15rMz5MRXFp7CP4VxhjYw4y0FUn.jpg
2105,American Pie,/5P68by2Thn8wHAziyWGEw2O7hco.jpg
8392,My Neighbor Totoro,/rtGDOeG9LzoerkDGZF9dnVeLppL.jpg
49013,Cars 2,/okIz1HyxeVOMzYwwHUjH2pHi74I.jpg
116745,The Secret Life of Walter Mitty,/tY6ypjKOOtujhxiSwTmvA4OZ5IE.jpg
257344,Pixels,/rV5DzghQv6z6Yagak6ysKE77nuf.jpg
57800,Ice Age: Continental Drift,/dfp1BZF7FxbBUyzHvMOI9t8NWDD.jpg
487558,BlacKkKlansman,/8jxqAvSDoneSKRczaK8v9X5gqBp.jpg
345940,The Meg,/eyWICPcxOuTcDDDbTMOZawoOn8d.jpg
44115,127 Hours,/xbszsQv3ifdFZtQu8CzNh4zh0MX.jpg
1372,Blood Diamond,/tnLxPpajkbVdbQl5B9CuD7sSpz9.jpg
404368,Ralph Breaks the Internet,/iVCrhBcpDaHGvv7CLYbK6PuXZo1.jpg
339964,Valerian and the City of a Thousand Planets,/aCDrPEfvxcPNRynd2uZyXql7aj.jpg
2502,The Bourne Supremacy,/7IYGiDrquvX3q7e9PV6Pejs6b2g.jpg
359724,Ford v Ferrari,/dR1Ju50iudrOh3YgfwkAU1g2HZe.jpg
32657,Percy Jackson & the Olympians: The Lightning Thief,/vayx5t1cYCpBGV9ylTGn0Sr9rA2.jpg
14836,Coraline,/4jeFXQYytChdZYE9JYO7Un87IlW.jpg
312221,Creed,/1BfTsk5VWuw8FCocAhCyqnRbEzq.jpg
4638,Hot Fuzz,/zPib4ukTSdXvHP9pxGkFCe34f3y.jpg
454983,The Kissing Booth,/7Dktk2ST6aL8h9Oe5rpk903VLhx.jpg
300669,Don't Breathe,/8fIgsHFQtg47xxN7SBwZkg0tZJn.jpg
214756,Ted 2,/qMOt0uy1x49OBW0jzodgRM9waW0.jpg
1954,The Butterfly Effect,/ea5iv7TWMh18fOKoRGgmtcg85Gx.jpg
493922,Hereditary,/p9fmuz2Oj3HtEJEqbIwkFGUhVXD.jpg
408,Snow White and the Seven Dwarfs,/9QKUh9UuIIT2ZA9Rby9R6vtNRKa.jpg
59436,Midnight in Paris,/4wBG5kbfagTQclETblPRRGihk0I.jpg
11970,Hercules,/qQsspacWlYn5GZxz15ZhvGqkxgh.jpg
168672,American Hustle,/koXGRfatN0tURFWMA0Keb0p0Gtg.jpg
395992,Life,/wztfli5NgYDgurVgShNflvnyA3Z.jpg
44912,Green Lantern,/fj21HwUprqjjwTdkKC1XZurRSpV.jpg
584,2 Fast 2 Furious,/6nDZExrDKIXvSAghsFKVFRVJuSf.jpg
223702,Sausage Party,/sXtlUSKFX93IrD1tL2o0r9oHa5n.jpg
458723,Us,/ux2dU1jQ2ACIMShzB3yP93Udpzc.jpg
44826,Hugo,/vDAhBTIHvIoNOlgCfmLirVgUK2p.jpg
621,Grease,/czVhhAaSBFpakur7U8pOIDV9NUG.jpg
62213,Dark Shadows,/d7A9pVX8OSWMSSjPBsIc1jAMP0y.jpg
10192,Shrek Forever After,/6HrfPZtKcGmX2tUWW3cnciZTaSD.jpg
502356,The Super Mario Bros. Movie,/qNBAXBIQlnOThrVvA6mA2B5ggV6.jpg
282035,The Mummy,/zxkY8byBnCsXodEYpK8tmwEGXBI.jpg
7326,Juno,/jNIn2tVhpvFD6P9IojldI3mNYcn.jpg
153,Lost in Translation,/wkSzJs7oMf8MIr9CQVICsvRfwA7.jpg
163,Ocean's Twelve,/Ad55M8newGWemFWCsMAkxO3fDwl.jpg
598,City of God,/k7eYdWvhYQyRQoU2TB2A2Xu2TfD.jpg
587,Big Fish,/tjK063yCgaBAluVU72rZ6PKPH2l.jpg
1824,50 First Dates,/lzUI2Cg7OMfcUNv3f7MywYNBjs6.jpg
13804,Fast & Furious,/lUtVoRukW7WNtUySwd8hWlByBds.jpg
396535,Train to Busan,/vNVFt6dtcqnI7hqa6LFBUibuFiw.jpg
65,8 Mile,/7BmQj8qE1FLuLTf7Xjf9sdIHzoa.jpg
8871,How the Grinch Stole Christmas,/1WZbbPApEivA421gCOluuzMMKCk.jpg
363676,Sully,/r09ivJ1GGh5WArqRViRYDQLrTVG.jpg
295693,The Boss Baby,/unPB1iyEeTBcKiLg8W083rlViFH.jpg
150689,Cinderella,/j91LJmcWo16CArFOoapsz84bwxb.jpg
385128,F9,/bOFaAXmWWXC3Rbv4u4uM9ZSzRXP.jpg
83542,Cloud Atlas,/8naVv2Xu3rWI5JKHz0vCujx6GaJ.jpg
20526,TRON: Legacy,/vuifSABRpSnxCAOxEnWpNbZSXpp.jpg
376867,Moonlight,/4911T5FbJ9eD2Faz5Z8cT3SUhU3.jpg
8363,Superbad,/ek8e8txUyUwd2BNqj6lFEerJfbq.jpg
384018,Fast & Furious Presents: Hobbs & Shaw,/qRyy2UmjC5ur9bDi3kpNNRCc5nc.jpg
49519,The Croods,/p7lJkqHlK01nr0zNacunUFI5Qxy.jpg
96721,Rush,/5akKFgS7eeXUw9rKTEujryKrH17.jpg
331,Jurassic Park III,/oQXj4NUfS3r3gHXtDOzcJgj1lLc.jpg
158852,Tomorrowland,/bvJJVbFxkEHjGCteuO7Kxym20CP.jpg
195589,Neighbors,/dyO9BQ4M4flTOAzP79rmsz61yAT.jpg
8909,Wanted,/cbDMsV4VJAL2xJ2JXdWWjmUXZkT.jpg
324852,Despicable Me 3,/6t3YWl7hrr88lCEFlGVqW5yV99R.jpg
328387,Nerve,/qmSpHC0CSNyNll9WhlwWYuwoQ28.jpg
949,Heat,/umSVjVdbVwtx5ryCA2QXL44Durm.jpg
14574,The Boy in the Striped Pyjamas,/2C8QCXdMlojTxZjfBlINr4FWcb6.jpg
427641,Rampage,/MGADip4thVSErP34FAAfzFBTZ5.jpg
7191,Cloverfield,/qIegUGJqyMMCRjkKV1s7A9MqdJ8.jpg
561,Constantine,/vPYgvd2MwHlxTamAOjwVQp4qs1W.jpg
9339,Click,/oL0k5JA53PyoHSZqKb3cNkhwBCE.jpg
616037,Thor: Love and Thunder,/pIkRyD18kl4FhoCNQuWxWu5cBLM.jpg
773,Little Miss Sunshine,/tFnTds88mCuLcLPBseK1kF2E3qv.jpg
9693,Children of Men,/k9IAS4TehZFcKi4HVByxZNPfqex.jpg
75780,Jack Reacher,/uQBbjrLVsUibWxNDGA4Czzo8lwz.jpg
37735,Easy A,/pYeY5lBudgWAunG4qlsWCA3PlxM.jpg
492188,Marriage Story,/91osxUqsq1JC0zJzB1CpAavlWu7.jpg
65754,The Girl with the Dragon Tattoo,/zqDopwg7XQ4IfFX2dRlQCT1SwMG.jpg
1734,The Mummy Returns,/kdJsW7hcy1lrj7tdMPycTAQPAiR.jpg
142,Brokeback Mountain,/fsbzfe9eLOEl5rJX04nPEr1eoAi.jpg
109424,Captain Phillips,/vjsEi2JytAT76qrtUHPIhXExZAm.jpg
296098,Bridge of Spies,/fmOOjHAQzxr0c1sfcY4qkiSRBH6.jpg
18360,Night at the Museum: Battle of the Smithsonian,/l9yAQn6TyrA3gv5xZZkiMMoZsiw.jpg
310131,The Witch,/zap5hpFCWSvdWSuPGAQyjUv2wAC.jpg
315162,Puss in Boots: The Last Wish,/kuf6dutpsT0vSVehic3EZIqkOBt.jpg
1487,Hellboy,/hjblR6bPZR0PvFwztHcEBCjYf7d.jpg
98566,Teenage Mutant Ninja Turtles,/azL2ThbJMIkts3ZMt3j1YgBUeDB.jpg
10527,Madagascar: Escape 2 Africa,/agRbLOHgN46TQO4YdKR462iR7To.jpg
49444,Kung Fu Panda 2,/mtqqD00vB4PGRt20gWtGqFhrkd0.jpg
11321,Seven Pounds,/pCVpsCEYtvtlg1I9h3rtglKgThu.jpg
76757,Jupiter Ascending,/xzQ25m9vrdyvpLX74T3B3KB40Ou.jpg
13448,Angels & Demons,/hrvNVd0GDeytbDhduWa3SFKmg4A.jpg
4247,Scary Movie,/lRQiJXETkCnVVurHmglNvMXrZOx.jpg
68735,Warcraft,/nZIIOs06YigBnvmlJ2hxZeA8eTO.jpg
10201,Yes Man,/16zVbgFLTUaUTG1wQHuGjfWNuDM.jpg
9543,Prince of Persia: The Sands of Time,/lkp1GFmWyf7k2WKvKIQuuGyichI.jpg
60304,Hansel & Gretel: Witch Hunters,/j343Rpj3WeNvP0SV80zveve70io.jpg
447404,Pokémon Detective Pikachu,/wgQ7APnFpf1TuviKHXeEe3KnsTV.jpg
619264,The Platform,/8ZX18L5m6rH5viSYpRnTSbb9eXh.jpg
49018,Insidious,/tmlDFIUpGRKiuWm9Ixc6CYDk4y0.jpg
616,The Last Samurai,/lsasOSgYI85EHygtT5SvcxtZVYT.jpg
38055,Megamind,/uZ9ytt3sPTx62XTfN56ILSuYWRe.jpg
76163,The Expendables 2,/4EBO8aIeP2bF1jGpwbuRS4CFMca.jpg
39514,RED,/8eeK3OB5PeSRQD7BpZcGZKkehG.jpg
337401,Mulan,/aKx1ARwG55zZ0GpRvU2WrGrCG9o.jpg
527774,Raya and the Last Dragon,/lPsD10PP4rgUGiGR4CCXA6iY0QQ.jpg
381283,mother!,/2yOKarmL8B4oXaLXUdHu882SUbu.jpg
11224,Cinderella,/avz6S9HYWs4O8Oe4PenBFNX4uDi.jpg
37135,Tarzan,/bTvHlcqiOjGa3lFtbrTLTM3zasY.jpg
28178,Hachi: A Dog's Tale,/lsy3aEsEfYIHdLRk4dontZ4s85h.jpg
1091,The Thing,/tzGY49kseSE9QAKk47uuDGwnSCu.jpg
68728,Oz the Great and Powerful,/tkzfAUEKoUp4YFNbZV9hfpZOz0z.jpg
81188,Rise of the Guardians,/sW4qOa9yF0Ikg7lppncQ0n5UhKX.jpg
262504,Allegiant,/ijpRQOwZzGy0vb3Uqmk2Naug1C0.jpg
188927,Star Trek Beyond,/yOnd3XQIg7JBmu0UuBjZyLdsxQD.jpg
9615,The Fast and the Furious: Tokyo Drift,/46xqGOwHbh2TH2avWSw3SMXph4E.jpg
117263,Olympus Has Fallen,/ei2qjTiDpgKGuoSEntPCSAIhuvQ.jpg
6957,The 40 Year Old Virgin,/mVeoqL37gzhMXQVpONi9DGOQ3tZ.jpg
615457,Nobody,/oBgWY00bEFeZ9N25wWVyuQddbAo.jpg
114150,Pitch Perfect,/ntRIoh8Qf1BI1AYGx0STfq0wUmb.jpg
82700,After Earth,/iXMvYIlzzJBs352CfeiQcBvovZt.jpg
398978,The Irishman,/mbm8k3GFhXS0ROd9AD1gqYbIFbM.jpg
82675,Taken 2,/yzAlcuJhpnxRPjaj7AHBRbNPQCJ.jpg
257211,The Intern,/9UoAC9tu8kIyRy8AcJnGhnH0gOH.jpg
37686,Super 8,/sytFL6ALMAesKZoarlp7bIDKnns.jpg
334543,Lion,/iBGRbLvg6kVc7wbS8wDdVHq6otm.jpg
2668,Sleepy Hollow,/1GuK965FLJxqUw9fd1pmvjbFAlv.jpg
46195,Rio,/BSZ2dA3G369e3pHIXGhh5orzPt.jpg
18240,The Proposal,/aEqtJDj8MvSDQwzggvcOfFTZMw.jpg
956,Mission: Impossible III,/3VianLpu8hhmq4TTItKPaCtA5su.jpg
530385,Midsommar,/7LEI8ulZzO5gy9Ww2NVCrKmHeDZ.jpg
4232,Scream,/aXAByjBN8UhaYvotqRCwa5MsMGu.jpg
419704,Ad Astra,/xBHvZcjRiWyobQ9kxBhO6B2dtRI.jpg
955,Mission: Impossible II,/7us8nE3ldE0gX2cziUz4tKg0Go0.jpg
4011,Beetlejuice,/nnl6OWkyPpuMm595hmAxNW3rZFn.jpg
11688,The Emperor's New Groove,/wwbgkXQBEKtnyIJapk6gUgWkVw8.jpg
170,28 Days Later,/sQckQRt17VaWbo39GIu0TMOiszq.jpg
296,Terminator 3: Rise of the Machines,/qAnafzrd9Y5pVTWAP0tSDDMPzTR.jpg
293863,The Age of Adaline,/MbILysGhjAbnZi1Okae9wYqLMx.jpg
3131,Gangs of New York,/lemqKtcCuAano5aqrzxYiKC8kkn.jpg
439079,The Nun,/sFC1ElvoKGdHJIWRpNB3xWJ9lJA.jpg
100,"Lock, Stock and Two Smoking Barrels",/8kSerJrhrJWKLk1LViesGcnrUPE.jpg
53182,300: Rise of an Empire,/wYDdWN1McB1Sio4z1dPSkb40Z78.jpg
47964,A Good Day to Die Hard,/evxtv4e8Amm436Y5rW16RkGu8pX.jpg
508,Love Actually,/7QPeVsr9rcFU9Gl90yg0gTOTpVv.jpg
238636,The Purge: Anarchy,/f2HD5iVhJWWv72QVWThUKk09zYy.jpg
322,Mystic River,/1tyi6RZzbJ9bE0g0GUf6Q7BWLvv.jpg
241259,Alice Through the Looking Glass,/4g043PWVXkjHkxEEsEfwuAxlM8i.jpg
11631,Mamma Mia!,/zdUA4FNHbXPadzVOJiU0Rgn6cHR.jpg
334533,Captain Fantastic,/2sFME73GaD8UsUxPUKe60cPdLif.jpg
534,Terminator Salvation,/gw6JhlekZgtKUFlDTezq3j5JEPK.jpg
364,Batman Returns,/jKBjeXM7iBBV9UkUcOXx3m7FSHY.jpg
7345,There Will Be Blood,/fa0RDkAlCec0STeMNAhPaF89q6U.jpg
43074,Ghostbusters,/wJmWliwXIgZOCCVOcGRBhce7xPS.jpg
2649,The Game,/4UOa079915QjiTA2u5hT2yKVgUu.jpg
44896,Rango,/oVeRl1SRADz74OrY97usmP1flLV.jpg
676,Pearl Harbor,/y8A0Cvp8WQmZ3bjbnsL53lY0dsC.jpg
320288,Dark Phoenix,/kZv92eTc0Gg3mKxqjjDAM73z9cy.jpg
109414,This Is the End,/7Wdc3etyBJA4432TYtz6n9GQd1c.jpg
51540,Horrible Bosses,/uQkUwgyFHAm0jGQERPG6Z9o9Zbj.jpg
10555,Shark Tale,/r08DpyPyhXcJTfNZAICNGMzcQ8l.jpg
200727,"Love, Rosie",/rpD0t7DhzJVadnzgxSYrqljQTL2.jpg
258489,The Legend of Tarzan,/eJrfz178xBGlxjDGxnBXTzWWa4w.jpg
2454,The Chronicles of Narnia: Prince Caspian,/qxz3WIyjZiSKUhaTIEJ3c1GcC9z.jpg
1933,The Others,/p8g1vlTvpM6nr2hMMiZ1fUlKF0D.jpg
567,Rear Window,/qitnZcLP7C9DLRuPpmvZ7GiEjJN.jpg
206487,Predestination,/38Xr1JnV1ZcLQ55zmdSp6n475cZ.jpg
207932,Inferno,/dtMJQzCxw2AY6tfcxhzlFpiD3BM.jpg
270303,It Follows,/iwnQ1JH1wdWrGYkgWySptJ5284A.jpg
80278,The Impossible,/k0DLCiDbnYywOHiISALbl2EH2NE.jpg
22881,The Blind Side,/bMgq7VBriuBFknXEe9E9pVBYGZq.jpg
57214,Project X,/lUPDGT3lyRrq8SvWuNWG2DP64bR.jpg
18823,Clash of the Titans,/6iHYLipwEyZUPNO8MM3l1yHDaFE.jpg
341013,Atomic Blonde,/kV9R5h0Yct1kR8Hf8sJ1nX0Vz4x.jpg
298,Ocean's Thirteen,/3so07ghzmtbyhpFfzTucEnlfYRO.jpg
203801,The Man from U.N.C.L.E.,/zkacOORjKJxRswDurffyvkMwriS.jpg
2059,National Treasure,/pxL6E4GBOPUG6CdkO9cUQN5VMwI.jpg
86834,Noah,/trtD17IqSWV9Nbn4OILztc9GuCX.jpg
184,Jackie Brown,/ewbLUXvm4riZL0aepy90o0vMesn.jpg
766507,Prey,/ujr5pztc1oitbe7ViMUOilFaJ7s.jpg
927,Gremlins,/3iUgvvtB01BuTntPOBcG64kYk6y.jpg
166428,How to Train Your Dragon: The Hidden World,/xvx4Yhf0DVH8G4LzNISpMfFBDy2.jpg
380,Rain Man,/iTNHwO896WKkaoPtpMMS74d8VNi.jpg
12230,One Hundred and One Dalmatians,/mRY84MJeWKnp9joev82QtslJFvk.jpg
9325,The Jungle Book,/yN1kuupnPTLUprgfvC5WapgrxG4.jpg
1576,Resident Evil,/1UKNef590A0ZaMnxsscIcWuK1Em.jpg
59859,Kick-Ass 2,/1go2A3gdQjaMuHWquybgoJlQRcX.jpg
782,Gattaca,/eSKr5Fl1MEC7zpAXaLWBWSBjgJq.jpg
82654,Warm Bodies,/pvVpl38YOBDOANb0pWbXFb8X3iZ.jpg
9737,Bad Boys,/x1ygBecKHfXX4M2kRhmFKWfWbJc.jpg
449176,"Love, Simon",/5YUYg5q7QfC4IoNwNUtiwdiYKPr.jpg
250546,Annabelle,/yLsuU2P2SpDYFwtZQ7dtfVAf6TE.jpg
390043,The Hitman's Bodyguard,/5CGjlz2vyBhW5xHW4eNOZIdgzYq.jpg
335988,Transformers: The Last Knight,/s5HQf2Gb3lIO2cRcFwNL9sn1o1o.jpg
440021,Happy Death Day,/cTaEIUYTt52ooq9quVbAQ7NpGwo.jpg
644,A.I. Artificial Intelligence,/8MZSGX5JORoO72EfuAEcejH5yHn.jpg
565,The Ring,/e2t5CKMox7tjv3iD3Ko7NdFa5lJ.jpg
1995,Lara Croft: Tomb Raider,/7WyMvoqPYJe5g1ENsbLTv40pUrX.jpg
331482,Little Women,/yn5ihODtZ7ofn8pDYfxCmxh8AXI.jpg
420809,Maleficent: Mistress of Evil,/vloNTScJ3w7jwNwtNGoG8DbTThv.jpg
277,Underworld,/zsnQ41UZ3jo1wEeemF0eA9cAIU0.jpg
520763,A Quiet Place Part II,/4q2hz2m8hubgvijz8Ez0T2Os2Yv.jpg
406990,What Happened to Monday,/atOgZMJpMrTdpqvPiHVPfBhR61l.jpg
508439,Onward,/f4aul3FyD3jv3v4bul1IrkWZvzq.jpg
5255,The Polar Express,/eOoCzH0MqeGr2taUZO4SwG416PF.jpg
49017,Dracula Untold,/xJJFZ7tYASyQ7rNOLTrb2JpDc7A.jpg
88,Dirty Dancing,/9Jw6jys7q9gjzVX5zm1z0gC8gY9.jpg
1368,First Blood,/a9sa6ERZCpplbPEO7OMWE763CLD.jpg
47933,Independence Day: Resurgence,/9S50foUIYGwiNPWOxi1WJF6IPwI.jpg
238713,Spy,/vPBmfMHxQvRRNGYD5S5ko2KnX56.jpg
11544,Lilo & Stitch,/d73UqZWyw3MUMpeaFcENgLZ2kWS.jpg
1018,Mulholland Drive,/tVxGt7uffLVhIIcwuldXOMpFBPX.jpg
39538,Contagion,/qL0IooP0bjXy0KXl9KEyPo22ll0.jpg
80321,Madagascar 3: Europe's Most Wanted,/ekraj4ksvIKeuvQVEevEJkuybZd.jpg
166424,Fantastic Four,/oeMpEsjmiT9PEJbRM1Fm7TZ1dE0.jpg
424783,Bumblebee,/fw02ONlDhrYjTSZV8XO6hhU3ds3.jpg
20504,The Book of Eli,/1H1y9ZiqNFaLgQiRDDZLA55PviW.jpg
302946,The Accountant,/nztAld019tFjllW7VCJvPFiFkt8.jpg
788,Mrs. Doubtfire,/shHrSmXS5140o6sQzgzXxn3KqSm.jpg
242,The Godfather Part III,/lm3pQ2QoQ16pextRsmnUbG2onES.jpg
8467,Dumb and Dumber,/4LdpBXiCyGKkR8FGHgjKlphrfUc.jpg
2300,Space Jam,/6h3FIr5CQFCBV8Xrv7XZLZbIQR0.jpg
242224,The Babadook,/lszpCmmPCKHvzn2OBx7bAgXlfhC.jpg
1572,Die Hard: With a Vengeance,/lwTE6cUhGxRaJvQ5VPdletIGDPh.jpg
1637,Speed,/o1Zs7VaS9y2GYH9CLeWxaVLWd3x.jpg
401981,Red Sparrow,/vLCogyfQGxVLDC1gqUdNAIkc29L.jpg
7446,Tropic Thunder,/zAurB9mNxfYRoVrVjAJJwGV3sPg.jpg
13053,Bolt,/z9VHoUcZ1GiH3f3qYz7Me7Zc1Fd.jpg
254320,The Lobster,/7Y9ILV1unpW9mLpGcqyGQU72LUy.jpg
38365,Grown Ups,/cQGM5k1NtU85n4TUlrOrwijSCcm.jpg
87502,Flight,/1AjXgBM2lkpG3FLQO0f6AK3Bi1e.jpg
509,Notting Hill,/fQqfLeD7h4nCXK0N5HEa4dAExk1.jpg
345,Eyes Wide Shut,/knEIz1eNGl5MQDbrEAVWA7iRqF9.jpg
38575,The Karate Kid,/o4gwFcm6qRgnC9Gff4giy0POHdF.jpg
333484,The Magnificent Seven,/ezcS78TIjgr85pVdaPDd2rSPVNs.jpg
497582,Enola Holmes,/riYInlsq2kf1AWoGm80JQW5dLKp.jpg
57201,The Lone Ranger,/xRmsqvHnaWmrazJl9bTBqs4LAjp.jpg
545609,Extraction,/nygOUcBKPHFTbxsYRFZVePqgPK6.jpg
31011,Mr. Nobody,/qNkIONc4Rgmzo23ph7qWp9QfVnW.jpg
1597,Meet the Parents,/5tXJ9ctuyEOMUFLaeqRisbXowWs.jpg
306819,The Danish Girl,/mXZZIacI5FC8thzSC0lgQBQ2uAX.jpg
370172,No Time to Die,/iUgygt3fscRoKWCV1d0C7FbM9TP.jpg
181533,Night at the Museum: Secret of the Tomb,/xwgy305K6qDs3D20xUO4OZu1HPY.jpg
299687,The 5th Wave,/37vpRkrD4OxQN0MQ7C59eszkylh.jpg
373571,Godzilla: King of the Monsters,/fQ40gmFM4p03tXwMxQQKh2cCBW4.jpg
1250,Ghost Rider,/8LaVQiXBsnlo7MXCPK1nXTVARUZ.jpg
505642,Black Panther: Wakanda Forever,/sv1xJUazXeYqALzczSZ3O6nkH75.jpg
302699,Central Intelligence,/7irCMBIivXAqjZ7MgZoGVLrgACR.jpg
436270,Black Adam,/pFlaoHTZeyNkG83vxsAJiGzfSsa.jpg
36647,Blade,/hx0sdduAsr4rq03RZKZzglR25z7.jpg
13885,Sweeney Todd: The Demon Barber of Fleet Street,/gAW4J1bkRjZKmFsJsIiOBASeoAp.jpg
22794,Cloudy with a Chance of Meatballs,/qhOhIKf7QEyQ5dMrRUqs5eTX1Oq.jpg
12092,Alice in Wonderland,/20cvfwfaFqNbe9Fc3VEHJuPRxmn.jpg
10895,Pinocchio,/bnZJrLRnoQHpzEJdka1KYfsAF3N.jpg
83666,Moonrise Kingdom,/xrziXRHRQ7c7YLIehgSJY8GQBsx.jpg
80274,Ender's Game,/vrEpLNkv30qw7JiVyorgR6NOWDm.jpg
1813,The Devil's Advocate,/5ZzBGpxy55OQzHxKVY11IpY6a0o.jpg
460465,Mortal Kombat,/ybrX94xQm8lXYpZAPRmwD9iIbWP.jpg
346685,The Girl on the Train,/AhTO2QWG0tug7yDoh0XoaMhPt3J.jpg
7131,Van Helsing,/gsFun8nATm52aGHeT8ueAel98nE.jpg
755,From Dusk Till Dawn,/sV3kIAmvJ9tPz4Lq5fuf9LLMxte.jpg
423108,The Conjuring: The Devil Made Me Do It,/xbSuFiJbbBWCkyCCKIMfuDCA4yV.jpg
389015,"I, Tonya",/6gNXwSHxaksR1PjVZRqNapmkgj3.jpg
76493,The Dictator,/n0W7kajF4GFMRk2c0wWwMQqTaDM.jpg
334541,Manchester by the Sea,/e8daDzP0vFOnGyKmve95Yv0D0io.jpg
1927,Hulk,/qnngKqAcqfH2pBxDoKu5lxzSbTo.jpg
181886,Enemy,/vf40tyDRKZsBmaLsYeopzfFLzLx.jpg
445571,Game Night,/85R8LMyn9f2Lev2YPBF8Nughrkv.jpg
228967,The Interview,/tIDC4xT65l7a8qbgg8GvwD5g8c5.jpg
8488,Hitch,/x3W9H3nhGQbWSlyI8Amp2F6Z6cz.jpg
1571,Live Free or Die Hard,/31TT47YjBl7a7uvJ3ff1nrirXhP.jpg
324668,Jason Bourne,/xA7N41glw17MBQtcWSm2eBlBRuG.jpg
260346,Taken 3,/vzvMXMypMq7ieDofKThsxjHj9hn.jpg
2034,Training Day,/bUeiwBQdupBLQthMCHKV7zv56uv.jpg
159824,Hotel Transylvania 2,/kKFgwQnR5q08UFsAvtoYyTIiHyj.jpg
628,Interview with the Vampire,/2162lAT2MP36MyJd2sttmj5du5T.jpg
8247,Jumper,/3pPZ9JhNz3VMmASVir5SMHvTDUU.jpg
49040,The Bourne Legacy,/1aExL5DTGHj25ZfIC3dDwS84RWi.jpg
274857,King Arthur: Legend of the Sword,/9kKXH6eJpzoFGhCbTN3FVwSQK3n.jpg
140300,Kung Fu Panda 3,/oajNi4Su39WAByHI6EONu8G8HYn.jpg
235,Stand by Me,/vz0w9BSehcqjDcJOjRaCk7fgJe7.jpg
3049,Ace Ventura: Pet Detective,/pqiRuETmuSybfnVZ7qyeoXhQyN1.jpg
10530,Pocahontas,/kZ1ft0QZ4e3zDUPMBftEkwI9ftd.jpg
39513,Paul,/e57pNjhWbRos9BTvgeUYUzB8VfO.jpg
388,Inside Man,/5ljZJLpQj8s3iSk3LylnFDyDoIK.jpg
400106,Bright,/whkT53Sv2vKAUiknQ13pqcWaPXB.jpg
570670,The Invisible Man,/5EufsDwXdY2CVttYOk2WtYhgKpa.jpg
762,Monty Python and the Holy Grail,/hWx1ANiWEWWyzKPN0us35HCGnhQ.jpg
1573,Die Hard 2,/cNRYDede3NYLZv2JrvYmSgM1XdF.jpg
50546,Just Go with It,/ez1EDULOCUUCySHOZU6tz97qbtM.jpg
260514,Cars 3,/jJ8TnHvWHaVadW5JJjGYsM07j9i.jpg
396422,Annabelle: Creation,/tb86j8jVCVsdZnzf8I6cIi65IeM.jpg
527641,Five Feet Apart,/kreTuJBkUjVWePRfhHZuYfhNE1T.jpg
9340,The Goonies,/eBU7gCjTCj9n2LTxvCSIXXOvHkD.jpg
426,Vertigo,/15uOEfqBNTVtDUT7hGBVCka0rZz.jpg
861,Total Recall,/wVbeL6fkbTKSmNfalj4VoAUUqJv.jpg
524,Casino,/6zEZY1htzRos2w0W3T7o7W1WJhp.jpg
17431,Moon,/35IU0Mq0zFsN1mYwDGts5mKc77n.jpg
3170,Bambi,/wV9e2y4myJ4KMFsyFfWYcUOawyK.jpg
49529,John Carter,/lCxz1Yus07QCQQCb6I0Dr3Lmqpx.jpg
507086,Jurassic World Dominion,/kAVRgw7GgK1CfYEJq8ME6EvRIgU.jpg
72559,G.I. Joe: Retaliation,/3rWIZMzTKcCtV0eHJ70Z4Ru659f.jpg
856,Who Framed Roger Rabbit,/lYfRc57Kx9VgLZ48iulu0HKnM15.jpg
545611,Everything Everywhere All at Once,/rKvCys0fMIIi1X9rmJBxTPLAtoU.jpg
855,Black Hawk Down,/7fU5dSqKRL4XHeEUz62rCKBfYok.jpg
451048,Jungle Cruise,/9dKCd55IuTT5QRs989m9Qlb7d2B.jpg
10140,The Chronicles of Narnia: The Voyage of the Dawn Treader,/z6LVJXEmY8E6s57uf8cV3RlWvws.jpg
12162,The Hurt Locker,/m2duGsKjBOl3BB8uFOTnRUzdEhg.jpg
338967,Zombieland: Double Tap,/dtRbVsUb5O12WWO54SRpiMtHKC0.jpg
117,The Untouchables,/8BquGK22zCcsmBWiaIakaaPpSZb.jpg
307081,Southpaw,/kSQ49Fi3NVTqGGXILmxV2T2pdkG.jpg
1584,School of Rock,/zXLXaepIBvFVLU25DH3wv4IPSbe.jpg
1624,Liar Liar,/p1habYSdC7oD3WygQ5lynU5G5rV.jpg
2675,Signs,/hyZkNEbNgnciUVTyu4NZTjlCh4L.jpg
105864,The Good Dinosaur,/8RSkxOO80btfKjyiC5ZiTaCHIT8.jpg
512195,Red Notice,/lAXONuqg41NwUMuzMiFvicDET9Y.jpg
44833,Battleship,/9b0Im7SfedHiajTwzSL9zGyBI7M.jpg
97020,RoboCop,/gM5ql3BKYmHG3WtZ0buKXN7xY8O.jpg
345920,Collateral Beauty,/pVIAPiIvHcitgXV8BA7uTyCcEuk.jpg
9654,The Italian Job,/eSkjK4kctyrWpFhxl35GPvSs6tI.jpg
630,The Wizard of Oz,/bSA6DbAC5gdkaooU164lQUX6rVs.jpg
935,Dr. Strangelove or: How I Learned to Stop Worrying and Love the Bomb,/gHm96BRW4GoI339rF1vYoYTB6Qe.jpg
27576,Salt,/ppXyhOe8UCEOrBRSYqE3SkHwrcR.jpg
64635,Total Recall,/fucmGeZYM4yzqJUnDTc4pKQNCej.jpg
10386,The Iron Giant,/mThOw5rXLtdbY3WmuTsS9zsQBMG.jpg
251,Ghost,/w9RaPHov8oM5cnzeE27isnFMsvS.jpg
157353,Transcendence,/qmOKJWl3wnXDcLhjtJHnCCCvAiO.jpg
37710,The Tourist,/oXe1nw4HcS32YVpvxwsWEVdvEXA.jpg
4523,Enchanted,/8KCNzCArLlvLdQoHx6npua2VSVc.jpg
254470,Pitch Perfect 2,/fQaEGzFmvTYu3G641WV0Tg9auAt.jpg
4553,The Machinist,/diAYqR4xdF9Hnj7qun6DEQhRrT2.jpg
9532,Final Destination,/1mXhlQMnlfvJ2frxTjZSQNnA9Vp.jpg
522627,The Gentlemen,/jtrhTYB7xSrJxR1vusu99nvnZ1g.jpg
1538,Collateral,/iOpi3ut5DhQIbrVVjlnmfy2U7dI.jpg
346698,Barbie,/iuFNMS8U5cb6xfzi51Dbkovj7vM.jpg
335787,Uncharted,/rJHC1RUORuUhtfNb4Npclx0xnOf.jpg
8077,Alien³,/xh5wI0UoW7DfS1IyLy3d2CgrCEP.jpg
10198,The Princess and the Frog,/yprv5PbnEksoVj2v6XEnDBg9joR.jpg
613504,After We Collided,/kiX7UYfOpYrMFSAGbI6j1pFkLzQ.jpg
1579,Apocalypto,/cBFQsU1LDBEOl0Ik0cygeB6wCLE.jpg
41733,Due Date,/4dzo4uWmkgp20uwm0jpiduRtvju.jpg
15,Citizen Kane,/sav0jxhqiH0bPr2vZFU0Kjt2nZL.jpg
17578,The Adventures of Tintin,/mKYkNro2btaWMsnYSuyqrBdHQo3.jpg
624860,The Matrix Resurrections,/8c4a8kE7PizaGQQnditMmI1xbRp.jpg
82507,Sinister,/nzx10sca3arCeYBAomHan4Q6wa1.jpg
75,Mars Attacks!,/hll4O5vSAfnZDb6JbnP06GPtz7b.jpg
480530,Creed II,/v3QyboWRoA4O9RbcsqH8tJMe8EB.jpg
568,Apollo 13,/oYUZHYMwNKnE1ef4WE5Hw2a9OAY.jpg
10009,Brother Bear,/otptPbEY0vBostmo95xwiiumMJm.jpg
10693,Peter Pan,/6UTZmeQcxbtW32MyR5nKIx7ID4f.jpg
225574,Non-Stop,/Nkgaj3X0W2jHQ1TzHEgWFpN3kJ.jpg
948,Halloween,/wijlZ3HaYMvlDTPqJoTCWKFkCPU.jpg
400928,Gifted,/7YB2YrMwIm1g8FyZtlvmVDfRnAT.jpg
1635,The Island,/n4HyHxnKCJG8SbqeLEK1nU5JbIR.jpg
107985,The World's End,/kpglnOBYmKn0AkkWDzGxzKHDbds.jpg
82695,Les Misérables,/90PyvT7SI5INKhMC6P7B5NJVx4t.jpg
9444,Anastasia,/3qbAX0cltrlbCXpgMmuv0LLrfp8.jpg
496,Borat: Cultural Learnings of America for Make Benefit Glorious Nation of Kazakhstan,/kfkyALfD4G1mlBJI1lOt2QCra4i.jpg
447365,Guardians of the Galaxy Vol. 3,/r2J02Z2OpNTctfOSN1Ydgii51I3.jpg
4982,American Gangster,/sX9idXDqRUxE5ffww3n3RV5gL55.jpg
879,Hook,/a6rB1lGXoGms7gWxRfJneQmAjNV.jpg
289,Casablanca,/5K7cOHoay2mZusSLezBOY0Qxh8a.jpg
8961,Bad Boys II,/yCvB5fG5aEPqa1St7ihY6KEAsHD.jpg
316727,The Purge: Election Year,/1VlgsPgOozGCzSdDenfLBoo4eNH.jpg
2567,The Aviator,/lx4kWcZc3o9PaNxlQpEJZM17XUI.jpg
13811,Knowing,/nO9gTGDNdYnPr9ILKNQmk6EVTVR.jpg
4108,The Transporter,/v3QIFUWgtVN4wejVuDZowuyJ20W.jpg
369972,First Man,/i91mfvFcPPlaegcbOyjGgiWfZzh.jpg
76726,Chronicle,/xENglsVIIWEEhhB5lgpy33tGcKI.jpg
44264,True Grit,/tCrB8pcjadZjsDk7rleGJaIv78k.jpg
21208,Orphan,/lCGpOgoTOGLtZnBiGY9HRg5Xnjd.jpg
286565,Paper Towns,/eoF6wYVj1vbrCWjL0rBkdZpgrxS.jpg
10340,Lady and the Tramp,/r9FiDSdBwNHdRwN0NMRrqfEHJGO.jpg
311,Once Upon a Time in America,/i0enkzsL5dPeneWnjl1fCWm6L7k.jpg
12477,Grave of the Fireflies,/k9tv1rXZbOhH7eiCk378x61kNQ1.jpg
76285,Percy Jackson: Sea of Monsters,/tAu90qEpLqwqiZLsMqpaMVr55oN.jpg
375262,The Favourite,/cwBq0onfmeilU5xgqNNjJAMPfpw.jpg
85350,Boyhood,/2BvtvDUyxiMJ4dmKfiQf4qdOHQN.jpg
754,Face/Off,/rcSuBqYGKSGcptZGxYPT5jsN7zN.jpg
718930,Bullet Train,/j8szC8OgrejDQjjMKSVXyaAjw3V.jpg
10315,Fantastic Mr. Fox,/njbTizADSZg4PqeyJdDzZGooikv.jpg
583083,The Kissing Booth 2,/mb7wQv0adK3kjOUr9n93mANHhPJ.jpg
215,Saw II,/gTnaTysN8HsvVQqTRUh8m35mmUA.jpg
332567,The Shallows,/42HlPJmiE6rQdtT2lYzPPMQYvqG.jpg
107846,Escape Plan,/k09ydRsOtdjCUxierkknRdujIF2.jpg
16996,17 Again,/wqE9b0bdZsubI82zdX1ykLfPajh.jpg
10882,Sleeping Beauty,/e3K5cLvVRXVxhw4mXQET92p1dnz.jpg
11253,Hellboy II: The Golden Army,/fGQAO4RgUzspO7L4u5KXirIn34s.jpg
414,Batman Forever,/mzzNBVwTiiY94xAXDMWJpNPW2US.jpg
399404,Darkest Hour,/z0K8uoNbrYKkbaP7wIeadJ4BmSL.jpg
6637,National Treasure: Book of Secrets,/xxoIBbvmTj1ZttzV439jAvoovTw.jpg
10096,13 Going on 30,/iNZdSIfhSCMtRILDNyhLn8UKeSG.jpg
9836,Happy Feet,/zP4CK9O70P8GDilfTkPm4lrmaks.jpg
311324,The Great Wall,/p70dq1YxabemdZDm5K6Q8G10wSn.jpg
395834,Wind River,/pySivdR845Hom4u4T2WNkJxe6Ad.jpg
49849,Cowboys & Aliens,/9uZsGCP4rvOHVGCpMpYq5gNCuNI.jpg
9480,Daredevil,/oCDBwSkntYamuw8VJIxMRCtDBmi.jpg
453405,Gemini Man,/uTALxjQU8e1lhmNjP9nnJ3t2pRU.jpg
43347,Love & Other Drugs,/wZLM2uKJRYNchLmiCIjosX0rXy8.jpg
1991,Death Proof,/vtu6H4NWnQVqEp3aanUq3hNeeot.jpg
11774,Lemony Snicket's A Series of Unfortunate Events,/r7S57FpBsCljWc9fBUo2Iy5XGew.jpg
338762,Bloodshot,/8WUVHemHFH2ZIP6NWkwlHWsyrEL.jpg
454,Romeo + Juliet,/eLf4jclPijOqfEp6bDAmezRFxk5.jpg
23827,Paranormal Activity,/tmclkEpjeo4Zu564gf3KrwIOuKw.jpg
9509,Man on Fire,/v8H6dPqXhHWW137ubxqD4HdHTib.jpg
49049,Dredd,/wLx65gtGVnUFCxceHWGszcruCZj.jpg
10112,The Aristocats,/1BVOSmQUhphMgnTxnXyfQ9tL1Sc.jpg
353491,The Dark Tower,/i9GUSgddIqrroubiLsvvMRYyRy0.jpg
201085,Crimson Peak,/s6cFBCAlfFBwBKVgJOme3JpjZLo.jpg
81005,Jack the Giant Slayer,/9jSI7saUX9Qz0JLh19jX2ulEwL7.jpg
60308,Moneyball,/4yIQq1e6iOcaZ5rLDG3lZBP3j7a.jpg
290859,Terminator: Dark Fate,/vqzNJRH4YyquRiWxCCOH0aXggHI.jpg
345887,The Equalizer 2,/cQvc9N6JiMVKqol3wcYrGshsIdZ.jpg
8321,In Bruges,/jMiBBqk72VRo1Y39x2ZbbenEU3a.jpg
603692,John Wick: Chapter 4,/vZloFAK7NmvMGKE7VkF5UHaz0I.jpg
22803,Law Abiding Citizen,/fcEXcip7v0O1ndV4VUdFqJSqbOg.jpg
27022,The Sorcerer's Apprentice,/b5pIUsGll0418NyfNA5eYCI9aoK.jpg
634,Bridget Jones's Diary,/2GFbvryLXbS2K80oadfzNoPo90O.jpg
5876,The Mist,/1CvJ6diBACKPVGOpcWuY4XPQdqX.jpg
637649,Wrath of Man,/M7SUK85sKjaStg4TKhlAVyGlz3.jpg
6114,Bram Stoker's Dracula,/scFDS0U5uYAjcVTyjNc7GmcZw1q.jpg
415,Batman & Robin,/cGRDufDDSrFrv7VI4YnmWnslne0.jpg
447200,Skyscraper,/52ml62vClzrlqvXZq2FEW6UF6c1.jpg
23168,The Town,/3NIzyXkfylsjflRKSz8Fts3lXzm.jpg
377,A Nightmare on Elm Street,/wGTpGGRMZmyFCcrY2YoxVTIBlli.jpg
10545,The Hunchback of Notre Dame,/hImMgT9B27evYSRmfztqdDtX6qi.jpg
138103,The Expendables 3,/ruW3malZtlg66ODfg614dFbXO68.jpg
297,Meet Joe Black,/fDPAjvfPMomkKF7cMRmL5Anak61.jpg
504172,The Mule,/vkOfx5meJvFb4qmAJU7j6v8IIpZ.jpg
324849,The Lego Batman Movie,/snGwr2gag4Fcgx2OGmH9otl6ofW.jpg
1581,The Holiday,/6fbqG49Q7IWBWdyJ7asNTcNbnG6.jpg
11360,Dumbo,/4x9FmvdJ464Fg7A9XcbYSmxfVw3.jpg
544,There's Something About Mary,/g03pwohXHOI75InM3zraiaEGguO.jpg
9880,The Princess Diaries,/wA4lgl8gmoICSShviCkEB61nIBB.jpg
290595,The Huntsman: Winter's War,/cjAGYsTPmmhZOwzrgon0Drpu43K.jpg
253412,Everest,/4xmndWnTYTE4bDdlWrkZyaGcZlo.jpg
5548,RoboCop,/hHtOgGb3NihlyRATHlKPaFApbrd.jpg
2770,American Pie 2,/854ZZxXdeabAs90mrV72NqShJqR.jpg
97367,The Place Beyond the Pines,/vY5j2xQzMGWmxBuhQo0HfA4Lxqb.jpg
661374,Glass Onion: A Knives Out Mystery,/vDGr1YdrlfbU9wxTOdpf3zChmv9.jpg
268896,Pacific Rim: Uprising,/qh3LRJG0ddJPe6Q7SqMJhBWxGHu.jpg
1491,The Illusionist,/4I1oOPHNrHLcvz3wTMuETJLws9z.jpg
4547,Panic Room,/7BabiNfuSycl58M9Cgl3Nf97n1F.jpg
5559,Bee Movie,/rYBaXgvTKFS8iZC7Wr8SMomSauQ.jpg
308266,War Dogs,/uH9qGH5XS1iZXCSb3tgu40dxQoh.jpg
7443,Chicken Run,/oYbVT9e0k2ZSrRhDSCw2Yqshe1n.jpg
343611,Jack Reacher: Never Go Back,/cOg3UT2NYWHZxp41vpxAnVCOC4M.jpg
508947,Turning Red,/qsdjk9oAKSQMWs0Vt5Pyfh6O4GZ.jpg
9377,Ferris Bueller's Day Off,/9LTQNCvoLsKXP0LtaKAaYVtRaQL.jpg
479455,Men in Black: International,/dPrUPFcgLfNbmDL8V69vcrTyEfb.jpg
88751,Journey to the Center of the Earth,/myhj05hTAcQL2rhOrMqWxiioo49.jpg
310307,The Founder,/8gLIksu5ggdfBL1UbeTeonHquxl.jpg
2118,L.A. Confidential,/lWCgf5sD5FpMljjpkRhcC8pXcch.jpg
559969,El Camino: A Breaking Bad Movie,/ePXuKdXZuJx8hHMNr2yM4jY2L7Z.jpg
274855,Geostorm,/nrsx0jEaBgXq4PWo7SooSnYJTv.jpg
399174,Isle of Dogs,/c0nUX6Q1ZB0P2t1Jo6EeFSVnOGQ.jpg
693,Meet the Fockers,/yr63jamc8NuEXUNQPX1fyjoEF2Q.jpg
117251,White House Down,/hXLScIERphkTsMGdfKKvF4p4SPB.jpg
267860,London Has Fallen,/korY0GInEJThWEm23MRmErQ3GqT.jpg
52449,Bad Teacher,/zpIY4qUSX91J9XpPgr0hFrk1eKr.jpg
7485,Shooter,/tyRP8JedrDkPPvH3JxKYsdP2esu.jpg
569094,Spider-Man: Across the Spider-Verse,/8Vt6mWEReuy4Of61Lnj5Xj704m8.jpg
23629,Sucker Punch,/8oBc33JEnYm3rqPIwGtQXQbP96j.jpg
563,Starship Troopers,/cxCmv23O7p3hyHwqoktHYkZcGsY.jpg
41630,No Strings Attached,/9C09L1U9S13J4Ut029Qhu0oLcTQ.jpg
8078,Alien Resurrection,/9aRDMlU5Zwpysilm0WCWzU2PCFv.jpg
2109,Rush Hour,/we7wOLVFgxhzLzUt0qNe50xdIQZ.jpg
298312,The Visit,/3pES4OVFcKSB5Ls1fqbMLANkQMj.jpg
1265,Bridge to Terabithia,/3xFxGodKPMFLheS8rujFSmLfcq4.jpg
46529,I Am Number Four,/973sCL0OjAk2Igq46SDwhyDFv3n.jpg
7551,Déjà Vu,/wJAz3m9kTbdTWfQ2ZJEFojWKeoj.jpg
2667,The Blair Witch Project,/9050VGrYjYrEjpOvDZVAngLbg1f.jpg
509967,6 Underground,/lnWkyG3LLgbbrIEeyl5mK5VRFe4.jpg
503919,The Lighthouse,/4SC4cyzHWWzDEdszdxHYPWd32YH.jpg
433,Mary Poppins,/1DjJh0vwGwi6KugPZfDiliO25XP.jpg
424139,Halloween,/f7JAX5EGk4GgsEnus6OxyzwpFp7.jpg
10947,High School Musical,/1DGmWZjUJPeKGFRHGCA6VPFUBML.jpg
10865,Atlantis: The Lost Empire,/8fUEFPUTF7kBMuKPiSQHxPvd8EZ.jpg
36586,Blade II,/wAn6VYamKbnOtfyTZ6arVtkMzDv.jpg
431,Cube,/iNwm6fpDqQ4WjwhYI8EW6LPklod.jpg
9740,Hannibal,/v5wAZwRqpGWmyAaaJ8BBHYuNXnj.jpg
14869,G.I. Joe: The Rise of Cobra,/mc9b25IAprHfsaOz0wTshOwGHcY.jpg
8065,21,/efG8Po57alqSlhqHU1lXJ3duG6t.jpg
522681,Escape Room,/8Ls1tZ6qjGzfGHjBB7ihOnf7f0b.jpg
376570,Hush,/zHzBTd502IZf60x8n2g0TB01vPF.jpg
14306,Marley & Me,/vMNqPN7EdRjqHnccCqtEkC61r3y.jpg
34544,The A-Team,/k3mKy2zYfzqGg9o5JeDyzSEPPHO.jpg
320,Insomnia,/riVXh3EimGO0y5dgQxEWPRy5Itg.jpg
4944,Burn After Reading,/jdwSkQu3XirmX18MNj8CqFWsCk.jpg
504608,Rocketman,/f4FF18ia7yTvHf2izNrHqBmgH8U.jpg
15512,Monsters vs Aliens,/hpHarddVj34j53T7NsoUGdKj4mP.jpg
428078,Mortal Engines,/gLhYg9NIvIPKVRTtvzCWnp1qJWG.jpg
123553,The Mortal Instruments: City of Bones,/fspW2P3ggzBjdIw5HpJOw8HKtQK.jpg
446354,The Post,/h4XG3g6uMMPIBPjAoQhC2QIMdkl.jpg
8839,Casper,/2ah8fNJFZVU3vcXhU5xfAYi2eym.jpg
346910,The Predator,/wMq9kQXTeQCHUZOG4fAe5cAxyUA.jpg
1830,Lord of War,/3MGQD4yXokufNlW1AyRXdiy7ytP.jpg
20662,Robin Hood,/9NS5QGOfck24yL3bZqWeW06PgPC.jpg
473033,Uncut Gems,/6XN1vxHc7kUSqNWtaQKN45J5x2v.jpg
2268,The Golden Compass,/lyaS7S4emzEaYUcSnCvyqfJpOcA.jpg
19404,Dilwale Dulhania Le Jayenge,/ktejodbcdCPXbMMdnpI9BUxW6O8.jpg
369885,Allied,/sV4lXM32quwminL3TP36nlNPp7Q.jpg
147441,Exodus: Gods and Kings,/uaDj37JtvLan9tihxZ18e6qL33b.jpg
152584,Blue Is the Warmest Color,/kgUk1wti2cvrptIgUz0VTAtSF6w.jpg
4248,Scary Movie 2,/7Eb1JWK0Cb0rbfsYjwfc9g0PbQH.jpg
7980,The Lovely Bones,/sn0iDphRxQ7I6aLd9igIgACITak.jpg
9023,Spirit: Stallion of the Cimarron,/cUgYrz4twiJ3QgVGpRfey984NIB.jpg
1878,Fear and Loathing in Las Vegas,/tisNLcMkxryU2zxhi0PiyDFqhm0.jpg
227156,The Giver,/dul62Av4pgi5x8LP7ELHzNyka9Z.jpg
9802,The Rock,/j5mxLNWjUlXUUk8weFBtnF4afIR.jpg
109428,Evil Dead,/1gDV0Lm9y8ufIKzyf0h0GBgb9Zj.jpg
675353,Sonic the Hedgehog 2,/6DrHO1jr3qVrViUO6s6kFiAGM7.jpg
296524,Deepwater Horizon,/u6c5xkR0eIzlnxcQoMBlySH6ann.jpg
824,Moulin Rouge!,/qH2Z5MXMwURxCcC5EBfSKjluzih.jpg
637920,Miracle in Cell No. 7,/bOth4QmNyEkalwahfPCfiXjNh1r.jpg
411088,The Invisible Guest,/fptnZJbLzKUHeNlYrAynbyoL5YJ.jpg
272693,The DUFF,/aHzdMSKwq9ucnP2yXl5zYIfKgGl.jpg
9928,Robots,/fnKCh67l2DDG9NxxIlk9IpsXQ99.jpg
133805,Carrie,/kloXz9qwO23z9Kbt3z3MgnjF4xO.jpg
339988,The Circle,/bQVqd5rWrx5GbXhJNuvKy4Viz6j.jpg
305470,Power Rangers,/iRAZIEgfB9N0BObV0QI61Nxh92h.jpg
38050,The Adjustment Bureau,/A4wKf04g4DCVAWC67uPGozIJPGw.jpg
1427,Perfume: The Story of a Murderer,/2wrFrUej8ri5EpjgIkjKTAnr686.jpg
59440,Warrior,/iM8n4nZJPR2abpnyZ36FUgHiRjr.jpg
9428,The Royal Tenenbaums,/syaECBy6irxSgeF0m5ltGPNTWXL.jpg
2493,The Princess Bride,/dvjqlp2sAhUeFjUOfQDgqwpphHj.jpg
1700,Misery,/klPO5oh1LOxiPpdDXZo1ADgpKcw.jpg
278154,Ice Age: Collision Course,/tFzUkdhPOForVrEfvxydXfPLrZR.jpg
17979,A Christmas Carol,/t41VHjYItCYHBh2hijsTID44cNv.jpg
941,Lethal Weapon,/fTq4ThIP3pQTYR9eDepsbDHqdcs.jpg
325133,Neighbors 2: Sorority Rising,/eyjcLLwxuRXACbglIbwWwaXK9DN.jpg
756999,The Black Phone,/lr11mCT85T1JanlgjMuhs9nMht4.jpg
97630,Zero Dark Thirty,/coeTvXKAYZlrcIfsCfYV5Hw1npu.jpg
7299,Equilibrium,/eW3YrxOh3rd6PnRgMSftYoflvfe.jpg
381341,Perfect Strangers,/3wknM629Vryofb1HNo2YnLQnQyn.jpg
2907,The Addams Family,/qFf8anju5f2epI0my8RdwwIXFIP.jpg
37834,Knight and Day,/phhp52CZZJiGYmiOTp9ZBDkGHB3.jpg
7518,Over the Hedge,/PHNurftfUJTStsTgIkaxglvm2k.jpg
71552,American Reunion,/de5QBIdVR4dnkBZ4a0zjkS4lTg.jpg
337170,American Made,/23ILgoPSO5ShKcTZOuiTVfqFAUB.jpg
8916,Antz,/lWPjxbUMpAHFkJpZHHNWhQaRsax.jpg
6477,Alvin and the Chipmunks,/vRiB9uvcD0WYp7k2pAeWz9ukpuN.jpg
9732,The Lion King II: Simba's Pride,/sWR1x6UCMCGN9xEf8RGhPS934X0.jpg
11322,Public Enemies,/ezFQaPf4cOEfsl39Me0gSV29d7V.jpg
338766,Hell or High Water,/ljRRxqy2aXIkIBXLmOVifcOR021.jpg
291870,Dirty Grandpa,/dETlaFOsefoeZqtgAsF5eiB3OiG.jpg
134374,Pain & Gain,/9WqA0Ry9wmTzFvom8mNbcyKZQgP.jpg
1735,The Mummy: Tomb of the Dragon Emperor,/A3acM1lX5PNWQa6r5qeMAJOxbnT.jpg
399035,The Commuter,/rDeGK6FIUfVcXmuBdEORPAGPMNg.jpg
203833,The Book Thief,/wj4U5sMLcJMa3WR9CpRR9e2sdgZ.jpg
55721,Bridesmaids,/gJtA7hYsBMQ7EM3sPBMUdBfU7a0.jpg
9398,Zoolander,/qdrbSneHZjJG2Dj0hhBxzzAo4HB.jpg
329996,Dumbo,/deTOAcMWuHTjOUPQphwcPFFfTQz.jpg
792,Platoon,/m3mmFkPQKvPZq5exmh0bDuXlD9T.jpg
514999,Murder Mystery,/bSMSO9xupd4R4vwTPqigHn2quLN.jpg
302401,Snowden,/yfK7zxNL63VWfluFuoUaJj5PdNw.jpg
9637,Scooby-Doo,/mTAiBJGg8mqEfnYHHbi37ZoRSZm.jpg
10137,Stuart Little,/jwydlxxLPVxM5uCfJybEsANzvvg.jpg
2787,Pitch Black,/3AnlxZ5CZnhKKzjgFyY6EHxmOyl.jpg
9522,Wedding Crashers,/lFM3lk2zVzC1YFnKm0r6LbFPyRu.jpg
224141,Into the Woods,/k37bYqOUWMqhrfzmR8Mk9sy2jxH.jpg
813,Airplane!,/hiURvJjCgk0s10urHVCg80TFF11.jpg
400155,Hotel Transylvania 3: Summer Vacation,/gjAFM4xhA5vyLxxKMz38ujlUfDL.jpg
138697,Don Jon,/uh8bwvgGXeUKzdL4oSul9zxyTcd.jpg
136797,Need for Speed,/z42kyMizgDKetejusZgucSQsQ4l.jpg
9366,Donnie Brasco,/xtKLvpOfARi1XVm8u2FTdhY5Piq.jpg
10830,Matilda,/wYoDpWInsBEVSmWStnRH06ddoyk.jpg
1907,The Beach,/r6Sr0uSiVbQOvqoebZoy5rzlPvJ.jpg
686,Contact,/bCpMIywuNZeWt3i5UMLEIc0VSwM.jpg
9679,Gone in Sixty Seconds,/qo5Ifam64rDlp4oprXGhK5X0qIs.jpg
11886,Robin Hood,/alcY9jZBgKw9OB7hiPYVNvh03Sb.jpg
249164,If I Stay,/7Twh8h3Wh7GC9npTAEUThgkxkWL.jpg
45317,The Fighter,/gmTLorYhXJZgdzUsUhvm1ZkRTl0.jpg
615,The Passion of the Christ,/v9f9MMrq2nGQrN7cHnQRmEq9lSE.jpg
1374,Rocky IV,/v33qcJ5NTYIcoII9CB0A8rSU8VA.jpg
524047,Greenland,/bNo2mcvSwIvnx8K6y1euAc1TLVq.jpg
9603,Clueless,/8AwVTcgpTnmeOs4TdTWqcFDXEsA.jpg
214,Saw III,/9wEGgXytb6Xy26MFtDq2rsiQBLs.jpg
640146,Ant-Man and the Wasp: Quantumania,/qnqGbB22YJ7dSs4o6M7exTpNxPz.jpg
3021,1408,/yE9MCW7ZNxSw5SC1TMqm51pMBIV.jpg
4133,Blow,/yYZFVfk8aeMP4GxBSU9MTvqs9mJ.jpg
395,AVP: Alien vs. Predator,/ySWu5bCnnmgV1cVacvFnFIhgOjp.jpg
387426,Okja,/pHlRr2MfjK77VIIAO7p0R4jhsJI.jpg
583,Life of Brian,/lSSA64WF0M0BXnjwr2quMh6shCl.jpg
8329,[REC],/pqINeili6YJBlr8X6u7LdEzW6Yg.jpg
1367,Rocky II,/t2WuqQ0Jbyaql1WXNFx9dr6Ldpt.jpg
501170,Doctor Sleep,/p69QzIBbN06aTYqRRiCOY1emNBh.jpg
1996,Lara Croft: Tomb Raider - The Cradle of Life,/ylIEGeAr2ygSClK4FDj9mi2Ah22.jpg
33,Unforgiven,/54roTwbX9fltg85zjsmrooXAs12.jpg
492,Being John Malkovich,/xVSvIwRNzwXSs0CLefiiG6A96m4.jpg
11216,Cinema Paradiso,/8SRUfRUi6x4O68n0VCbDNRa6iGL.jpg
1577,Resident Evil: Apocalypse,/way9dOm4dM2sm9UMcu2PEXMTX0q.jpg
9426,The Fly,/8gZWMhJHRvaXdXsNhERtqNHYpH3.jpg
2698,Evan Almighty,/5vjH8oQFZXJ0gTOPsJKWidVsWmg.jpg
9602,Coming to America,/djRAvxyvvN2yqlJKDbT3uy4vOBw.jpg
72545,Journey 2: The Mysterious Island,/hLZHJjsZ83Wfn3MRteNb6ew0WC7.jpg
2978,Ghostbusters II,/yObYPMA58DnTMvJooFW7GG6jWAt.jpg
476669,The King's Man,/mpOzVPDFDI15WaKV6dqpYp441rZ.jpg
22971,Dear John,/2lAPv2jQ5eh54l4EttA9wjDljED.jpg
116741,The Internship,/hIh3ZgsZ31nbUAGn5SKIZGKiKCX.jpg
335,Once Upon a Time in the West,/qbYgqOczabWNn2XKwgMtVrntD6P.jpg
109418,Grown Ups 2,/hT6ijOtjtYrnyDhN7VA2QWyGFAm.jpg
438695,Sing 2,/aWeKITRFbbwY8txG5uCj4rMCfSP.jpg
91586,Insidious: Chapter 2,/w5JjiB3O1CLDXbTJe1QpU5RHmlU.jpg
193756,Lone Survivor,/zaBIrloyhGK7iNTZMb3f9SARsl8.jpg
51828,One Day,/xGclxjTTbOdR18zqoldGTjfzSkl.jpg
567609,Ready or Not,/vOl6shtL0wknjaIs6JdKCpcHvg8.jpg
9800,Philadelphia,/tFe5Yoo5zT495okA49bq1vPPkiV.jpg
57165,Wrath of the Titans,/b9n2R3xZWQ8MVZgndQoV34stS0h.jpg
500664,Upgrade,/5f28TXtvHioXirX2n1XH8EJ314v.jpg
9659,Mad Max,/5LrI4GiCSrChgkdskVZiwv643Kg.jpg
425909,Ghostbusters: Afterlife,/ggcBBYgnwrRAdx2vTthSAZDfrrk.jpg
132232,Mama,/eo8BhR8Q5STmWE9sMLsEPagxmy6.jpg
321697,Steve Jobs,/d7a6v7LduguBKAnVrGHt9lFH3mQ.jpg
376659,Bad Moms,/9PaIkUnfOcU1wi5cFbamnmAkjEs.jpg
9533,Red Dragon,/ou9ZKA2cms02b7CdCdVqGkKu0O0.jpg
588,Silent Hill,/r0bEDWO2w4a43K2xTNSF284qOsc.jpg
164,Breakfast at Tiffany's,/79xm4gXw4l7A5D0XukUOJRocFYQ.jpg
1562,28 Weeks Later,/ja8nzgtzhJq0vtX3BJcnbceIxCF.jpg
385687,Fast X,/fiVW06jE7z9YnO4trhaMEdclSiC.jpg
3580,Changeling,/iECXjFF8JkTnNJvik14WbPpc9s9.jpg
484247,A Simple Favor,/5EJWZQ8dh99hfgXP9zAD5Ak5Hrn.jpg
227306,Unbroken,/djETrCXW11Fb5hEl7vvc3bfs3oc.jpg
356305,Why Him?,/eezFoKz7bXgdbjeieeCYJFXPKSu.jpg
225886,Sex Tape,/u2h7UnSHrbAA5WBoKhdH1rlDZfz.jpg
227159,Horrible Bosses 2,/boBOkwIqgrs8noxBUSDkkicKa4K.jpg
1578,Raging Bull,/3Ph6BrMvgniIzFfsloKbSdXWcd8.jpg
63311,The Skin I Live In,/xTQ3SifXs7KmoToNIgStXG59ZZL.jpg
7451,xXx,/86BnliVDBo2TjKmrgQTJIPHxAKd.jpg
1585,It's a Wonderful Life,/mV3VcmMJN6Zwahj42dy9WwPUyRI.jpg
1452,Superman Returns,/385XwTQZDpRX2d3kxtnpiLrjBXw.jpg
4327,Charlie's Angels,/u5GbILxLgfeNHCnTtTRuhmAC9i4.jpg
631843,Old,/vclShucpUmPhdAOmKgf3B3Z4POD.jpg
4347,Atonement,/hMRIyBjPzxaSXWM06se3OcNjIQa.jpg
840,Close Encounters of the Third Kind,/4zfedS25uMAhgm6YQhc9bhKHbLl.jpg
279,Amadeus,/1n5VUlCqgmVax1adxGZm8oCFaKc.jpg
581,Dances with Wolves,/cvaBVpS0GzKqBd63pFT8f1E8OKv.jpg
376660,The Edge of Seventeen,/iY5UEYuGxHfaYJ3vAUAWwFGMV7V.jpg
27581,The Other Guys,/wNEHNqo3MgHmj3BUiPSqqq5czcm.jpg
274479,Joy,/drHYguFkQO4nQQFUhRYqIbl45oT.jpg
205775,In the Heart of the Sea,/weVvNPfk6FM9vBg3BXtRtNAmiYM.jpg
547016,The Old Guard,/cjr4NWURcVN3gW5FlHeabgBHLrY.jpg
22954,Invictus,/cNUoXM8dtg5mRt90GLrAHBP9IGE.jpg
8699,Anchorman: The Legend of Ron Burgundy,/Rdzsh3s6waplhSD7PUaBJovB7v.jpg
184315,Hercules,/5X3VOy9lD44VclKsWTi8gHZGjhL.jpg
136400,2 Guns,/ptURGAFktibhk7DEAbMazlmNqWa.jpg
397243,The Autopsy of Jane Doe,/6K0wjP8kPCiPYy9PtXBGuypyt5I.jpg
270946,Penguins of Madagascar,/dXbpNrPDZDMEbujFoOxmMNQVMHa.jpg
205584,Gods of Egypt,/hzH7fwaTyQNITLo40Hu3R7cVMqv.jpg
5503,The Fugitive,/b3rEtLKyOnF89mcK75GXDXdmOEf.jpg
338953,Fantastic Beasts: The Secrets of Dumbledore,/jrgifaYeUtTnaH7NF5Drkgjg2MB.jpg
525,The Blues Brothers,/3DiSrcYELCLkwnjl9EZp2pkKGep.jpg
1903,Vanilla Sky,/cAh2pCiNPftsY3aSqJuIOde7uWr.jpg
696806,The Adam Project,/wFjboE0aFZNbVOF05fzrka9Fqyx.jpg
82682,Gangster Squad,/1eW9kFSuTQfyMvZKtxlnwKRBvI.jpg
1885,The Karate Kid,/1mp4ViklKvA0WXXsNvNx0RBuiit.jpg
9016,Treasure Planet,/zMKatZ0c0NCoKzfizaCzVUcbKMf.jpg
134,"O Brother, Where Art Thou?",/2YztYilviFCYcEtDAnrOstUWGie.jpg
72570,The Vow,/qHNjcjKa6VHJsa0Eu0DHl2BaYw3.jpg
9820,The Parent Trap,/dNqgjqxHIdfsQRQL5XTujNfX9pj.jpg
7737,Resident Evil: Extinction,/6yaLr7Ymg5cvbtSVi5hHwBKx35I.jpg
87421,Riddick,/hfkZacQIrFjrpgKZoWZ94ifWRSq.jpg
8273,American Wedding,/pCO3lJv2PzPkJty29APxCVSjyoE.jpg
10229,A Walk to Remember,/8lUYMvWdHA0Q0k5F76RQCeCBUkA.jpg
6947,The Village,/v7UvYtKfIVaHLaHwVgfalyrK7Ho.jpg
188161,A Million Ways to Die in the West,/n9SicwnoNGWBwE75le27sUhCLMm.jpg
12429,Ponyo,/yp8vEZflGynlEylxEesbYasc06i.jpg
9273,Ace Ventura: When Nature Calls,/wcinCf1ov2D6M3P7BBZkzQFOiIb.jpg
52520,Underworld: Awakening,/jN0uuc8U6M3sTg9zEaliJV60Stf.jpg
116,Match Point,/vHjEVTD8ucuwKSFOZJeyAnTZYli.jpg
1495,Kingdom of Heaven,/uk55nBEFIQFveIiy9jvLGiVtk4h.jpg
391,A Fistful of Dollars,/lBwOEpwVeUAmrmglcstnaGcJq3Y.jpg
872585,Oppenheimer,/8Gxv8gSFCU0XGDykEGv7zR1n2ua.jpg
72710,The Host,/ok2sl6rGITZ0W94DeRU4VkB2ssW.jpg
460019,Truth or Dare,/ei2waWQAG8NP244WShIFgGu9IOu.jpg
1701,Con Air,/kOKjgrEzGOP92rVQ6srA9jtp60l.jpg
146216,RED 2,/jW7bHZgkHKUtUJCsThFuqbZGVUL.jpg
4256,Scary Movie 3,/gLTVGCtUfD80sMDkbxAiWNso7Ne.jpg
1371,Rocky III,/uWiTgedRzBRNeED7Nj7YB4TXBGg.jpg
103663,The Hunt,/jkixsXzRh28q3PCqFoWcf7unghT.jpg
205587,The Judge,/tefUxj4Gg9hgQNgfEYd7kJQrIlD.jpg
2270,Stardust,/AsCrevARwF6eCrF2v8zpLdn0gth.jpg
186,Lucky Number Slevin,/x21s3p5wPww534nYj1cWakTcqz4.jpg
351460,Death Note,/1X19j2albvewAdnTNHx2fFXjOcC.jpg
213,North by Northwest,/ay0dOKJgyK4VEh3xakV15UgvJMF.jpg
10515,Castle in the Sky,/41XxSsJc5OrulP0m7TrrUeO2hoz.jpg
34851,Predators,/54LZIRznS0Zjn7ZDXrsGVe3HXei.jpg
379686,Space Jam: A New Legacy,/5bFK5d3mVTAvBCXi5NPWH0tYjKl.jpg
8965,Atlantis: Milo's Return,/jrZEWzSlbQTlsJobDmzuFNzlxbh.jpg
149,Akira,/neZ0ykEsPqxamsX6o5QNUFILQrz.jpg
2789,The Chronicles of Riddick,/iSaB7jBgsU6sXqKneZpdeRw5MSV.jpg
76,Before Sunrise,/kf1Jb1c2JAOqjuzA3H4oDM263uB.jpg
834,Underworld: Evolution,/yT1EDKhCzAumcZeBoAxqm0nY2H8.jpg
8698,The League of Extraordinary Gentlemen,/kdAuVFP63XXxnb983ry2pLCKd9S.jpg
49524,R.I.P.D.,/rS0kByPD4YF8pQ85KjzMdGiu7Xf.jpg
136795,The Heat,/yERBa1y5zNUOTRKQPiDCPIc2fuv.jpg
34584,The NeverEnding Story,/jq67Zg1TVXNZxTvcXxfIdxK3IWV.jpg
426426,Roma,/kxZUWtJGbGqaUdXCYg2CTs8wyEc.jpg
9342,The Mask of Zorro,/bdMufwGDDzqu4kTSQwrKc5WR4bu.jpg
228161,Home,/ln7DqfqyKosTw1xoa92Q7FRT3Jh.jpg
526896,Morbius,/6JjfSchsU6daXk2AKX8EEBjO3Fm.jpg
593643,The Menu,/v31MsWhF9WFh7Qooq6xSBbmJxoG.jpg
770,Gone with the Wind,/lNz2Ow0wGCAvzckW7EOjE03KcYv.jpg
442249,The First Purge,/litjsBoiydO6JlO70uOX4N3WnNL.jpg
5175,Rush Hour 2,/aBQf2vMiCINeVC9v6BGVYKXurTh.jpg
571,The Birds,/z0iYrJ6GsAMP3abOha7uGMuc5kZ.jpg
537996,The Ballad of Buster Scruggs,/voxl654m7p36y8FLu8oQD7dfwwK.jpg
4233,Scream 2,/dORlVasiaDkJXTqt9bdH7nFNs6C.jpg
10196,The Last Airbender,/zgwRTYWEEPivTwjB9S03HtmMcbM.jpg
569547,Black Mirror: Bandersnatch,/fR0VZ0VE598zl1lrYf7IfBqEwQ2.jpg
36955,True Lies,/pweFTnzzTfGK68woSVkiTgjLzWm.jpg
4964,Knocked Up,/b4OaXw2MW97VvIiZE0Sbn1NfxSh.jpg
9358,Final Destination 2,/sDsdhVmGzh4L56QvtLLinvXjDs3.jpg
71679,Resident Evil: Retribution,/ohdUDWVlcbuWphaLu6wS91xdJ73.jpg
869,Planet of the Apes,/2IZcJHsTugOdyg0Y8ejj4CM2X3a.jpg
639,When Harry Met Sally...,/3wkbKeowUp1Zpkw1KkBqMWbt0P9.jpg
590223,Love and Monsters,/718NnyxyQuBQcGWt9sdelA1Zc3h.jpg
1587,What's Eating Gilbert Grape,/8r9yts6XHbB1xNLaPC6ExNAK1Qu.jpg
503736,Army of the Dead,/z8CExJekGrEThbpMXAmCFvvgoJR.jpg
9297,Monster House,/zCRPr4bkO3ae0U1134vJ39xZnAG.jpg
90,Beverly Hills Cop,/eBJEvKkhQ0tUt1dBAcTEYW6kCle.jpg
9837,The Prince of Egypt,/2xUjYwL6Ol7TLJPPKs7sYW5PWLX.jpg
8920,Garfield,/vqwTSWNLyH55g8kBT61s2DgNYEp.jpg
10719,Elf,/oOleziEempUPu96jkGs0Pj6tKxj.jpg
122081,Spring Breakers,/3A1XjFB59rWwx92fM97s94RcBL3.jpg
515195,Yesterday,/1rjaRIAqFPQNnMtqSMLtg0VEABi.jpg
9982,Chicken Little,/1wg65q3daTE8rGfaUhBxLdXk6NL.jpg
8835,Legally Blonde,/4ABNnmkVpzplrEVQWt1piITT0Ey.jpg
3981,What Women Want,/n5NOxrcgeiCxvEn47FG9bvlHNsV.jpg
406,La Haine,/gfdhSzPyAWtAizqs4ytc0MwOlQg.jpg
345911,Lights Out,/8BnElzAQQpp7ZgdJJiAe1diomr4.jpg
924,Dawn of the Dead,/ttquyxStEEctzghtA2f4PUGprDr.jpg
86838,Seven Psychopaths,/cfkdwxJd1gWGmT9kI0XXYfXNLmw.jpg
277216,Straight Outta Compton,/9B63hMwU6iICtNDTISCaZQ5US7R.jpg
6145,Fracture,/qNen8x5gaikjIg9CFihgxYcJwQe.jpg
340837,A Cure for Wellness,/d4fXuJS3zZcAZfz2HYDtnwqtnwn.jpg
639933,The Northman,/aSSJMnHknzKjlZ6zybwD7eyJ4Po.jpg
48138,Unknown,/aXBQD515okXQZmYA89ntXMvSJSd.jpg
417678,"Everything, Everything",/c8W3Go48Mw0GoNXsGK4W9hNO4Vf.jpg
7453,The Hitchhiker's Guide to the Galaxy,/yr9A3KGQlxBh3yW0cmglsr8aMIz.jpg
489999,Searching,/9N0T3BaHZNdUCcMZQIM3yMUFwEh.jpg
1493,Miss Congeniality,/q1m9ME0zvncnFDmKXC43RqZr8mU.jpg
36648,Blade: Trinity,/rodqqX8NLe3cdcgBMc4CFTPidTy.jpg
764,The Evil Dead,/uYxQ6xhP3WjqPZtxyAOnZQWnZqn.jpg
270487,"Hail, Caesar!",/txvoksUbyxqvaOvDfEbwW5nEcmX.jpg
378064,A Silent Voice: The Movie,/tuFaWiqX0TXoWu7DGNcmX3UW7sT.jpg
198277,Begin Again,/qx4HXHXt528hS4rwePZbZo20xqZ.jpg
16859,Kiki's Delivery Service,/Aufa4YdZIv4AXpR9rznwVA5SEfd.jpg
71,Billy Elliot,/nOr5diUZxphmAD3li9aiILyI28F.jpg
75174,The Grey,/a0Vt3wx8ciKmPt4iXPx9sH4HBVU.jpg
321258,The Boy,/W4cdvWRHX1cKpod2KeK8WuHAHG.jpg
417859,Puss in Boots,/eufJ36oQCauDc427ewaEvQrhZ6i.jpg
703,Annie Hall,/dEtjPywhDbAXYjoFfhBC4U9unU7.jpg
7555,Rambo,/r8LPeldxskHrGJTPfhICguCip2H.jpg
938,For a Few Dollars More,/ooqASvA7qxlTVKL3KwOzBwy57Dh.jpg
2024,The Patriot,/fWZd815QxUCUcrWQZwUkAp9ljG.jpg
9078,The Sword in the Stone,/dYQhKThGXl3xQv71Ysw0RSmVmBA.jpg
9495,The Crow,/wF2Tnf0bdYrzCKVbWh0mFwPJS6k.jpg
64686,47 Ronin,/xDHnmcroujCRG0ysYQaiswjbyHd.jpg
9313,The Man in the Iron Mask,/zHE9yRURvA7DyhYtQxkGTfE1Ywi.jpg
4148,Revolutionary Road,/63PKnmHjaDcTAjZIfj6bWVN8gvw.jpg
508965,Klaus,/q125RHUDgR4gjwh1QkfYuJLYkL.jpg
929,Godzilla,/tqQ9Nt5C1Z5PRDPxYXQ4qwy5v5V.jpg
13649,High School Musical 2,/la2kiVWDm2vuB4APZDgCCmuBh4K.jpg
189,Sin City: A Dame to Kill For,/rfjgJIOhJL9RpXe5xbadnXJ9Mt2.jpg
71676,Ghost Rider: Spirit of Vengeance,/3nTr3jGCFs3wBjifokRHp3xJgP5.jpg
276907,Legend,/4shf5Alq4KWCKqrAAQe0JGJHYp5.jpg
805,Rosemary's Baby,/s8pdaHjxNPLXIA1WjSTWm00RJTz.jpg
522938,Rambo: Last Blood,/kTQ3J8oTTKofAVLYnds2cHUz9KO.jpg
35791,Resident Evil: Afterlife,/qZHDnt8bnsD2cSJfIbjWbCkIq3G.jpg
710,GoldenEye,/z0ljRnNxIO7CRBhLEO0DvLgAFPR.jpg
301365,The Neon Demon,/3rBo2AfWSlvsPmYFdJsNUMfkNIo.jpg
41513,The Smurfs,/vRhnslP2gW0QDym7BsMeSuioUfK.jpg
72976,Lincoln,/oOo905cttAIkHERDBya5sX6HbIV.jpg
257445,Goosebumps,/aeZT9pqEgrmXOGdESFkAuVjX6kw.jpg
9286,Final Destination 3,/p7ARuNKUGPGvkBiDtIDvAzYzonX.jpg
1369,Rambo: First Blood Part II,/pzPdwOitmTleVE3YPMfIQgLh84p.jpg
529203,The Croods: A New Age,/tbVZ3Sq88dZaCANlUcewQuHQOaE.jpg
9392,The Descent,/mxFPI4KYBk5ri9cPteIS8jiDFgj.jpg
12153,White Chicks,/aHTUpo45qy9QYIOnVITGGqLoVcA.jpg
2832,Identity,/bnidwEvWNAVJ3Uco9wWtuzWAfrx.jpg
2123,"Me, Myself & Irene",/rvRrcbLbpn7UJGRH1JupgHOeJFq.jpg
40807,50/50,/8f9tM9JVB4ETBhxlQcXIjLckArl.jpg
9762,Step Up,/9Y2i54Etpx7JvCxj6D8P3VAH152.jpg
9919,How to Lose a Guy in 10 Days,/2dlftyPz7mTYbrsPvTogyFmYd7d.jpg
9798,Enemy of the State,/x9pXrMKLsBGGOFyyZ0Gwt9YpVub.jpg
11619,Flushed Away,/78czzq4yOr3yN2znedu0kWyv2Um.jpg
10330,Freaky Friday,/ipKcZ4Up7dp18XpsfYUc9NKZy3g.jpg
10501,The Road to El Dorado,/ryXm7xp4aqQyda0FU2eMfHehPBg.jpg
402,Basic Instinct,/76Ts0yoHk8kVQj9MMnoMixhRWoh.jpg
301337,Downsizing,/l7iJoJBoP046hWyeeC2CQ6knOeK.jpg
10483,Death Race,/5A79GeOb3uChQ0l0ZDjDyODKQp3.jpg
296099,Vacation,/z79MzBerDAW2EOQZCobFTO4dJ7P.jpg
10189,Pineapple Express,/6E50WjeOYjDZg9HXgPjYdGtY2jG.jpg
1924,Superman,/d7px1FQxW4tngdACVRsCSaZq0Xl.jpg
20766,The Road,/qLaXnLzqleBWQtjvZ6JGVSaKoC3.jpg
613,Downfall,/cP1ElGjBhbZAAqmueXjHDKlSwiP.jpg
7350,The Bucket List,/idbNSe8zsYKQL97dJApfOrDSdya.jpg
5038,Vicky Cristina Barcelona,/gjdUhi3Q8BHFFmFLvVtjInUYdBM.jpg
2898,As Good as It Gets,/xXxuJPNUDZ0vjsAXca0O5p3leVB.jpg
14756,Ip Man,/ggTTUXZg7trvAhsVj3eyd65bAnh.jpg
10661,You Don't Mess with the Zohan,/gBhLQmpCPoKFMCGsulMbIFzrBID.jpg
258480,Carol,/cJeled7EyPdur6TnCA5GYg0UVna.jpg
829,Chinatown,/mQJz8J4naOA7RmCtypTPjgXZIMY.jpg
3558,"Girl, Interrupted",/dOBdatHIVppvmRFw2z7bf9VKJr9.jpg
19994,Jennifer's Body,/wrkjsGcFJxcQqR56kJUYAEKKg2T.jpg
396371,Molly's Game,/in43bQ7k0ttr666IPP94IlbQbTR.jpg
1164,Babel,/cDy5iZL2C01jiT5wDSE4jOvoT52.jpg
7340,Carrie,/uc3OvgmbnYaS5Y0BOjSmC1EmSz1.jpg
635302,Demon Slayer -Kimetsu no Yaiba- The Movie: Mugen Train,/h8Rb9gBr48ODIwYUttZNYeMWeUU.jpg
346672,Underworld: Blood Wars,/v1ciDCWMG47gdT4kMyjyQbnLQQn.jpg
1948,Crank,/toaY9CoMAy37QNv8HbbUqWS4X1Q.jpg
399057,The Killing of a Sacred Deer,/e4DGlsc9g0h5AyoyvvAuIRnofN7.jpg
77877,The Lucky One,/vK3A2i5dPCSB4vYBMcDZzm8DfRd.jpg
11778,The Deer Hunter,/bbGtogDZOg09bm42KIpCXUXICkh.jpg
481848,The Call of the Wild,/33VdppGbeNxICrFUtW2WpGHvfYc.jpg
360920,The Grinch,/1Bc9VNd9CIHIyJtPKFqSQzrXWru.jpg
448119,Dolittle,/uoplwswBDy7gsOyrbGuKyPFoPCs.jpg
1272,Sunshine,/o68nIa9aZigaxmbET9161h6e2cF.jpg
3082,Modern Times,/7uoiKOEjxBBW0AgDGQWrlfGQ90w.jpg
1817,Phone Booth,/o9b4cA1USAUXz0oxwWVja7sMNFa.jpg
4771,Gone Baby Gone,/rm3Dl8DWYGO3UQ3w2kju62L9rkn.jpg
2253,Valkyrie,/8eoRtXswC8IQDsqW7iJWO56NhAv.jpg
10184,He's Just Not That Into You,/ruc33YnCrmCL8PHdPQVzfa4shWX.jpg
16871,Drag Me to Hell,/fdyejM5Zd6dsa0YyWa02ZAKwQzK.jpg
153518,The Angry Birds Movie,/nsaaZryqabtrdKwXcNud2Bm39mu.jpg
23169,Remember Me,/j7umuMiLCHvWT7wYhFKJOTFSokF.jpg
455207,Crazy Rich Asians,/1XxL4LJ5WHdrcYcihEZUCgNCpAW.jpg
343674,Gerald's Game,/32dippiypDdaKv7XFEfUlQ7kPup.jpg
866,Finding Neverland,/5JyDPH4qdr0I6pF7Bjh1Qrf1Jhh.jpg
313297,Kubo and the Two Strings,/aZJ6KK1Wt7YB4dgZ0qlpaX3PwNV.jpg
116149,Paddington,/y7lFcSKhFrcelocr2VFflJnVzIH.jpg
274854,The Last Witch Hunter,/qXvOpA2nhK5HQ6I95sN3nnMtfjH.jpg
401104,To the Bone,/pkdxhdB3dRUqazqoy9lzUvhayjc.jpg
11423,Memories of Murder,/lp3Qzzq1zzy6ToJul9DGBBd8ua1.jpg
663,Saw IV,/e3pLI0qN1AKGHwOcMuwTpyI2SLN.jpg
193610,The Other Woman,/yHnbb6z8REuFIyBLT2Nj3MX54dY.jpg
449563,Isn't It Romantic,/5xNBYXuv8wqiLVDhsfqCOr75DL7.jpg
9804,Waterworld,/4HRwxrHOUu4gg0NzdC5VSsRw4j.jpg
12163,The Wrestler,/6OTR8dSoNGjWohJNo3UhIGd3Tj.jpg
1586,Secret Window,/gvVmdVvJw620TV0EHaynarlKgqQ.jpg
462919,Sierra Burgess Is a Loser,/vjnHRySiVM4YcBYzjCxw344y9g.jpg
2277,Bicentennial Man,/wrs23eO0VEWwOQpXoOasMnlW9Y4.jpg
12437,Underworld: Rise of the Lycans,/yW9gF7rGn8EoV8B8rxOx1xjxVZf.jpg
22947,Up in the Air,/wZRNEkDxVDNNVaCPN7jKziMHmk5.jpg
9739,Demolition Man,/dq6AmlVFo92PRuoLCcIyFdoRuxf.jpg
152760,The Monuments Men,/wiWAg4mKV2S4vImPxsPRIdj2R2B.jpg
582,The Lives of Others,/bCywq0RkrdI2qzhPNuuJ9PvGuzd.jpg
635744,Jarhead: Law of Return,/6LlqyjAik3Kh68QQ9AchSJEF0Z5.jpg
371638,The Disaster Artist,/jj84nF5vYRD0HUTowBKcrKk8hZP.jpg
11665,Get Smart,/c1x9EYmTTe9xTM8DclELORwC1PN.jpg
4147,Road to Perdition,/mcOD6BogT9jE3Gj2htXg4QLAM8x.jpg
1690,Hostel,/dDrtuWUKhgUGp12kgUWuP0NpTdF.jpg
419479,The Babysitter,/86a7GRVRCwfl7wdI4QadyvKa6Zu.jpg
11887,High School Musical 3: Senior Year,/2XJZeToQpxA0phMrC8Ez1mIrvjv.jpg
136799,Trolls,/9VlK2j0THZWzhQPq0W3Oc0IIdBB.jpg
20943,The Ugly Truth,/2rq96Ihbqb1eU3TEBVtgFlqbeX7.jpg
298250,Jigsaw,/2mUqHJG7ZiGwZYIylczFCsRPbXM.jpg
37094,Falling Down,/7ujqyF96Zg3rfrsh9M0cEF0Yzqj.jpg
2280,Big,/eWhCDJiwxvx3YXkAFRiHjimnF0j.jpg
290098,The Handmaiden,/8MnMGO3oALkaiavehLmsKwvBU8S.jpg
41446,Scream 4,/c2gf4gLMEDKciWZIN2XTYUp2J3m.jpg
37136,The Naked Gun: From the Files of Police Squad!,/wQHTHJ3jBKtz2c6VT9JZ8TD73yl.jpg
8810,Mad Max 2,/lyFPvG4VJGlBKQtjyQnnpLEMog1.jpg
87093,Big Eyes,/203HAjJcLMl7xThcTqZx4zmEGcV.jpg
59961,Safe House,/7SYBPjv5ywF6cI4BSFFtlDyChT2.jpg
9335,Transporter 2,/cdm17vK8PxHfTi7ayZf6WKbOgUO.jpg
446021,Bad Times at the El Royale,/iNtFgXqXPRMkm1QO8CHn5sHfUgE.jpg
853,Enemy at the Gates,/9cSoNnB31hGY2mL78VT8mAbz6nR.jpg
65086,The Woman in Black,/aJbeDPUwDe9MLpseTFrNTBaQPzf.jpg
646,Dr. No,/fIaLLZKrSNmqcZNErk5ihBFutNH.jpg
667538,Transformers: Rise of the Beasts,/gPbM0MK8CP8A174rmUwGsADNYKD.jpg
762504,Nope,/AcKVlWaNVVVFQwro3nLXqPljcYA.jpg
12244,9,/3uqXGOH4BQ2CLJWkDJZ0PzbUzOn.jpg
658,Goldfinger,/6fTzum7gSpLWww26WvWjETNqfD9.jpg
347031,Swiss Army Man,/8pxn8CQ6SD6tly75lrKw08wfZKv.jpg
8271,Disturbia,/o1DzFQv3oJWTQiI8cdfIVdYlKce.jpg
8645,The Happening,/v1Cw6WaCjNqInpAzUwbXB4LGgoX.jpg
397837,Before I Fall,/eowzonDJMCuNXoJGVkP9Z7oCmiM.jpg
262391,Serial (Bad) Weddings,/5Hw0GuPahcTCMsJNaLn37OVeXB3.jpg
5176,3:10 to Yuma,/voMB69AsLnPNmtfbrBl0lbeFKDH.jpg
308531,Teenage Mutant Ninja Turtles: Out of the Shadows,/euVaCiCWz3AALcQXHT6aUqdGUo6.jpg
246741,What We Do in the Shadows,/ftrq6LsDNfLPQzrlonOaxSq4yMh.jpg
4538,The Darjeeling Limited,/oSW5OVXTulaIXcoNwJAp5YEKpbP.jpg
419478,Midnight Sun,/vPG2zEKPXhovPW9S91SRnwr5JM1.jpg
346,Seven Samurai,/8OKmBV5BUFzmozIC3pPWKHy17kx.jpg
819,Sleepers,/yUpiEk2EojS9ZEXb3nIQonQCYYF.jpg
334,Magnolia,/tpfC325Jk6S38VTe5dDWjWtoyxr.jpg
1213,The Talented Mr. Ripley,/6ojHgqtIR41O2qLKa7LFUVj0cZa.jpg
44048,Unstoppable,/zKvHwL0GqLOear8rTnUPSTRYY0r.jpg
160588,Blue Jasmine,/zLdLiUJfueZBctdv8OvkmGXEHEC.jpg
399170,Logan Lucky,/mQrhrBaaHvRfBQq0Px3HtVbH9iE.jpg
985939,Fall,/v28T5F1IygM8vXWZIycfNEm3xcL.jpg
73723,The Lorax,/tePFnZFw5JvjwjQjaKkqDPNMLPU.jpg
232672,Blended,/o2YrH9jS7CAfWjETHFeL0tth79E.jpg
400617,Phantom Thread,/hgoWjp9Sh0MI97eAMZCnIoVfgvq.jpg
300671,13 Hours: The Secret Soldiers of Benghazi,/nAnfWdvUXQemns5BR0Azi4z9o1t.jpg
204082,Homefront,/v55tfjL3QGeabkXAMXPb4olwjL0.jpg
536554,M3GAN,/d9nBoowhjiiYc4FBNtQkPY7c11H.jpg
172385,Rio 2,/gVNTBrjxh2YRmQFjlaqrNbHVvrd.jpg
16320,Serenity,/ckDo5vnRKehJ2qu8U95c7QcvGUm.jpg
62215,Melancholia,/kd0PqvTsJd6DOY7Jxu0R4vEfpsj.jpg
15969,The Return of Jafar,/7SC793qtORB6YL4mu0F5o3hfjDQ.jpg
1089,Point Break,/lyUDjRJTQl1yWECtVpZlB54UDFS.jpg
36669,Die Another Day,/bZmGqOhMhaLn8AoFMvFDct4tbrL.jpg
521029,Annabelle Comes Home,/qWsHMrbg9DsBY3bCMk9jyYCRVRs.jpg
35690,The Last Song,/76twEOHXAM2oKnvZYBI5bP6GeDu.jpg
7445,Brothers,/ySXRgHCdelVtvUyHcKGpiQKb052.jpg
1640,Crash,/3aOOJQEoU9iL9hYNTbEuFNDaDnn.jpg
400535,Sicario: Day of the Soldado,/OdD7A0LgLXPjqzmfcEl9sTYVPo.jpg
1992,Planet Terror,/30ANoUgvqQZ9tgCnM6OyJZUveaf.jpg
10591,The Girl Next Door,/el8RGlODqenqIs6Mcbyaog6DnXe.jpg
9472,DodgeBall: A True Underdog Story,/r8KbNHkkwFXLjV1suGwm0Qjure5.jpg
881,A Few Good Men,/rLOk4z9zL1tTukIYV56P94aZXKk.jpg
44943,Battle: Los Angeles,/jloyGeVYZSxM9zsLFvVOWuj2ey4.jpg
2899,Asterix & Obelix: Mission Cleopatra,/fKIhO8pL7pVcIGkjP1cSDV9FOxu.jpg
9481,The Bone Collector,/4HiIegmRMV147NDLAEhXI8duho.jpg
81,Nausicaä of the Valley of the Wind,/tcrkfB8SRPQCgwI88hQScua6nxh.jpg
423204,Angel Has Fallen,/fapXd3v9qTcNBTm39ZC4KUVQDNf.jpg
1246,Rocky Balboa,/xUylDspiTKU3cYzZNeLsN8Krv12.jpg
277685,Unfriended,/8byPxREr3BqBNyyij5WHVSOVtYk.jpg
59962,This Means War,/7d1hwECRc1NZlGfAeYE42ki7Fem.jpg
10054,Spy Kids,/44EKLFDthYONe4HAGZpGxEKeG8N.jpg
57212,War Horse,/nF66DU2zPLFb9CxDQNSNX2RgNaq.jpg
1955,The Elephant Man,/u0wpPYjuSt8DIe1Y3Vapnh8jcKE.jpg
4234,Scream 3,/qpH8ToZVlFD1bakL04LkEKodyDI.jpg
109431,Identity Thief,/lIliJCGoWT6tEVaDivLpXEf038w.jpg
239,Some Like It Hot,/hVIKyTK13AvOGv7ICmJjK44DTzp.jpg
9486,Johnny English,/lx3Y7teA6DaoQ6cIhwzrlnDZpFW.jpg
295964,Burnt,/ab4zZPuCqtDl5o71uYOAk37xGvK.jpg
267935,The BFG,/vssXmCrfCiARkQ0512oG0wjh2h9.jpg
10200,The Day the Earth Stood Still,/mrw9NShY6I2FgXwk8Ge437pn08N.jpg
9870,Forgetting Sarah Marshall,/6VKSQ40z76zi6nMqX7zjCZKfsBa.jpg
11674,101 Dalmatians,/8o2ADoAyG796UwTjwBFjPyBz0yG.jpg
457799,"Extremely Wicked, Shockingly Evil and Vile",/zSuJ3r5zr5T26tTxyygHhgkUAIM.jpg
49046,All Quiet on the Western Front,/2IRjbi9cADuDMKmHdLK7LaqQDKA.jpg
97370,Under the Skin,/55wmcXJIDYITr7JDijJTdvwSaAv.jpg
543540,The Perfect Date,/rrAYdezO3h1mjdYTaQyTXoj8IZ4.jpg
353616,Pitch Perfect 3,/iHxmTTFMuuPIwwj39C4Zkk9IL4m.jpg
725201,The Gray Man,/5Eom3JsXgQlCj6QIsGCwXkX7wyH.jpg
6023,P.S. I Love You,/bZlRZKBOR6cC8L35BgGoh4hJ63F.jpg
280092,Insidious: Chapter 3,/iDdGfdNvY1EX0uDdA4Ru77fwMfc.jpg
50456,Hanna,/uKayL9UbuFZS7pfB8RbAxETsqHi.jpg
458423,Mamma Mia! Here We Go Again,/aWicerX4Y7n7tUwRAVHsVcBBpj2.jpg
140823,Saving Mr. Banks,/qfhiVU59BSPCdOZwPNs29Z8S23K.jpg
456740,Hellboy,/bk8LyaMqUtaQ9hUShuvFznQYQKR.jpg
258230,A Monster Calls,/eNTalDnE6AcFKghdvws2ckguYWC.jpg
512196,Happy Death Day 2U,/4tdnePOkOOzwuGPEOAHp8UA4vqx.jpg
2288,Closer,/fGGaokx4k00S0J603VG53Qlr9jz.jpg
261023,Black Mass,/zfwciv4LIJkNQsfuhYGv0Nkiweg.jpg
340102,The New Mutants,/xZNw9xxtwbEf25NYoz52KdbXHPM.jpg
256274,"As Above, So Below",/oJZSajKLJkoTOzSZQN2ZwRnPwHZ.jpg
11917,Saw V,/rKl79KqLXg60KFyKsLe4wSSjQ08.jpg
400650,Mary Poppins Returns,/uTVGku4LibMGyKgQvjBtv3OYfAX.jpg
13387,Transporter 3,/o4w9VF3GRZuXe9NHHvZ07pJespl.jpg
241,Natural Born Killers,/fEKZwT91gxvkAoyPgpNXo8W5fu0.jpg
55779,Final Destination 5,/5uRF7zATPr0hIMfDcMEfnhMGw6a.jpg
258216,Nymphomaniac: Vol. I,/piikL8vRh3s1ysHGTIqaZpdjfNU.jpg
72331,Abraham Lincoln: Vampire Hunter,/5dTZylzoBV9qsrub9vYLAZrNkX3.jpg
942,Lethal Weapon 2,/1EEIUw0tkX7AJZ1ikZrtKZZKlC6.jpg
252,Willy Wonka & the Chocolate Factory,/vmpsZkrs4Uvkp9r1atL8B3frA63.jpg
2164,Stargate,/kLacy1TrSedHrZcsup1JNHl1upk.jpg
94329,The Raid,/A5KIsFWQMlvUqobZb2FInzOPlIp.jpg
314,Catwoman,/pvnPgukFyEKgCzyOxyLiwyZ8T1C.jpg
1598,Cape Fear,/59bTrfennDfQec2ugRJ3c2z8mE.jpg
871,Planet of the Apes,/2r9iKnlSYEk4daQadsXfcjHfIjQ.jpg
8487,Wild Wild West,/1AUzpDzJSecEBIgwUIPzL5KMuTQ.jpg
429197,Vice,/1gCab6rNv1r6V64cwsU4oEr649Y.jpg
816,Austin Powers: International Man of Mystery,/5uD4dxNX8JKFjWKYMHyOsqhi5pN.jpg
899082,Harry Potter 20th Anniversary: Return to Hogwarts,/jntLBq0MLR3hrwKaTQswxACRPMs.jpg
278924,Mechanic: Resurrection,/h651SE7s5z9hbKDiwn38Iubkz5w.jpg
265195,Wild Tales,/pvSty5MCAxdj8LlAEXCDfM1YNOl.jpg
522402,Finch,/jKuDyqx7jrjiR9cDzB5pxzhJAdv.jpg
3176,Battle Royale,/gFX7NuBUeKysOB9nEzRqVpHNT32.jpg
381289,A Dog's Purpose,/3jcNvhtVQe5Neoffdic39fRactM.jpg
80,Before Sunset,/gycdE1ARByGQcK4fYR2mgpU6OO.jpg
9291,The Longest Yard,/nbKcVBcxF96ARW2oKHqDYAcLdu.jpg
7735,The Wave,/vtJ4u0fpTZhibxAJHzXtcdCxhsL.jpg
392,Chocolat,/jPNmQq23eNbKFVPZnY5Kxc63MvW.jpg
76649,Pompeii,/dxxM3lLDjGRC50i5rhvfQziskAN.jpg
438148,Minions: The Rise of Gru,/wKiOkZTN9lUUUNZLmtnwubZYONg.jpg
1592,Primal Fear,/qJf2TzE8nRTFbFMPJNW6c8mI0KU.jpg
718789,Lightyear,/b9t3w1loraDh7hjdWmpc9ZsaYns.jpg
1541,Thelma & Louise,/7D2DqmIKpPlkCU0RLVdlKLKR7XZ.jpg
77950,Turbo,/inTKQni4YW8syrfgnXHwzmNeSo4.jpg
259694,How to Be Single,/a4Ce3qHqIyHM3QfGsiVTAu3YADJ.jpg
817,Austin Powers: The Spy Who Shagged Me,/f2ohIBEbc3eERyU5pgSknm8DqUj.jpg
23631,Machete,/dcPSm1rGEFdiEc7DaKz0t5kb66b.jpg
2486,Eragon,/k8f8WZjTzZ6TJYrKpyayCB4zKlw.jpg
505026,Death on the Nile,/kVr5zIAFSPRQ57Y1zE7KzmhzdMQ.jpg
58233,Johnny English Reborn,/1T6qnlTVkrGr0mpgZbpSwVU5FWW.jpg
914,The Great Dictator,/1QpO9wo7JWecZ4NiBuu625FiY1j.jpg
499932,The Devil All the Time,/bVL7LGq528h3KzeNI90HOVbV5uW.jpg
12222,Horton Hears a Who!,/7maXTIhB3O9nPfUu7qcLuAriQ9I.jpg
244267,I Origins,/2P31jhd1dWUAPD8dmnSrwkQ8CNN.jpg
74643,The Artist,/z68py0ZqPgeacGPG54AGVRbNBS7.jpg
62764,Mirror Mirror,/pys6zIJN8Sxlk2Ss2GZuYuXPbtw.jpg
39451,Little Fockers,/90mwPRNMmX9RUGVgKMJMJNQnYX8.jpg
68,Brazil,/d0PibPzCK4fVikjoD1PqHovbvkt.jpg
62214,Frankenweenie,/yGjVbLVdZRBlZTTQVBsj2KUjL1s.jpg
9475,Scent of a Woman,/j4fDIiv0N78Sfp9Wn0BaYzbIj1B.jpg
1966,Alexander,/jrwQu72sGwGqwE8Ijne89PSIvhp.jpg
1620,Hitman,/h69UJOOKlrHcvhl5H2LY74N61DQ.jpg
458576,Monster Hunter,/1UCOF11QCw8kcqvce8LKOO6pimh.jpg
37247,The Graduate,/z1Z1tZMR66RxcNeHbwoEhYeqOlP.jpg
11130,The Princess Diaries 2: Royal Engagement,/9GkLjwvqjwDfLZkWLGjLLfQf2Be.jpg
9323,Ghost in the Shell,/9gC88zYUBARRSThcG93MvW14sqx.jpg
9032,Big Daddy,/m0KrgL5uGJRGyGG7LBkyKrqxB8q.jpg
11247,A Cinderella Story,/3d6Nu5c7BSo5BrH2xE1pnj3yNrc.jpg
212778,Chef,/yMtKHR6VG1Yagvv5F7IFpsGBm66.jpg
6795,Zathura: A Space Adventure,/g0HLEZfqJp5dRxMzkgZwW9puP7N.jpg
2252,Eastern Promises,/dpiJWb4NrWgcOg2rusuLhDM0hTm.jpg
328425,The Gift,/kH3qLP8pn68Xq5XwvmPkCyaAU7W.jpg
384521,The Cloverfield Paradox,/vJi2ExTcWdJR3150VPKqqtdGxsT.jpg
40805,The Green Hornet,/q1fXWEoZXogYjAUy32pUc6NL2IH.jpg
4257,Scary Movie 4,/sEqFdw1wLtY94RKCSPolsHWzn6r.jpg
15121,The Sound of Music,/pDuoh2fKuacDXYtpREJysMOzQmS.jpg
285783,The Walk,/tiESRqurrZwAC0hpERogOsBhjeg.jpg
10312,Patch Adams,/xN1aKur5ddWQSXTqvzDPJD2TCxe.jpg
3594,The Number 23,/mlNU8a1SkTu6cKA4LAoZxfNPng0.jpg
9489,You've Got Mail,/dXog7dbW6b9DHzG6VOLfyn5ay1S.jpg
49730,Red Riding Hood,/ixQYkLeLlTTnAoT32dukndyObB6.jpg
46705,Blue Valentine,/vqQPrOc0XCloZhuOeR66wjsnyUo.jpg
157433,Pet Sematary,/7SPhr7Qj39vbnfF9O2qHRYaKHAL.jpg
10948,The Fox and the Hound,/1382VHxqZDXu2t8i46zf4fP71JG.jpg
752623,The Lost City,/neMZH82Stu91d3iqvLdNQfqPPyl.jpg
274167,Daddy's Home,/fB9lALk9zKsMYWvf0bJSkJN219Z.jpg
19912,The Final Destination,/5vxXrr1MqGsT4NNeRITpfDnl4Rq.jpg
796,Cruel Intentions,/76cCsRtQ5MJBAqoigojXsLXLJwh.jpg
298618,The Flash,/rktDFPbfHfUbArZ6OOOKsXcv0Bm.jpg
9390,Jerry Maguire,/lABvGN7fDk5ifnwZoxij6G96t2w.jpg
793,Blue Velvet,/7hlgzJXLgyECS1mk3LSN3E72l5N.jpg
617653,The Last Duel,/zjrJE0fpzPvX8saJXj8VNfcjBoU.jpg
27582,The Mechanic,/k37axEHszFP9WOVvbozxF0r7X7g.jpg
38408,Life As We Know It,/zLzS2aOqKsS0QvEaY6SfBw4VBqh.jpg
8367,Robin Hood: Prince of Thieves,/7Ul6owBVkgWHuI3FrRFbpuxHbAd.jpg
77016,End of Watch,/pDeVKQICkcdwwjHxGj0MeS14YJ6.jpg
1669,The Hunt for Red October,/yVl7zidse4KiWtGMqHFtZCx4X3N.jpg
50348,The Lincoln Lawyer,/gOn8Ve9Yi8fxjRkmLr5BZoOc7KV.jpg
228205,The Longest Ride,/qdUVfvPBvT6cetDDM7rn8y2CNZE.jpg
9362,Tremors,/cA4ggkZ3r1d5r9hOAUWC8x5ul2i.jpg
393519,Raw,/kc8jT1MAiKM0iwdjAwC5lQrTNry.jpg
1621,Trading Places,/8mBuLCOcpWnmYtZc4aqtvDXslv6.jpg
167073,Brooklyn,/wSYxJKMSpHCLz2zqrRJb9RhxGz6.jpg
504949,The King,/8u0QBGUbZcBW59VEAdmeFl9g98N.jpg
11621,Porco Rosso,/8mIvSvnVBApfORL9N6S38Q7wD6A.jpg
2005,Sister Act,/xZvVSZ0RTxIjblLV87vs7ADM12m.jpg
100042,Dumb and Dumber To,/b5sOa42AN7sTU9PCf7S8wI7jchB.jpg
19959,Surrogates,/3SDUkTsYPDZZQotR2ggxjIH0zsW.jpg
785084,The Whale,/jQ0gylJMxWSL490sy0RrPj1Lj7e.jpg
180863,T2 Trainspotting,/xlbpCwa9OXXIiNgXcwuompHFIk9.jpg
76025,Shame,/cAWLz9kFv4xc6IsEXTj2DrcqD55.jpg
6557,27 Dresses,/rEfourJfgEyKiewwH8ZkUYt9AqE.jpg
146,"Crouching Tiger, Hidden Dragon",/iNDVBFNz4XyYzM9Lwip6atSTFqf.jpg
664,Twister,/6tagtmPVOG4QqraQ4piUFLoqaoj.jpg
59,A History of Violence,/rrc6GiAKHDrUjp8OmdVng9hRWBn.jpg
263472,Knock Knock,/cUC4rUb1Cs2KMaZ6RD4uYUEEwls.jpg
238615,Self/less,/b03zZZTE17iH6klsInFOlrgfYRN.jpg
1375,Rocky V,/tevHaVxtrMTaUi8f3YjLWYSSY8A.jpg
5174,Rush Hour 3,/rZ7IxJlPhNNJ6Rn8z1rzsXuA70P.jpg
399361,Triple Frontier,/aBw8zYuAljVM1FeK5bZKITPH8ZD.jpg
179144,The Great Beauty,/1cmOc3ZPkuCTOTqHEsRr3Pk81Um.jpg
169,Predator 2,/mSta5O31rPUcZH98psx0cxLbPXd.jpg
109451,Cloudy with a Chance of Meatballs 2,/tT2DN1tWk1zpCxqvaaNY8yP8Awn.jpg
96936,The Bling Ring,/tYLHIM8LIhqCYKS2wdaIOX8tetf.jpg
32856,Valentine's Day,/qOTcfD2DdnOTmhH0r1TOE09VvNh.jpg
1443,The Virgin Suicides,/tlOGlAZgD1eIYCG5xrBozw86gmm.jpg
18487,The Taking of Pelham 1 2 3,/baRXNiLDOpz3rH3VyjhayhgkWll.jpg
9334,The Scorpion King,/aITIsX20tACn6jgtyDcCYpRT216.jpg
109421,Side Effects,/k7l1ZDWxfLcd4mMOLprq9t9H46Y.jpg
3034,Young Frankenstein,/c6335WJCZO8NK5wehHk5sA9Cypv.jpg
284293,Still Alice,/MeJJCT1o87j7D0mR3yQs4s4PIA.jpg
30497,The Texas Chain Saw Massacre,/kvaLXaC4RX8KLYkJkWWJCyMsEw3.jpg
455980,Tag,/eXXpuW2xaq5Aen9N5prFlARVIvr.jpg
1370,Rambo III,/1eSQvGuD25ezKaiaQsyDDG3e9iN.jpg
514847,The Hunt,/wxPhn4ef1EAo5njxwBkAEVrlJJG.jpg
4995,Boogie Nights,/wnE24UPCPQsQnbBOu4zVE2qaDNm.jpg
470,21 Grams,/hdS0to9nUpgK0Zm1bZAF6BWRae7.jpg
173897,Resident Evil: The Final Chapter,/7glPlA0xPpxPxBu0TnY4ulQVCV1.jpg
6075,Carlito's Way,/g6D7mjQtndu768cusGmoEQY9fTB.jpg
511987,Crawl,/mKxpYRIrCZLxZjNqpocJ2RdQW8v.jpg
818,Austin Powers in Goldmember,/aSNnxSNc7HftXa6EULM4Lq6mUDn.jpg
531309,Brightburn,/sJWwkYc9ajwnPRSkqj8Aue5JbKz.jpg
9506,Anger Management,/ezitJY9RTk3ReXc1nWhXjmU9cz0.jpg
462,Erin Brockovich,/xbMEHLu36LyptPD29FxVTndpYZ1.jpg
10521,Bride Wars,/eyXT8tmUoyHrg7YX1UVjmecHCWP.jpg
8967,The Tree of Life,/l8cwuB5WJSoj4uMAsnzuHBOMaSJ.jpg
12133,Step Brothers,/jV0eDViuTRf9cmj4H0JNvbvaNbR.jpg
10022,The Pacifier,/ayVLPibrtazh7U5FliWRLDMmG3d.jpg
872,Singin' in the Rain,/w03EiJVHP8Un77boQeE7hg9DVdU.jpg
8619,Master and Commander: The Far Side of the World,/s1cVTQEZYn4nSjZLnFbzLP0j8y2.jpg
382591,Two Is a Family,/aFgtdhuzgI2eqnIVWtRB03x3pnt.jpg
3050,Doctor Dolittle,/tLrchGMIkdo1KamQJA6fwvDQEy0.jpg
378236,The Emoji Movie,/f5pF4OYzh4wb1dYL2ARQNdqUsEZ.jpg
82633,Lawless,/Ahtzwts22ayviD3LEVslfL4nRWB.jpg
766,Army of Darkness,/xsgTuAtR2zSH8Umg3jWZcZjlDpe.jpg
9029,What Happens in Vegas,/x3yN37OKHOzqnwa5sum8Ut4nobY.jpg
1934,Shakespeare in Love,/iNCTveBiq7jQ4Av4ynWSdWXN6Cc.jpg
68730,Silence,/x5T0cQDYws0xRBVG4Q3wpcrcmax.jpg
22804,Saw VI,/6lSBajR9hahr8JPLH0ErQnPdgtH.jpg
119283,Parker,/u1cl4RsdqMjolVVsHwiLRPN1CT2.jpg
443791,Underwater,/gzlbb3yeVISpQ3REd3Ga1scWGTU.jpg
576845,Last Night in Soho,/ahbwIJl7T0D34m3sPKlBaCqs2xH.jpg
249070,Hitman: Agent 47,/52NXkgvzRYjRnqRPpqjpiwsIgRG.jpg
9471,Charlie's Angels: Full Throttle,/n4cdJ0Wqxb7C0HmZbcaC4eYnkIf.jpg
588228,The Tomorrow War,/34nDCQZwaEvsy4CFO5hkGRFDCVU.jpg
1103,Escape from New York,/bOXk4mF2TjMJVq8DZYUtblKOR92.jpg
11283,Nanny McPhee,/j9zWPwaHDWE3K1Mb5RNahzwd3KY.jpg
714,Tomorrow Never Dies,/gZm002w7q9yLOkltxT76TWGfdZX.jpg
756,Fantasia,/5m9njnidjR0syG2gpVPVgcEMB2X.jpg
61979,Three Steps Above Heaven,/fcFz2xEZodKOxHDn9DazxPYHDSc.jpg
8055,The Reader,/r0WURbmnhgKeBpHcpDULBgRedQM.jpg
412117,The Secret Life of Pets 2,/q3mKnSkzp1doIsCye6ap4KIUAbu.jpg
9476,A Knight's Tale,/srb1XnrlDZHcdpjBKqUu4qAzxKU.jpg
1904,Memoirs of a Geisha,/pBwYsQaSTgnPphIy02DJjCF2cqs.jpg
614934,Elvis,/qBOKWqAFbveZ4ryjJJwbie6tXkQ.jpg
9354,"Honey, I Shrunk the Kids",/yRJk5uTiqQ0IP48jKaegKusOUv3.jpg
580175,Another Round,/fsn4cjpCvWuP9wU9hcFnK7M8RZC.jpg
582014,Promising Young Woman,/73QoFJFmUrJfDG2EynFjNc5gJxk.jpg
11430,The Lion King 1½,/sVJME5R1NmTXtbdnAxYPx7Xa7kr.jpg
600354,The Father,/pr3bEQ517uMb5loLvjFQi8uLAsp.jpg
77930,Magic Mike,/oJS0qxNfMdMcFnEZbUbB5q2Olik.jpg
9361,The Last of the Mohicans,/qzJMPWRtZveBkxXOv3ucWhoJuyj.jpg
556984,The Trial of the Chicago 7,/ahf5cVdooMAlDRiJOZQNuLqa1Is.jpg
765,Evil Dead II,/4zqCKJVHUolGs6C5AZwAZqLWixW.jpg
375588,Robin Hood,/AiRfixFcfTkNbn2A73qVJPlpkUo.jpg
644495,House of Gucci,/oJCQjD2byiVF1EG408F9dBn9ndU.jpg
9655,She's the Man,/gdF2PEBdwoohpPqKL93eCk17zNO.jpg
10066,House of Wax,/r0v8qg78Ol9NIsRGe3DME27ORpd.jpg
12113,Body of Lies,/sLjVDPPfNQfAma9XyOqHPClQb2V.jpg
415842,American Assassin,/w6vjeHx3UEaBXIyc8VFqyZYKznD.jpg
9714,Home Alone 3,/6uOadrCfle0n2LOOxHbgWEdnrm2.jpg
303858,Money Monster,/DlgdAkAKirD01R1mBejhFjS6nQ.jpg
458897,Charlie's Angels,/1DPUFG6QnGqzpvEaDEv7TaepycM.jpg
540901,Hustlers,/zBhv8rsLOfpFW2M5b6wW78Uoojs.jpg
818647,Through My Window,/6gg7fvKc1ZxP9yCczweSxIGYp4S.jpg
525661,Bombshell,/gbPfvwBqbiHpQkYZQvVwB6MVauV.jpg
95610,Bridget Jones's Baby,/k703Pb5C0NsLvXPgFk8kAKnLylq.jpg
8656,Deep Impact,/a3vQS7JKqlOb3MdVJHuTCP9s7Mg.jpg
59965,Abduction,/d0TIDrwnMFVjg2EO4LsXQn1mbbc.jpg
646385,Scream,/nD4M4Bx457ryLuKYpxFwQ2IBJ5w.jpg
112205,The Family,/3ER4u7T951pMv60hL5bUN6WsAMV.jpg
7840,"10,000 BC",/lg3HcDLC5Kx3RNPQjeXvvS6nen3.jpg
15472,The Girl with the Dragon Tattoo,/r2pFUXKK20KD9RE3yybpQsNynRE.jpg
158011,The Call,/bpYVSeoaQ8MURmmqnojoMJEUmQj.jpg
72113,Carnage,/3Imx53XV3T02ADlMxYazYXVNysZ.jpg
132363,The Butler,/TTtg1JzS8OJjbmiKTyCSlfYw0M.jpg
59108,Tower Heist,/1HcOyMODYZXnncMikfhYkw3x2ss.jpg
37056,Letters to Juliet,/86sBDdFG0bIzdYDagZOfM6Ryoix.jpg
68722,The Master,/rUSjbyvYWN9H4az8xt0tDtU7I6v.jpg
10439,Hocus Pocus,/by4D4Q9NlUjFSEUA1yrxq6ksXmk.jpg
9792,The Hills Have Eyes,/53x6ZGyYLgYwa5VQRdSqvVYwrl9.jpg
622,The Ninth Gate,/iFDtmA8Bg9zE4NcsjcmGfqFN01H.jpg
8922,Jeepers Creepers,/g410Y1U1ELbmJG14Zru3UAimm1G.jpg
58224,Mr. Popper's Penguins,/jGwZ1QI5DaL7mHQ2ZsMV1p8xvPS.jpg
400160,The SpongeBob Movie: Sponge on the Run,/jlJ8nDhMhCYJuzOw3f52CP1W8MW.jpg
1738,Next,/td5uOBW41ib1KGz3g1Kc33BdFyj.jpg
157547,Oculus,/3J25Xmt3zN9OpsTD5dLNwz7IirD.jpg
192,The Name of the Rose,/2BuVu0j6v2kNY2gGxtO3sDGyob2.jpg
109491,Beautiful Creatures,/t7PWQHpJHb2ozALCfaPaC5aHxBs.jpg
1970,The Grudge,/7vPAVPKYexQVmvC578wPLn2CGCL.jpg
157386,The Spectacular Now,/sTEhMxrL6dCOHB9lzY879kiIfIv.jpg
503314,Dragon Ball Super: Broly,/f03YksE4NggUjG75toz4H1YAGRf.jpg
8741,The Thin Red Line,/seMydAaoxQP6F0xbE1jOcTmn5Jr.jpg
13809,RocknRolla,/i7eyngqjdvKB7NvrWtCjjTNNq8N.jpg
9327,The Nutty Professor,/fMtb5aZoLRNbMnCkatFsTmPRfl5.jpg
2758,Addams Family Values,/8znyj20O3EYLD2EzWnZQMnkE4zH.jpg
6978,Big Trouble in Little China,/gI2Qs1yTTj3NcESJyttCkbmJ4k9.jpg
342470,All the Bright Places,/4SafxuMKQiw4reBiWKVZJpJn80I.jpg
8337,They Live,/ngnybFTuopfbfmmEeX9jjBQQmF6.jpg
490,The Seventh Seal,/wcZ21zrOsy0b52AfAF50XpTiv75.jpg
657,From Russia with Love,/2jUOA4mUm2W7jP61DFeZ77kH0sA.jpg
9992,Arthur and the Invisibles,/gH27K0S7BiZCsNMxzOQTacG9IZp.jpg
947,Lawrence of Arabia,/AiAm0EtDvyGqNpVoieRw4u65vD1.jpg
23398,Alvin and the Chipmunks: The Squeakquel,/8mdPqOga5fty15nXmaNcK1fsNMa.jpg
609,Poltergeist,/xPazCcKp62IshnLVf9BLAjf9vgC.jpg
433808,The Ritual,/hHuJqzby593lmYmw1SzT0XYy99t.jpg
9889,Shallow Hal,/q4lZrHWTWuybb6pzMucj1c0ngCW.jpg
587792,Palm Springs,/yf5IuMW6GHghu39kxA0oFx7Bxmj.jpg
13310,Let the Right One In,/4hezTKTuZMp0l2ufihKwPgLmfLg.jpg
406563,Insidious: The Last Key,/nb9fc9INMg8kQ8L7sE7XTNsZnUX.jpg
581734,Nomadland,/8Vc5EOUEIF1EUXuX9eLFf7BvN3P.jpg
9772,Air Force One,/juRFEbyx5JlNuYrZM50vcZmtN78.jpg
619,The Bodyguard,/2VgZW2ZD3pNoV2j8U2GXNRwOsk9.jpg
491418,Instant Family,/xYV1mODz99w7AjKDSQ7h2mzZhVe.jpg
249397,Nymphomaniac: Vol. II,/fYLbO4UpumgNHVnsyDQkXG87Q1k.jpg
968,Dog Day Afternoon,/3mYy8sLQWMS8tVHcac6T8sWHA6D.jpg
957,Spaceballs,/o624HTt93iIJIc1Sg5hNkDTnk5l.jpg
137094,Jack Ryan: Shadow Recruit,/m7HcLUodrD4lM4s0Hui1tzO2pjO.jpg
6537,The Orphanage,/vIpi1KtHLXUOfSVC2m6MqpjSPgL.jpg
41439,Saw 3D,/qHCZ6LjtmqWDfXXN28TlIC9OppK.jpg
60935,The Thing,/dmn2nVo8h7LMnk694JxCRIwK06p.jpg
149870,The Wind Rises,/jfwSexzlIzaOgxP9A8bTA6t8YYb.jpg
1656,The Legend of Zorro,/bSHWuFMXPEPdbk1zijnBkP4lgzR.jpg
27573,The Bounty Hunter,/fJPKar0jnAsS09l3xfP6LL8sUkX.jpg
551332,The Two Popes,/4d4mTSfDIFIbUbMLUfaKodvxYXA.jpg
9598,Babe,/zKuQMtnbVTz9DsOnOJmlW71v4qH.jpg
1542,Office Space,/v7fBXxHZ5WQn2PGgpXhTqHgtcJk.jpg
43949,Flipped,/6zDYFigohwncqFL00MKbFV01dWb.jpg
152742,The Best Offer,/yfbsINSfotAHaeWKJbfsVKSckvq.jpg
364689,Ferdinand,/rMm94JsRfcOPiPVsTRcBiiVBOhz.jpg
44040,Devil,/aivXPSi53H95BoUa5njEYso389s.jpg
406759,Moonfall,/odVv1sqVs0KxBXiA8bhIBlPgalx.jpg
43539,The Next Three Days,/wBaRZ3aHa7qoYTSY0ONbXrXYk4B.jpg
36643,The World Is Not Enough,/wCb2msgoZPK01WIqry24M4xsM73.jpg
5966,Along Came Polly,/ieTSn8YTsHoPK8GNf2J9eIkP5wo.jpg
10585,Child's Play,/7jrOhGtRh6YK7sMfvH1E1f36aVx.jpg
38117,Beastly,/uSAXWZsSD0pE4HYVUiDgusnEyyl.jpg
10202,Bedtime Stories,/d0w4anZCzZX74deeQ3PE1byyg97.jpg
35056,Date Night,/ucEWhj32KEDcFKHMWVeu8r1Q4ld.jpg
11906,Suspiria,/5ya8jTbNZTrCFUx9OwpNBjCivXY.jpg
429351,12 Strong,/j18021qCeRi3yUBtqd2UFj1c0RQ.jpg
169917,A Walk Among the Tombstones,/bQTHTZezSudf27mMQtedHf1XpgO.jpg
241554,Run All Night,/frzdzHceByAIlwVKvSvY9zqpjyV.jpg
605116,Project Power,/TnOeov4w0sTtV2gqICqIxVi74V.jpg
314095,The Lost City of Z,/dgDVkGFltTm1MCoFtlq91r7jwi9.jpg
13027,Eagle Eye,/9KCOv0hL37IN3tWG3j86eZg3xDH.jpg
69,Walk the Line,/p8lPTjvjOjTfvC1E9pmMwcF9vkn.jpg
943,Lethal Weapon 3,/8FnOudDHPOY7MFJnvQMR1qpuyek.jpg
1278,The Dreamers,/gBb7GGaFYPu7nEUYvC8G4LaJJN1.jpg
7214,Coach Carter,/y3HOTTyM5nLsdUzXFtFCohG28qj.jpg
205,Hotel Rwanda,/p3pHw85UMZPegfMZBA6dZ06yarm.jpg
438799,Overlord,/l76Rgp32z2UxjULApxGXAPpYdAP.jpg
421,The Life Aquatic with Steve Zissou,/qZoFLNBC78jzboWeDH6Ha0qavF2.jpg
1268,Mr. Bean's Holiday,/zbAlwsJNxfo4VfTy9peDo7itJ0I.jpg
11836,The SpongeBob SquarePants Movie,/gjZD811kfY1ideNuBukcuCy8ocA.jpg
25,Jarhead,/55WJCdayHwoXJwRv3prpqscHt2q.jpg
445651,The Darkest Minds,/8Mk1Z4RkxdsVAD2L2qcDho00zPo.jpg
429200,Good Time,/yE1c9hj5Hf8a9KplAdRdhADqUro.jpg
449443,Den of Thieves,/AfybH6GbGFw1F9bcETe2yu25mIE.jpg
2310,Beowulf,/7QsWYyJAV97N9jOh21pdRIqJeJq.jpg
4258,Scary Movie 5,/r2Jwo4Eoax0oOnsU5qcXv0ea0Q8.jpg
266647,Pan,/cjcrkPeQkrkEVYrd3lHWJbfBdrv.jpg
261392,American Ultra,/bi2MCDYvrZQPf1uXyvfVYPE57Mz.jpg
309809,The Little Prince,/je5Z7gbFTzrs3FPHINo9yGiHoVo.jpg
2756,The Abyss,/nCOdcQ4HrVBug0MsqvfVuMCijmx.jpg
841,Dune,/ngUaHgSZGkKy1Izwjk7qwZLOC5A.jpg
8068,Desperado,/e3gwpBeXpvGZsxUya9zNym5QXrw.jpg
4488,Friday the 13th,/HzrPn1gEHWixfMOvOehOTlHROo.jpg
11007,Cheaper by the Dozen,/afclGGoQslTYFTnyW1LRMtJMiBp.jpg
978,Seven Years in Tibet,/5euQXAgJ34TdUFl1t3O6Jw2lJAs.jpg
193893,Let's Be Cops,/pf4FoUr2phn5WyZjU7rLXSiW1Ve.jpg
26388,Buried,/splPNB0vAoNlb8l5WYxz2E3FK2G.jpg
15092,Crank: High Voltage,/tzTC4EEvF0OPL63frEiogxL2T8M.jpg
979,Irreversible,/yYk0GhFIKii1ZUgpEmV2vFV43Ah.jpg
440,Aliens vs Predator: Requiem,/jCyJN1vj8jqJJ0vNw4hDH2KlySO.jpg
1267,Meet the Robinsons,/naya0zF4kT401Sx15AtwB9vpcJr.jpg
531219,Roald Dahl's The Witches,/ht6EfsM5hrsUPSR4ReJQFDVU71F.jpg
501929,The Mitchells vs. the Machines,/mI2Di7HmskQQ34kz0iau6J1vr70.jpg
7220,The Punisher,/7rmA1HwYp2GKM85BL0cVwCaosGr.jpg
431693,Spies in Disguise,/30YacPAcxpNemhhwX0PVUl9pVA3.jpg
71859,We Need to Talk About Kevin,/auAmiRmbBQ5QIYGpWgcGBoBQY3b.jpg
36685,The Rocky Horror Picture Show,/3pyE6ZqDbuJi7zrNzzQzcKTWdmN.jpg
9801,Bridget Jones: The Edge of Reason,/42v82AwTnhaL1JkNcQK8PRAh46P.jpg
768,From Hell,/t2WpWM8nBO4sULXr2bDfNEt4qgr.jpg
516486,Greyhound,/kjMbDciooTbJPofVXgAoFjfX8Of.jpg
403119,47 Meters Down,/lMcsEOcd6crzfF0pjsGkO5Pq01t.jpg
975,Paths of Glory,/l2IY0gOHHmCWM90LjteFssxIV1G.jpg
353070,Going in Style,/4nfWsdsJfO5srRZgxiWC9xHub0W.jpg
103731,Mud,/cfxdtxSHUr5TuTsvjr0WY4zx4u0.jpg
220289,Coherence,/oWlgqzVPWMpA8QGB8eUQYXXYgr0.jpg
7512,Idiocracy,/rKsiNxKjhWEwndOgWPs273oy9EZ.jpg
51739,The Secret World of Arrietty,/xLkyM2Vt3yqlttnql02uXt0lemy.jpg
398181,You Were Never Really Here,/nx4lUyQNEzJowcF55VAP0TQEaX0.jpg
8054,The Imaginarium of Doctor Parnassus,/upndFOTMGp9w1uERIMrRDymmc63.jpg
76640,The Last Stand,/4PGpdWDQOjlsMcMIyTwI5Q9jPRJ.jpg
610150,Dragon Ball Super: Super Hero,/pi0iZOEHeA3ih4p1IwAG4x2DZNH.jpg
80271,LOL,/AlnBUoKzzPnczrzzxuh0SYwDa3Z.jpg
65057,The Descendants,/8cDq5UlOPYeKm39okALCEOsZPxk.jpg
49520,The Change-Up,/ki98MXBwD1qDhY3JhMdY16jJucv.jpg
4442,The Brothers Grimm,/v6J7QGCSrtvwvqAt6783BbO3h61.jpg
9355,Mad Max Beyond Thunderdome,/jJlxcEVVUHnrUeEkQ0077VeHQpb.jpg
339397,Café Society,/q9fohCRpQ7m8OTyi82fxa3B86te.jpg
8643,The Exorcism of Emily Rose,/qMN0HIP34f736kkQcfvTfmL9TP3.jpg
116711,Epic,/81cSsWzjTfR3cJSqnTiHwy1eyPK.jpg
3175,Barry Lyndon,/dOJtBSyI30wWc08UmyEKLsu4Rfk.jpg
265177,Mommy,/u5jbTMqze9U2nEhfFJmtDXxc89m.jpg
597208,Nightmare Alley,/680klE0dIreQQOyWKFgNnCAJtws.jpg
10734,Escape from Alcatraz,/uORr2GXQnyqgBOg6tVsRCJD2qxc.jpg
420814,Christopher Robin,/i6Ytex4d3CdfIKJFxB5v5vh24vb.jpg
1381,The Fountain,/kwh3mq2HNvf4AHAZSNyJsdVx0uJ.jpg
7484,Open Season,/w5Lctmkc1yah215Luxmci4djaiW.jpg
10999,Commando,/ollPAAAgZ7euU8VisfqU3cuXhZ6.jpg
5123,August Rush,/oA6ZeICPINiS6YtD5WZeBaGVmuT.jpg
452507,1922,/q4FQOiSRhTLWulHl5Vpg37FMArH.jpg
257091,Get Hard,/rJPbS2cYOYhDCjT5NmW1Fm6gFl3.jpg
3597,I Know What You Did Last Summer,/7OfTWTQEvPcwPrOdeLH0F3h6GRZ.jpg
1255,The Host,/dEDLY3KeghKFzks5nTDWdigVikr.jpg
210860,Mortdecai,/j7eKGD0n1zRVfKMX6M1kpfavby7.jpg
8413,Event Horizon,/6b5Kux470PpQkgBdRqE9WtUpYfE.jpg
2666,Dark City,/eudlRpBPNQQKezaHxEavNecvc1X.jpg
225565,That Awkward Moment,/6uOm6ryZg4GhYRPQZ2ID2TkTdpY.jpg
242512,Ouija,/gwjHlGjK2xXKpjd65BWyAMwzTWC.jpg
4513,30 Days of Night,/7LwSrvFA0gz1KAlcrGcinoQPene.jpg
394117,The Florida Project,/bnSTP1PY2fDyat0eUa4QouuGV7F.jpg
9767,The Break-Up,/yN3b4ElUOMA2lNcwAzr9TEBpmy.jpg
2044,The Lake House,/tHpc1118dYWLnHZleGhwZxRbpae.jpg
9470,Kung Fu Hustle,/exbyTbrvRUDKN2mcNEuVor4VFQW.jpg
74465,We Bought a Zoo,/vw4W2QgWuPWJXDA4N0V0MU1R0TI.jpg
11024,Scooby-Doo 2: Monsters Unleashed,/5BrXCJrs22bR5KR6mLHluYo6y4m.jpg
46838,Tucker and Dale vs. Evil,/8shwLEDzajJGSfLgbpac8x8xn1U.jpg
23437,A Nightmare on Elm Street,/t8YEQvPlvRAt9UamhwRC0zsLkCk.jpg
86829,Inside Llewyn Davis,/nNxK3pC3DMpPpWKMvo2p3liREVT.jpg
210479,Locke,/mZTMFDk5VRQuvkJaCFFAXFV65G6.jpg
9477,King Arthur,/5Mqmke8JKE7s8JeYNp7XtzxQXbL.jpg
52451,The Three Musketeers,/woCADkkDIIKrOMEokbFOEsAYtUa.jpg
1887,Marie Antoinette,/cybXGmv8Rjd5Os8Xml6YxMBQ0Zt.jpg
20048,Confessions of a Shopaholic,/6DH1iP06fcpjD7tppsTwcAyZfDR.jpg
976573,Elemental,/4Y1WNkd88JXmGfhtWR7dmDAo1T2.jpg
665,Ben-Hur,/m4WQ1dBIrEIHZNCoAjdpxwSKWyH.jpg
555604,Guillermo del Toro's Pinocchio,/vx1u0uwxdlhV2MUzj4VlcMB0N6m.jpg
10601,Peter Pan,/cN4Tb2WDhwJMlYLU9vKctunx4rg.jpg
9473,"South Park: Bigger, Longer & Uncut",/tS0PedvA2mFO9VCHYwQpaU1K36U.jpg
786,Almost Famous,/3rrkyLYbgLj84AYvjhdcJot4JPx.jpg
384677,Set It Up,/2HiCq8sPNRGjFaFCyKJh0607Hso.jpg
393457,Fences,/35N1U1qnFLDgWD2gcNgEKHtCBxV.jpg
5236,Kiss Kiss Bang Bang,/aWfjIkpENFX6Uw82pET7EQ6jnrd.jpg
9593,Last Action Hero,/yTfjHPqh7C7bkfMtEKx2mPdorQw.jpg
313922,Green Room,/evZicaR7nXe4LiD9G6QYTorcJGO.jpg
319,True Romance,/39lXk6ud6KiJgGbbWI2PUKS7y2.jpg
429300,Adrift,/5gLDeADaETvwQlQow5szlyuhLbj.jpg
271718,Trainwreck,/wrY629UTCUAKLJ4CxQXz6DCE7pr.jpg
712,Four Weddings and a Funeral,/qa72G2VS0bpxms6yo0tI9vsHm2e.jpg
459992,Long Shot,/m2ttWZ8rMRwIMT7zA48Jo6mTkDS.jpg
9705,Swordfish,/mM6h4jMqC4q5IaFgBIGKQDLnRU.jpg
228326,The Book of Life,/aotTZos5KswgCryEzx2rlOjFsm1.jpg
533,Wallace & Gromit: The Curse of the Were-Rabbit,/hKwtMF4LdEl9sozLCr8Ur4l499p.jpg
398173,The House That Jack Built,/bMUGNkPaHOurcBK9g3XpJx3fxuO.jpg
5,Four Rooms,/75aHn1NOYXh4M7L5shoeQ6NGykP.jpg
801,"Good Morning, Vietnam",/rcod81d34X1avhRIKBOQ4BsHtYZ.jpg
19,Metropolis,/pxbGZewX327IbTvrCVRJgcLJTSQ.jpg
8204,The Spiderwick Chronicles,/uN7MUMaCXfa8DbMMp61A8iXEcEG.jpg
9902,Wrong Turn,/12G5V0dTmljnv7RFMT144dJ2chh.jpg
239571,The Best of Me,/8QBWh2Iwf1iUfsu2NfCue2V1hpV.jpg
417384,Scary Stories to Tell in the Dark,/kNjEmQGBm9cYqTB03r6yECozQyW.jpg
601666,I Care a Lot,/gKnhEsjNefpKnUdAkn7INzIFLSu.jpg
594767,Shazam! Fury of the Gods,/A3ZbZsmsvNGdprRi2lKgGEeVLEH.jpg
308369,Me and Earl and the Dying Girl,/eLjS2bLMjln2n2I73Xu6TaANPDZ.jpg
10637,Remember the Titans,/825ohvC4wZ3gCuncCaqkWeQnK8h.jpg
49527,Man on a Ledge,/fn75crX6sRcKRc7lhuqKTenppQE.jpg
9336,Police Academy,/m5a1U549gokC1kxsqgQoRb6XpFg.jpg
484641,Anna,/2U0oAVAE0lDRhNmJPPYhDW9kQ8t.jpg
9373,The Texas Chainsaw Massacre,/qJ9Cw1J4EmhBApoue4qlhqVrCZ7.jpg
9539,Martyrs,/2PmVlnPVG8tGXqC85YiHzL0jX40.jpg
388399,Patriots Day,/mIDxsJTrOC7NhgOo3GziiHyKfsQ.jpg
8874,My Best Friend's Wedding,/b5g4bp8gS5ovMyR5439AII6zQ3n.jpg
565426,To All the Boys: P.S. I Still Love You,/maib5VlmEqp5xlN8lptnBSftp2o.jpg
9614,Happy Gilmore,/4RnCeRzvI1xk5tuNWjpDKzSnJDk.jpg
600583,The Power of the Dog,/kEy48iCzGnp0ao1cZbNeWR6yIhC.jpg
227719,Project Almanac,/r59tzuqi6AoxRKdPHzg3ZBke7aA.jpg
55787,Water for Elephants,/yJ8kiGDA2FDdiy8hhlM1su10OCH.jpg
399360,Alpha,/afdZAIcAQscziqVtsEoh2PwsYTW.jpg
364433,They Call Me Jeeg,/zvJPbyWflWHbHMHSdue1n4N69tC.jpg
49517,Tinker Tailor Soldier Spy,/bsL9UZPCmQKgl88wXwMulKuw9Jh.jpg
944,Lethal Weapon 4,/w8qaZ1OuBuI2NhySynW0n4kHWgT.jpg
1580,Rope,/gr2HoDd05E5F0b8KDXf0hGbYvUr.jpg
379149,The Foreigner,/rwM4hzrmc5HiWfQD9ls9DL4QgGl.jpg
22894,Legion,/ykocDqwg5PRUopnBVb1x1DWnEJF.jpg
505600,Booksmart,/micaVOa1UZsdzs4fKGA67ZMGOzc.jpg
321741,Concussion,/gseayWAIFt3GQrEUNuUcYxT77Ud.jpg
9315,Flightplan,/oNjZFzbe7PfF3TxztNHDkinOPyB.jpg
37958,Immortals,/swJ3VuuSMJUDoi899VuXG5OqmPG.jpg
306947,The Invitation,/4gxZW8AHg9kIOh5BgaSrq5gO1KB.jpg
1574,Chicago,/v1Sg3GuHDz9uhrKqYozOeCMLSpj.jpg
14564,Rings,/yp4CDOVpVmNwiPoZKQeFCpW8CFo.jpg
610253,Halloween Kills,/4CclCDyQXBBgz62Qtp3CoflQE5g.jpg
62835,Colombiana,/rEdGDgRB3gducezNSIyx2lbKQy4.jpg
407436,Mowgli: Legend of the Jungle,/clRnzMsFoMIdC7I5JsG6dnnHH8l.jpg
395990,Death Wish,/g0eEEZAqMf98ULQnoiORuazjOpn.jpg
696374,Gabriel's Inferno,/oyG9TL7FcRP4EZ9Vid6uKzwdndz.jpg
595,To Kill a Mockingbird,/gZycFUMLx2110dzK3nBNai7gfpM.jpg
13207,Friday the 13th,/88wlJ4teYlck4hJ2bnlxBrAVh0m.jpg
612,Munich,/iUekaw96QLInZpsNwRTlRKrZgwm.jpg
68737,Seventh Son,/7Q8DfXSjcFSSQDOxz1Sk865wNqI.jpg
438650,Cold Pursuit,/hXgmWPd1SuujRZ4QnKLzrj79PAw.jpg
17609,Antichrist,/7dZolgPm00vOd7RxWOMf94pA67J.jpg
9374,Death Becomes Her,/vSPkbcDvXT5LKdc2rzZjxqWAPLm.jpg
9279,Jingle All the Way,/lHLOUt0ZIQLC5asHdIQBoTUvaEp.jpg
12144,The Land Before Time,/vP2cDLZyj8mlu97m1N3q9nxNrRS.jpg
882598,Smile,/aPqcQwu4VGEewPhagWNncDbJ9Xp.jpg
2976,Hairspray,/g1yQLFeAo7ZNdCPY1F7yytnn2UP.jpg
2652,Hard Candy,/uHTmlcivbPeclEdmtuQg3zOQWPS.jpg
8009,Highlander,/8Z8dptJEypuLoOQro1WugD855YE.jpg
109443,Anchorman 2: The Legend Continues,/55volAzeebtFzyrx7DJkegvw8Ta.jpg
192141,No Escape,/6WLnzTG4Hz3lFvfZGSsyB8NFGgM.jpg
419680,Daddy's Home 2,/rF2IoKL0IFmumEXQFUuB8LajTYP.jpg
505948,I Am Mother,/b3jWxwWRFqvNDJTvBcmKJVHnzKK.jpg
316023,Mike and Dave Need Wedding Dates,/rK0UwpiE3PSdGahfDZLCummxMwd.jpg
638,Lost Highway,/5POhfNeFPIi4VUNwCTaK85sh98r.jpg
58244,Upside Down,/9hKKjXqrTW73Ob4wPJooNuhVpBg.jpg
539885,Ava,/qzA87Wf4jo1h8JMk9GilyIYvwsA.jpg
521,Dial M for Murder,/2gDCAgl2iBQNuJuk6p2xtuS1ewg.jpg
9277,The Sting,/4VdQopZb0lx13Me3yxE5rUXMGCI.jpg
55,Amores Perros,/vV4vlD4ool5JSsS1rB82qjCF6z8.jpg
46738,Incendies,/dGrSn4SsuC2EMfF7qqq491ukcU.jpg
843,In the Mood for Love,/iYypPT4bhqXfq1b6EnmxvRt6b2Y.jpg
493529,Dungeons & Dragons: Honor Among Thieves,/gkiHVcE4ae3BSl1x0K3qaJzpybz.jpg
77174,ParaNorman,/9DZPtuYTKYxt6vzHvZ5FLThG4fl.jpg
449562,The Hustle,/qZniBGQRESLIfxw6GeZLZ2G1osa.jpg
4476,Legends of the Fall,/t1KPGlW0UGd0m515LPQmk2F4nu1.jpg
599,Sunset Boulevard,/sC4Dpmn87oz9AuxZ15Lmip0Ftgr.jpg
6466,Freddy vs. Jason,/ffoBCQ7y63Tvo48HsJqr1XOiqiV.jpg
365942,The Space Between Us,/lRBl9mfvUbZeaAyXoP09XwPOo0W.jpg
171274,Inherent Vice,/hyan5Uc0lGpPuad94DM1pLxneiP.jpg
567748,The Guilty,/m8aR1k35oZMOzZ1kYWUyt401mwq.jpg
744275,After We Fell,/dU4HfnTEJDf9KvxGS9hgO7BVeju.jpg
9383,Hollow Man,/nAasMJGaytKKsMGbrXJr0g8OufK.jpg
535581,The Dead Don't Die,/ndvOjo7Nfk8ULnFLMXthPzhI62L.jpg
9257,S.W.A.T.,/bon63yPVIgUFLP2653Dg9GCOJLJ.jpg
26466,Triangle,/qdqAewwUsKO1x2p9rAkAOBlXeiF.jpg
115782,Jobs,/mOyZ0UAWaOJartFq2G3Cv0soFtQ.jpg
25376,The Secret in Their Eyes,/dkeAwfZzwL3WvToydE3CXiY80E0.jpg
8584,Shanghai Noon,/b0WwWRcDiDahkah5vZ0KjB4N9ZZ.jpg
83899,You're Next,/fuVVOSyXW4kFiK6M5zLsDMIjTa1.jpg
11319,The Rescuers,/49rGpB2x6AFB83SC4IBl9foRIGp.jpg
228970,Wild,/ohhWI4Xwf4m4HjbQiIkyAhLekUy.jpg
10567,Dinosaur,/rSje3FS7ycJSglowlngjsvDt7vO.jpg
928,Gremlins 2: The New Batch,/jN7yvxnIHRozhq2mzWZDE5GPRc0.jpg
713704,Evil Dead Rise,/5ik4ATKmNtmJU6AYD0bLm56BCVM.jpg
9352,EuroTrip,/9t1e0Mova7eyV3OpRC6nT4y6hHH.jpg
14560,Paul Blart: Mall Cop,/A4zZv0Q1VKURFZFEl2vwjaE2q0g.jpg
18533,Bronson,/o5JaAtcvjRJz3utEaptk0L77FjM.jpg
1832,Dogma,/xI5beD8Td79E2uZNAxgd1gWWOEd.jpg
587807,Tom & Jerry,/8XZI9QZ7Pm3fVkigWJPbrXCMzjq.jpg
339877,Loving Vincent,/56sq57kDm7XgyXBYrgJLumo0Jac.jpg
10204,Around the World in 80 Days,/bBiMw6Jtg8tSTcEq8jFV7qk9TRW.jpg
335796,Ouija: Origin of Evil,/cAZk4y7JZswALX6nTf5KXNjPMUE.jpg
24420,The Time Traveler's Wife,/J3ewuzQwhFro0pDpdcbZ4j7MYy.jpg
361292,Suspiria,/dzWTnkert9EoiPWldWJ15dnfAFl.jpg
292011,Richard Jewell,/5Lgkm8jt4roAFPZQ52fKMhVmDaZ.jpg
5925,The Great Escape,/gBH4H8UMFxl139HaLz6lRuvsel8.jpg
8265,Welcome to the Sticks,/cnUkc60SkI1PCY1SyfLFpZc0T7C.jpg
740985,Borat Subsequent Moviefilm,/3L1Ml5RWjFVfVq3rQENvgFymT0U.jpg
459151,The Boss Baby: Family Business,/kv2Qk9MKFFQo4WQPaYta599HkJP.jpg
4512,The Assassination of Jesse James by the Coward Robert Ford,/2d1S6fJS80fvseg6mJE8eq5o7Kx.jpg
38167,Eat Pray Love,/9Hgiv1UEIjc8VwtOmFBCFzMs0er.jpg
9360,Anaconda,/33NysOnLpLZY0ewHTcfpalzAsRG.jpg
11005,Awakenings,/9gztZXuHLG6AJ0fgqGd7Q43cWRI.jpg
463272,Johnny English Strikes Again,/tCBxnZwLiY1BOKw3tH6AxHZdqPh.jpg
2292,Clerks,/zeFhNF0SXlYIvWXpaOLuXVQ3jB4.jpg
951,Kindergarten Cop,/nKnHWwkXyvhzCYWm3FyRAv3qBrl.jpg
88794,J. Edgar,/hWHFPhGvCvfHbZCxJSR3n6GsXIf.jpg
502033,Sound of Metal,/3178oOJKKPDeQ2legWQvMPpllv.jpg
10316,The Ides of March,/w8t4UnJnC24S9ygoaFgmMzRbErd.jpg
9408,Surf's Up,/tTDsCVlDA8QR4Dc6t6nERfwl5z.jpg
23048,Hot Tub Time Machine,/wjzbVXAes1acbh6k4OO5xVfy5.jpg
41436,Paranormal Activity 2,/gfdrkBZAyUUXJJ2iLQe03SAYRD3.jpg
77987,Only God Forgives,/84HR8v3vtz91vTouBX3H5eEWJvP.jpg
304410,The Bélier Family,/kAQeZUZ1pMTSjSF3d6eBZClFGgN.jpg
49797,I Saw the Devil,/zp5NrmYp80axIGiEiYPmm1CW6uH.jpg
282984,Irrational Man,/ipAqhEWRzEuD6aXlAWIvEEF1KUe.jpg
522162,Midway,/hj8pyoNnynGeJTAbl7jcLZO8Uhx.jpg
23047,Season of the Witch,/6jyHkHpNwy8qjxhc5vJsmqVCl3J.jpg
11545,Rushmore,/hSJ6swahAuZ8wM96lHDTwQPXUvZ.jpg
888,The Flintstones,/ocsb0qiGlcn6UlcDRHa3xxSCc8Y.jpg
1645,A Time to Kill,/apUSR9WE7lMATBGYhzZ8RnPDYsK.jpg
9003,Hellraiser,/nnYHvA2tSVdtr8KxIy8F6YndCOy.jpg
9387,Conan the Barbarian,/qw2A587Ee61IwcSOLNFRhuOACZZ.jpg
482373,Don't Breathe 2,/r7HEBkkRN93d3eFBZgPJfRaob5p.jpg
539537,Fantasy Island,/8ZMrZGGW65ePWIgRn1260nA1uUm.jpg
416477,The Big Sick,/qquEFkFbQX1i8Bal260EgGCnZ0f.jpg
615777,Babylon,/wjOHjWCUE0YzDiEzKv8AfqHj3ir.jpg
2757,Adaptation.,/ffEmHQAiD0m5dEQ6rlsuA9vlllW.jpg
567189,Tom Clancy's Without Remorse,/6GCOpT8QcNzup09TAMmvvk22LTR.jpg
451915,Beautiful Boy,/u2Gfv0mz3xePsgyCPHovrnFL1sB.jpg
546121,Run,/ilHG4EayOVoYeKqslspY3pR4wzC.jpg
292431,Love,/21UExtLnYmeH6sAxD4zdlrb5PG6.jpg
568091,Fractured,/paZNRffT3kUckuRFKbeDBuX1YcZ.jpg
760104,X,/woTQx9Q4b8aO13jR9dsj8C9JESy.jpg
72387,Safe,/kOCpkoMUVae9UIf85gO71SyjLbW.jpg
9947,Elektra,/9Azi1GBNj3gPPwmQWAMcATg7JOl.jpg
10996,Stuart Little 2,/iloXmNMrOtZoKfbTkHoBLXtpYNz.jpg
480414,The Curse of La Llorona,/jhZlXSnFUpNiLAek9EkPrtLEWQI.jpg
8914,Deep Blue Sea,/fyn0zyCI4kIlbDoHH0Hzv09hDC5.jpg
2330,Taxi,/egBxj3ude84theXc3cLbBHrWOkQ.jpg
8390,"Definitely, Maybe",/2b70ZgWRhEibCHppQkb9tTxahGr.jpg
16690,Return to Never Land,/wB3r2b8sxUZspqNyr8copMlt7se.jpg
542178,The French Dispatch,/6JXR3KJH5roiBCjWFt09xfgxHZc.jpg
5528,The Chorus,/zsWq5fa4Db7im4a3QnkoOns6782.jpg
134411,Snitch,/unjVtbWDWIQvVUeiPUTzyykQiVF.jpg
1281,Bean,/IwrDPrB4d2DMcpnGkvan46yINL.jpg
38745,Gulliver's Travels,/gUjwaVuEpRYL2DQJYtWsy9IQXrd.jpg
602223,The Forever Purge,/lB068qa6bQ0QKYKyC2xnYGvYjl7.jpg
325348,Hardcore Henry,/ik1uZyiMSxF9HqrgRKUNfMCfr3z.jpg
7552,Fun with Dick and Jane,/1NBVGBi8Z6MhJBAJ5SuRMqP7o3T.jpg
338,"Good Bye, Lenin!",/2QlsdRwkug30lw6DAWG8pxmMuFQ.jpg
43923,It's Kind of a Funny Story,/hQE4q8Szeaae4davgB7o8MTLmwr.jpg
984,Dirty Harry,/4PFF5FImrRQjeAuOP8NsCqUCEe5.jpg
705861,Hustle,/xWic7kPq13oRxYjbGLApXCnc7pz.jpg
433310,When We First Met,/u5VJ1XmPRUWNz9l0mP2rHmkUuvQ.jpg
18501,Gamer,/rfQtqLHeisaQ4HlYtNremtUl9oP.jpg
553,Dogville,/lraVawavIXh5geMlVjpzCw9TGwR.jpg
376866,Jackie,/nF9N33PfhizMEzbfxHoxXBo2vx9.jpg
82703,Mr. Peabody & Sherman,/c6kZC5pvwNIRSxiLL2JFGGc46He.jpg
112949,Safe Haven,/2CbJ3HTb6SFbMeguYH52UQSHOwY.jpg
10665,The Strangers,/9zsA2xafNMA8BQmpQLdppLIGYAE.jpg
10358,Zack and Miri Make a Porno,/40qxr2p2s297Q1mWFJOsRatQPK0.jpg
985,Eraserhead,/mxveW3mGVc0DzLdOmtkZsgd7c3B.jpg
531428,Portrait of a Lady on Fire,/2LquGwEhbg3soxSCs9VNyh5VJd9.jpg
290512,The Mountain Between Us,/3XNfYTW4XGscI81nXMSWGsQ8cpu.jpg
476299,Ghostland,/rMOEWekwTpsqsdsz1k8HobBNFPq.jpg
8374,The Boondock Saints,/gj3V39yiGPH1FAylXxzzVneflxA.jpg
63492,What's Your Number?,/e2PcyjS9oBaMR7rV2DUJ1yY1gKX.jpg
9482,Judge Dredd,/cfSnKn8NDU3m8UxihjVcYprA0Aq.jpg
8470,John Q,/xEE91LvXiqgs7Hmdl44LCzHtFf6.jpg
9894,The Cable Guy,/yyVUQJboripIpoabFU3SkghvnLu.jpg
9574,Flubber,/bnKvk04icAyCO1KjqhsaEXBO9aJ.jpg
460458,Resident Evil: Welcome to Raccoon City,/bArhvjRHl535XMaSh9VjInF2mSZ.jpg
12242,Mulan II,/8cUIHYXpDFYX6r5ZviQuRKCVLJ2.jpg
10494,Perfect Blue,/bee6ZQVaSAUhlBinsP9In8x8vO1.jpg
10331,Night of the Living Dead,/iLgyayS7fl6FrWDq7htq8K13WuI.jpg
228165,The SpongeBob Movie: Sponge Out of Water,/2WDmjUlSAPlA27i2OwEC7sRTFw3.jpg
301351,We Are Your Friends,/k8SfiPoh3zUkDpHOT22ATegS2FU.jpg
9645,Ghost Ship,/o8xH46GiXAFmeFKpIstXJ5FqAL1.jpg
167,K-PAX,/zHkZBcZvB89CblAY6wViAK9Sryf.jpg
418078,It Comes at Night,/rNKJpFMlOZn5zkzBPZxEJrQn5Km.jpg
829280,Enola Holmes 2,/tegBpjM5ODoYoM1NjaiHVLEA0QM.jpg
13597,Labyrinth,/q2GimbyqxCeLkRfSMajtaHdwWg9.jpg
581392,Peninsula,/eeqvAzCccAZOhU3RfbvHB3s44S6.jpg
149509,Horns,/tjTy6W05mPXXw87IqpjeGNhIcM4.jpg
8328,Step Up 2: The Streets,/7YGUxMoQIysZCRMk3r1sza0EX4t.jpg
19898,Pandorum,/tgnKTUsKJ6kM0oqiLmPNePgQ8Sw.jpg
9007,Just Like Heaven,/jr4gWIZhJ16wEGrh5cddfEvnKGh.jpg
602269,The Little Things,/tLO1aD1ghdtVMT32z2sRmzgYKYd.jpg
12556,Ghosts of Girlfriends Past,/yNn5NjNQF8m7w05Jqk2kEW2XOfU.jpg
277217,Descendants,/65DkgHPSLVjgr6IYkpY9Aqqqid5.jpg
132344,Before Midnight,/qbGKJmNUroDz75kh5Oafoall89e.jpg
332210,Storks,/ylXKcKrEHSQEYLntBvYxGBI7Ld3.jpg
1429,25th Hour,/uW7tTRElr2tRhmAVESzvHy4ByXg.jpg
20453,3 Idiots,/66A9MqXOyVFCssoloscw79z8Tew.jpg
7347,Elite Squad,/lwIXz785N2fXi8hsBr1IXciFlkM.jpg
13363,The Man from Earth,/V086R82gNgWrotaXZFO4JhdgB1.jpg
96,Beverly Hills Cop II,/egDakU8O5yUwpUJP9IMAUVtIDll.jpg
8923,Green Street Hooligans,/tfLj69EoP1b8ZWfLyg5FGJ5LC38.jpg
447277,The Little Mermaid,/ym1dxyOk4jFcSl4Q2zmRrA5BEEN.jpg
400710,Flatliners,/e9NHATN0TJW6ZZPLLWFsKdilVl1.jpg
87818,Movie 43,/uYa06GxHsCsELx9vOQ11vsT0Aa6.jpg
8456,Never Back Down,/8oRUTyP1QAtGDMvRpKZyuyFPG0U.jpg
5156,Bicycle Thieves,/iPdVqIpmR3bRvOQJPrn4pr2KR3q.jpg
696,Manhattan,/k4eT3EvfxW1L9Wmt04UqJqCvCR6.jpg
96724,Anna Karenina,/2DvjkCbmlg8sbBHZKUZvYPgsT5V.jpg
1607,A Bronx Tale,/sDbO6LmLYtyqAoFTPpRcMgPSCEO.jpg
379170,Sherlock: The Abominable Bride,/hibE8cyZs2Bm0o4WaWd1pppvjO2.jpg
401469,Widows,/d31SGJSaX29ba5ZUbZcesGoDE7I.jpg
41216,Legend of the Guardians: The Owls of Ga'Hoole,/zKY2nJPozrItOsSCkjgY7QPkLrE.jpg
80035,The Watch,/gwfgYA9wGpV4QLB0LrcexwfwC19.jpg
549053,Last Christmas,/kDEjffiKgjuGo2DRzsqfjvW0CQh.jpg
2082,Halloween,/cD8JrfSEI4j7WVnKM1GdiYzMoUh.jpg
3563,I Now Pronounce You Chuck & Larry,/6wjJ9EnNw4cmTSZYgnao7RpI3X.jpg
9494,Look Who's Talking,/k60x5YEOox9P9vWITSHFSkLGecN.jpg
267193,Grimsby,/r2luFFC9ZkJFmS11E8d07RsHm3r.jpg
9350,Cliffhanger,/b28DOM54OHb1c7Lsk6Nu7Kwuonj.jpg
243688,Poltergeist,/A1ymtbzatZp94Z49ZOBb8JGXOBB.jpg
814,An American Werewolf in London,/irEKwh8006t02o41Xw7G5tIUF3r.jpg
8195,Ronin,/AirrhRJjHwytOV0pdLu7YZ4DEyr.jpg
87492,Foxcatcher,/w6Sl079QtUcQ9dVQ2RP6aN9NBXx.jpg
6972,Australia,/tFQpccGMTWe24eWxK5U9rb7tK3M.jpg
180299,The Raid 2,/olA39iaXISiKEkACdELgr0ZRvIF.jpg
257088,Point Break,/z7JOvw5Lqs9ezoFTJxmz3nx3av2.jpg
9600,Big Momma's House,/5YoSFqpTz5qIxsX61CPMGKONQIY.jpg
11459,Sky High,/oK54M9VKOCLR1u0j26ttRix0G18.jpg
428449,A Ghost Story,/rp5JPIyZi9sMob15l46zNQLe5cO.jpg
481084,The Addams Family,/q1epO0eO8DWu8Vo8tPfvVlzW48T.jpg
858,Sleepless in Seattle,/iLWsLVrfkFvOXOG9PbUAYg7AK3E.jpg
11451,Herbie Fully Loaded,/7lTfTZ8CDfXw09eAv3OOvsbCVgs.jpg
762975,Purple Hearts,/4JyNWkryifWbWXJyxcWh3pVya6N.jpg
11199,Wild Hogs,/qYyPCZcpNGZwbyBo1gwdCiW5hHC.jpg
12159,What Dreams May Come,/2gUfJKfJ6LwdqQebiAWuNzIWyp9.jpg
9384,Starsky & Hutch,/vQyiv52WwFWzOhTeNEMOGynuiAL.jpg
465136,Every Day,/4UnME3icxSspwL0UoGZNSyyp7Xs.jpg
522,Ed Wood,/n8SrO3WbyuY2b6KazogqbQF348C.jpg
42188,Never Let Me Go,/8F0r5ng9Fp60OhzQfR5v33fppq.jpg
369557,Sing Street,/sUWpVlrvzU2SJbnVZqIeKulPKwk.jpg
13455,Push,/fHStfRjQGstuqtUz4Q22lbFU58M.jpg
504,Monster,/aevmNtJCNG4ZlfEeEGZ79frMUes.jpg
783,Gandhi,/rOXftt7SluxskrFrvU7qFJa5zeN.jpg
42297,Burlesque,/3U9zBIibERQZqYKM3N1a4MYgBsN.jpg
581600,Spenser Confidential,/fePczipv6ZzDO2uoww4vTAu2Sq3.jpg
10320,The Ring Two,/8Mnthy6ymdKHVwVw5gJB7RtaO1F.jpg
10950,I Am Sam,/wSgAn3zhgwuTOhhvvqcdxVqTLts.jpg
446791,All the Money in the World,/q6nE9Hf0ezszjI4DbCxwzQ73MMy.jpg
168530,Ride Along,/ihKj5zsdkbm8FQ0IsOpAaaqPGX7.jpg
9757,Norbit,/adBqvVwyzHgDzZJnNCqe8RWImxV.jpg
384680,Hostiles,/rqoezyB51GfhiloOB5ZErg5HXas.jpg
4970,Gothika,/frSGNQcWx1ek8dCduFYCux1ho7n.jpg
556803,The Princess Switch,/A8XgZE8CsHiYN243MEd07GLCep.jpg
346648,Paddington 2,/1OJ9vkD5xPt3skC6KguyXAgagRZ.jpg
1262,Stranger Than Fiction,/nCzcepubwShvZ4vbCsygQNgF2Z1.jpg
372343,The Snowman,/mKsQ8KMOk0VBX26Ev0Lj6EmfGJu.jpg
110420,Wolf Children,/nqqovhsvsWbsb7LcGaIGDRZrwgB.jpg
412656,Chaos Walking,/xAYGdGBGptNkisXRpmhZSry6SPF.jpg
865,The Running Man,/GTAUOhO4BN0peJVvxGEQydJvUO.jpg
28355,Case 39,/b16EjFeHd2AwoYXWUne7DA346pU.jpg
273895,Selma,/wq4lhMc4BuOyQqe1ZGzhxLyy3Uk.jpg
329833,Zoolander 2,/n8AJzALlTPBwe9Tkv3tdxbiAr9i.jpg
454992,The Spy Who Dumped Me,/tpPERI5i6yjT73jYWyZ9iWltQ9L.jpg
5825,National Lampoon's Christmas Vacation,/gL8ZDtAy8vO95aAnv1H5CR4CGMA.jpg
10376,The Legend of 1900,/iOcbJ5pxokOPDRgieVDbsFMrCc6.jpg
8051,Punch-Drunk Love,/vT2CXIsVKoGl0DZ8USwLWzEFznI.jpg
294272,Pete's Dragon,/A9x4Ogk8KUXTfU649NS6lS9TCmu.jpg
674324,The Banshees of Inisherin,/4yFG6cSPaCaPhyJ1vtGOtMD1lgh.jpg
8848,The Bank Job,/ayrGDJDsSBczjztGUWKqmzL97xg.jpg
86825,Stoker,/o0giW5oasaef5m9sgBuq0C7IkIa.jpg
11011,Ri¢hie Ri¢h,/qgGh5d0IHAZRlHIdFS3XWVygumR.jpg
660,Thunderball,/kQdyq96yvqrPCkLdaiucsE92neO.jpg
614917,King Richard,/vjpMd1dsEsVBoUhq6iVHXwwFj9n.jpg
475303,A Rainy Day in New York,/z4A6mFOLTMZAhCSPRyrtzG0SPbd.jpg
6038,Shanghai Knights,/vVNQStMlZS9mn2AKBEpadRunHgt.jpg
9567,Tears of the Sun,/fUnSSQukwTwBSdCbufEE36petLq.jpg
9312,Mortal Kombat,/fcK7tzSSXMYiMN8E9KlZJL1BYyp.jpg
38321,Priest,/btNni3pWy3LTmckilBPxs3r8zDP.jpg
8536,Superman II,/jw0tYFCbzjBN8SIhvRC2kdh7pzh.jpg
339527,Solace,/pbcXpZgem8kgr90RwIUNAbC2ite.jpg
11978,Men of Honor,/wNUAnXV1mzOOfvnVBIYsalkk078.jpg
97,Tron,/zwSFEczP7AzqugAHHIX3zHniT0t.jpg
2022,Mr. Deeds,/rtUGG5gfpsF3uI52pgkzwsSfVlB.jpg
37821,Killers,/9VB8vGV4Aznf6GUc9C7a1EzGHLz.jpg
4977,Paprika,/bLUUr474Go1DfeN1HLjE3rnZXBq.jpg
457335,Guns Akimbo,/2kNnf7BwRCEm4bcFkdiE0T4U25s.jpg
37472,Ip Man 2,/yB5v6wRhIoZxlDvCFFCQhUNezDY.jpg
422,8½,/60rbYRidGzWjb6cjZ2elIiztvpp.jpg
318121,The Fundamentals of Caring,/zZ0eda1GyHILNSoq9KF5u0hcq6O.jpg
37950,Charlie St. Cloud,/r4XSrs6N086EU8CNm339dHRPhZg.jpg
245,About a Boy,/qoZ1bD0q9EFqcNiEYbEigsRcNCt.jpg
43947,I Spit on Your Grave,/4VZ9eqel8Fsp54KMnesr3xIc67N.jpg
6950,Outbreak,/dxr5NoaIALZThSYeeaJKlMGCZlY.jpg
2135,The Time Machine,/9QB6wIc6XOtoi02uUCLSvY0onSL.jpg
6278,Reign of Fire,/vZVXCj3jXzIPJUHLaQohzt2uTM3.jpg
14001,Dead Silence,/3Vylbn3WGTELocsq36V8NEyD3WM.jpg
483184,Dogman,/eaZq1G8sJHv9f9a5IzioQlS3REX.jpg
2133,The Perfect Storm,/aOYHJclz1yZdFT3hdMY8TeYU4fk.jpg
77931,The Smurfs 2,/8cfGugUrTThWdrNRqpCTz2mXPBD.jpg
37707,Splice,/4oqaWnO3dKYAt3vZWAD4oLfOXOC.jpg
9493,Twins,/stJx9BQZbXrZnTGf9Erc7d2UMVc.jpg
84199,The First Time,/tG6jUndWd9FRuvI4j5Z2bhTuq0V.jpg
8814,Doom,/y50lH061yWOvEstoZRn7lYs0huk.jpg
522212,Just Mercy,/4YJNp1cquIkX8JxFwkKNEFQ9tgr.jpg
68727,Trance,/3MVYuyVknNA9yC0Gy6z3zDAiWfX.jpg
10313,The Men Who Stare at Goats,/5boJKypPQmgABssbKOk2RvsCnSv.jpg
12279,Spy Kids 3-D: Game Over,/oP53PyexPlQd1xDt8kkvX5LdQdT.jpg
615656,Meg 2: The Trench,/4m1Au3YkjqsxF8iwQy0fPYSxE0h.jpg
79,Hero,/1NBtOH3KPU9UUp1vzVHJ8qzdW88.jpg
8202,Æon Flux,/5958Nt4QX6aRSUdQnvNw8wqjTJQ.jpg
72571,Paranormal Activity 3,/9nYranPiWdNmbD5PRPPSL7VUFTS.jpg
11439,The Ghost Writer,/rK7m2Ba0ieXa37NaAmrx4dfRvvM.jpg
58431,Pride and Prejudice and Zombies,/jsJlOhVHiz1xXr36616EI8tJ4b2.jpg
10139,Milk,/ot4ImF4b7QbS6XsTdMH3pWxNmX2.jpg
502416,Ma,/6n7ASmQ1wY2cxTubFFGlcvPpyk7.jpg
12102,Kramer vs. Kramer,/6IVQjDTbr7pXx2AR8jovbYwpyiF.jpg
484718,Coming 2 America,/nWBPLkqNApY5pgrJFMiI9joSI30.jpg
9397,Evolution,/dwIrP544LxJtXToLpzkEa08pIMm.jpg
347375,Mile 22,/2L8ehd95eSW9x7KINYtZmRkAlrZ.jpg
591273,Fear Street: 1994,/9J9Wy39ZjrVmfk7yMkulpcI5sy0.jpg
8872,Wayne's World,/nhQtlLVl2z5ywu2uDnXjVqi08On.jpg
473,Pi,/dET9ULtaMJEUnfylQE1n5LC9gr7.jpg
22972,Green Zone,/czFIaeukSxNEccysQeys1PCkuOG.jpg
1248,Hannibal Rising,/7FTDMQoac0uqJUquZk4KenDzLMZ.jpg
10065,The Amityville Horror,/4D246dpe7yy2GvHI2IbpeqkUXry.jpg
374416,Where Am I Going?,/oJ9w9tHdkLOs2hTJ4SAsBC0Bqtg.jpg
284,The Apartment,/hhSRt1KKfRT0yEhEtRW3qp31JFU.jpg
483906,Polar,/qOBEpKVLl8Q9CZScbOcRRVISezV.jpg
399019,The Beguiled,/uQxfqFAqAvNK5b1wD11b2ycDAVg.jpg
262,The King of Comedy,/3BM78deUfeZfShqPTblZuamgC8a.jpg
625568,Unhinged,/6WC3cIhuaLZSq3SbtdOp2ZTSTe.jpg
82525,Savages,/a5h5FvryxiALwfv3FzgUKxJHHPG.jpg
89492,This Is 40,/mzUuOIFoVkRTHACRb58vm6mkbBN.jpg
10867,Malena,/3OyQTl0IGkbnjDxd3MhztfPE34g.jpg
104,Run Lola Run,/v0giIi4bTILVhNhJajet3WWY3FA.jpg
463821,The House with a Clock in Its Walls,/qM66Hv4ByAxnilr0jaqCA9uOD4Y.jpg
1646,Freedom Writers,/81AdeUQT99N0xPg3j6RVh0YGOTk.jpg
55301,Alvin and the Chipmunks: Chipwrecked,/npOXWVoZyl8UrF2wtByHtfmsWSX.jpg
152603,Only Lovers Left Alive,/kffoWJ7FfPRlFFBGixOMbq3blQp.jpg
9488,Spy Kids 2: The Island of Lost Dreams,/z8pfWCk6SlxxDLXXQdUHdxF5dwJ.jpg
16614,Adventureland,/eeSJNAR1aWcgANq26KWIHm3cbyB.jpg
43593,Piranha 3D,/9651UNV3Mj45IOYCD9vlxFpYiw0.jpg
62838,New Year's Eve,/nNh8PDzkx4dUdNYtlzAiprpNs5e.jpg
13655,Camp Rock,/7IXMqZnwccogptThay3togKIFWw.jpg
619778,Malignant,/dGv2BWjzwAz6LB8a8JeRIZL8hSz.jpg
192102,3 Days to Kill,/xhSoCoiMAXa4rOM7KhFSOs3gbh7.jpg
137093,Last Vegas,/9Aht200Eu2jYiE9cEQdFfNDtHl6.jpg
11770,Shaolin Soccer,/kVpq68NxChzynK7otaymRSaWR8p.jpg
926,Galaxy Quest,/fZXSwgZknp81vmciTb86rw0MejV.jpg
387,Das Boot,/9nV5YlX05MHC7zZzffY9kgc8r5d.jpg
426543,The Nutcracker and the Four Realms,/9vPDY8e7YxLwgVum7YZIUJbr4qc.jpg
921,Cinderella Man,/i7OYyyAB2pSW9YwK0M2swDz6xSc.jpg
677179,Creed III,/cvsXj3I9Q2iyyIo95AecSd1tad7.jpg
154400,The Drop,/ehFOkPH0tRdbyghxGDR418Mgn9V.jpg
228066,Victor Frankenstein,/bYUmSLPtWylFKbEBHOXT1kt9l5b.jpg
523139,In the Tall Grass,/1RxhzwFkAUqMt215Brb06u8P8pn.jpg
37137,The Naked Gun 2½: The Smell of Fear,/v9niLQWVzVPB1cP1ThNdEaLZG1Q.jpg
59860,Monte Carlo,/dcbqyycrWA56HXq5lm41HYuED8Y.jpg
1428,Once Upon a Time in Mexico,/oY0Yqsj4TwkjELkIHXJimjdbV8M.jpg
9513,Garfield: A Tail of Two Kitties,/osfMaHucgLtHtsMa6TQLTooE3G7.jpg
632357,The Unholy,/bShgiEQoPnWdw4LBrYT5u18JF34.jpg
470044,The Hate U Give,/2icwBom0t5nmOuZI9FVXF3gkMK0.jpg
37169,The Human Centipede (First Sequence),/gMtjxIkEi0hnTV5lPHbgeZ4ZpUZ.jpg
4564,Sex and the City,/AhNfnsGW95RKHQNLdgFH48UN0Zy.jpg
283445,Sinister 2,/jLNUo05tEYaPMTmEoYTld8XYmOt.jpg
2309,Inkheart,/jqvhxcowBfckO8RWtaMMVc4QFeB.jpg
8856,The Karate Kid Part II,/k0OwgRR6PNu7h3SiqpCbRdZWNaG.jpg
64689,Killing Them Softly,/heaz45kpFa4Oa7iLis0OBas68ls.jpg
642,Butch Cassidy and the Sundance Kid,/gFmmykF1Ym3OGzENo50nZQaD1dx.jpg
758323,The Pope's Exorcist,/jFC4LS5qTAT3PinzdEzINfu1CV9.jpg
615665,Holidate,/oXCLSlCRWWHsSSwLJSVIC0DDWsE.jpg
23488,Dorian Gray,/uRKt8nYdy7EO4uqeKVVpZRmqrxF.jpg
146198,Triple 9,/hMW4p1CBF8Q94PqQk8b2EyT4IJk.jpg
303991,Demolition,/4t56LZ1KbOOxgKfqMKN6truBDVc.jpg
280217,The Lego Movie 2: The Second Part,/QTESAsBVZwjtGJNDP7utiGV37z.jpg
229297,Magic in the Moonlight,/sd6oaGSwKweRmtcBKjk8tvan3u0.jpg
319888,Eddie the Eagle,/80fwjYfHmeDXobIErpNvCFCOAYd.jpg
503,Poseidon,/1ma5b9XLCziCHzQP0Zy1Y1PqNyM.jpg
10708,Daddy Day Care,/uiey5XUKuPicwpIJMf1OpaOd1jL.jpg
568160,Weathering with You,/qgrk7r1fV4IjuoeiGS5HOhXNdLJ.jpg
345938,The Shack,/doAzav9kfdtsoSdw1MDFvjKq3J4.jpg
38286,Three Men and a Leg,/2iVqgn6vnxDYqbRh7u15Q4XgG2M.jpg
8346,My Big Fat Greek Wedding,/ztc05ym0T3stnBpRHdxEs3Zwsmp.jpg
9388,Thank You for Smoking,/yuJtEgVZ9TCWaOSN41hcMiCdz26.jpg
667,You Only Live Twice,/fdRbvRcEXcf2rC4ghLFZzCWPSmB.jpg
18947,The Boat That Rocked,/l7CBRLAXUnHi0kp2krhLtlJvtWI.jpg
14337,Primer,/xEoq2WmDzpzxhkHEsmOYOg6BPg6.jpg
522931,Hitman's Wife's Bodyguard,/6zwGWDpY8Zu0L6W4SYWERBR8Msw.jpg
901,City Lights,/bXNvzjULc9jrOVhGfjcc64uKZmZ.jpg
548,Rashomon,/vL7Xw04nFMHwnvXRFCmYYAzMUvY.jpg
241251,The Boy Next Door,/tM0hpWw3GONam6TKcMMciecHjhT.jpg
399402,Hunter Killer,/a0j18XNVhP4RcW3wXwsqT0kVoQm.jpg
49526,Premium Rush,/haP8R490QeEzAJgRHuutIuG8KOG.jpg
10024,My Sister's Keeper,/atRGqnG7pe0hZP97RWDLrT2hRGZ.jpg
49021,Killer Elite,/7O2U0WPFPSvNSUYZlhbnV081lBF.jpg
24803,Julie & Julia,/r1bFBBj3VMek0oEtgm9N51OqVjF.jpg
11551,Small Soldiers,/2nuUjSzHsoYlRvTPmLo7m7gCQry.jpg
294963,Bone Tomahawk,/4MmTHpn2Y8emqvBgvOjufImUmKZ.jpg
38810,Dogtooth,/7nLuUGlH12cegPfR84QX4xIIH9k.jpg
9595,Hot Shots!,/hoPS7RSvdZhZhWf28OfP2IZ0cb3.jpg
34016,She's Out of My League,/mpYHjyPX0DAxbsnWKmSK5jZ1s4T.jpg
527435,The Christmas Chronicles,/5Il2EMSF2KecrUKZPuen6BZmaCP.jpg
837,Videodrome,/qqqkiZSU9EBGZ1KiDmfn07S7qvv.jpg
795,City of Angels,/iuzxpUjHsbQJXV3kB9ZAdCimM60.jpg
8913,Pet Sematary,/8ZtH1V4rhrtP53ezlEWrCaMALXF.jpg
71880,Jack and Jill,/p6xV65iiz9agN2IAtf7cgbZC3YF.jpg
77866,Contraband,/dNNjyZQ0zVtmPa74nJE63Kn0xEx.jpg
8274,American Pie Presents: Band Camp,/6BgKeWEGROpWwEWvpw7vwfTCr9C.jpg
85446,Step Up Revolution,/ab9T58BlOPauWd9tMnK0HhwYY7u.jpg
623,A Fish Called Wanda,/hkSGFNVfEEUXFCxRZDITFHVhUlu.jpg
460668,I Feel Pretty,/rmP8b6vxbpK1sPinnUqXHKq0VkT.jpg
409,The English Patient,/8eHHqMg8qEYtVw8LQLygsHXSR2q.jpg
688,The Bridges of Madison County,/8TfLAfIh5Qxp2J4ZjOafHYhWtDb.jpg
147,The 400 Blows,/12PuU23kkDLvTd0nb8hMlE3oShB.jpg
967,Spartacus,/xLPpQlFWE12cbqNJQ5Vf4eJU8ij.jpg
10603,George of the Jungle,/lWp8hUqE4oLPxsYgilXoYoVThfU.jpg
1900,Traffic,/jbccmnqE4oAPI67bApgt2JiRPz8.jpg
797,Persona,/bdXbfUir63TQHA5NTNcXPICZCW8.jpg
15144,Sixteen Candles,/1yDBZiMSVGS1IWWb7B2Rwjdz0Zj.jpg
48171,The Rite,/gRTxM95huMwIDfZBJWjuifMTfpx.jpg
197796,Beauty and the Beast,/8bErT2koHXAUSW5PdLQqgL5gEEe.jpg
431530,A Bad Moms Christmas,/gPNHolu7AGnrB7r5kvJRRTfwMFR.jpg
776503,CODA,/BzVjmm8l23rPsijLiNLUzuQtyd.jpg
11474,The Warriors,/fCDXAJcPvpsMd5CL1kBKkkNGW3X.jpg
718032,Licorice Pizza,/jD98aUKHQZNAmrk0wQQ9wmNQPnP.jpg
446893,Trolls World Tour,/7W0G3YECgDAfnuiHG91r8WqgIOe.jpg
10314,She's All That,/a0pepZNFCjggc7Na9gEwbTI1f46.jpg
10147,Bad Santa,/rfClLIyeHqpMofmrPY8DaLe4z9x.jpg
832,M,/slsS6jT6SXjcTPOrsFcLIrHboXA.jpg
82520,Return,/xAuR564U2njKKcXSbfbq36rZLeA.jpg
599975,Countdown,/5TQ0kM41vWFWFAPbZGitOxDysZU.jpg
619730,Don't Worry Darling,/wjAJWfuE5OQm5zerlOAbTxdHFMV.jpg
310593,Youth,/tSJkgDVgrbUFhPEEnHhIiHzrC66.jpg
1523,The Last King of Scotland,/mTtgpH6UnHUtD8moRJUzfGLOZTj.jpg
18126,Hannah Montana: The Movie,/8pwbnmvshHj2yYPYlyJ8K8Yzecy.jpg
14164,Dragonball Evolution,/23PcKOqNdhKeMFzORzQGn5eC44N.jpg
11806,Beethoven,/mVb3r5ZOeopEbCbx6kuIAjUz20F.jpg
9913,The Skeleton Key,/sH7mDPlWwFTqVUg6yKRvToCMH3B.jpg
1360,Frida,/a4hgR6aKoohB6MHni171jbi9BkU.jpg
222936,Aloha,/58Y4CjcRX8AtMNtI0AXu9H7iebP.jpg
13051,Max Payne,/3cWnCG5NyXJYARO2hmNqfbbgrMA.jpg
384682,Office Christmas Party,/7r3w3cPTbNEIr1imb8zXyeIJCJe.jpg
6282,Coyote Ugly,/p3nIrS9rkdVmMmgKAWtGsmAnhGV.jpg
184346,Deliver Us from Evil,/Uz32ERsyCmGwV8Eg2wmT2ooWpo.jpg
48231,A Dangerous Method,/7aU2xjjFhZzQzYXa0UM5JW01N4m.jpg
8292,Four Brothers,/8cO39cnWSZQi2ncPG5TxL3YRzKc.jpg
23082,The Invention of Lying,/clP8tDZeM9jgnqmu4VBClBDpLtS.jpg
25195,Leap Year,/i86hMi5iEF3WnYLCaGHdT5FPdYg.jpg
4032,My Girl,/qyJJNHteA7BUwQSey05t7qP4vRV.jpg
59678,Attack the Block,/wzCMnA6NDruLzgWeqMcLPDrGAdF.jpg
339967,Colossal,/4VOyofBd1pexblxtDZYtYIk7NI4.jpg
2642,Two Weeks Notice,/r18hSGAcxWiUysbX6nFShIZyjjP.jpg
12573,A Serious Man,/5gGxDS8WmrebPlMHexVS8EVehiP.jpg
12184,The Other Boleyn Girl,/9zD3hXV24zJzYvSuakXZU8yMEY4.jpg
216282,Into the Storm,/kX4tEjFnXLKaa7hP8H9SuRsXxEt.jpg
16866,Planet 51,/x7Itcg3ZdExKwdKguy73WPEqosW.jpg
397422,Rough Night,/ttC00xcQ5UIO04kU8y0h5OAIYYJ.jpg
81836,To Rome with Love,/zQvitRPoq0UdoNrFZR0xQBvQIf6.jpg
21032,Balto,/dCVcdb5oxDizqFLz0F7TE60NoC9.jpg
9378,Thir13en Ghosts,/6yrrddjIjx0ElCRZp5pTZeqrj3k.jpg
201088,Blackhat,/7zu6HPnKPjNA7NuR4DGRdaH0PdX.jpg
8275,American Pie Presents: The Naked Mile,/sreeL5kKj47oofEGVtDKTAcUDY6.jpg
88005,Seeking a Friend for the End of the World,/rBbCwFLyt7Q25yaw2bEOQh7RMG1.jpg
287903,Krampus,/bm0DzPPIR7mglpgDIxA3Y7AoEk4.jpg
64685,Extremely Loud & Incredibly Close,/6pszViNvKr1r31pP7gJNYDHEx5P.jpg
458594,Peppermint,/jrzxS0vcbzIIay1sdYm0rgI2QfJ.jpg
11397,Not Another Teen Movie,/9ZaGxvj1mqdKVLpSloq4mzS7SK6.jpg
203,Mean Streets,/9msfwOeGc9uL1iRRTBdEf15XonC.jpg
681,Diamonds Are Forever,/tOrCHtj4uUOt5p57F3SUwWbsQiE.jpg
331313,Keeping Up with the Joneses,/yvWcTrRCzE4C2hkd2wV4erPuKCn.jpg
7461,Vantage Point,/4mSh7NZiW36rUbpIgcKeGVcbSSx.jpg
431580,Abominable,/20djTLqppfBx5WYA67Y300S6aPD.jpg
6415,Three Kings,/fClJQW8xn8wHOFqoA4jUn0PZh1f.jpg
11969,Tombstone,/f6Lb4bpUW2AJW42Hpnix2533RKU.jpg
1398,Stalker,/rem87AyEochEuhn9VvAGoMQpigz.jpg
11282,Harold & Kumar Go to White Castle,/5vO7R4xYlDipTp8gzfRbWegO8eb.jpg
15370,The Cat Returns,/pqyY7IEWkCWNZ7EuRStQaJITEta.jpg
14411,Sinbad: Legend of the Seven Seas,/mtkPe9AMiXloYPCsldSbxKuXXWJ.jpg
10098,The Kid,/drgMcyTsySQBnUPGaBThCHGdlWT.jpg
13680,The Game Plan,/fcLFvIqCUrhY96mkSmr3okxaMEw.jpg
1535,Spy Game,/6y8M1rxjKofQCRKKe6xeV91K2Fc.jpg
9631,The Negotiator,/moiaZupHkPNd4ryCRqaocjKPeId.jpg
8005,Robin Hood: Men in Tights,/woexOLEkUlYsPLLuZRK6LjZaF38.jpg
820,JFK,/r0VWVTYlqdRCK5ZoOdNnHdqM2gt.jpg
204922,Before I Go to Sleep,/1sSWpTupVixOanIpZdLGzsKvcZS.jpg
923,Dawn of the Dead,/h6aVbUsiJB3Le1xrhyZXsXZOI3h.jpg
4836,Layer Cake,/rDOxXteqxALBaSa3V3zTjGJuyWB.jpg
9641,Cheaper by the Dozen 2,/wD68dEtcKuboxd8bhbqiTTxn6cX.jpg
29427,The Crazies,/ggtG9DZELyTtM2Y0DRJDOJa5iP8.jpg
13700,Home on the Range,/9xIIo4FMquy5SRqn8hppyr2QadR.jpg
378,Raising Arizona,/m5Zp4K4hKdPhsBl3E0p8I7QomlT.jpg
29917,Exam,/i1J2zBCyOQJKsQipqJ0qXERC1Ma.jpg
41402,Let Me In,/3b5gD5vNmf7Vafj2MN8uMA8r0qu.jpg
8461,Funny Games,/vq7XV1KT6ix94GDgMfufZ0Qzamd.jpg
552178,Dark Waters,/yV6edeSb1ykiNpJ1ekRz8GPhENr.jpg
507076,Climax,/47IXH2iEWwX0F7vIyGXaKQ0psBG.jpg
437557,Blockers,/uvlUQXg0AlpGzKukO11K7QtW3Yu.jpg
1251,Letters from Iwo Jima,/kZokxQtzMPURvijWYFuvh1fAvnv.jpg
826,The Bridge on the River Kwai,/7paXMt2e3Tr5dLmEZOGgFEn2Vo7.jpg
9381,Babylon A.D.,/kt9nqD0uOar8IVE9191HXhWOXKI.jpg
10925,The Return of the Living Dead,/qVTFBabgnWz4jZ8wOQRYZI5EITF.jpg
937278,A Man Called Otto,/130H1gap9lFfiTF9iDrqNIkFvC9.jpg
802,Lolita,/8Puqbeh0D95DpXFWep1rmH78btu.jpg
371645,Hunt for the Wilderpeople,/hkmz9rxgcweizXNElozGeKwmAJE.jpg
10590,We Were Soldiers,/q2LeLzw4q9HTelkKx29dyTMf5zK.jpg
14069,The Girl Who Leapt Through Time,/xHnlWM8BmqY419YUccYy2KC5Jqo.jpg
11615,The Life of David Gale,/7tcAvE82JyxIi79cwQV5br90KVz.jpg
23023,Tooth Fairy,/cRZvw3bPomtucIUtMHZ3qPIYtYs.jpg
10673,Wall Street,/2tQYq9ntzn2dEwDIGLBSipYPenv.jpg
9571,Dazed and Confused,/msG9awbLhVZwv1Eh9Ge7SofMexW.jpg
10756,The Haunted Mansion,/lGi5yio4pdDz5PkSeZCbnMQz5vK.jpg
864,Cool Runnings,/6fXuGEb7EqGmAeUodxm7l5ELPZ.jpg
339692,Shot Caller,/qLmLz2wtyYvmW8Ult3l2ngOnW8v.jpg
8452,The 6th Day,/oKtQLgBXiC0UOT8d33yJMYYm34Z.jpg
243683,Step Up All In,/bM9U2WDQKeQhdQX4kwdk72Drpaz.jpg
10027,Unleashed,/eOmXfQgDLUndae2xnwJfV0JZ2JN.jpg
11852,The Hot Chick,/lnnGE4TKa05t20SZ2batuAhXCp4.jpg
212716,What If,/67x9NJyjK4u02NpISnChDMKzCUr.jpg
439015,Slender Man,/huSncs4RyvQDBmHjBBYHSBYJbSJ.jpg
7978,The Wolfman,/cdzkHnXhPbBBBAPLKDXFCy3oHVD.jpg
934433,Scream VI,/wDWwtvkRRlgTiUr6TyLSMX8FCuZ.jpg
505192,Shoplifters,/4nfRUOv3LX5zLn98WS1WqVBk9E9.jpg
375366,The Girl with All the Gifts,/vdCD8z55a4RNmHQDPIpuMFqoY2B.jpg
245706,True Story,/ncP8XQ0bXP0xSpJmMsRt8mUcEXd.jpg
198375,The Garden of Words,/mXUCVq3HMtS4Y9IQ8vmEOPyN0vH.jpg
1691,Hostel: Part II,/qB20aiY8Ah3pQikkBxm3j7jQVc8.jpg
760161,Orphan: First Kill,/pHkKbIRoCe7zIFvqan9LFSaQAde.jpg
11395,The Santa Clause,/tBHDVtEcMl06FbCURRLGVg3TpXp.jpg
36593,Naked Gun 33⅓: The Final Insult,/p0AYsdgkudR9P5fNV5AjzbwQt8W.jpg
631842,Knock at the Cabin,/dm06L9pxDOL9jNSK4Cb6y139rrG.jpg
12180,Star Wars: The Clone Wars,/iJQfixW818LUdSXlCDL3JZm0S0g.jpg
1788,Footloose,/9JEDjBCXCx3eKTSkXwispf0UN3O.jpg
804,Roman Holiday,/8lI9dmz1RH20FAqltkGelY1v4BE.jpg
253,Live and Let Die,/39qkrjqMZs6utwNmihVImC3ghas.jpg
26389,From Paris with Love,/poVoLKLxUqsTLSntA40Po2F78dZ.jpg
48988,Hall Pass,/HqwUkeLOm6PUvcMntKvN0iSNR.jpg
537116,"tick, tick... BOOM!",/DPmfcuR8fh8ROYXgdjrAjSGA0o.jpg
8840,DragonHeart,/1J2FvxEoEKMFT9TjUdfhm0MJhZD.jpg
1844,Entrapment,/onEHQY4M22CluNfocJRGsVg0dK6.jpg
606856,Togo,/921q4gPNN4J6UxvKaw6SCNBe3F8.jpg
682,The Man with the Golden Gun,/zULDLrGE42iTiizMJKDoTGbIKlu.jpg
125521,Slayers Return,/fNQx9YD4nxpcWvriVm1paIxbMwB.jpg
19899,Couples Retreat,/igXVSRZsNX3TZsKrQqSyEJvzHRF.jpg
500682,The Highwaymen,/4bRYg4l12yDuJvAfqvUOPnBrxno.jpg
794,The Omen,/p0LcWxOIoBx0MEZMn8tFcrvDXR1.jpg
87516,Oldboy,/iX93YdBrZA1EpGbphmjf4ARj1Za.jpg
697843,Extraction 2,/7gKI9hpEMcZUQpNgKrkDzJpbnNS.jpg
484468,The Wolf's Call,/8bxIzp9w9l9ZzGVwNaIKOaem05A.jpg
4806,Runaway Bride,/3JpHNd6V8hvR1JFGGSAJsZDYHoR.jpg
318781,Colonia,/p7oGFkMGaQR27R1olN9RoMzg4vS.jpg
10159,The Rundown,/dJX06UwlLIwbLLt9UQ6DlkHF4jz.jpg
19901,Daybreakers,/xFZH2l9UOyIclk2ZFWNHQ38B2RP.jpg
262551,Babysitting,/oUhq9FG0nKUs2DtPVGR1b0q2RCT.jpg
10664,[REC]²,/i7wr12YmZfJxXv2R6ksvSffyhAT.jpg
45772,Gnomeo & Juliet,/vVQwgfS9gSFviVT4gS7tZAmhRFc.jpg
2395,Astérix at the Olympic Games,/eNB2SrqmTJLByRDq3akDzA6Z9rC.jpg
37233,The Firm,/mTsDqwE4ZyZ8FWflD0wPw9l2YMS.jpg
11281,Halloween II,/gL3dPbbZInWn4U9jd87uoFGOdot.jpg
41233,Step Up 3D,/rPcqa5TZ7S63RNmCuY45ZizFBen.jpg
5336,"Salò, or the 120 Days of Sodom",/xnaDdiRfZlJaTf6JRc4in40eaeI.jpg
538362,On My Skin,/rwPgE6fLxuJmPWi8fFjgENJMAjr.jpg
458305,Vivarium,/myf3qzpeN0JbuFRPwSpJcz7rmAT.jpg
335866,Circle,/hbIL53MdZFJXsgxXaSOVuApWTs8.jpg
1547,The Lost Boys,/nH1lvyQvfbL5GKScTtT6zkIvDEn.jpg
624,Easy Rider,/mmGEB6ly9OG8SYVfvAoa6QqHNvN.jpg
2207,16 Blocks,/p3ygfjYH0r0kNRbglwKNUgagiZR.jpg
111969,Stuck in Love,/byic4VFVrpPyjDWK54CcsxYWW85.jpg
8224,8MM,/kiIju5GG46DvwoiUs5xlwIyiHMW.jpg
58151,Fright Night,/ySQ3v4Fzpy3fePs86eoLiDzwLYM.jpg
164457,Out of the Furnace,/cOuQQ4eRpSBxb0G9OXzWE1pHPeq.jpg
12096,The Pink Panther,/57ViRkdsddHLK32W8Nf3ZPLSAu4.jpg
351211,Blair Witch,/chgLLNv3bMSOptaciOUPtDcAggq.jpg
475210,How It Ends,/prdFM08mGvVDA6uQxKJh8n8Vek1.jpg
12620,The House Bunny,/4oGGJ824vqIqDtyMvMuK44pDEmx.jpg
243,High Fidelity,/1zgaz1cGdWkNQAriflzlJXf95m7.jpg
1677,Ray,/tSPC7sO2XYNL9QcMmK88tuUALL5.jpg
707,A View to a Kill,/arJF829RP9cYvh0NU70dC5TtXSa.jpg
463684,Velvet Buzzsaw,/3rViQPcrWthMNecp5XnkKev6BzW.jpg
535292,21 Bridges,/b40ApfKDPoJYbWepUs7f09Y3fD.jpg
11460,Red Eye,/47NRyV8VoJAyiLUdyNS6uZTOwwl.jpg
625450,Tall Girl,/m0clsFEXidLVJ0TueqWOvvImOMh.jpg
24238,Mary and Max,/6dxpRwrMIYoB9LeQqCulQSleFMD.jpg
698,Moonraker,/6LrJdXNmu5uHOVALZxVYd44Lva0.jpg
330483,The Choice,/6MF3cdAasnF17SG9bmeamQ066iJ.jpg
9276,The Faculty,/l0rz4vB0FfxraTd1mLGoaydSQd1.jpg
440161,The Sisters Brothers,/l02EwhJiAZjcETJaLgnAF5e74YQ.jpg
31867,Repo Men,/briDKf5nrLzox2zcI6pquKeqWz8.jpg
390062,Jungle,/tDgxknTVwrScxpCYyGUjXSn5NRk.jpg
10474,The Basketball Diaries,/AhvO1GGDPIgN0hOqZEgaFCbswMK.jpg
16995,State of Play,/4f8nhHESDhAVKow2M1khmqDdatp.jpg
650,Boyz n the Hood,/v4ox4aSCNT5vyLXl4Q71JiWwCXW.jpg
614409,To All the Boys: Always and Forever,/iepqdM52f4w75fNcvgRF5QoIAjm.jpg
449924,Ip Man 4: The Finale,/b5cz6BoyHrgBnhfDHOW5hXRWbln.jpg
520663,The Woman in the Window,/wcrjc1uwQaqoqtqi67Su4VCOYo0.jpg
691,The Spy Who Loved Me,/3ZxHKFxMYvAko680DsRgAZKWcLi.jpg
38142,5 Centimeters Per Second,/dFipUR6W0y3PPkuVS8gjFd929m2.jpg
2011,Persepolis,/aU8i2QAdTyRR1nYb36Gq51xXP8p.jpg
9285,Road Trip,/jee4eY5tZprI0V18S6PXUloBzSk.jpg
10771,The Tuxedo,/2agrcNQRtgTsN5SbffC4H2BwYW2.jpg
10025,Just My Luck,/wWpqG3zrrPZhvNLflYJdbW1NgY3.jpg
245703,Midnight Special,/hgDRq1l4ATxwufWjILKsYtglbI6.jpg
700,Octopussy,/yoosZitM9igSk3Sd0sBXIhKlAh1.jpg
106747,Machete Kills,/3i4UgSZmAJXt6Euy5azvknmzsm9.jpg
13971,Wild Child,/xwbFEPubG4wroLDZdmTWRGNnnWf.jpg
100241,"I, Frankenstein",/pQkJ1tNsKRvYhwbC8eztLElKrmS.jpg
653,Nosferatu,/zx24O7VAs6NbJhiIrUhWysAiHS0.jpg
8769,Christine,/mMtUJke2TtIoT6JB9hkvERmsSu8.jpg
241848,The Guest,/kZknBNLApzIaeEBZhG4TDFq0b6j.jpg
796499,Army of Thieves,/iPTZGFmPs7HsXHYxiuxGolihjOH.jpg
629176,Samaritan,/zgH8Ej50n2cvJCMJrxd4twEwSqz.jpg
847,Willow,/d9xEILdvVRX8ZgFwPDbco6kKSaS.jpg
804095,The Fabelmans,/h7llKkqkkJtJrTOaDLuVeUYDQ7I.jpg
11687,The Visitors,/hPCq0buG5PaXgKjzT2ktjrjlpbj.jpg
7303,Maid in Manhattan,/a0xOVDKEWW1nyArKFS3Fg1b4PsE.jpg
433498,Papillon,/ahF5c6vyP8HWMqIwlhecbRALkjq.jpg
455,Bend It Like Beckham,/6F2tFbxgqcSIMK5WOZfwoHXaROc.jpg
646389,Plane,/qi9r5xBgcc9KTxlOLjssEbDgO0J.jpg
342473,Ballerina,/qBxMhcmNnFniuDAZTKEHcSgKtsn.jpg
533642,Child's Play,/rpS7ROczWulqfaXG2klYapULXKm.jpg
335977,Indiana Jones and the Dial of Destiny,/Af4bXE63pVsb2FtbW8uYIyPBadD.jpg
9421,The Dinner Game,/jCOCdWIim6upzteYswh8BpcsKWg.jpg
9322,La Femme Nikita,/1ulQDewUG4KKHOhpXdGKm3GdLFq.jpg
585216,Escape Room: Tournament of Champions,/jGYJyPzVgrVV2bgClI9uvEZgVLE.jpg
41283,Faster,/AsUeaXrhw4oscCSjUZ6heh1pVvd.jpg
8277,American Pie Presents: Beta House,/j7eGbwVb9hTaRFWMlSa7C1OYp3T.jpg
11009,Saturday Night Fever,/ylA7E5Md21aqgzxbwa2dFxX8LKV.jpg
9759,Cellular,/AhD3qVfVmxz5CXDxctXwK5nmrOp.jpg
9778,Serendipity,/srCE5lEIjVEG5eqWg9JcjZCK1aQ.jpg
41210,The Switch,/6cfRJjF9llCQHdFrAjusidtAg45.jpg
10110,Empire of the Sun,/gEaCzjwHoPgyQFcwHql7o5YLHAU.jpg
286554,Two Night Stand,/rz0YnlHieXP9SBuJU4ANBW8ttIw.jpg
82990,Paranormal Activity 4,/na5tAslm1kGNcft083AIXMTOsYR.jpg
1010581,My Fault,/w46Vw536HwNnEzOa7J24YH9DPRS.jpg
19585,G-Force,/jpjG88kTrK7mHnRx4cpLHh8YZwr.jpg
37797,Whisper of the Heart,/5FROLD8zpWFs9ja7aYho1uOMJHg.jpg
326359,Frozen Fever,/mPrDJ7puYzPLG5kPM96iNszF2sM.jpg
154,Star Trek II: The Wrath of Khan,/uPyLsKl8Z0LOoxeaFXsY5MxhR5s.jpg
280996,Mr. Holmes,/iNnHMoj2oldH7O9uL08iGhfHzh.jpg
273477,Scouts Guide to the Zombie Apocalypse,/lUKvvSnjFlazrdh6wyHxHrdMknD.jpg
369192,Battle of the Sexes,/fWy0A3VojTCb0S2MKtEJjpquubF.jpg
5994,The Family Man,/zsedbiD7i2SepxIxb0F3U95mqyH.jpg
37430,Conan the Barbarian,/5Z7bmszrF0uQxilCC6bjrLo9u9H.jpg
109689,I Want You,/z13I3sWzOoKBDAEpJ7iK9bSznQn.jpg
11357,Halloween 4: The Return of Michael Myers,/eFSOkXF9n9hsfGv45MDsPixiOyx.jpg
87428,That's My Boy,/oVCsANNQyw1AjRhQ9edFBM8HVCq.jpg
73861,A Serbian Film,/yIQqiw3Az5QYNHLCUoCTtxXH24G.jpg
1807,Elephant,/pbdm3Z45fwgcfPndm4wmQAhDWjN.jpg
709,Licence to Kill,/8nzJve63EXA79HGAyidZwivZrQ2.jpg
1923,Twin Peaks: Fire Walk with Me,/mxsGXqetGnirf99qapYd5MMY1VL.jpg
727745,The Kissing Booth 3,/c7xcqnMDVQ5v1hJBm3AZ5YikNe6.jpg
17610,Year One,/qF573jdJYwtCbXVXPDn4xu8nW2a.jpg
239563,St. Vincent,/1bb7MTHCIPhpKZFysDpxNaNrdMk.jpg
500840,I'm Thinking of Ending Things,/5ynWWapdl45hJXUh0KIevxSG9JQ.jpg
724495,The Woman King,/438QXt1E3WJWb3PqNniK0tAE5c1.jpg
15373,Role Models,/d5SatGKWi0VpO9QX0Z74zLh9i91.jpg
48415,Welcome to the South,/ozz9wXdA7DLHlzxuqjbT43N2bM1.jpg
11238,Aladdin and the King of Thieves,/kTH7qEyvdDYMoQraQZm3LFKCge3.jpg
370755,Paterson,/AuJ1ZlfqwuAr9H5Qr1U9KILylse.jpg
250219,I Can Quit Whenever I Want,/zcDqnuSpdRoXuw3kmbMDxLkdgXR.jpg
1946,eXistenZ,/kETKF0JhdTPn1knci8CAdYL0d79.jpg
5924,Papillon,/356oqQpug682OERsWV0bGZ0YxwQ.jpg
9040,Serpico,/c7fENg2o6SBBtL3z4V9xTAnEoDJ.jpg
301804,Before I Wake,/sI9neTbF3ECdpf2MpC88EMGJH13.jpg
4141,Shoot 'Em Up,/pbHpZfjzF4hKomaSmSZWRWKhO0P.jpg
251516,Kung Fury,/6Qam8Leycapwik947j6U3vcUbAv.jpg
9671,Crocodile Dundee,/pduPduL1ub5kok3lPYT15ryC9L6.jpg
109091,The Counselor,/aNiLkGnzVb5CorZHKk16w9S4COt.jpg
337674,Elle,/lpKIazNJncpV3sJ5MyTFS5tfTZk.jpg
1725,West Side Story,/nzCMu6D5q60i2bVrIQ0DxlRSgCZ.jpg
317442,The Last: Naruto the Movie,/bAQ8O5Uw6FedtlCbJTutenzPVKd.jpg
763285,Ambulance,/kuxjMVuc3VTD7p42TZpJNsSrM1V.jpg
913290,Barbarian,/idT5mnqPcJgSkvpDX7pJffBzdVH.jpg
579,Jaws 2,/cN3ijEwsn4kBaRuHfcJpAQJbeWe.jpg
9618,Tango & Cash,/7xGDaxBE8NazccpXN6oiwoOe67b.jpg
10040,Miss Congeniality 2: Armed and Fabulous,/gcYoIHND3ugn2VH1cNHHNQasEyI.jpg
99,All About My Mother,/hjQhzhkGYXPNM96k0mOgob6HMmn.jpg
8859,"Dude, Where's My Car?",/tc6sLnnaOZk08YndHd53aPlUast.jpg
303857,Dragon Ball Z: Resurrection 'F',/soq3AxjALdBfdPAm8H7yuMmNL5Y.jpg
460885,Mandy,/m0yf7J7HsKeK6E81SMRcX8vx6mH.jpg
47931,Elite Squad: The Enemy Within,/89nThdmRxWYqglPRtJt1kZjP6UE.jpg
139038,A Haunted House,/skQt53YE2iyOftXj5afJkHmYxLW.jpg
35019,Nanny McPhee and the Big Bang,/9cgHfgBXVZmVR63AhwJ82R1kAFS.jpg
9564,Asterix & Obelix Take on Caesar,/sJ4zNakOuWcsW6ssH1qk80JehQ2.jpg
407451,A Wrinkle in Time,/yAcb58vipewa1BfNit2RjE6boXA.jpg
81796,Lockout,/i5QfNIcg6hc327IWUerea0EczP4.jpg
16523,Where the Wild Things Are,/sDFV9VEjwTUWF1s5sjOllsb70jk.jpg
76494,What to Expect When You're Expecting,/WlaRQOeoUfKntGmNsuZDu3r6h6.jpg
2043,Along Came a Spider,/1YtsND7vSNymylnOSzgg3DdVFMB.jpg
2609,"Planes, Trains and Automobiles",/3RSucVsX96Ste8WDJfZP1hbNGqQ.jpg
14442,Ella Enchanted,/dH8yHmqUra0gqzMJJKXiyfKkB57.jpg
420634,Terrifier,/6PQqC4SbY910VvyVad6mvsboILU.jpg
9535,Analyze This,/eqa4TEgkx63WRhqyD8eTwmL7bUi.jpg
1636,Bedazzled,/9aIg9oKMetjfDUNH1jDJKiw2Qos.jpg
241257,Regression,/luHpMTmU1ygtEgdOTSSj0i9nd8E.jpg
11679,xXx: State of the Union,/MM1r8HQUn6VG0Njr8S6cmXHyvJ.jpg
183011,Justice League: The Flashpoint Paradox,/ek9SvmkUfh5QwRGIfK0il4Dfnpe.jpg
4824,The Jackal,/wkLF73oenC1n1DDKKU7oyLKVcMa.jpg
11932,Bride of Chucky,/mAGviFp1ufYM3EaZBSrjPiKPBt6.jpg
47327,Drive Angry,/g0hQNqLkPZC5wOnNhzUH0KvPda4.jpg
9619,Dante's Peak,/chApdYLprUhuAVpeBXn2Ytytyo6.jpg
755566,Day Shift,/bI7lGR5HuYlENlp11brKUAaPHuO.jpg
4543,Monty Python's The Meaning of Life,/9yavZ9WgEZIpWi2EbVW8At9RPdo.jpg
13515,Mirrors,/bt5a4ThyLpLTsia2e2ZTLzQjXO0.jpg
8424,Love Me If You Dare,/3jwY4llYNzONpSwvdX4hH4q0nas.jpg
3989,Team America: World Police,/m1Q2VFe1DVVbjfu1LDZe7tlp9yb.jpg
9461,Enter the Dragon,/fyrh2ULEcmLpGTVLPQqFW45hqr5.jpg
264999,Magic Mike XXL,/ny9qi5SYefhSov0ZycCwFFX5fi3.jpg
2069,The Whole Nine Yards,/r4FvRHW1J9FAOnCYchZ7QanQ04e.jpg
591274,Fear Street: 1978,/5dNTxhoGDTHHGqUTdxcr4H1dqlU.jpg
9946,End of Days,/pY8FbKKl3VD0jRI1iDFrwN6alLa.jpg
82505,House at the End of the Street,/bgHeZ5g7YyxKcwWw1tgyAMy0czy.jpg
668,On Her Majesty's Secret Service,/yVzJLLhBwuWJBR9BYEMurShu2WT.jpg
9255,Hot Shots! Part Deux,/zh9EGK970GHo10ETclWBOjZVUOK.jpg
439,La Dolce Vita,/11hMHhThUb53fHoDDyn5LUsw0Z.jpg
1634,Free Willy,/9iBgd9gi9ztWiVcYSG6zl8wDFBN.jpg
9100,The Craft,/8bW2RdRkloYtEPhbQZN4wcdmJP4.jpg
382322,Batman: The Killing Joke,/lrQ3LeNIN0nmviZ692seNBUl1Pq.jpg
9341,The Core,/jaG2vih2z4V5fP9pnYSIL65lr8d.jpg
457136,Mary Queen of Scots,/b5RMzLAyq5QW6GtN9sIeAEMLlBI.jpg
10214,Son of the Mask,/Adgnfhm9B8YAQmC0osuP4zO9SRc.jpg
521777,Good Boys,/tximyCXMEnWIIyOy9STkOduUprG.jpg
11452,National Lampoon's Van Wilder,/hl19MAS9hV5QkkUdZuoLleDuNH9.jpg
10045,District B13,/u9gOfYelDwmvAmXWC1jgCFIY8RB.jpg
283350,Before We Go,/hbWU6Q6owywuCzLRSJ0Nzxh0E2E.jpg
9319,The Last Boy Scout,/nKTqyWwLxkvoEKkSAGWo1GdiTpb.jpg
8193,Napoleon Dynamite,/g5PAKdu5aolXMnIRFkCo6vXq5Jh.jpg
401,Garden State,/h3iqYiGS6F3y7GxaS4AT8nFxZ2i.jpg
34813,The Losers,/e5oD3fuQpjZ8Po6WNW0VkUJmW52.jpg
5689,The Blue Lagoon,/zaoq2K1oPWpF91XZ0aesfUCasqb.jpg
5549,RoboCop 2,/nhqBxhOJXUJeFsyLxTFkctH9H5F.jpg
3683,Flags of Our Fathers,/2nkPrhf4YIyMFelfe4zdOnGRYz5.jpg
23202,Trick 'r Treat,/w0nmol4g7n6MFfhfphV7GzHHYjB.jpg
839,Duel,/4GNz3kF86KpgghLq578Asy3ObPw.jpg
629542,The Bad Guys,/7qop80YfuO0BwJa1uXk1DXUUEwv.jpg
1092,The Third Man,/oIF3l7Dxp7Eyye10BNyM611wtKa.jpg
699,For Your Eyes Only,/z57s6bpnYqokqr5HVNOBQFv5e1j.jpg
145135,Dark Skies,/euLgEo2kvuLjYxbfOekWF3l82t6.jpg
402897,The Death of Stalin,/xAKqG5SpsHU7vI6Fh4UYxFrDDZZ.jpg
775996,Outside the Wire,/6XYLiMxHAaCsoyrVo38LBWMw2p8.jpg
3595,Ransom,/kFShhVUU5LfGmLvo9OJGM8dyDFL.jpg
614911,The Midnight Sky,/tbI9bhZlYmfWGkqY1Wje9Sg3He9.jpg
429415,Extinction,/qjnNdjrZIdi7d316SjjkgEjJRSg.jpg
15157,Another Cinderella Story,/Acw0Syw7s8QFTCkdJgtGR2Eg0SB.jpg
602734,Spiral: From the Book of Saw,/qkl6mRoFexK2FGWCbAsvrRxjWaF.jpg
1911,The 13th Warrior,/ip5FmurIOdOyI1wFY2nXVMze3lC.jpg
9678,Little Nicky,/AudA8gnTWSBWXBHSBHnr3HHUXXM.jpg
203739,Vampire Academy,/cJZpKgiFfjDZ6L5aOJvbmDhsGqY.jpg
11072,Blazing Saddles,/nb1MLEOXVFBKTM4J9GLoksqgDBk.jpg
645886,The Unforgivable,/1b3dNFDuE7i05TJlXrIC571yR01.jpg
44363,Frozen,/kEiMX42a35S4blAw4KrQe3U5zNc.jpg
109410,42,/iZ7jVGQWj3eBUdqwAPUlKk0BaS2.jpg
10014,A Nightmare on Elm Street Part 2: Freddy's Revenge,/53kxYw0G3o55yJ23K7s7KMaOyAM.jpg
2655,What Lies Beneath,/2L3Cn0CizbSy2E9KJt1SiOSyb6p.jpg
6279,Sister Act 2: Back in the Habit,/dlkBp5S6Ei5f54031rAhyb4IwML.jpg
529216,Mirage,/oLO9y7GoyAVUVoAWD6jCgY7GQfs.jpg
700391,65,/rzRb63TldOKdKydCvWJM8B6EkPM.jpg
38778,Dinner for Schmucks,/djwkUFhkM81gIsI9ZZ7I6ajZAKY.jpg
882569,Guy Ritchie's The Covenant,/kVG8zFFYrpyYLoHChuEeOGAd6Ru.jpg
318917,Look Who's Back,/1CxZWytSiCzZiZA5k0AiLUFtQNA.jpg
519010,Pain and Glory,/cMlueArJXXwZbeLpb4NhC3pxmBk.jpg
9620,Paycheck,/icoa6KslkhXKnxLreZ6vXnDimpQ.jpg
9268,Eraser,/1FUV5ZmEkbxvqwQW0az4tFFOSmo.jpg
860,WarGames,/zZ1rN4LoPxKNfAp67Xl300WxVeD.jpg
482321,Ron's Gone Wrong,/2gq9sEE2iDRqKx8OiZP6mYSTq4.jpg
10663,The Waterboy,/miT42qWYC4D0n2mXNzJ9VfhheWW.jpg
11918,Superhero Movie,/f3gFb4wLwNGQcpweamVhjNBdJ58.jpg
9326,Romancing the Stone,/qfIlVOYZH5RiZ0ndFKUpr5Zn2Bx.jpg
1648,Bill & Ted's Excellent Adventure,/tV25lGWGWGEqUe3U0xjQTBgilSx.jpg
585083,Hotel Transylvania: Transformania,/teCy1egGQa0y8ULJvlrDHQKnxBL.jpg
11635,Old School,/nYtuwNHpEoIbTgS3aFPSEwZNN6l.jpg
416234,Winchester,/tHDtskokZeO9B3JBdR1dSH0uqad.jpg
11690,Bloodsport,/kndxR9TRK0kJ5hxzDprRSS80F2W.jpg
329440,The Forest,/1TohqCqMbaiuRLJPrPW0vnQP3lE.jpg
412105,You Get Me,/5eV0mIQqSztD3McjO22EOFlQDj1.jpg
381719,Peter Rabbit,/lugOvdaNpbVGQK9TyMRDiUbLtY6.jpg
10647,Pay It Forward,/62OIokwaxFwBFWM147ijLJsaVJD.jpg
9008,The Insider,/jJCyIBPfvk41uETq6K6u4upyGO8.jpg
497828,Triangle of Sadness,/k9eLozCgCed5FGTSdHu0bBElAV8.jpg
1051,The French Connection,/pH4saPwMjhnVGwmSH6RkMaHrt3s.jpg
244458,The Voices,/weY5OVSFmxvA3D4lfyhgvugklEh.jpg
376290,Miss Sloane,/ptfvQlqe2xJiMSewSj52qAVq5z0.jpg
22825,The Box,/xMAmOu6xl4CsstixcuecBle9krd.jpg
147773,The Way Way Back,/4DgA0EDDVv37C8xISc3Vv0rhxlL.jpg
9896,Rat Race,/8ghNCfFbCJjcNSz2K5jOC3eO6ZD.jpg
774752,The Guardians of the Galaxy Holiday Special,/8dqXyslZ2hv49Oiob9UjlGSHSTR.jpg
39013,Winter's Bone,/a0qhPkNlxLfsf5B2jFyI1Pp04XV.jpg
269,Breathless,/9Wx0Wdn2EOqeCZU4SP6tlS3LOml.jpg
891,All the President's Men,/cPtSHR7D2WGsDBfnC5DxV927hKn.jpg
2112,Payback,/gl295sH8213lY8aQ8hS2tTbuzYD.jpg
11186,Child's Play 2,/kdnermMCBOnVxjDKA0FV1HZueqg.jpg
6615,Lars and the Real Girl,/nkAt4a7KIPc7Fi1BhxNHhYYbe2b.jpg
265208,Wild Card,/zN80Tlly8oMpKbVJv2TfRIj8dHG.jpg
9955,Blades of Glory,/yclY3zyzrL1MS9b6Eygs9ks0ZTY.jpg
140420,Paperman,/6MXYNvGmI63W8fI3HKlcZzEy1U5.jpg
26123,American Pie Presents: The Book of Love,/hwP0GEP0zy8ar965Xaht19SmMd3.jpg
10234,Funny Games,/3s0kqDfTeaUsFUFyzYTD9nKW7Qa.jpg
213681,Masterminds,/4CXgye1p8Vr7taDG389QhhHDUZ4.jpg
585245,Clifford the Big Red Dog,/oifhfVhUcuDjE61V5bS5dfShQrm.jpg
16,Dancer in the Dark,/8Wdd3fQfbbQeoSfWpHrDfaFNhBU.jpg
32823,Get Him to the Greek,/6g0li87w8LIK77QRUtOkQkM6bD7.jpg
242828,When Marnie Was There,/at7lShVfMdohEzC1VZYTZXY0hzP.jpg
19265,Whatever Works,/7yMpnI8cxlcFdFGcjlNY134NMlH.jpg
10982,Hoodwinked!,/tjuMvHg7NJmE9hqKD3p86kW2Jvk.jpg
326,Snakes on a Plane,/9wqWQ5rXQG6daMpowqwadGjI768.jpg
13600,City of Ember,/eCdLMQMVk0SZlsfnDu43AOhbCJL.jpg
129670,Nebraska,/o1t2Mw18EEBnl8v4Nby3PFjxnM1.jpg
34647,Enter the Void,/krKnsfvSJM1PL40tLicRhVQ6kuG.jpg
996,Double Indemnity,/kkfKLeOTo7RjS9TxHKpknlL7huS.jpg
19458,Princess Protection Program,/aKs0ufPp0agLptnhEutDOlfwfdH.jpg
6171,Dreamcatcher,/3RtOffRhVHyST1d5BDVu5dnFI04.jpg
226857,Endless Love,/z7FZP6uivgVc4t0mnmia0B8YygW.jpg
2289,Cold Mountain,/32MsALfK6shuSopCrFjSNoxDc5p.jpg
10781,The Texas Chainsaw Massacre: The Beginning,/2S0XKVZGZUnsF4DjLOyZ0C63bWO.jpg
559907,The Green Knight,/if4hw3Ou5Sav9Em7WWHj66mnywp.jpg
11362,The Count of Monte Cristo,/ifMgDAUXVQLY4DeOu3VTTi55jSP.jpg
10898,The Little Mermaid II: Return to the Sea,/tzrrZlY7pVTRV9GXd7Q1BkynnUx.jpg
71688,The Iron Lady,/fx7wpKXOht7WOkeOslvErbrf69Q.jpg
77953,The Campaign,/jMWjJ13sFTT07DwjNlqh8VY4sK6.jpg
1850,Man on the Moon,/msOZS07xRIFnapwp3fprGbKEAfT.jpg
302156,Criminal,/lm0NlIsgGDqdx7CGFCDDJo1ptgh.jpg
82,Miami Vice,/z0C3FG7YU4nZgt8NzoXjHRVByVY.jpg
3509,A Scanner Darkly,/lUKudOpHICDj6A6SO7DdaZM4W48.jpg
283587,Beasts of No Nation,/1D4vcJmJc58WXarpRtwgd2do9Rg.jpg
461130,Code 8,/izGX7npHEopDQvngYcxMJEfcFbj.jpg
18405,The Last House on the Left,/2Y35XCUS8U8vC8vs0HDEVkPu1BM.jpg
899112,Violent Night,/1XSYOP0JjjyMz1irihvWywro82r.jpg
10634,Friday,/eqD0jCDIEJ65CmyG63Jaay6bHDp.jpg
966,The Magnificent Seven,/e5ToxOyJwuZD4VOfI0qEn5uIjeJ.jpg
13813,Defiance,/z6yNHcQOveRuAohuejdDFQDEBSs.jpg
425972,Cargo,/cdPSUck4tBRvRu6DFk6XciDrssn.jpg
231176,Sun in Buckets,/jI5WTCv0V3i4J6EcPWmxt4Da6sq.jpg
15789,A Goofy Movie,/bycmMhO3iIoEDzP768sUjq2RV4T.jpg
50839,Margin Call,/pgMIdInSIGw0uSory7yEBFGrvIS.jpg
199,Star Trek: First Contact,/vrC1lkTktFQ4AqBfqf4PXoDDLcw.jpg
306,Beverly Hills Cop III,/7vIpCkgGEfk5LZwm78nMxswLJRH.jpg
9576,Tootsie,/x9cBsqf64j8e5a8PwThT3I6sHFK.jpg
10559,Frequency,/aFuw2yow5Og0e2M7uEHQtpS5GPz.jpg
441701,Veronica,/xHP6mYLQKbJY9pg99PGoGKmmBZX.jpg
395458,Suburbicon,/a3IHgSwO5jWPLcGjKqbQ7pxVGkq.jpg
7984,In the Name of the Father,/5HaQacOMOjA2wX1XnwnDd2VaXCf.jpg
9036,Eight Below,/2f1FoEbXjvClnPvl7MLe1ig3Z98.jpg
2332,Taxi 2,/z0js1eYtKxfw4RBxiTukO7q66Rf.jpg
64720,Take Shelter,/zLZQv7cN8ckBEa7HvjYkm2wx7F9.jpg
291270,Anomalisa,/4DJ1zNr4Y6q7zQ27goEYla46VdO.jpg
708,The Living Daylights,/jcP0sarQXmx7XgwNoxJtqbllNyM.jpg
13836,Race to Witch Mountain,/zoKcwyQk8VyWeMsaf8mgHzzWERZ.jpg
1647,The Recruit,/zd9eNagUB7FEaqffnSw3n3Nii4p.jpg
15152,"OSS 117: Cairo, Nest of Spies",/dDVHVZVEbTV4JsB8ZjdXNmMK7rA.jpg
775,A Trip to the Moon,/9o0v5LLFk51nyTBHZSre6OB37n2.jpg
581032,News of the World,/fYQCgVRsQTEfUrP7cW5iAFVYOlh.jpg
1498,Teenage Mutant Ninja Turtles,/shfAU6xIIEAEtsloIT3n9Fscz2E.jpg
11003,The Wedding Singer,/zVvyTrcZQb7kC2DPDzyo25WcxXp.jpg
12783,The Duchess,/77ckyYrWmR12kl3qToqmDySnuwv.jpg
50531,Ask Me If I Am Happy,/qCBmNunSpKRlPyjOZXbqTN1usTH.jpg
385103,Scoob!,/jHo2M1OiH9Re33jYtUQdfzPeUkx.jpg
26505,Arthur and the Revenge of Maltazard,/rHCL0HwlQvU01TLRRHZFlvsVEqt.jpg
499701,Dora and the Lost City of Gold,/xvYCZ740XvngXK0FNeSNVTJJJ5v.jpg
271969,Ben-Hur,/aUrN8UWS8d2PKLsk5teZPxrfbmO.jpg
223,Rebecca,/1qz3qUOHnVy7dL7M7G8jSErxE4b.jpg
10431,War,/scFc8RD4sFxB2x0eIOaymphMnYh.jpg
62206,30 Minutes or Less,/gkCO4bf8kDxF4wsUOMzhYk3Pgz2.jpg
8963,Crimson Tide,/21nqRJ6ofEgVvEl68J4O9V26Xzy.jpg
22824,The Fourth Kind,/vfnsGUwurUQqlpvArBvUVc9rYXa.jpg
28211,Chloe,/7VC7Q7GvIhEECIU3fiaRf71mxV6.jpg
614696,#Alive,/zqf711LsnQ5CcW3rISFw2t7OYzb.jpg
486131,Shaft,/kfZqwGuvEBAysAbCsa0QLKoSYR.jpg
2064,While You Were Sleeping,/xrXUADqC2gt84BPYzNtXxAJEfbo.jpg
13510,Eden Lake,/wwLX6RPLZlchZWzEBZ2mTQ9Nooh.jpg
2196,Death at a Funeral,/xyTxrJnjbSJQzcbKIP6S1uqLuxy.jpg
9874,Cobra,/jCxfbTh8JvJil5edhNywxaTHoWv.jpg
60243,A Separation,/wQVvASmpm8jGhJBQU20OkoMcNzi.jpg
3432,Mr. Brooks,/yYleq0qmb67Ig2ViY3hFmUOrH77.jpg
219,Volver,/vix37Kc7EUURMC5Rgd6Z6KaEj5n.jpg
398929,Alibi.com,/8K5dvcXq7Lq2qiE9nkjF1Dht60R.jpg
556678,Emma.,/uHpHzbHLSsVmAuuGuQSpyVDZmDc.jpg
467938,Revenge,/dZdsm8Z8irM3da7f7U1V3opk3sv.jpg
233063,Suck Me Shakespeer,/hV88MiailtnGVF6rbp6Ug6UBKYS.jpg
11820,Mona Lisa Smile,/bg0VKsXnLjIZ0cHmZHZLs9gzrvm.jpg
365222,Ip Man 3,/RTt4lgyTDI8JHMGbZGDDbcZmkM.jpg
9530,RV,/eqV0JjfwcEJuK3JPZ2rsNvS1p30.jpg
149871,The Tale of The Princess Kaguya,/cQidJuA546OSSXKWXoiCeINDxuj.jpg
925,Do the Right Thing,/63rmSDPahrH7C1gEFYzRuIBAN9W.jpg
85889,Filth,/wyB1WjlTPTM3I6lZip67GUzyrpS.jpg
445629,Fighting with My Family,/cVhe15rJLRjolunSWLBN6xQLyGU.jpg
152,Star Trek: The Motion Picture,/wfiAfNwH6CMKxz4vRaW8CPTabtk.jpg
7270,Matchstick Men,/mW6HZe1aoipzH8U7ucjma6E3LLx.jpg
774825,The Ice Age Adventures of Buck Wild,/zzXFM4FKDG7l1ufrAkwQYv2xvnh.jpg
323675,Ride Along 2,/2433Vt8xuDnAIDAJTNx6DEtf9Qb.jpg
35554,Cado dalle nubi,/gR1gjETXUOBVJIZMpms96zFsyYt.jpg
10072,A Nightmare on Elm Street 3: Dream Warriors,/2RnJ7wgoaS9XPiofoXTLj2KkM20.jpg
579047,Reminiscence,/17siH6wJRQ2jZiqz9BWUhy1UtZ.jpg
8489,Ali,/aBphVTRYpJS028Of2Ctho1mYgcF.jpg
18480,Brüno,/xLFYL5gwCPnMDp5Qmd5wiRSsRPX.jpg
68817,Footloose,/68eo5PVf2o18BQivw3U7IJia6kV.jpg
7288,Duplex,/qM4pY3ODOgV0HygDkYh6Y9oyxhZ.jpg
1588,Bring It On,/uPkiecNHlBdSlQVG6s1NN2FLluF.jpg
553604,Honest Thief,/zeD4PabP6099gpE0STWJrJrCBCs.jpg
447362,Life in a Year,/bP7u19opmHXYeTCUwGjlLldmUMc.jpg
136418,Hummingbird,/bN2aGUOxHRwGms68WTDr2MHzkKa.jpg
10220,Rounders,/7JfFYnOLWi2X4TZXJ7qQ7xO1D2x.jpg
9769,Lolita,/9INcC14WZjCMKGE360VXmklCLdZ.jpg
296100,The Night Before,/rfeNBaiMBg0UQsBQFv1qsjTjZWn.jpg
4614,The Sum of All Fears,/3E4LW4bjRhEMDeeXeIsmkJ94v8K.jpg
170687,The Boxtrolls,/xDw2kqSDsYneL3g9OIpExPfqpHJ.jpg
16538,"I Love You, Man",/ewGJfCkBkLV4naw1WKqO301bHh2.jpg
4566,Michael Clayton,/hhkW4yVIGo8Bee3UITKvqOvhNMG.jpg
617,Wild Things,/aaicreJBf7EuwGq3GgUV5ZedlfF.jpg
10808,Dr. Dolittle 2,/asYjHXBoD44B6mLOcZtMfMV3hm1.jpg
324670,Spectral,/fYtIWhTDgPTcutD24f53Dcc7BAE.jpg
9316,Ong-Bak,/iwb54L5lrv4t476jxWLcjt9Ply4.jpg
9072,Little Man,/zlmlkLVNexUciv3ffdtqHELEVgg.jpg
873,The Color Purple,/mHKrzeBR4SBzc9g4hT9ncIAvM4E.jpg
12106,The Quick and the Dead,/jhEmrXJpP6F3cqwyLjvgBgxxxFA.jpg
454293,Night School,/uQVIQDc3foTPodZw0ie1Or0CXBn.jpg
9357,One Hour Photo,/fuSIN3Nq6dmaA8LZSkASpQueFO1.jpg
14359,Doubt,/9lypT2ghNuUPYVJf66oe4fKvUqI.jpg
9531,Superman III,/c4oR6qgZW2s5foGkQi2Dd86KuAS.jpg
655,"Paris, Texas",/7G6ea5djDvCxfqfoMAX8479T4UB.jpg
314405,Tale of Tales,/ryZsoaYmcEJsye6P5uo5thEjpqB.jpg
11327,Midnight Express,/mW54BtqVRxrPnoO9gQQjTLJlnuU.jpg
11172,Music and Lyrics,/xcdA2WLBNcPXMQB9uA5DqqQvbwe.jpg
486947,The Guilty,/pBeRHioTDNRlgIKzkOCSk0ihkLW.jpg
2018,The Wedding Planner,/meq4bLUPcBlOG3Z5YdiWuBMlpO.jpg
1729,The Forbidden Kingdom,/mkrwLBAFHwLnQF8qdhCH0VOQqff.jpg
151960,Planes,/i2xgU0y0p77WTrB0oIkbpdaWq8R.jpg
181283,Child 44,/qqGhMt31HVUN3WnH0L2r0OWq38E.jpg
83389,From Up on Poppy Hill,/rRLYX4RZIyloHSJwvZKAhphAjiB.jpg
242095,The Signal,/opZNdMgVBl3kKpKlW58PXnLZKFV.jpg
325789,The Infiltrator,/758F57DxVRLe38S1Je4O1Bjx2u6.jpg
2604,Born on the Fourth of July,/k5HfnMgaREHDNA7CugiETCb9ItM.jpg
10761,Made of Honor,/pDg8D0jNqmz7RbCBgblWvmPswHE.jpg
238215,The Cobbler,/k6CYisrf2J2FXzvSXVJSscHc7Kj.jpg
475430,Artemis Fowl,/tI8ocADh22GtQFV28vGHaBZVb0U.jpg
7278,Meet the Spartans,/DWQOjAPvM8Kk1Qp3Xq0zae0Z6w.jpg
1852,World Trade Center,/bfTiVc8kxq8uRXeblV3Ct35APGu.jpg
112198,What's in a Name,/5xKkDkv506CiSp99SxmHLsnaoFs.jpg
517814,Capernaum,/mFnfTVADj8yOxwzprYOmTPselk8.jpg
590,The Hours,/4myDtowDJQPQnkEDB1IWGtJR1Fo.jpg
245168,Suffragette,/vETQNfswR1R7SOIpGuFDv66xfb7.jpg
407448,Detroit,/tmCt2hy9QoFHft3UcHwpGX2Sihl.jpg
2657,Pleasantville,/m1hhYP6OScjKU5Z9iZaWirSn4I6.jpg
11104,Chungking Express,/43I9DcNoCzpyzK8JCkJYpHqHqGG.jpg
37786,Sex and the City 2,/iHSRxhZsPaVuLCivvV6WEkMVGWU.jpg
4584,Sense and Sensibility,/cBK2yL3HqhFvIVd7lLtazWlRZPR.jpg
25793,Precious,/cY23k6VQsHVfTQIHf7e887iAfq4.jpg
4379,Monster-in-Law,/lOnvMSAojdtKeVv8a8ilywXp6dF.jpg
10774,Network,/qZomlHsaALUtkFeMDwdYmwS2Pbo.jpg
491480,The Boy Who Harnessed the Wind,/yOr7RxHw15MMXNxGMXSmngDqHyI.jpg
15196,Clue,/aRxbYOYHS8T73nzR8hsLousoplR.jpg
283378,Fallen,/k0na2JR3mIgl5m64tW5uxB5Fa4m.jpg
262543,Automata,/nUEIwqzTWYvEJEcMkHZ8BAi2rL0.jpg
285923,Grindhouse,/vZ4pV3zwVb4pJwdvPBe5BKO6KLD.jpg
6877,Failure to Launch,/wQrNTe7VDytVDet9Jus6RDKEPYZ.jpg
338189,It's Only the End of the World,/zD9TQOqZrgTjI7XfHPNjNSki7C0.jpg
399106,Piper,/rfEkkVzmrMYqGezNLl02mVyJCP2.jpg
290,Barton Fink,/s8Jd8T2UktNkECPfaleruDt3zUf.jpg
38317,Zookeeper,/y3b4AYw8dr4hIKTfEAjxUxx0z8G.jpg
258509,Alvin and the Chipmunks: The Road Chip,/aQhFoqby8UYq4uGQXOtV7P8JLBl.jpg
298382,The Dressmaker,/3APZ6T1JqZnkPx012P9tos8BGAf.jpg
10588,The Cat in the Hat,/rarkyyiNciLa0r9Ywz6VdnDIaZA.jpg
24253,The Girl Who Played with Fire,/A8UjhPjINIBgmoH37aqt40u53PQ.jpg
4421,G.I. Jane,/6yBgZJYqaR4XkxwjsB9tS4GK1ZN.jpg
9372,Super Size Me,/zYkbqQaCuIHBxqBDGgnQCwJ9jIG.jpg
9718,Talladega Nights: The Ballad of Ricky Bobby,/3iCiTqsmJz1mO85AHzTiHNkRmb6.jpg
44603,Hereafter,/nOy0X8XSmSDOuwV8pqT70WoWHwT.jpg
8952,I Love You Phillip Morris,/qtAuWLGQ7N4PNQ6boZeqqoUY2l9.jpg
2640,Heathers,/dGbVfM4WlM7uvIbyRehfPZUIgp2.jpg
10735,What a Girl Wants,/gGpMruX59KWNuAXgHpiAm8hiChw.jpg
55846,Blitz,/qjqmhhc7uLub22mhu4V6DjOBwXM.jpg
171372,Frank,/mGzqs4CHW8LomreoPATnyrTXk7j.jpg
453201,The 15:17 to Paris,/qxJQ0VBCuJkJhJmuWzxI408ngwd.jpg
268920,Hot Pursuit,/lobNOBHuJQCP9ZYAf86MBMwRrmZ.jpg
1825,Over the Top,/7oxcGe0aTSgYADGCxenNvk9z7dk.jpg
417320,Descendants 2,/qoNlGfQmFZ37Gf5fRBaCTLlOZtx.jpg
9349,Universal Soldier,/fp0mWrHl1SW9PhP8QcsgYPoVYFc.jpg
592,The Conversation,/9LGN30PhmzAZhDc23yFBZAHtNST.jpg
454640,The Angry Birds Movie 2,/ebe8hJRCwdflNQbUjRrfmqtUiNi.jpg
330764,The Brand New Testament,/w42B8tzdYGJGZdhUQfQ71sFxfU1.jpg
293670,The Wailing,/aXlL7yYwpXInhltamtzKQFBG08G.jpg
205220,Philomena,/eBUv2GmGdXmCk1AaSOmyiu70hN8.jpg
845,Strangers on a Train,/ihC083U7ef56Ui4x0P0dobojrZ1.jpg
591275,Fear Street: 1666,/rmEPtz3Ufzol2VWUAZYzOFaBio3.jpg
10992,Cats & Dogs,/rM6qLVhApXiXYjMuzSFOESUiVaJ.jpg
512,Scoop,/aHvZYoQNRTMrfs46pj64b9GrbaK.jpg
42684,Skyline,/8QpvbnNrtzijlwiM0bFVeilc6lc.jpg
300673,The Finest Hours,/6UG91TJ4DKI6FGdqXZfDBeRZHX8.jpg
9994,The Great Mouse Detective,/9uDr7vfjCFr39KGCcqrk44Cg7fQ.jpg
648579,The Unbearable Weight of Massive Talent,/aqhLeieyTpTUKPOfZ3jzo2La0Mq.jpg
646207,The Ice Road,/pj6UQPrtmC0snzPeU1HUhGWTgz6.jpg
9563,Any Given Sunday,/bysZeUvSPZPJnku4qkHF34CdgMG.jpg
108,Three Colors: Blue,/33wsWxzsNstI8N7dvuwzFmj1qBd.jpg
963,The Maltese Falcon,/bf4o6Uzw5wqLjdKwRuiDrN1xyvl.jpg
76617,Texas Chainsaw 3D,/dwIQ7WDCSiIcNdbferTcU7uI0KV.jpg
287424,Maggie,/twa9gXjocLM629sJrQYVtmF306R.jpg
746,The Last Emperor,/7TILJhdeJAaEyDiwvJZMo9SQBoe.jpg
736526,Troll,/ulgKdif3ubMACDltr8VZy6fyVjW.jpg
103332,Ruby Sparks,/sTkrd0PJJA468EHOsv242785sOb.jpg
11017,Billy Madison,/iwk9pWR6MwTInEQc8Vw5vGHjeQ0.jpg
55420,Another Earth,/qvGJK3lFzpifAdyIupMNdWNX0qr.jpg
1639,Speed 2: Cruise Control,/gnK1ocpwUTj24zAktzomOJsD2bu.jpg
152747,All Is Lost,/9cVA4oX2xHgiglv6hemxwAaofsq.jpg
7516,Smokin' Aces,/nrdnN8WqvyOt8Bnl3hgWcZD6ZyM.jpg
252838,The Wedding Ringer,/nh9VKA4LEPKkoCljnDNHtSIhKbF.jpg
80389,Get the Gringo,/v43pBEbRILw2CylmaC170kjY2DN.jpg
334524,Gold,/ukMXAdr325Tn1mLGkxdG8Lab16l.jpg
1883,Malcolm X,/o2s9ow0uRRm1BcF3teznk5twd90.jpg
9038,The Heartbreak Kid,/bVWM0L3DqFpNE3Yt49WjAgTQUc0.jpg
2026,Hostage,/vjhLmtjO2pMQXRgkxcwZoq2Ma8n.jpg
379,Miller's Crossing,/ab3pnsTKp3BgcAFy0FgWBFBg9FL.jpg
724089,Gabriel's Inferno: Part II,/x5o8cLZfEXMoZczTYWLrUo1P7UJ.jpg
86837,Amour,/yq8hSg68QcfqKim9iydrVe4ndX3.jpg
511785,Alex Strangelove,/6OemqmvthXswt5KFmtXBCMMloJ4.jpg
9559,A Perfect World,/1II9kMjOuho3pnEvxkpx7e3ozOO.jpg
77883,The Possession,/loZYdcmgvnonHtH0XH0RI7rm8iA.jpg
722778,The Hand of God,/kreVxr5moB7K52IGGV1BGAn6nq1.jpg
614,Wild Strawberries,/iyTD2QnySNMPUPE3IedZQipSWfz.jpg
11371,The Score,/fsb4m9XW59mei8GKznvI3lLzcfp.jpg
1407,La Vie en Rose,/pmKVYXBb57iQ9cKXuYF1GCWxBip.jpg
716612,Spencer,/7GcqdBKaMM9BWXWN07BirBMkcBF.jpg
4349,The Kingdom,/1RkL0PGod3b75MSrc1nVJxZsoRT.jpg
294016,Trumbo,/2RERIRnZkROSeHZAIf8PSxhzOqs.jpg
10033,Just Friends,/jgs2mdFlx8NJzbxXTHeQxvQbN6n.jpg
9427,The Full Monty,/xkMiZv2FPrhIAtxvEcN1jAbkHRY.jpg
11675,Halloween H20: 20 Years Later,/lqLXUm3oK59sGJKRH2Zjj2m3iMg.jpg
221,Rebel Without a Cause,/n0oJB5fhcUth9ZbHziwsFuR38gT.jpg
4550,Lady Vengeance,/7F7Ozn0QpqkVvuv1kC2XpbuFvn9.jpg
65759,Happy Feet Two,/2gWiQ4mn85jcXtREVePlVViupeV.jpg
227973,The Peanuts Movie,/dZOcwqxurYhDyjmdnhYcGnn1agL.jpg
205321,Sharknado,/ohj7g2j4hRz8MmkEqlHAP65aNoL.jpg
9675,Sideways,/5p3tGb5a5426BeC0Ch92T3IWNK9.jpg
1632,Mississippi Burning,/lKkuDmMNp88y5KsA2lB00g0MoWz.jpg
9833,The Phantom of the Opera,/aTsp2VTaCBiGs8w05OTXfD97FRZ.jpg
9281,Witness,/rzfewCij3oipDGfs9XjCxIKtRYo.jpg
11565,Big Momma's House 2,/wlbov6pkgySqYZilZcO54f29Dg1.jpg
11023,Thirteen,/uzTLlZrNF6rMPBh5mUQu6vLnTtX.jpg
43641,Superman/Shazam!: The Return of Black Adam,/3MgwChvi42N1RnhQE9A4pQVHyUY.jpg
2654,In the Mouth of Madness,/msh4tEUzbnEqlHcFOUH4O0Zti8r.jpg
10679,Iron Sky,/hVDJM29BSbET4FzI24xLuWSmDUR.jpg
800815,The Pale Blue Eye,/9xkGlFRqrN8btTLU0KQvOfn2PHr.jpg
5516,The Ladykillers,/l4g9R39NCp6VaYFrw6q8JwKNW9x.jpg
93856,Chernobyl Diaries,/9AKhThGA8IATBy3gR7I4dw9SEc4.jpg
11351,Jeepers Creepers 2,/u2ghDfjcs3y5c8ata3COc4pWiAN.jpg
10153,Sphere,/5IMr0L4BoONvN5i9kyVd0zGww3L.jpg
40662,Batman: Under the Red Hood,/7lmHqHg1rG9b4U8MjuyQjmJ7Qm0.jpg
48034,Little White Lies,/djypJtQfUxeEMh6kc0aRzIoN9UR.jpg
8689,Cannibal Holocaust,/89vXjnQGdTR1DBrAjqfN5oPpmX3.jpg
763,Braindead,/pa39D8TQs6aNw3hiUs4jLjHVUB0.jpg
9348,Species,/yEAEULEn5rraRIpymMACticTfBD.jpg
9550,House of Flying Daggers,/93feGsGiCtG5ymrRcErUgBsdo6v.jpg
9725,Friday the 13th Part 2,/52n8moWCcqoJyC9aPB3YIsl4TSK.jpg
11336,The Dead Zone,/9yTVaeS8eIkOpbwIycVFm7EQrgF.jpg
642885,Hocus Pocus 2,/7ze7YNmUaX81ufctGqt0AgHxRtL.jpg
123025,"Batman: The Dark Knight Returns, Part 1",/kkjTbwV1Xnj8wBL52PjOcXzTbnb.jpg
483,Wild at Heart,/uLUFI5sJIfWrBUWB2Y1dEuyvvVy.jpg
617505,Hubie Halloween,/dbhC6qRydXyRmpUdcl9bL9rARya.jpg
11081,Taking Lives,/zeFGOS1kj0CxuZjGhtK3WlMCYsa.jpg
61012,Silent Hill: Revelation 3D,/xBC7bHZ5UglTw4LMd2lTSgXvQXl.jpg
60747,Red Dawn,/aHdxKDX36NOEYE2NyAyP7ThuAcm.jpg
208134,Jackass Presents: Bad Grandpa,/dDSMzBEaM0LYSy9Muo0zsCo77Vh.jpg
2291,Jacob's Ladder,/4GY4FsM0ZOtbSTeMpY0g4WkEuBW.jpg
44244,Camp Rock 2: The Final Jam,/8RSdWqC259zR72Jjo6ANAM4ndhM.jpg
846,The X Files,/yLIw6shz2WC3W3iI0jROsF4B2ha.jpg
11096,Hide and Seek,/orY4PX3TNFdCbdVwhKY32UKMvoA.jpg
11013,Secretary,/mdRXSE7ho185SZlXj0JSwuecEd3.jpg
512895,Lady and the Tramp,/8wBEye516IKul9sW7JKGcFXVGfV.jpg
9869,Patriot Games,/yToAJg67r3hk3Ux3sfXOdpiqxU.jpg
6964,Something's Gotta Give,/4fQJjwbDf1KELvJJMcmAV6AxJdH.jpg
804150,Cocaine Bear,/gOnmaxHo0412UVr1QM5Nekv1xPi.jpg
614560,Mank,/4yzTcAtvzyZLLto4z04xobUK9el.jpg
623491,The Babysitter: Killer Queen,/imy1OoT1xddt2kqw6hhc4v01e8i.jpg
501907,A Beautiful Day in the Neighborhood,/p9vCAVhDK375XyobVcKqzqzsUHE.jpg
10775,Infernal Affairs,/gix9thDBXfjJ8M7rYbihqbQGBcP.jpg
2662,House of 1000 Corpses,/afISpRBO81uaLy5hrMHqyof6C1J.jpg
284303,Goodnight Mommy,/u3G2gF7M9dmH4Vcs54PUjieOi0C.jpg
9788,Accepted,/pMh1dCw5vhMATmJs0ve0OpoSVED.jpg
9359,Maverick,/cf4L3VW5nEHIaU3pOMZSIoBQmDP.jpg
256961,Paul Blart: Mall Cop 2,/zgr98ZRQnmN8iWzJn1EelAGFaTs.jpg
475,Bonnie and Clyde,/sCSQFK9kMsprT4jgWqgw82dT6WI.jpg
581726,Infinite,/niw2AKHz6XmwiRMLWaoyAOAti0G.jpg
585511,Luck,/1HOYvwGFioUFL58UVvDRG6beEDm.jpg
12233,Oliver & Company,/x8XqdiZ0Oxu5iXF9SiFub9Lae8J.jpg
323677,Race,/3pKLVyz6LGQU8xEDhYHSHsfy5Bg.jpg
9722,Bewitched,/bQqHksFAeUdozGGABxHJt3YVIyA.jpg
9920,Ultraviolet,/zwpxpx8CGqdUvDdS2GkN61eP4v9.jpg
34653,A Single Man,/vhoM2LmcPlzcgBIztqqsSAYwaF7.jpg
33217,Diary of a Wimpy Kid,/iLAGiPnSuODt9cn332bkFElrRig.jpg
396806,Anon,/xhBTO9n3fxy3HJt7WlR9h9vvVmk.jpg
9665,Glory,/tubPIJJah9iJ9eDHXxaxjLdOcQd.jpg
10495,The Karate Kid Part III,/zE58VthFwD9vKy1vEDnSYR6loqm.jpg
46146,Troll Hunter,/v2W5NEz0p9jPFzbbYt0dP86gsOX.jpg
333352,Eye in the Sky,/faRGb9SuyGuZpsNRoIxoVSLLCId.jpg
53319,What a Beautiful Day,/mGNakJZRSxFsXXJCoy38zW5Kp0.jpg
9012,Jackass: The Movie,/9Rb659hvGfmef1xm0mMvDHEBqmf.jpg
11249,Seed of Chucky,/vd9K93gQ9whMKjXzADZanxWpIXM.jpg
254473,Brick Mansions,/6OopiNRk7lWP0hPsY0eYqq2kQTi.jpg
64328,The Muppets,/rsNbxonO8gtylIXwiv7JeqwJ4Kb.jpg
532639,Pinocchio,/g8sclIV4gj1TZqUpnL82hKOTK3B.jpg
10778,The Man Who Wasn't There,/gQHBLxJmakVO1h7VnTHwnVplXZs.jpg
2179,Tenacious D in The Pick of Destiny,/kYo7TWASMC3YG3dJVsEsE4CNkd7.jpg
656690,The Social Dilemma,/jcaM6V2tCtu6iMHDsGLBUbaYgYp.jpg
107811,21 & Over,/noB71pnF8jz2IIP1LeilfnaaO2F.jpg
593,Solaris,/uER8n2iitx8Tek6v0wXeF5lMGXp.jpg
962,The Gold Rush,/eQRFo1qwRREYwj47Yoe1PisgOle.jpg
10327,"Legally Blonde 2: Red, White & Blonde",/4kC0UGTuJgFnlZq2ZM6OiY7nuY8.jpg
9529,Candyman,/n38YbNqUf5KWpMJFc4X3t0rlhg5.jpg
55931,The Animatrix,/eDjIG2hAeMU5cxLrd6oiQqdqoZt.jpg
437586,mid90s,/9Tw0Y3DK5kGIU9X1yw3Q9gCkOlb.jpg
42949,Arthur 3: The War of the Two Worlds,/wBT40NqmBz65WYmIGhDnWcgzPcA.jpg
9353,Nacho Libre,/kh7B91bMl2lZ0mH9WhPfaNUIEQH.jpg
11683,Land of the Dead,/q7tLETjCPu2gNO5vR9esXEd6Mil.jpg
11808,U.S. Marshals,/5ST0BydDSXtW5AtfDDhTVS13pTt.jpg
10796,The One,/gcr3t71KmeXINemMrhaGBGVJPwW.jpg
403,Driving Miss Daisy,/iaCzvcY42HihFxQBTZCTKMpsI0P.jpg
74308,Detachment,/5NYI1dfskJ8oKEbVgJlJE4txnZ2.jpg
309886,Blood Father,/1VpEcYxo2T5qt5YMynfWZkctPR4.jpg
303,Notorious,/yUjKnpColooH88BFQJwwgNOQ56N.jpg
413518,Pinocchio,/y5qFpo1eEdsHCPh2zZyplzxaxsU.jpg
406761,Hotel Artemis,/gchhqclKEEwwAOzdILPWBO14ONB.jpg
10669,Deliverance,/2TrAzNJlHyNYYSkQf6asg3rs2Xr.jpg
634528,The Marksman,/6vcDalR50RWa309vBH1NLmG2rjQ.jpg
87825,Trouble with the Curve,/zLZQVmxOj5kICbS5Pq7rB1cbPvP.jpg
454227,Outlaw King,/rT49ousKUWN3dV7UlhaC9onTNdl.jpg
9760,Epic Movie,/l0lGJiTzU2Ce6T31DIRWv7I0kaC.jpg
452832,Serenity,/hgWAcic93phg4DOuQ8NrsgQWiqu.jpg
121986,Frances Ha,/jrq1NoKvsxWCcffVOjegiYwloFN.jpg
43933,Monsters,/qpJyTxR33KG9qFmXoCD5AUTToPl.jpg
417870,Girls Trip,/fM1h8CwtdileV3zlemXx7UWJjOP.jpg
9963,Premonition,/vKW1XIYrIqVrbCaYj9FQDHKXR8R.jpg
922,Dead Man,/jX3wGBVoYoAY3IixBpwYk1fjT4z.jpg
12201,Edge of Darkness,/pvHjp1vEFmp5FquSCPQ2O95tIZJ.jpg
289222,The Zookeeper's Wife,/50KGpMiIvSkF4WHOgp0gM6r6sMU.jpg
446894,Smallfoot,/zfaiO7QgpcvR8XDOMokWLRfKeTE.jpg
616820,Halloween Ends,/q06saepaXeBdkMibuN4R2fXmgIw.jpg
11660,Following,/3bX6VVSMf0dvzk5pMT4ALG5A92d.jpg
167032,Curse of Chucky,/x9DzkDWp8O82Wzxk6otuD9bce9a.jpg
9768,Cry-Baby,/qV1XYzb2QTvpcnfSnYVSunGQ4XA.jpg
395991,Only the Brave,/lC7WdUNLOJI3sllaDGNdFy2GT8g.jpg
8843,The Cell,/42JC2W8LgSGolvjDAvHY6f38gfE.jpg
551804,Freaky,/8xC6QSyxrpm0D5A6iyHNemEWBVe.jpg
401246,The Square,/pefcv5VNspSK4Dt8doei5bJmmln.jpg
505058,Unfriended: Dark Web,/nOXuOeD07nZPT29IgiGT0S8PZH.jpg
491584,Burning,/kXiF80o74fE9gf3Utf9moAI7ar0.jpg
467660,Unsane,/wdaUssQhZDOgegkJZx7NfY75HRX.jpg
9691,Assassins,/kgqS4jn60E8UIExfceMUExB3ZKK.jpg
7459,Speed Racer,/fxRIpx9Op9h71q3tvuabx4GryyP.jpg
654,On the Waterfront,/fKjLZy9W8VxMOp5OoyWojmLVCQw.jpg
2294,Jay and Silent Bob Strike Back,/aEsAdMAhwKYFgnHHxMOknktQYKK.jpg
1430,Bowling for Columbine,/5AlgeysilsfLdEwlTlYO7fqgsLn.jpg
112336,Hitchcock,/zlG4QzB00VM6QHUmRkKaboCOgat.jpg
615643,Minari,/6mPNdmjdbVKPITv3LLCmQoKs9Zw.jpg
49009,The Way Back,/6imc5u5H1RASjWPOQ923VFzIo6E.jpg
8838,Mercury Rising,/60AAso6I2TzQCy2SjqtzPni8csA.jpg
527261,The Silence,/lTVOquzxw2DPF3MKuYd1ynz9F6H.jpg
884605,No Hard Feelings,/gD72DhJ7NbfxvtxGiAzLaa0xaoj.jpg
6844,The Ten Commandments,/2rBUaC6ngeFmYXjL4KA3eLjt5wA.jpg
11228,Daylight,/omw7K0L6qArF87zv7qDjjVysyev.jpg
2142,Cop Land,/qzR7m6kUhsbdid3xRK2jTXjyNmG.jpg
389053,The Do-Over,/z9VCm2E6gCAwbM2SELRawfqdXBO.jpg
11187,Child's Play 3,/rHUOQShfzQTdE625cqwZoIOTvik.jpg
568620,Snake Eyes: G.I. Joe Origins,/uIXF0sQGXOxQhbaEaKOi2VYlIL0.jpg
45132,Super,/iBXsm2VuTLdocOWUHSKjie8fjlU.jpg
10715,Looney Tunes: Back in Action,/q0kntpdsHA0QdYjpQdNBqrVTdQq.jpg
14191,Aquamarine,/g2Hvucs1Q1nir3pyIXuIwo66uFV.jpg
14462,The Manchurian Candidate,/4xEWtEbKK2EXMZ8UPff8hDCSiVW.jpg
424781,Sorry to Bother You,/peTl1V04E9ppvhgvNmSX0r2ALqO.jpg
399121,An Officer and a Spy,/kqlzmKVBpGz7OMWfOXlK4y1m9Uz.jpg
663712,Terrifier 2,/8gLhu8UFPZfH2Hv11JhTZkb9CVl.jpg
33909,Wall Street: Money Never Sleeps,/i9DFTWbD6mpM6UT3HlzZwlA92l4.jpg
126963,Dragon Ball Z: Battle of Gods,/nxZEdYcHMuD8SSuwusDnK9CD2H1.jpg
484482,Sink or Swim,/zsGYDF6nRC8RsT1MnQTrH2IMVDC.jpg
9944,The Pelican Brief,/1V9B0fk3dh2Af2yUI5mAEETJNNT.jpg
284427,Who Am I,/oR3tbNzJMJmCKS5O5fanU9yxIOk.jpg
3112,The Night of the Hunter,/rBka0nFWiHxabHRLr0KfIA8Yiaq.jpg
23742,Cop Out,/qA31i7FPVDHezuoevx3497CvZd4.jpg
11529,Sweet Home Alabama,/698cbxq0SRwCdOPG5Bwi7JDk12d.jpg
16577,Astro Boy,/fYOJaaCpqq1NatziVJntmsXXDi8.jpg
705,All About Eve,/6numIZH6uR3NlJgY9m7nGH0jhs.jpg
1551,Flatliners,/wda3j7p7YHXKpFIlSzoTCtP7myF.jpg
760883,Blood Red Sky,/v7aOJKI5vxCHotHvN8O7SR6SpP6.jpg
597219,The Half of It,/jC1PNXGET1ZZQyrJvdFhPfXdPP1.jpg
8469,Animal House,/1iYG1mu8dPIXPzUBZF4OE1KUMMl.jpg
578701,Those Who Wish Me Dead,/xCEg6KowNISWvMh8GvPSxtdf9TO.jpg
489925,Eighth Grade,/xTa9cLhGHfQ7084UvoPQ2bBXKqd.jpg
9386,In the Line of Fire,/3NvOFpmyECI3DNExYMtFIRcGMsu.jpg
3035,Frankenstein,/mu6wHwH0IwCCaEYtpqujuPJYat1.jpg
964980,Air,/76AKQPdH3M8cvsFR9K8JsOzVlY5.jpg
308639,Dope,/n6u00imN7AX2NiyWUc5kTgHXmEf.jpg
21575,A Prophet,/x9Jb8kewBHPzjTtgCQvoQoDsy4d.jpg
60670,The Crimson Rivers,/y5gRgTg8EuB7Qff2QrsZqkYxDp7.jpg
11153,National Lampoon's Vacation,/e2rPqdYkPPkNrybsgoOB9Jgrjbb.jpg
565028,Candyman,/ygyoaQ8bCp4kDcLc6SdP5GvqmDW.jpg
8845,Under Siege,/myHxm9p8fhEsXyaLO6DawYJKolg.jpg
18491,Neon Genesis Evangelion: The End of Evangelion,/j6G24dqI4WgUtChhWjfnI4lnmiK.jpg
586863,Les Misérables,/pUc2ZaIxvPHROjT0Trd6tpSnTme.jpg
315664,Florence Foster Jenkins,/1HAdtUchzWEo0LMFHrgD2UBIBS3.jpg
152737,August: Osage County,/fvjxr77dfxdIOY3lvj0bHP4B5xT.jpg
9035,Slither,/7D4ZS7LUnc89ptIt0yW7L4SYPOG.jpg
11968,Into the Blue,/h5oXcjRu0EOiAxSxYuGq58897tu.jpg
2334,Taxi 3,/6Yk3O5mNIYpIKIKaB2l4TJBDdlS.jpg
395993,Stronger,/nnkxdFeY7YAgnicxkvwuxY7gVaT.jpg
287948,The Transporter Refueled,/71kaQfdrMy0LHSeLRADsvlDGCgb.jpg
506574,Descendants 3,/7IRy0iHdaS0JI3ng4ZYlk5gLSFn.jpg
146239,Delivery Man,/dKTkxSeNgHdwgrAbhwbXuUk4tzb.jpg
416144,Hotel Mumbai,/v32SC4HFZtlDRWXMaR2V2dWqAXJ.jpg
10157,Police Academy 2: Their First Assignment,/xyljfyGSJOdghPsycreHMsnhpU9.jpg
84348,V/H/S,/xVGfCaTwVdZt3lFqtOVhTDqmG58.jpg
234,The Cabinet of Dr. Caligari,/myK9DeIsXWGKgUTZyGXg2IfFk0W.jpg
14254,The Uninvited,/ggTa0LdQxNIFvmOdYnHBu2rXCye.jpg
521935,Cam,/quwWODOHhwC3gGlLIRSKjPy8d9u.jpg
22832,Ninja Assassin,/ipJ4mgqse6uoTRsDyU3TXmva1rt.jpg
10030,Good Luck Chuck,/eGxaRbDfxBWPysoxkOfYgkwflxJ.jpg
483104,A Christmas Prince,/x0IGQsMzVbsF7noj5cCfEk1GU7s.jpg
2251,Unfaithful,/bjiHEhuiwhIygzjczbTPAA07cGc.jpg
11355,Never Been Kissed,/6BngDhDNfbBjhVFWDT2yMve32vi.jpg
14199,The Adventures of Sharkboy and Lavagirl,/wyXPANZMYYbKh8Ic8qFLqMkolyV.jpg
440298,Cold War,/6rbS8oPIgUMhQgIX8oGVTtlNgLR.jpg
10357,Volcano,/6JA1o2Xz3QJRfdZqhAwlGqAVQyR.jpg
10779,The Frighteners,/vbyEohgR2nx8YPTepAXodoQfJJH.jpg
6280,Junior,/eQmgPrXf7c7daRdl3Zwgm65lw3o.jpg
10377,My Cousin Vinny,/iwSURa8nS2ujwrU3s1lfxxX7voH.jpg
377264,Morgan,/v1Qb1I0wVvk8FQaNaat9DHlKFGc.jpg
9726,A Good Year,/10ErazhJxfL68rWg2KLfwiRuIou.jpg
225728,Macbeth,/a5NEpil29Uns1wEYF8k99qVgj1T.jpg
4858,The Invasion,/oS5rMuJXwNZZPx0ojhvjgduglD2.jpg
38357,Morning Glory,/aFRXEoB3QkeHNHYmVGC3uzFSol8.jpg
11358,Walking Tall,/2sdmKtRz2SlGSLxxZDePKm5zxus.jpg
6312,Brotherhood of the Wolf,/x0bsgEeWqpvH8Lgwgmzi2tujlrV.jpg
39781,The Kids Are All Right,/xQ5XqZc82dDCcGjxY7voRKjhaKQ.jpg
254904,The November Man,/4ejNFbCgLMDAuy7jFQmc7cr6UAW.jpg
8676,Fool's Gold,/5pIqVNmWJ87K5dk9tE01o6gknZJ.jpg
513310,Boss Level,/i6QFXv4lZyxRMknH0EDkCIz02XP.jpg
9437,Kiss the Girls,/25h5I3E3ydhazsPDnscWHivq5pn.jpg
98357,Broken City,/hqa5FwNZC55zqSpdeGFtBDqw55y.jpg
4643,The Guardian,/iFOw9bXeLM6a2WbI7T1ytF8o0Wn.jpg
38684,Jane Eyre,/o5mTxitBJNy5QtPKLFhuSB6GkzG.jpg
11645,Ran,/jQnUtWaHYfqnXPOIf77K7Ycqk4M.jpg
10010,Brother Bear 2,/yaA8q2zHHUgFWdJNxXyAdU71SzM.jpg
316152,Free State of Jones,/pKhJLNHu5Aw8BgxOJ90lCmg0j0f.jpg
404,The Straight Story,/tT9cMiVDdtlcdZxOoFy3VRmEoKk.jpg
15165,Barbie as The Princess & the Pauper,/xHYsUwUe4MaNc6mbNBGTkqZSnPk.jpg
615469,Spiderhead,/5hTK0J9SGPLSTFwcbU0ELlJsnAY.jpg
9667,The Jacket,/bt89UfRhjAvJDAO9CWJnRFXAN3p.jpg
442062,Goosebumps 2: Haunted Halloween,/t2wy38iiMpB8WsgJi3lYeDnGh2H.jpg
460793,Olaf's Frozen Adventure,/As8WTtxXs9e3cBit3ztTf7zoRmm.jpg
381,To Catch a Thief,/cbMRkBGBgo3aLJK2M4MyicvkPLQ.jpg
522518,A Dog's Journey,/wquJChp0NpoqthYdE3YjXNNxvVC.jpg
618344,Justice League Dark: Apokolips War,/c01Y4suApJ1Wic2xLmaq1QYcfoZ.jpg
491472,At Eternity's Gate,/y4LvHQoX5YunHJ2EMBSjQvOkvD9.jpg
11775,Intolerable Cruelty,/7K8hDwOWsZv0MluyrB8nWlhJOgB.jpg
9208,Broken Arrow,/2AlvHCeaZtFeR2H0IDoa2BmXOyK.jpg
11075,Audition,/3uHGdP7S3TlApsoskvRGhS0x6eu.jpg
72784,The Loft,/dgNANcemMtCzp7q8nmOBzlR2xVh.jpg
315465,The Boy and the Beast,/kzKJxfIdZ70nsPfKyq7hlYlJwSx.jpg
638974,Murder Mystery 2,/s1VzVhXlqsevi8zeCMG9A16nEUf.jpg
9610,Conan the Destroyer,/m5i7S46DT1ESy7URkh2l92awGRr.jpg
432068,C'est la vie!,/e9hIxAKPdXo9Fgwca6vT4USOXK6.jpg
3600,I Still Know What You Did Last Summer,/motBJIO921LFZkoGKCSbmSCVHBc.jpg
8836,The X Files: I Want to Believe,/s3x7CZO7gCICKQkA5rSgorkJzYy.jpg
713,The Piano,/rx8RKXn8OtuS6lqloYsjyrGOUp4.jpg
2114,Final Fantasy: The Spirits Within,/47b1EwFqqSWxYna7NtUM7iML4oT.jpg
635,Angel Heart,/h5v3wjJQNB7q2RntEnKDLhKtTFE.jpg
12104,Pink Floyd: The Wall,/aElHyIdF5jmctFGhlhhaPFsbBJC.jpg
790,The Fog,/gZmdq8HB8SBdOHk5XarjCZIiGGk.jpg
9829,United 93,/aahr1uIPrEej8q4baE1RYXOXwFB.jpg
247,The Killing,/A6VzUPcADZGYdGHlVdWvpMNDF5d.jpg
11001,Blue Streak,/jek2osBtFhzU6Hjj7yp1egOtbqO.jpg
102362,Dead Man Down,/8xWo2WE36JdBwlCmwvXM4bb5rBg.jpg
142061,"Batman: The Dark Knight Returns, Part 2",/arEZYd6uMOFTILne9Ux0A8qctMe.jpg
583406,Judas and the Black Messiah,/iIgr75GoqFxe1X5Wz9siOODGe9u.jpg
269795,2:22,/rj0h3RnKX5CB8X5UE1PfpMSV4MP.jpg
1391,Y Tu Mamá También,/izw41PkE8y891yraO6fN1tCNmOG.jpg
50698,Grave Encounters,/8vnsB3Rg9Gb91UOaecXRb7dYB37.jpg
1985,The Constant Gardener,/nkXq7V7mmJVbvwZGr3nxkHo7HkS.jpg
7972,Before the Devil Knows You're Dead,/bEvwL1ZLG1tzoCdYM8qUGR6IG4o.jpg
12139,Dennis the Menace,/Kl3HTDhJ1wNg9NpJwApE5mXGmo.jpg
199373,The Frozen Ground,/kf9tssa2uIy4ka7pU6DdmdfG3ul.jpg
406994,Better Watch Out,/liI4c3GYaKuAo4FsCF4RKvFFqbV.jpg
187596,Walk of Shame,/octCQBtM0MbIS19oZAlO1mHvnhi.jpg
4474,My Super Ex-Girlfriend,/vs4jcY5NQA24zFGihY2EiqEA5hI.jpg
7364,Sahara,/kyY1onYxkKBDlJsheRsVbMaoQEM.jpg
71469,The Darkest Hour,/5Ao4qAFbjP7fcFOOdMNvQEnl0Yr.jpg
9331,Clear and Present Danger,/6xTM8FPxrLRYwz6I3fqtwh7xybs.jpg
80280,[REC]³ Genesis,/tI1534q0Up7PBcLdXdFerLmIXn3.jpg
539681,DC League of Super-Pets,/qpPMewlugFaejXjz4YNDnpTniFX.jpg
9647,Scrooged,/uO0znfB2ZzTXA1IS7jkrjNbpkYK.jpg
188166,Blue Ruin,/q0itEsso2drJXqH9kfdidxIT5dF.jpg
13335,Harold & Kumar Escape from Guantanamo Bay,/pRo2wOKbJEfoLnTK1APcDtKfGzL.jpg
511809,West Side Story,/myAX5qoD6YVLNGiWpk2wcU66Vfq.jpg
9454,EverAfter,/2jqz4Dd2o3wd3r6sJVHgADkBLXE.jpg
228194,The Hundred-Foot Journey,/1vFhSr7INoulu18smHqicft05i8.jpg
10228,Pokémon: The First Movie,/6YPzBcMH0aPNTvdXNCDLY0zdE1g.jpg
168,Star Trek IV: The Voyage Home,/xY5TzGXJOB3L9rhZ1MbbPyVlW5J.jpg
227348,Paranormal Activity: The Marked Ones,/2o4vBAnORr9UnLMvWHhULGDHfzH.jpg
1266,Street Kings,/csXyZ1BsDBlH0PXkOFWxggEf9WF.jpg
14128,Cinderella II: Dreams Come True,/kEDbtKhZsqPo7ypCzoz3fkq73Pc.jpg
244,King Kong,/lHlnxKL5GbgRibyRFI7n1Ey850i.jpg
504253,I Want to Eat Your Pancreas,/qpV8kvRfAntV7D4aOOsLIz7OdPc.jpg
6435,Practical Magic,/AwmToSgf2IL3aHv0QRVsR5KvChv.jpg
400579,Tully,/wDI4YXBXolMYi15Qx2kClvdSERM.jpg
2605,Short Circuit,/e3eimdUK6lLe0iaSlLrYVQF3yeL.jpg
20533,Jonah Hex,/eVkChkP3QHYnkuAZLAgeC1wHjmt.jpg
87826,Here Comes the Boom,/g3ZjNkQP4M7Cs0clPD9q7EO2P1g.jpg
9793,The Hills Have Eyes 2,/3SX2UGSmAjIZsVACpshPpKtjbDr.jpg
11667,Street Fighter,/6yh95dD2Y6uWAlPfWCZZygBM1ec.jpg
137116,Smurfs: The Lost Village,/swt9crREg1UcKgg3wGWfoFNlXOz.jpg
472734,Dumplin',/xJAB1HrFUuOf2VkWPaZ4N2DACCo.jpg
21407,The Collector,/e33HSokiAxhj8ptpAr2xAU4jnd8.jpg
6538,Charlie Wilson's War,/45FghqcdSYRWK7PsHUInaFPNd8l.jpg
734265,Love Hard,/oTkAFDZRLnqrXOrOwuy3Tvul0v5.jpg
6068,Six Days Seven Nights,/fzWrrCzRa16v51TXAUuT6Wendw7.jpg
26736,Wizards of Waverly Place: The Movie,/reHGWHlF5tHwFQiFmsWHn9gwIpq.jpg
840326,Sisu,/ygO9lowFMXWymATCrhoQXd6gCEh.jpg
399366,Marrowbone,/iX77zMSqUv2Qt7ToEnN2mmEudEf.jpg
868759,Ghosted,/liLN69YgoovHVgmlHJ876PKi5Yi.jpg
124459,The Incredible Burt Wonderstone,/lGM09eiaaJbEOoAU0LowujIjsD8.jpg
49020,Submarine,/nbzXX3CYtKUBrPeMcG7PVoLQHXB.jpg
502292,The Last Summer,/nAn3MRAUwbjVApN3qYkvsTEOAvx.jpg
682507,Where the Crawdads Sing,/6h5OCqRnWH7Dcm4IeP4JypBdtuI.jpg
341006,The Belko Experiment,/faJK0dP3S92kQoKtO4LZMjy41kf.jpg
2119,Days of Thunder,/4kHzXHRJGcRxxRvkCvb5yTxZwml.jpg
179,The Interpreter,/wTidq3J9fh8sEOAlD8WZFHVLSuB.jpg
597891,Kate,/uJgdT1boTSP0dDIjdTgGleg71l4.jpg
8007,Behind Enemy Lines,/fZReMWU3zszvaktDUqOoWCzHssZ.jpg
150,48 Hrs.,/aDzOj4a9HvgRjjAEgwXyztCWVXq.jpg
8834,Conspiracy Theory,/wj0n6gci4EMWRhV9ozCKTgESGdB.jpg
10294,Vacancy,/1DdfXaXzi1sJysZ800GOUAwlLR4.jpg
115290,Blue Lagoon: The Awakening,/ptsBY9Aqo4Mn0V1krI5s8WfFxzW.jpg
20126,Deep Red,/wq7RxV5gMvgO0EKeWpNhegnpJBh.jpg
9441,Stepmom,/1bBiApUkRfzislORsl07d6XXYsT.jpg
487297,What Men Want,/30IiwvIRqPGjUV0bxJkZfnSiCL.jpg
15588,OSS 117: Lost in Rio,/rhv06T3gTFOShIVkQ0UipZFIyDw.jpg
2323,Field of Dreams,/8PT4sAcneQ7MtZ1Mqoe2EyOJHmZ.jpg
9604,Red Heat,/AoJTHXmO01EZgT0p1YTsGBEQxLj.jpg
243940,The Lazarus Effect,/4aq0TOLvITU3iWRUfxlRc83lMz1.jpg
535,Flashdance,/ziiy6ORt8BlxWFXskBChBMInvDA.jpg
84332,Safety Not Guaranteed,/bYiQAWmxRfzBie866SqOEEgtBXk.jpg
347201,Boruto: Naruto the Movie,/1k6iwC4KaPvTBt1JuaqXy3noZRY.jpg
175,The Big Blue,/vbi56h6a1BGjnhq2RnUrcQZs2aV.jpg
34806,The Back-Up Plan,/fB6PxwdydGzdq5jSWrxwSMEqSFs.jpg
1694,Re-Animator,/1hY6AUl92cL9GdZx031UWFiGETt.jpg
504562,Motherless Brooklyn,/jjMJy5OxJHpFIaboCklDIYdcfpD.jpg
440471,Escape Plan 2: Hades,/A6tb8JNrie2qT8JC2tGqshayuck.jpg
86828,Absolutely Anything,/tnBt9yPCQwnXLwioqfgnL5hqGM6.jpg
11260,Meet Dave,/3Qfav5aVRcZmq854olMjJ795JJ2.jpg
51052,Arthur Christmas,/sPCrGLdTMn0ud3oAJG37VDxpQfZ.jpg
7520,Cocktail,/jFRhEPhtsln9tDwzMdZN3OlhUob.jpg
241239,A Most Violent Year,/861WY0triAjO0A6VWMhrZ6s7VFG.jpg
10047,The Messenger: The Story of Joan of Arc,/bR16gmwgnCD5e5UWPZHc1BsOsV0.jpg
424121,Apostle,/rd269f2Yftxxam3EOJPYVwrvjIJ.jpg
458220,Palmer,/xSDdRAjxKAGi8fUBLOqSrBhJmF0.jpg
522924,The Art of Racing in the Rain,/mi5VN4ww0JZgRFJIaPxxTGKjUg7.jpg
7985,Penelope,/eZDxWKfCYxUE53Ke02AE5yjU1o0.jpg
30018,Mother,/reAEOWk7UA14V1LMKWlK5pzsJui.jpg
6073,The Mexican,/5GqF6rVjUW6CVTuj7w1A2JE49AF.jpg
1777,Fahrenheit 9/11,/fqYHw4cCgEbbWqhA4MIuWKZZ4RA.jpg
398,Capote,/k7z0tDxzbDNev7F8l3Y56Pk5seR.jpg
10998,Fatal Attraction,/vjB9XwJKnYqFKKjhWcE6WpAf5Ki.jpg
353326,The Man Who Knew Infinity,/v2X1BtkxaV8pzLbmM8a5gTdpg7B.jpg
144336,Sabotage,/f5L0WlOAzFiKTOGNZTcKkEJ4iOT.jpg
26428,Agora,/mAseEqJp4SFaAfcOz8bQsxoRl5R.jpg
347969,The Ridiculous 6,/kPc80jywR5Nm2KIQjkY5i4VXSx4.jpg
301875,Equals,/vP1i0dddTbLL3pyddrSCPnJa8S7.jpg
429203,The Old Man & the Gun,/a4BfxRK8dBgbQqbRxPs8kmLd8LG.jpg
25769,Carriers,/jxjnjHtHXgvjdhkwpelE9ZwVMg6.jpg
266294,Sisters,/hpvHqAiusQtGNDx48dA3z5ejjon.jpg
304357,Woman in Gold,/6eoj6bozvgwNuDV3vOrqlvrCrX.jpg
437,Cube 2: Hypercube,/bEqqwtwUP7lm56VyeVONhv9JtYu.jpg
9293,John Tucker Must Die,/l8B01BFBpIyycO2DopROessWzQU.jpg
818397,Memory,/4Q1n3TwieoULnuaztu9aFjqHDTI.jpg
626735,Dog,/zHQy4h36WwuCetKS7C3wcT1hkgA.jpg
722913,Malcolm & Marie,/bdidDnAZwchN5vTenoNuhGPJTri.jpg
340027,Brain on Fire,/kEwI53HNDO0ajSUWh4HSsGrlF6l.jpg
77949,The Awakening,/9SJHeGRlpwkJknUMo7DPg7frrnH.jpg
1480,Touch of Evil,/1pvRgmfBaoMczIJBOi9gCOZ4FMC.jpg
10061,Escape from L.A.,/3L9lL2eUsmLNNfENPwNOc82Hzpw.jpg
13179,Tinker Bell,/3Ma0r1n8kfH7UaQMS7bJ9KsYUjT.jpg
110416,Song of the Sea,/3DBX7QOEzWPNcDhqXInk6GBEvhK.jpg
10776,Little Shop of Horrors,/iKkbN17OmFosaW6asCNZTTsyvpu.jpg
7305,Alive,/uQACcCZqd7WCTRin9xRIW5gr1bd.jpg
485774,The Open House,/7JwdoLcbFWaeUBxKaoFulRVK8Ja.jpg
404378,A Street Cat Named Bob,/nBYG0D2FcbL1m926sIj7RN4m0sb.jpg
2067,Mission to Mars,/beDWEWxgFlt1UWvf2al9cjDol2i.jpg
472451,Boy Erased,/oZbhTdi0ZQY7iiSQ0L7h3ya6NDF.jpg
483202,Eli,/bIID8uZTYNnSMfWwaIluRTzaZQL.jpg
36670,Never Say Never Again,/zhoAL4o1STGgLbLxJ9r1ijfyHC9.jpg
201,Star Trek: Nemesis,/cldAwhvBmOv9jrd3bXWuqRHoXyq.jpg
20760,Lilo & Stitch 2: Stitch Has a Glitch,/vcn7a7ENxi5TBTlka4wYLzmKQIp.jpg
4960,"Synecdoche, New York",/5UwdhrjXhUgsiDhe1dpS9z4yj7q.jpg
171424,The Green Inferno,/dTnAYyUwp6lT0cKrt4aNujj5mdF.jpg
207933,Stonehearst Asylum,/fZxGCCQ0NAtraevqULJ84wSSjo0.jpg
664767,Mortal Kombat Legends: Scorpion's Revenge,/4VlXER3FImHeFuUjBShFamhIp9M.jpg
480105,47 Meters Down: Uncaged,/g4z7mDmJmx23vsVg6XNWcnXb6gc.jpg
454619,Overboard,/41Rzkgo9y7n6BNGD6O8j0LVs8Yu.jpg
335578,Land of Mine,/7TOYH2VDnYbXpBKlrkdQZUSC3Du.jpg
9356,Look Who's Talking Too,/m409mVHmvDOZJltNzHJYigUthsW.jpg
184345,A Haunted House 2,/oV7M00fPXy5P0nbdeMbSUjYv0vx.jpg
13788,The Unborn,/6SUuLwyk9wFKZDYsgdSahYs7HEf.jpg
146301,Paranormal Activity: The Ghost Dimension,/liH857ClOwCQ1cmdIh5DNUEgLmi.jpg
336804,Mustang,/sXg3JjxCkgWw5B4VVk8lfcYImne.jpg
892,Delicatessen,/gNtOgQHxE5B8e08zuNRAdDpmK5Z.jpg
531454,Eurovision Song Contest: The Story of Fire Saga,/9zrbgYyFvwH8sy5mv9eT25xsAzL.jpg
22897,It's Complicated,/Act1ypvpDNVzWbceIktX6KmmNhh.jpg
487476,Nothing to Hide,/xGCN6PLWaxlRzNoie3WEnnoxlGK.jpg
73567,Killer Joe,/vr470u3L5govXLpoqtUe8S9GyxE.jpg
542224,Gretel & Hansel,/mBBBXseq4k4dI63k06XIrsc02j8.jpg
787752,Fresh,/tlu71AgaL3EQBBCNGsAwZLPbV5D.jpg
17473,The Room,/9QscHN4pXj6Ja1k7e1ZT4vWDGnr.jpg
23759,Centurion,/9ZdfrcP2QCqoRSk7JF06tDWtrhP.jpg
97365,Rust and Bone,/6bcerd7CeQ5y5Dilym1O2C8c8Gl.jpg
283552,The Light Between Oceans,/c9S6VKZPllNgdxBUuI3GYJiqcKO.jpg
1696,The Devil's Rejects,/drZz4AuI7trq6BxlH9Xa4v4O0Pb.jpg
451,Leaving Las Vegas,/nqc2LaUWB4ePf6IqpJ6D8apBDvn.jpg
288,High Noon,/bc1x6kIO9oF30y3IMFuKMJV2uOj.jpg
32985,Solomon Kane,/jwwVNuGRUBXcudG6wOKP9U60BzU.jpg
4518,Elizabeth,/pkmS95lnTOnBFmG5g82aNSE3dkW.jpg
468224,Tolkien,/A7eYO3t7oZQdfJj5KlJBI7GhT9H.jpg
157370,Kill Your Darlings,/cnki2mlujf32d3MYspZQFYlVsoL.jpg
565310,The Farewell,/7UrIarxfjxZC9YGj8H1ATKZMXVy.jpg
9986,Charlotte's Web,/fU0IR5HF8KxQbZijuWKPTrY81Qv.jpg
451945,BPM (Beats per Minute),/azLtGx5ZhdTSP2b4oNLWtiE51OW.jpg
548473,Color Out of Space,/vkwgzCBBiY3C1XEy0WakYfMOvnG.jpg
10402,Deuce Bigalow: Male Gigolo,/w0UKAcY4fAPuQW2GhAoIMwutIA5.jpg
838,American Graffiti,/1yFdtOV0b9UBUoBNbw0ZcyLbadk.jpg
524251,I See You,/2LwamrHAmxqEHsT9JViFJxT08Ek.jpg
1548,Ghost World,/uwKqnUPE4dSM0kKuMW0vXpURh2T.jpg
11031,This Is Spinal Tap,/z2LA8eBTSuuPC4NBhIZRNIwpimH.jpg
69668,Dream House,/uQFbnBEYguc6EWYKG0Hgq4LVdc2.jpg
9906,The Ant Bully,/oFuqX0inTvbA1XAFv2x3CQnI65m.jpg
10843,After Hours,/eamOBurHBu0MIxohTIVcfxmZ6Z7.jpg
4689,Sympathy for Mr. Vengeance,/uj42ubGbgVL65T10SvPVr0p9mJc.jpg
433249,IO,/utH781EwjzzXQC6fZUO3cw8L5Ht.jpg
530382,In the Shadow of the Moon,/5DSVYlKwEzGBxTkS95L73c3oxLs.jpg
10537,The Doors,/x1LM3dzGuG6xOz0aT2e71o11vhu.jpg
11416,The Mission,/6K9cG6LOOtySZF4D4xBu1MApC1N.jpg
4176,Murder on the Orient Express,/6tHXXo9kciCKGp3kF0ffY9mjuOA.jpg
3635,Girl with a Pearl Earring,/AdomZBdFbu3tt0UCr4lR58SdXHr.jpg
10795,Tell No One,/fr2wEeO1H8dzx6EDfzYTRBIvZaE.jpg
2924,Backdraft,/bymJtYNIdiAiBR1LRetaJXbfryc.jpg
10400,The Hurricane,/eOzbt7KsqTC8gcjJMxcQnr89cxJ.jpg
593910,Cinderella,/clDFqATL4zcE7LzUwkrVj3zHvk7.jpg
137321,Winter's Tale,/dwDAUpidqVEql6w1o51VIPlMtbG.jpg
24150,Halloween II,/vSHPM4LQDpWdQrD5KZWK6wNqSOD.jpg
11878,Yojimbo,/tN7kYPjRhDolpui9sc9Eq9n5b2O.jpg
16290,Jackass 3D,/rqK0MkfpWT2DpFjNzkvjHf0vxZ4.jpg
374473,"I, Daniel Blake",/nu3WVABXz2W85N6JXTZOT1aWS3b.jpg
903,Cool Hand Luke,/4ykzTiHKLamh3eZJ8orVICtU2Jp.jpg
760741,Beast,/f18rGcLlawKjNC5KRh36S0mvRlY.jpg
13483,Awake,/jIPIxaBcppLLkygko7tV5yuTIs1.jpg
7457,Alpha Dog,/t9pirEsDxe102mSQGoDZWBbdcCD.jpg
331836,Babysitting 2,/8kDHjMLw5knh0AYdp9iIeUt5AYZ.jpg
9314,Nineteen Eighty-Four,/hrdQlicxuyTg3zyVqq78EsA4Z6J.jpg
9697,Lady in the Water,/ddNmoSy1Jd3PBF5XDZvrrBIfrja.jpg
607259,Fatherhood,/pR2fzm82fl0giommpo310LBOMbV.jpg
11287,A League of Their Own,/7xpFXAOjgzFPE3vyVerFGfrXhFK.jpg
9884,Collateral Damage,/uyzgI1jqMjQMzbjhMrWvWHd76Ua.jpg
174772,Europa Report,/tbsfaBjiAW5vfrV06R8KCOzVOYy.jpg
351819,Fifty Shades of Black,/fYRiZ3vJuuCYb9H7HXfpjKO9Jd6.jpg
9411,Fallen,/fzJdIi4xK1sdesMDSBuIsdfMLzD.jpg
290751,Secret in Their Eyes,/gJl4iTxQlazkPCplGmSLGBUwqg9.jpg
112454,Clown,/uNvbakoHyQYqeWanOw3mF3troWU.jpg
4478,Indecent Proposal,/iSpgSQDETZzi7Hha3uY1eSSoTmX.jpg
560057,The Sea Beast,/9Zfv4Ap1e8eKOYnZPtYaWhLkk0d.jpg
471498,Oxygen,/u74DFoZGTcZ8cuHO8nvQkCqXEVP.jpg
323676,The Boss,/q6TAy2EWMpuT6gpxlO3ofj0RYrq.jpg
38396,That's Life,/u1UzOHEzeYjUvxOk7yby7GgGidj.jpg
41211,Heartbreaker,/sw7Sc4u2A9Y0dZ1543MoGVaQdmI.jpg
6069,The Witches of Eastwick,/p5OivnZuXfy5E3BKKFIeSidmwys.jpg
263109,Shaun the Sheep Movie,/dhVYlfMNc2bfXPB83LLL00I4l9n.jpg
218778,"Alexander and the Terrible, Horrible, No Good, Very Bad Day",/pxbAepXQjsGFDHaR3dPndFSxDU0.jpg
2255,Chasing Amy,/eFhPqkNmRDfRHyQiUzUdoQjpwgh.jpg
606,Out of Africa,/3ao9wNPTdpFDWVMyqDZGZnSGpz5.jpg
13761,Pocahontas II: Journey to a New World,/gAnmNjw1TCTzS702mj1OwwmXBpM.jpg
250574,Creep,/qn53D574tT0YRyLgirEFHQwGUXw.jpg
284536,The Gambler,/kL7DfJIje1srf8yliRiMjFEqLtM.jpg
85038,Welcome to the North,/eZhBakjVlMhFxxARSUOVKDM7BG7.jpg
10481,102 Dalmatians,/dSxnIika9yWwTvEbpsmoGdeh65E.jpg
12090,Just Married,/dWGEGhyl7T5prK8o18IUTSafxjv.jpg
9298,Ali G Indahouse,/pjKvQrVpekshVM6DUDOt3ImhAVH.jpg
11644,Blow Out,/weMW1wLzeagP3tw6BfmYf1iL7dz.jpg
11618,The Haunting,/ihCDU8FulNvHQFqs01cEc7CE3zq.jpg
11814,Weird Science,/jaEauZd2joSAKn42D83gm3S0y3F.jpg
10222,Kickboxer,/ks3JEiWeEZQtasx0yzxRp7MuFkb.jpg
4688,Across the Universe,/447c8Te3DXC46rQvDEixKGO4dS6.jpg
429189,Wonder Wheel,/fPXn8SW4pa4kJErAIAJLmb3Znns.jpg
2671,Ring,/dTtWdsBZuyAs5HwDXSOdjRtHugI.jpg
70435,Haywire,/iI3KOQOyTMJgxccs50zjxn3R7DF.jpg
72207,The Five-Year Engagement,/drsY910CSoSkROYypNVwUxI875T.jpg
11368,Blood Simple,/tsXUVpsY3moFQ8q6lM2d1f5yD5m.jpg
1819,"You, Me and Dupree",/rtqbg1CKR4dFdmHxmsiM3u9n71I.jpg
3114,The Searchers,/jLBmgW0epNzJ1N9uzaVCjbyT94v.jpg
513576,Always Be My Maybe,/3BO6pPa7qDcpPYct061Luh9fvst.jpg
632727,Texas Chainsaw Massacre,/7sKiGNWFM15WNyY7LYd5vmb3brO.jpg
246403,Tusk,/pHghiDnQ63O7MiItD6CaSz2jjnr.jpg
702,A Streetcar Named Desire,/aicdlO5vt7z2ARm279eGzJeYCLQ.jpg
33613,The Girl Who Kicked the Hornet's Nest,/92byRQBuuiLcfKnBi5NOuipSgV8.jpg
575452,The Traitor,/bjb1zKlyw85hYwDXzz2UM6XqjUU.jpg
667520,A Whisker Away,/6inkRM1XGBG5vRhclCPWfMenp7N.jpg
70436,The Raven,/boE0JFhZRpWLLrKOQE6bCBZGerP.jpg
374617,Imperium,/fEwo3gZfbeoovdcTyf4o4wATE1r.jpg
333669,Bastille Day,/lTby7l0zX7xG8Pt0eNrWBrNzdqX.jpg
10131,A Nightmare on Elm Street 4: The Dream Master,/boStYG7jKdoIZTduiOOsUVknD13.jpg
21861,LOL (Laughing Out Loud),/cqAlMlnCh2pTaM7us9bO2WlODEY.jpg
2001,We Own the Night,/fcb2c9BcRc21iiWih23FQfT39uB.jpg
13186,Wrong Turn 2: Dead End,/g3ivyNtj5GjoZ5lHqzEIjY7Jhxt.jpg
6488,Arachnophobia,/lHjpwv1Yv2RcGcTQb4Lc1cKw1y9.jpg
5551,Space Cowboys,/hPzt1bbA1sUDQOl6Vujmyz2hjLN.jpg
8326,Holes,/o2Dm2mcE1qW8vT0bpsJO5OMBbqa.jpg
574,The Man Who Knew Too Much,/gy8YBRjCQRIT9x9G9F5fpnFD4xw.jpg
231,Syriana,/2Ze0aBysu7uGK10cDIwTyyJwaoR.jpg
4953,Be Kind Rewind,/6vSig2xxiD5OUnSdn8bsc5ldNJb.jpg
347626,He's All That,/kW3AG5NHoyq52dcSbMiFB6LyHvk.jpg
1965,A Perfect Murder,/wC0ax12N9GQ8vMXPEs4nES5AAiB.jpg
188207,The Legend of Hercules,/aAnRHLq50AbGWEibXHjmLbp2Tze.jpg
333385,Mr. Right,/yuive5iOJF72ANOetEypK5SpfRv.jpg
529962,The Perfection,/tPDe68PDsgIGMs6wdJLtcwVVxA7.jpg
173185,It Boy,/jsGdeuI0KrCqZd768FMIQHNySdn.jpg
777270,Belfast,/3mInLZyPOVLsZRsBwNHi3UJXXnm.jpg
10851,Revolver,/cXJYFEIGNxiNTCekP1A68ICzJen.jpg
398175,Brawl in Cell Block 99,/bfB1J6jsjdGWKjXxKQ5hNd1OyAs.jpg
451480,The Guernsey Literary & Potato Peel Pie Society,/2XcN2aIma8TqShsOBPbcpxLzY1A.jpg
11232,Kate & Leopold,/mUvikzKJJSg9khrVdxK8kg3TMHA.jpg
64678,The Art of Getting By,/3ahdKyzHbYhvqJdtpsEWipEai98.jpg
157849,A Most Wanted Man,/6B76Z5Ct758RfKFoFg37skVRiMp.jpg
27579,The American,/5OEOsRaBsSxD0qBtAhus0iKDzr.jpg
4808,Charade,/ijJ73UgR6nOqjSP8MO0Z7hawCdm.jpg
74534,The Best Exotic Marigold Hotel,/gNWiOKTWDvPTpr7QfPWk18gLftz.jpg
10676,Halloween III: Season of the Witch,/WABfdeaThFYXCySGIOvRNv2sSW.jpg
72358,A Thousand Words,/4BoeDiKFqKwq4mfU8ITDLglFyoc.jpg
157,Star Trek III: The Search for Spock,/yqEj0oPfKBMCz7YcCARHDgH7VFm.jpg
40205,16 Wishes,/tO8TZvH83uHtrLnec6f684xfzOB.jpg
420648,The Bar,/qqy6zdir0lk9nPBSAPP6ap3myO4.jpg
687,Dead Man Walking,/njn4FAjosndf9Y13zgflCK0DI9o.jpg
11596,New Nightmare,/eN3UZUYapJ2CJCD9dN0LUZLouKa.jpg
110,Three Colors: Red,/JHmsBiX1tjCKqAul1lzC20WcAW.jpg
11846,Father of the Bride,/g6OTK7l6EX2JP5r00O5fG6BZJlh.jpg
9728,Friday the 13th Part III,/mYkbmw6umfbvPYBwkcOJsKbTCQ1.jpg
9886,Johnny Mnemonic,/iH8Jgi8qvb7pnBfI8fVGaUbyRna.jpg
13523,Sex Drive,/pKaFgIpPtkiYTEqytKPaHzlz4Tn.jpg
170522,Asterix: The Mansions of the Gods,/oppvIr8jmTXEVkzRHtipxcmvdQ5.jpg
10336,Spawn,/3svvunKXkhRvEKByGDua1Qu0otq.jpg
38319,Your Highness,/bq3gU60TkgBjLUbxSSZVhDhlhmH.jpg
371608,The Strangers: Prey at Night,/vdxLpPsZkPZdFrREp7eSeSzcimj.jpg
446807,The Girl in the Spider's Web,/w4ibr8R702DCjwYniry1D1XwQXj.jpg
556574,Hamilton,/h1B7tW0t399VDjAcWJh8m87469b.jpg
196867,Annie,/33WsmnE5M2SSGrZCQW4dlr2D5WG.jpg
382614,The Book of Henry,/suLFg4UjvM5BoDipg2Wu3gZ802T.jpg
259695,Live by Night,/bkd46T4RplawnDjpHoI8mhzTLks.jpg
440597,Wish Upon,/u0vnocj57vJt5DHoBEqUOD1G4SU.jpg
4978,An American Tail,/wjhUy9af89vc9CviKcPgTNTrmIq.jpg
24684,An Education,/gLIvvUdlocGjm8XVLxhWHAKWrRq.jpg
37257,Witness for the Prosecution,/mM5Cad2ESBprh6ucPnMzMfI34Cu.jpg
66129,The Tuche Family,/3B8yd66WidGA3BLasNWOuH6RvAX.jpg
293768,Kidnap,/fwdOX3PEZlOLXr9SMpgRnSmTVFp.jpg
25237,Come and See,/qNbMsKVzigERgJUbwf8pKyZogpb.jpg
458737,First Reformed,/p2UylV0hPefEuWPFMo1r56vu2nb.jpg
463257,The Peanut Butter Falcon,/qyQcRGvdW3VtxHR4fSDgPOePEip.jpg
359983,The Lion Guard: Return of the Roar,/duqg6CiSik02nSXjiQHo8TcwY4b.jpg
300681,Replicas,/hhPBTAn9b4TYOxc1JYNsX4BFAlW.jpg
9779,The Sisterhood of the Traveling Pants,/wNshlUT6IZEz2AF3iZrlb2mX0pR.jpg
8290,Don't Look Now... We're Being Shot At!,/91l4Sf3WJwrb0tSVPsOqnBXG8E6.jpg
234200,Pride,/mrITqHNw0XzT7egAPByDuiE3QZf.jpg
393559,My Life as a Zucchini,/2uu8fIzl76C9MFiUQhjKYSLKVq.jpg
434555,The Possession of Hannah Grace,/hDDb0H0uJp2wjoJBbBHbKlYRbug.jpg
11797,Fright Night,/upVMb3s1RugX4J0O40zfERjPE5N.jpg
9890,The Stepford Wives,/ygr0Wlmm1KmE16TUefNitIscVBG.jpg
396461,Under the Silver Lake,/cJ9aKlEgTLYtpYjNqin06YqJRUl.jpg
75900,My Week with Marilyn,/5naqXRY1Zug5cyJJbO9H4DOg28q.jpg
3116,Midnight Cowboy,/f7YLzOxwWzeEdo7RhAlPSBTYa8.jpg
8688,Snake Eyes,/gsh9mQKRrr4M90XC9Rr0wxefc9u.jpg
2619,Splash,/f4SXMEcPKFBYg8aBTko1e20Wher.jpg
9589,Christiane F.,/pxjCfoKO48JJN7L3QieYGOwWDig.jpg
829557,365 Days: This Day,/7qU0SOVcQ8BTJLodcAlulUAG16C.jpg
177,The Fisher King,/7WfXoh6bWHz2Wu5Bt9oT8QDDgiW.jpg
59861,Larry Crowne,/8GDM7RqM6J1vNUdlU94rmtlNa3e.jpg
1642,The Net,/dtupntUFMD5iXBo8HLfALt2ET4R.jpg
376134,The Discovery,/nLIDouFvreSrs8xK62zuvpEPDw0.jpg
239678,This Is Where I Leave You,/rVUI2267FdetVWz9UBQbqTmRVhQ.jpg
560050,Over the Moon,/lG0TF0wj1n9p9CPy5xlIUIkF56a.jpg
1633,Fried Green Tomatoes,/d8ugzsCSHoAlGyHr0Zyep6BKvLQ.jpg
74997,The Human Centipede 2 (Full Sequence),/2cMTX2BQVJDZfFlnPL5dDstmLfz.jpg
471506,Greta,/9hBpFyJ3pGdupXbaC2L7nGvLMBn.jpg
18162,Land of the Lost,/wpX0SnZI7XyXlL8UfvmmeThkmgw.jpg
636565,Rose Island,/yePO1PrRfrVMGqwJ3EzKhVvQXBX.jpg
308,Broken Flowers,/gd8JNjwgiM6ZgGm6NFAkovQWoYn.jpg
226,Boys Don't Cry,/nKXTgbruSrezC1tAeKB6Ri7cGkK.jpg
345009,Mine,/xfQV6nTH6zpvhmdcTOoBR2Q4Z2M.jpg
11470,Jason X,/g50BkeMOO5ZXcT0B9OBGS4VLvBc.jpg
5723,Once,/7nW363kSYRCkr4VGOMvuSGwtzKs.jpg
37933,Tales from Earthsea,/y0VnJt4eRPMjA1hpJ8f1EFoVaSf.jpg
9708,The Wicker Man,/9G6TBckQUKdx3dnn55abUCmonRX.jpg
11873,The Color of Money,/dVdnHmdQu3JtLAAksjTmTEF76gD.jpg
10215,Sliding Doors,/s8VOVTywXZIIHqdEjkCZziH0ebq.jpg
425591,I Don't Feel at Home in This World Anymore,/1stdUlXBc3nxqhdWvZ6wWWEbCQW.jpg
353069,Mother's Day,/AvGTqWgDjQ0TwDkApFMAA1BxJOD.jpg
26022,My Name Is Khan,/5Y36lCiNyyV71mjq6LavgiggbhT.jpg
10539,James and the Giant Peach,/nl2oB6EbD1fHFuP2TLUHDtqs7Ux.jpg
23172,The Spy Next Door,/nJJrceb2xHGIA0irADX0JvWSIHT.jpg
10158,White Men Can't Jump,/jnI05Z2Cm9ACEJo8FGen7tdHKLl.jpg
12107,Nutty Professor II: The Klumps,/7HlhufckAoQb1yIu3FNu339Iuv4.jpg
9882,The Siege,/6aSo9FepBA6zNEHgA3bgqt3UaOk.jpg
169813,Short Term 12,/qKnsyaJZLXfiL2JhIJEkpA8C3LU.jpg
10366,Universal Soldier: The Return,/qlcPJK0Me8aUtDPwk3TqN2RdKH4.jpg
193,Star Trek: Generations,/rHsCYDGHFUarGh5k987b0EFU6kC.jpg
630240,Titane,/AeQC4gFwkIvjAwnSd2RPAlgs1VE.jpg
9556,Darkman,/cmxWSSlG6BHUPTVxtellWi5XjvX.jpg
8976,A Lot Like Love,/7mm9t6rMncBBY2QGusDt6ieoo5C.jpg
11212,Baby's Day Out,/21U2jwl36hoTHsXB3fDuIQkcchu.jpg
179826,Odd Thomas,/skBMhQjHLTU1rp4gutxHp0JuY1C.jpg
9394,They Call Me Trinity,/qY7iV4BJD5IXJU4iXlcZxKN8s9w.jpg
2295,Clerks II,/cLSW0nW94XT0DmBS69ublcLfQ9c.jpg
218043,Left Behind,/b9Q2WR62yB5Aq0hd6kyRFS9cc3Y.jpg
227,The Outsiders,/l9os0HcXY8BOkvUWAx4rvby3j6L.jpg
1165,The Queen,/v08RH5Cx9EFAQMBWQuE5jHAgHYs.jpg
1921,Sweet November,/3biEHZSBSYqSkawU2sQyNbLcjgE.jpg
9816,Save the Last Dance,/sV8GIxT3BjHIiwgKUNwk1S8VSLa.jpg
182560,Dark Places,/acJXtT4ZX7nWIhOaCfSAGBxFw71.jpg
348893,Boyka: Undisputed IV,/7QGdIJWWTkPhVjpQ0zA6z69khod.jpg
281,Strange Days,/rY5BrDRcYAKE0BYmmT66YG6Uy5Q.jpg
9607,Super Mario Bros.,/yt5bbMfKpg1nRr4k5edxs7tPK2m.jpg
433251,Naked,/qXRmYSB9C6SHdxTgY3wB72Riz9Y.jpg
64807,Grudge Match,/dwBSSZ7gCEDvq3zzA4jeDUZeCJ3.jpg
417644,CHiPS,/mIHA8Xf6WmxbS83ia4vQ5ojvxV8.jpg
18736,The Lizzie McGuire Movie,/jGN9PS4JKmxp7oyMqmW8G6HKcG6.jpg
20829,Funny People,/gEYKD5cWCBGg8Za3hhwDBk3gEsP.jpg
515042,Free Solo,/v4QfYZMACODlWul9doN9RxE99ag.jpg
293310,Citizenfour,/nOVhX69EAxtSKEEnr5UcSd5UVci.jpg
336882,The Wave,/owXnF1pVtnWFRMdi7mubaUXWvFK.jpg
2103,Solaris,/drdrB1hEZmzFlK1xtW5HMxK3LUJ.jpg
2539,Spanglish,/t7mBGNmaUFU9nGebA8P6hLaj7jO.jpg
11831,Amistad,/6QqNyIHKow0jngiQgTNBOBrLILM.jpg
16307,The Wicker Man,/wwtrXRL8SiOWxhwLEvw7iBgYh0g.jpg
505436,Serial (Bad) Weddings 2,/kbLoWIpeZ7FthyP6diSdsDGpzr8.jpg
356296,Suburra,/v2PscdczRtYVxiHDGgsNGJNv1AO.jpg
49494,The Eagle,/e7rcJQWplGZWz57yGlP87rlPmI.jpg
9504,Glengarry Glen Ross,/zcaEDx8KlVfh4vKfMNLhiSi5Oz4.jpg
513045,Stuber,/gqk7ndiGn9WUT5UDTm6KHwGTv3m.jpg
35552,The Extraordinary Adventures of Adèle Blanc-Sec,/1nYv7H0XJFgrJ5LewGlyNDvjqdq.jpg
157354,Fruitvale Station,/dvHYetUIshAPtMhtVtBT7dW5hqh.jpg
99770,Asterix & Obelix: God Save Britannia,/rbdGCkvLPxuSvfVwHDK4PmOqmIm.jpg
401847,Can You Ever Forgive Me?,/hPuZR2bFoV0kuBrA98exWyvTf40.jpg
11547,Cabin Fever,/vaUkSL7PbeeKfdFKOh9TYR9M1ds.jpg
9877,Urban Legend,/yKtO5W5gGp8eI7GBZe1HWpaPr2e.jpg
630656,The Death and Return of Superman,/qdEhhPYsfIeWSNTfzHShHOkDfDD.jpg
368031,Friend Request,/8sc2FXCczMd4lb8j5YiT0S6aQiO.jpg
470229,Summer of 84,/qPitgXPCIFh23yCEjqnCZnfhBig.jpg
300665,Leatherface,/nV7LPlyhUxKn5y0nuItCr8D1OSu.jpg
38303,You Again,/9qI5JE6yjmtakTankuDOMZ1vgEx.jpg
13460,Doomsday,/cKUmTyXgmhv8cMRCY9RYTKcAeTn.jpg
430424,See You Up There,/pkO5YoznMR9neuHVzhxHK9JJpAj.jpg
9021,The Santa Clause 2,/g8snUzCS8JhRAzAxZUCAktEGU7d.jpg
8338,Blindness,/deBsx5IxyqCC217j3VY24TkkE0Z.jpg
6951,Turner & Hooch,/g3LC4mc17fQIFnPsMi81zzKC5gF.jpg
324542,Sleepless,/9WkUSY33MDPGmz0vtzbsfaxTHVa.jpg
1245,The Remains of the Day,/qtwipjmSypSQuSvz5BNirSxZqbg.jpg
575264,Mission: Impossible - Dead Reckoning Part One,/NNxYkU70HPurnNCSiCjYAmacwm.jpg
64,Talk to Her,/p8ilqBhIT5YnKOf6hBPEVPc8uGS.jpg
8066,Stay,/tJ9fRkb3Erxkwdext2A8Qx71m87.jpg
11284,Freddy's Dead: The Final Nightmare,/e4qh58n2WaG4Gyh9VhjOUeN9Mhv.jpg
345922,Fist Fight,/huRhv4IZDk2ds0DIDkI6uxdmb6J.jpg
80585,Rock of Ages,/A0kIZHg0Tn66lw5gbKUIRwlCny0.jpg
40264,Vampires Suck,/ksPKfoXovAiFnBktkCBefsRQ8a1.jpg
406385,I Can Quit Whenever I Want 2: Masterclass,/hBQgBWtDym6E7Qem6uhbWJUUHW8.jpg
77459,A Monster in Paris,/jerM6xBeRfIr2rLg2pICmduzoyf.jpg
11454,Manhunter,/6rb24x39vV8n5301IelC8rCPJTH.jpg
1653,The Motorcycle Diaries,/qz2aBYT8CAiJYvX4fRZpJ5G0Oz1.jpg
593402,Tolo Tolo,/CqUxog8F6aaK97RYh8YXhv3NDL.jpg
13855,The Chaser,/hy49xJiKN1nakkN1ZmKuOf6vQYR.jpg
51608,The Man from Nowhere,/ld19CFIo27t41JXSGZdaPMUGTxh.jpg
2636,The Specialist,/9CVAjtkSaFs9FyddGfThj11ZuQq.jpg
724209,Heart of Stone,/vB8o2p4ETnrfiWEgVxHmHWP9yRl.jpg
50647,Wanderlust,/hH1Bla0W4YIn9sdd9NwODzDCcE4.jpg
7549,Fearless,/yKJ7rjIwOa8XvACELo9eV8IvMPb.jpg
70074,Bullet to the Head,/arJfxShfuZPhqfBZZU6DkPZfnjn.jpg
1090,The Thirteenth Floor,/7oaie3ZBc9UuWZLF24crro1pone.jpg
479,Shaft,/5ncvnNPaN73cOqD4muE413sSOyY.jpg
49948,Fantasia 2000,/6JszBEg8OEbkMzpY5IPTMVzxmYZ.jpg
586940,I Lost My Body,/z5dXCywyo8zEPNDkeQY7nbvkrz8.jpg
10226,High Tension,/vKeFa7CqSxmWsQDjHP6SJXKoDbj.jpg
11113,My Fair Lady,/bTXVc29lGSNclf94VIZ49W4gGKl.jpg
2362,Westworld,/qNt29HzxwZ4jGTgSRxdA34ino9Q.jpg
614479,Insidious: The Red Door,/d07phJqCx6z5wILDYqkyraorDPi.jpg
146238,Runner Runner,/ck5jZjv7WVoCBBgTH1gJlhyCLPy.jpg
9730,Friday the 13th: The Final Chapter,/5KRBkaF6PdorcFjWiDY4tJy67Jf.jpg
18269,Lady and the Tramp II: Scamp's Adventure,/nS3nhUZUSY8dWEsRmKILfiOC3F0.jpg
550205,Wish Dragon,/lnPf6hzANL6pVQTxUlsNYSuhT5l.jpg
413362,"Roman J. Israel, Esq.",/epTCHVcyLkT8Aqt08Ki3PWC2sUh.jpg
13417,Kronk's New Groove,/kyMrt0RPVC8LDpdMrk1DjN6Gqdu.jpg
22907,Takers,/2It3pUKN9EdG1bIzfvKJccd0gW8.jpg
293970,The Final Girls,/gQYKSRVo5iZACFOY6x50RblI6rx.jpg
664469,Amsterdam,/6sJcVzGCwrDCBMV0DU6eRzA2UxM.jpg
626,Un Chien Andalou,/3Bond31VV0nRi5o1iL3i5r2s0HG.jpg
16119,Cinderella III: A Twist in Time,/98PHWv6TTpjxvs6EHKJVyrjuuus.jpg
10328,Cocoon,/wqNNm36j3nkucAucHEGAW5pNZcd.jpg
10529,Outlander,/4vIc5fznKsQjE4d0H3H4Zy5bn9o.jpg
337703,The Red Turtle,/wOBU3SLjQ9358Km9YWYasPZyebp.jpg
207768,I Spit on Your Grave 2,/cy3zp7PA4JFq8bT0WwSi8uDlrbD.jpg
5137,Sky Captain and the World of Tomorrow,/cO73CS7XKRPfGYh6G36StnhswQc.jpg
182219,Serial Teachers,/59Bi4wtdoxXV9eaPat7em2ahISI.jpg
639721,The Addams Family 2,/ld7YB9vBRp1GM1DT3KmFWSmtBPB.jpg
15015,Barbie as Rapunzel,/ysiGzuMSc0nFmmDPn9z7U7YSFYf.jpg
11135,The Rescuers Down Under,/5koTDBmMAkJOgAe4PL4163UKjvG.jpg
10607,Don't Be a Menace to South Central While Drinking Your Juice in the Hood,/HZQBF7JDd2e9p4rPSbSHuWHaCC.jpg
13812,Quarantine,/rGfOD8IC1x4PqmnqRuA8KyCckia.jpg
9346,Risky Business,/82KOHShH9raGhkcAN3TztVjqjj3.jpg
10398,Double Jeopardy,/lSYMeHoUh9uWX2kXi9Fqe4BX2Ml.jpg
555974,Brahms: The Boy II,/tIpGQ9uuII7QVFF0GHCFTJFfXve.jpg
292280,The Bye Bye Man,/bape74Eeli5NJ6x4UKuUr604xXh.jpg
111083,The Body,/eV6h3m3sWQlAlP760sAERWQ7KTI.jpg
16052,Selena,/j8xX3yBAFOayfSaImgLZPnAcdWz.jpg
17692,Jaws 3-D,/kqDXj53F9paqVGJLGfHtz7giJ3s.jpg
14784,The Fall,/jUx4P4Q1VsQ07rLz7sOlSyNm4F3.jpg
544401,Cherry,/pwDvkDyaHEU9V7cApQhbcSJMG1w.jpg
393345,Cult of Chucky,/r5JUiMYfatwYeDkxkLWYUx5GIjY.jpg
476926,The Titan,/qRmQazyIBZR4pQIk9VruiZul0Au.jpg
414425,Mudbound,/tf21kSKepMOlnorszWaiFwksKU4.jpg
301502,Blonde,/jOgbnL5FB30pprEjZaY1E1iPtPM.jpg
3638,No Reservations,/eKqfRSf0DZ0Qey1f9ZHuZfsmXVR.jpg
12403,A Perfect Getaway,/7Rf1vYvUsZlTG3xlDwsktIrKi7K.jpg
381356,Five,/20WSLvExcsjv8wDBePiVpYeAgav.jpg
9702,Bound by Honor,/gvP6R6juhe2IpCG7QGDgjyUvm0g.jpg
7095,Jack,/tgyA4EhIp3XrWCgo2Q12UfJJNba.jpg
341012,Popstar: Never Stop Never Stopping,/gfC38IuH1nULbvEqnvSE6PoBrAT.jpg
437033,Toc Toc,/qKrYZOXuayCcqJri6vwfzA8kCxu.jpg
17350,The Brice Man,/1bxno5lAD6PzulewOT9joMfGPsU.jpg
11975,The Rainmaker,/twLGHXPjQtS8UyVGp5GXmhJiTM7.jpg
51481,Mean Girls 2,/34zKHT98ZgSCz6ag1ZNBul7f1Wu.jpg
174,Star Trek VI: The Undiscovered Country,/tvTOJD7Gz668GLy2nNdLRQvpPsv.jpg
256917,The Water Diviner,/kIlVtC22BDNiiAiCvSZoOS7FhY9.jpg
411143,Tau,/qqYOlCee3X7cKg05EOQH1htcHmy.jpg
2110,Wasabi,/z462kVPuD6xpfyTLzoj8AFTx9VR.jpg
10428,Hackers,/r9YuMy9afzIOrumQzIKpKxv711n.jpg
12100,Windtalkers,/547q4HXlvEcS06lujfb2yzsTP3H.jpg
49014,Cosmopolis,/vZEUKrNspiOmy4Muiy7ne6TOVPq.jpg
675445,PAW Patrol: The Movie,/ic0intvXZSfBlYPIvWXpU1ivUCO.jpg
75638,Red Lights,/sukxYMaUTNizM7bcEJ4YeH80e8h.jpg
333381,Return to Sender,/idXlni6MEieEvRaDHxSPyeqP5pS.jpg
2284,Mr. Magorium's Wonder Emporium,/rdFgWATSVhhFtNYZUFsGcHzltcG.jpg
33273,Cell 211,/koap5B3bQHQi3yaZ39vpWR66TGP.jpg
144,Wings of Desire,/iZQs2vUeCzvS1KfZJ6uYNCGJBBV.jpg
226486,Tammy,/efsVMziwE9BNTDX5fNmYVA5oAzJ.jpg
84174,Bachelorette,/yAr4LLjZnoIvrfb1VrV3mh38rTK.jpg
502425,Escape from Pretoria,/5vePsmbekQ1ysXS6f0lhzgCwvc4.jpg
38322,"Big Mommas: Like Father, Like Son",/n1GSxFcDaZ6lMVf21M0KloPfuhu.jpg
6283,MouseHunt,/aqBPrWOzXEO3rWEk3DYTHBjXNZb.jpg
10166,The Witches,/mPYBjVkeHakkPGY7WaKyyNU4RWm.jpg
468198,The Place,/doGGzqZOJ7VZWVZdstRAs0i3de1.jpg
463053,Ibiza,/xm0QJ3eumZ5LSewpYKQe6KfwWRW.jpg
13477,When in Rome,/pteIGpJpgh2aUh3jMqZnomB1rw1.jpg
57157,Young Adult,/9QkbSaulHynkGx3Czx7VBaK83IX.jpg
4517,Elizabeth: The Golden Age,/3bL6lLd6cyQ4JNT4ucqm4PICIVs.jpg
184314,Young & Beautiful,/19ImjMts1JJ2UuvPU33kYSC8f39.jpg
53487,This Must Be the Place,/shypvXowguyXUhtbknBAUiHe11D.jpg
12101,Soylent Green,/5nbkShkOEXUoKVhaX0XG41wyBkq.jpg
10957,The Black Cauldron,/act8vtlXVEizdsUf9FcKbzSERew.jpg
615678,Thunder Force,/3mKMWP5OokB7QpcOMA1yl8BXFAF.jpg
11329,Runaway Jury,/g58RA1zzE39KnkRpKRfgA5RxoXP.jpg
14139,Timecrimes,/zdxQRP7mzczMJBwKnv8MCPRq7rQ.jpg
15097,Fear City: A Family-Style Comedy,/jBzDbxsEiCUCiYcpDLpvbQ6kN2U.jpg
13389,Righteous Kill,/riskU1joB032Dm1tPLPpDKzAbwi.jpg
35558,Starstruck,/kuyJuNiiZvu5iNr8Dgv5y75v1uc.jpg
11090,The Animal,/oNxEXmKTZtECHs0bQbI6dQoXYMV.jpg
11798,This Is England,/zzbVtj7qSVLig1sEgGDXJDPhaXF.jpg
2614,Innerspace,/A4azclZQjqeQxXvcok3rdUmuq8a.jpg
417261,Forever My Girl,/bKqdggnIPeOI15VqtBZTkvh4hA9.jpg
11442,Halloween: Resurrection,/1mlKwbNzJCGzqe4i0ZEJtUUL290.jpg
2335,Taxi 4,/8OoVXQo23kgMw4ooLfi2mDGVfUE.jpg
440472,The Upside,/hPZ2caow1PCND6qnerfgn6RTXdm.jpg
340676,Personal Shopper,/cdm6qZgmbaIwjKBZnUSGWS4eyM2.jpg
1389,Out of Sight,/v49q7AMR3pB4M762woWB1NYMCLF.jpg
9447,Babe: Pig in the City,/glO6LcTWUZcbxWT2SB4eRDnFSsP.jpg
427900,Home Again,/pE4VHzhDZgvbx2QOllaXXPADiW1.jpg
6620,Sabrina,/r8woenvB9eqnlgXDzSt3pWTfWzq.jpg
12536,Home Alone 4,/qRktvMOO2QaCL7gvNyvZDoxPOZj.jpg
2293,Mallrats,/kNm0AQFIc4nlzCd8Nqvbb5gccAV.jpg
503616,Second Act,/maUMIZVGs8g1hYtq4dQ9Lg9FtVF.jpg
2100,The Last Castle,/9OHuF3SFLc16XnSkosAAlFbI1YD.jpg
273271,Time Lapse,/2E3neQ7IKjttHKDQm0uzJMSY3vW.jpg
11411,Superman IV: The Quest for Peace,/vhs3P0JwqzlgfBqhjnCWDEOtDmS.jpg
23514,The Rum Diary,/8xmzSn5Qd3lX9iqrkoY27wMRE3O.jpg
50359,Hop,/hRa9MJTgCbSuL3h2CVPwUdYOWJH.jpg
1685,Beneath the Planet of the Apes,/szHCeYwi4ubewuYnlnz0YGqWnQC.jpg
635731,Pig,/1InMm4Mbjx8wCKvIy5gglo5i3HN.jpg
331781,Amy,/qL0RepWSNUuZoeDXfyhqowVYhrn.jpg
2157,Lost in Space,/4miEpZmUOMqV8P0T6oq5HVBiVHw.jpg
474764,The Lodge,/yake2myhbW7c6dKbmwYDy1i40bm.jpg
5550,RoboCop 3,/ppLSSwCuC5ERRWbu9H3R8SPL9AM.jpg
9923,Domino,/pZdIfYkM5kV5BaUDYzwzgmpUxno.jpg
11931,In Her Shoes,/4x1w6GD9XZvMpBlc44bXLjCbQDj.jpg
43959,Soul Surfer,/urLCQDCOITabAud39ZwLbNFBrc4.jpg
9932,Analyze That,/q3R6Hno3WFfIkHQg7CeVAEOcHQQ.jpg
45657,The Ward,/x2dqoY5cYop46SKebNXRNL5EXEM.jpg
9952,Rescue Dawn,/7a99nU5k9e3FhBNWfPzR3yRMArl.jpg
8882,Gomorrah,/swX2DCJYfR1BIG5Q81vKqBl9vf7.jpg
71157,Polisse,/cKs3XSFVbFeZcH3g9geAvr6ApOl.jpg
9587,Little Women,/1ZzH1XMcKAe5NdrKL5MfcqZHHsZ.jpg
70670,Headhunters,/ll32Hyillq6VSC1F7v4m2uZjGKI.jpg
515248,Someone Great,/h0nz5lIBXeUZChBNfwL08bLWQaU.jpg
4380,Shall We Dance?,/aGIyiQv08Gw1HO5BV1yrwCWtGHC.jpg
4959,The International,/2r8qgOaBy6EiKbKRLwurjmHIgFs.jpg
43549,The Experiment,/zy6hJYii2PJfMRoUBlULhfuLsgL.jpg
619979,Deep Water,/6yRMyWwjuhKg6IU66uiZIGhaSc8.jpg
12225,Cashback,/9KlMglIBYxreQTEXxHJWiSrYPD2.jpg
13466,October Sky,/iZiHYgDjt1A03QJwCnQsDvmZtCR.jpg
327331,The Dirt,/xGY5rr8441ib0lT9mtHZn7e8Aay.jpg
9945,Vampires,/iBkoNEyjXNlruGxuiBbUS4iReeq.jpg
850,A Christmas Story,/f3VITMLSmP3Ai65AvXT54RcF5Sw.jpg
641662,Pieces of a Woman,/OgUfLlhfBFx5BPK6LzBWFvBW1w.jpg
13690,Open Season 2,/lM4bahouPblYcfngZtnNSkaWxCU.jpg
517909,The Laundromat,/hwNMJgbiUUvPCxsnADjbV9ysM5j.jpg
9270,Brick,/5WVk8JpNIxepn4fpZzQeCumkOL5.jpg
419831,I Kill Giants,/cvit6HDbXHE6W5kGPd47jd0wthQ.jpg
75258,Secret of the Wings,/bnbzEKX9LgDuJ0VBGm5d60mKDaR.jpg
320007,Victoria,/9P8QgfoMcFX7vp2Gj2cYFecHVRZ.jpg
1052,Blow-Up,/tiq3QOrJqlVlN8q6bJqVsTzKyrb.jpg
8869,Eight Legged Freaks,/1hf7x6WmyXtL1MlY4eSlTbZ8Nzu.jpg
37645,22 Bullets,/4spRV4Qw0YGaWBHYJ6enu84sR81.jpg
503619,The Package,/70mP0nwUmtaL44Y8aoUn6uBjJON.jpg
402529,All Eyez on Me,/zmgsaKFWbmZ1Grz4SO0PLNxilv3.jpg
617502,Jolt,/gYZAHan5CHPFXORpQMvOjCTug4E.jpg
438590,A-X-L,/9kB56ZdMB6RgY5QtX9Bar45jCeI.jpg
37861,Valhalla Rising,/7LBMcAx6XHwEduIsBYipvUke9n.jpg
12182,Nick and Norah's Infinite Playlist,/cndxWgZEHnSUtytrMjal97ye34E.jpg
339984,Miracles from Heaven,/hz9VF1TfaM0D04pYneSXUkNeOZv.jpg
13930,For the Birds,/50j57HZij4mR1wZCNAAdXzTyeCq.jpg
3036,Mary Shelley's Frankenstein,/bOwCAQsZlEKrwhPi1ejY6BS8jpL.jpg
13342,Fast Times at Ridgemont High,/s1DA8H7qwoOcAEhow2rCzuQtpuO.jpg
10160,A Nightmare on Elm Street: The Dream Child,/7BU4Uaxhd7zSYusBWyR5CeeBLeb.jpg
268531,Captain Underpants: The First Epic Movie,/vVWwCv5WjDpddG2JsDPVPBmmP1e.jpg
332,Inspector Gadget,/eKpK8FaQDpkgp3HHm3YrIDqUjWh.jpg
2755,About Schmidt,/tstvsrJHY57hc951lb190alXRQm.jpg
33701,French Fried Vacation 2: The Bronzés go Skiing,/uTN0bp8yMUKesNTLXR1GnL2kLFs.jpg
1643,Last Tango in Paris,/vDuI72CpwWYIWJzNNA01PA2Utdr.jpg
157834,The Zero Theorem,/j2sEI9FOaJszidVatzIaaMPdLsm.jpg
10802,Showgirls,/atjtGFIIt9QMGf9ELyboq5cl466.jpg
443463,Leave No Trace,/w69iId8e80xBpyF0r2rfZoqRwQj.jpg
527729,Asterix: The Secret of the Magic Potion,/5OvHpzWXBzOvgZwOoUsqNSouSwy.jpg
12118,Police Academy 3: Back in Training,/pBxGgWSR0CMaCVMA2kQS5MWU1z3.jpg
637534,The Stronghold,/nLanxl7Xhfbd5s8FxPy8jWZw4rv.jpg
10897,The Little Rascals,/qI7PKX2JSw4yD2iQm3pyHvKir28.jpg
10028,Honey,/xyqsfWcjC9TQZjGn2NLspL5YoJ4.jpg
13888,Return to the Blue Lagoon,/jhUTLuPgc3Qcvr5xtji8oiWSfYy.jpg
378018,The Void,/c0WLRyT0AmUi41nVXBnqmJshIBn.jpg
71864,The Odd Life of Timothy Green,/24HWf4QBnEbNYDJfNFR1CmwtST5.jpg
491283,Judy,/iqJhHjD6k6T07waELjMKDpQJUP.jpg
11259,Far and Away,/rbxvGXcD7fixrAsbiAYl9R76uDs.jpg
396398,The Meyerowitz Stories (New and Selected),/c9teDTgwxgnb7wnZjZo4oNcF80R.jpg
9385,The Twelve Tasks of Asterix,/ohXCSEIQRcDEZyee77W35EXG4Lc.jpg
257,Oliver Twist,/zhPdYZ3x2uanhM1SyBj4CuL6hSa.jpg
429417,Ghost Stories,/7a0sai9k5jr7YJRP5S3YIDErMVY.jpg
423899,Victoria & Abdul,/a5vm7eBHLfBqaOMQUUAVxXmgmhA.jpg
7211,Dan in Real Life,/wJkkkG4ditqNzlua0oJzoaICGiz.jpg
11976,Legend,/6n3PQSYpZRK5YPk2w8JEwED7AZk.jpg
2977,Becoming Jane,/yHA6JEn57MBGp2yGFgYyopJvk2O.jpg
1433,The Devil's Backbone,/iP1z1aJzPnkP8FHg77TS7ukqoEZ.jpg
38397,"The Legend of Al, John and Jack",/4xnYGJ8CoFFE5EEC23rL5L7kwfE.jpg
8408,Day of the Dead,/yJ2emwXWwQc6VHW3fO4GZr0hXBt.jpg
2841,A Very Long Engagement,/t73m7lX0eFYDjlB1Gcb7r3S5Yt.jpg
11152,The Ruins,/7s5CkvFG4amX0ceyhQ6qtJ4fp39.jpg
453755,Arctic,/dxRc0Y4IjSRLC2fYaguXQtJCI4e.jpg
623195,Falling Inn Love,/4bzu5k5vwLKgwap6pHXlCY8nlh3.jpg
11974,The 'Burbs,/58cLiwJE71yLtUZjMsQwbG5yfya.jpg
585244,I Still Believe,/dqA2FCzz4OMmXLitKopzf476RVB.jpg
3536,U-571,/yeUhRSrlFcXhsuUai2ozWH6rNnK.jpg
465086,The Grudge,/vN7JHlHOT9rHNDU27tfYqhABBj5.jpg
6961,The Wedding Date,/t0AEzycJ6V8dLVlSudCUAA9mzgn.jpg
619297,Sweet Girl,/cP7odDzzFBD9ycxj2laTeFWGLjD.jpg
11601,Stir of Echoes,/9CyJ5aYF27cITX1WSUTENeP4wBE.jpg
295151,Let It Snow,/rEVu3E1OhMPJeCAn9a6QLyVhZDj.jpg
612706,Work It,/b5XfICAvUe8beWExBz97i0Qw4Qh.jpg
83686,The Words,/aJtPLZS7tlpiQl6pEr8H42K565x.jpg
200085,The Flu,/mvTXhTddHIZbOU9pmrcPODI1kRx.jpg
3078,It Happened One Night,/2PNUGWAflH6UUumas0POMmokHlc.jpg
961,The General,/4NmV1Wei4LxT2lpjViCAScgCZLq.jpg
474354,22 July,/rd940KzuIZwbdOvOUF7XDTzn8te.jpg
514754,Bao,/tKz7XRXvdy1i7pW4eotaWZSrAx2.jpg
414190,iBoy,/aqwQPVosPSjfXRF6bO9Wg48ylAR.jpg
200,Star Trek: Insurrection,/xQCMAHeg5M9HpDIqanYbWdr4brB.jpg
21778,RRRrrrr!!!,/qsGU6myn85MfqpNAxzJtxJ3VgrM.jpg
1654,The Dirty Dozen,/iFpgjfE4gt7guOLvrqgZZoO4Rjk.jpg
691179,Friends: The Reunion,/bT3c4TSOP8vBmMoXZRDPTII6eDa.jpg
410199,ARQ,/mU4VeXVK18JtCZsy7i0zczlA9p7.jpg
79548,Gone,/5GcbQhm0Qbbf1qt24spUpqX5tfP.jpg
620725,Jexi,/sizYjc8lAFStRZXtI1uRBDsOTt6.jpg
9972,Lock Up,/WihoHaU9yvhhdoSqDAhiIlNN8g.jpg
67913,The Guard,/dtQiStID0le2EMTmJXupPRybARB.jpg
420821,Chip 'n Dale: Rescue Rangers,/7UGmn8TyWPPzkjhLUW58cOUHjPS.jpg
6520,First Knight,/xuXkCcrvUTkehVXuTGpnfySsx0Z.jpg
592350,My Hero Academia: Heroes Rising,/zGVbrulkupqpbwgiNedkJPyQum4.jpg
582596,The Wrong Missy,/A2YlIrzypvhS3vTFMcDkG3xLvac.jpg
17111,Shutter,/7Tq7SrB14r3WpjJQOldbDHQk89J.jpg
87567,The Big Wedding,/silnfmcn3O0y8uNoYwy6iMgzdjp.jpg
1649,Bill & Ted's Bogus Journey,/tldtDfLnPFOtTWp758EmIP2Hbz5.jpg
2023,Hidalgo,/iGzENlBPYJEFWZnye4t3nqWSSp1.jpg
2085,Romeo Must Die,/aLjBcVUfw3eT5csKi28pvs0V8he.jpg
93837,So Undercover,/abR6e0FaWwwcEJEM4PY5VvjwBr1.jpg
11158,"Honey, I Blew Up the Kid",/iLWZJAIcSqthsmJ3pMbtiE9Ap6N.jpg
9823,Mortal Kombat: Annihilation,/ttryglcY2osWZE3sRYBf3ewTZsW.jpg
4477,The Devil's Own,/3KIPu7H3tST0j4tpqdKpQZUBCQz.jpg
615667,Ma Rainey's Black Bottom,/pvtyxijaBrCSbByXLcUIDDSvc40.jpg
254302,High-Rise,/tNBHTOdIoeT5PMnt4TJpTm1nohG.jpg
244264,Laggies,/kL2ccASO8O6v92gGTaaY5gOCAI4.jpg
8984,Disclosure,/eBWkYsKvOVClb4pdgCuxxB8QaGY.jpg
532865,The Dig,/dFDNb9Gk1kyLRcconpj7Mc7C7IL.jpg
2013,The Diving Bell and the Butterfly,/3MJUo4bCPai5r9zrw7nTS8sVzQ7.jpg
579974,RRR,/ljHw5eIMnki3HekwkKwCCHsRSbH.jpg
13654,101 Dalmatians II: Patch's London Adventure,/rFTt7pNSCJKLZ2RZldJuq6ON6Ti.jpg
810693,Jujutsu Kaisen 0,/23oJaeBh0FDk2mQ2P240PU9Xxfh.jpg
2046,The Gift,/nQdBE1P0r4ZrgGqy5EX8sL2kXG6.jpg
86597,The Tall Man,/iZGQsDlYcNaJf2MVopAZHs69FI4.jpg
11412,The Long Kiss Goodnight,/yREdXX5lMFUKhTvb0ofI7mzUHlR.jpg
136,Freaks,/idK9v05lDtXm67bylUhQyvVlZM6.jpg
16617,Mindhunters,/uTTGRvnqCI9ZC7WkyP9u7XRiOaA.jpg
2140,Kiss of the Dragon,/A1GrGdX4AgCRDweg9X3x8JsZrEc.jpg
11499,Frost/Nixon,/z4cQ2mJxwPZUwVh97yX9oNsLLZQ.jpg
3090,The Treasure of the Sierra Madre,/pWcst7zVbi8Z8W6GFrdNE7HHRxL.jpg
10488,Nim's Island,/vhNoXDpc7T5OdmAuu8DMHLB39uo.jpg
172,Star Trek V: The Final Frontier,/uiXr41VLYsuug3CZbFrKLSNahuZ.jpg
351044,Welcome to Marwen,/dOULsxYQFsOR0cEBBB20xnjJkPD.jpg
397538,Borg vs McEnroe,/9jdg8VxleYb1DhPiEfHM7DzfvGw.jpg
13398,Tokyo Godfathers,/ukhvxpVcBsb1MpRRwiqEIwyKdUX.jpg
576,The Wild Bunch,/8j9yEC3xjy1PJDSizIbaxcHaSph.jpg
1715,The Cider House Rules,/8Fr402A5aOS9JLK0Ll8C0QDcgwm.jpg
528888,Dolemite Is My Name,/uoAqJg7ZSmftnBGOkupU1ySZQU0.jpg
370663,Below Her Mouth,/nTGbq37hYLuNy7YgMg0gVLma0NS.jpg
11361,Halloween 5: The Revenge of Michael Myers,/rYvP6yMXCIVHnkVtwGaAXFmpzkB.jpg
621013,Chemical Hearts,/q1MNlZYqhoD4U7sd7pjxD6SUf4z.jpg
7979,The Kite Runner,/dom2esWWW8C9jS2v7dOhW48LwHh.jpg
14873,The Jungle Book 2,/DhuskQc9lSjPiYKr9hy0AZ7uiC.jpg
230179,Big Game,/iZZ5IikYOp3VlyrzyJs4hxSHHXi.jpg
877269,Strange World,/fHMqfsYyl3lskPK2RiFRwhzwuep.jpg
70578,Trespass,/yP60huMcPTWOJfplRLi4FQAEQxX.jpg
9433,The Edge,/mwzaD2KmWzGUyVJtcUUilH9EbtL.jpg
6519,The Dukes of Hazzard,/o5pKtw26jEk7zX2446gPVbTNrFb.jpg
239877,The Mafia Kills Only in Summer,/ckYR7w9XmbyQHNoC1UD5j1Lax3u.jpg
2800,Rumor Has It...,/ypirKAqugrpevnEqMJxkBoIlgco.jpg
14202,The Painted Veil,/k41IvHDLgZO2ae7RuU77wQjScIj.jpg
3133,Badlands,/eJiVU3sTv9iYbytBzdaPijXsyIk.jpg
638597,Yes Day,/rejrD9ovTHJbfmpLM0mbEliEPV6.jpg
465914,If Beale Street Could Talk,/qhUIOTSi3kr4290tKrVyeriyvrv.jpg
9538,Scanners,/VTqLdveNXxGsIAZL5I4RliTTt7.jpg
565179,The First King,/dqBU63M3cKy7pfVsmhrbgY5X8iv.jpg
11010,The Postman,/cUaCpjVDefYShKyLmkcDsiPaBHn.jpg
38199,Unthinkable,/6yQqguytl10FhImngDHV90Aqewa.jpg
175774,Ruby Red,/oAEvlYIlbyMxhCKuO3HE9egGzQA.jpg
698948,Thirteen Lives,/yi5KcJqFxy0D6yP8nCfcF8gJGg5.jpg
10866,Joy Ride,/1LVGjf1QWgkNNPQssZtuT1GYKoP.jpg
13002,Barbie in The 12 Dancing Princesses,/yBB7PwXRFJ29U8m8SnTcWVizFvM.jpg
15357,District 13: Ultimatum,/8okAUSzfWiudSYMXLJYBnlcILcz.jpg
12435,The Nanny Diaries,/8hX6rcxnCidaqegPCyeFm9PODBn.jpg
138,Dracula,/ueVSPt7vAba0XScHWTDWS5tNxYX.jpg
27670,Nothing Left to Do but Cry,/buoIo38xmf1fQM6WJjRF80QGijI.jpg
342737,20th Century Women,/mso2rEr9i0MilRIOao5HaWFipS9.jpg
71670,Hostel: Part III,/ieO49ludO6DxRVV8u1LKMjtrDLN.jpg
411728,The Professor and the Madman,/gtGCDLhfjW96qVarwctnuTpGOtD.jpg
8831,Timecop,/qDjne2UffjOpZAg9cFmzteWqhd3.jpg
31203,Little Nicholas,/zOsPAIRyknuPhYpFV0nTzbVLlgM.jpg
13929,Geri's Game,/8PdCk3T9EkcKniUviDogWFCXx28.jpg
271674,Suite Française,/w5dV1p5yZfNMuBOgVleLi5VgOG6.jpg
1555,The Spanish Apartment,/qKq4uLZDAJhBfpRsfPRYouQ5jW5.jpg
178809,The Colony,/zC4lm38NV09xzHJVAw4jpTfhJjB.jpg
306952,Naomi and Ely's No Kiss List,/n8DH0vkVIaJthWowgdkeacmUUs3.jpg
270010,A Hologram for the King,/wmjWGb2tqtOA4XPnK1tpIfzRtSQ.jpg
11528,The Sandlot,/7PYqz0viEuW8qTvuGinUMjDWMnj.jpg
913,The Thomas Crown Affair,/5yqs1MVlqdIg1DY5adC5jFx3d7j.jpg
297608,The Taking of Deborah Logan,/77i7EBUyQKOUiZeYQ5tWDGQb0AI.jpg
541134,The Good Nurse,/rSq6cq0LCcbro10jbEaPTEb3WmW.jpg
707886,Feel the Beat,/Af2jt7m9GLFpR4V11xOsFmT8OKD.jpg
10587,Police Academy 4: Citizens on Patrol,/vvk5aWBJE3EqDX2ln6M4J4UiUXr.jpg
14435,My Bloody Valentine,/9biIVOMTdvv4aj4a5HClmrK5EHB.jpg
2616,Uncle Buck,/i0MuRxuENc9Ur3croChw0Tmrs5G.jpg
739405,Operation Fortune: Ruse de Guerre,/uo7vWfQUlVwueYTDRicXOJa8Oow.jpg
97430,The Man with the Iron Fists,/9dipO9811zpe3P7H26w9X1z1U2y.jpg
1957,Enough,/4glaIcIRw0IVmQKWYVK6CIo0zaU.jpg
779782,The School for Good and Evil,/6oZeEu1GDILdwezmZ5e2xWISf1C.jpg
166,The Party,/9MWrgGzJ3eBemfAaOr9sof206CW.jpg
15657,Tarzan II,/akyZuA0YS36nMk8zFeeYwX7zyn2.jpg
51999,Perfect Sense,/2UuuO6MX1AzD61zX6NHiHQODoI1.jpg
647,Final Fantasy VII: Advent Children,/pTIXM2yu8McSlcQVs1VjVSNC45x.jpg
11400,The New World,/dPyWMlQd54r3pK17GKG3iqjvNZ7.jpg
397722,Thoroughbreds,/pIxZzTfITqBpZxbIGsV01DcoHsT.jpg
1247,The Good Shepherd,/ruyJwuDdxFJB0Tvumm1DKPRlC2p.jpg
4816,Ghost Dog: The Way of the Samurai,/gkH4zOxIfbb4BEbk9Q4cVOEpDaY.jpg
859,Dangerous Liaisons,/5MEl1xrbM93zjpFgS3sHJ2SlIFm.jpg
90369,Now Is Good,/oOBHF6qWtMkzwpnrLDTKJPAb3zH.jpg
127517,Disconnect,/mAStXq4ncbLBnujd3LG4KDd7Z3a.jpg
429471,Captive State,/cVo7lylXAUDGuvDZBUYaP8Zjbku.jpg
103328,Holy Motors,/xE9KvfF44iQrCBIng5Mz4XsIvMf.jpg
689249,Money Heist: The Phenomenon,/AboUXTrDWEi0PuZUqaft0iwBTm7.jpg
12094,Jackass Number Two,/u73V8dMqUwjtPL6gWesCE7ji9GU.jpg
109,Three Colors: White,/fdIet3NSa27gobMbaUml66oCQNT.jpg
10145,The Forgotten,/4pcHrFZG3kAoRc8RB8H2BSG80bs.jpg
9909,Dangerous Minds,/yWHWC8fJRp2kLgiFrEa8o3krOH9.jpg
4912,Confessions of a Dangerous Mind,/mM58ABMRzwn5zVx6BS7IiNK0j3F.jpg
156700,The Kings of Summer,/6dcIbwJuxlEnzLe0EaGFvsh4ZdS.jpg
10360,Hunger,/84HdTM39G2MzyTl8N9R0wVU9I5b.jpg
354287,War Machine,/bU2Q2rCH5VFrJNKSyx6wSmQZFsX.jpg
2116,Out of Time,/zMExJ6RdJQmRMydvozhEBlOLX1m.jpg
1280,3-Iron,/q5uT2AEfN8uT4bhNovmYFA0e0mC.jpg
15159,The Pink Panther 2,/1XI20rOfPL6i9DrbO6GRWRxlQ60.jpg
592834,My Spy,/n2C6jRK9PtPIs99RQhKtqGlsnsO.jpg
517116,Haunt,/haQSrjFlq30I60UVN1VsB6uRwKM.jpg
11977,Caddyshack,/21nhVVqGsOrKvkncsB5GbRxpSZh.jpg
526,Ladyhawke,/l3nRJ9Cs7C1AZ7das8S76QqwqjI.jpg
23823,Wrong Turn 3: Left for Dead,/84s4LMWuGbm4xPWW5PSbHyQhh33.jpg
7508,Like Stars on Earth,/fwXhw9bERqKrJfJK6WGakPIh3FS.jpg
13056,Punisher: War Zone,/xqoAPtWBVgaBriZlnTYesuRl2rt.jpg
26280,I Killed My Mother,/ekt35AOWyS7pqMYTwlx9KJiElFZ.jpg
520172,Happiest Season,/vzec9kkOSE93tygyfOktedkeOQ.jpg
158999,Blackfish,/kCk4mDFE96Mn1AYfEcbxkIiw7ND.jpg
4552,A Tale of Two Sisters,/l3exwhwyGE0NnHJ3lFQ7eXoBSkH.jpg
9294,Phenomenon,/5eK1HNf0Kl2vDPOeqf1kX4SKxrw.jpg
252512,While We're Young,/rdYXGeK3OZjBrd2R8A1sSS0Kxcq.jpg
9885,Wolf Creek,/8NiRpqO3vx7ny6jagrEN61hu7qG.jpg
643,Battleship Potemkin,/tjnaRiHUsxBADaOwrQpnTnjHVwi.jpg
758866,Drive My Car,/a2lxHS6Au35k5XtFQEQW44yWHeH.jpg
474395,Teen Titans Go! To the Movies,/mFHihhE9hlvJEk2f1AqdLRaYHd6.jpg
12149,Frailty,/hER3sVCZ9cZRBO0KNI7NbtiLacn.jpg
8832,Il Divo,/y8SklwMervncMcppxfKYLuiQIcS.jpg
75674,Act of Valor,/1Xcd5ci69pVXMPP02DU11Ffq0yY.jpg
10225,Friday the 13th Part VI: Jason Lives,/3qyCfzwY418lbuFEaKX5rKxKlnJ.jpg
10303,The Jewel of the Nile,/6VjsIhnIcrz2XdQVHdsMj5DdSa1.jpg
185341,[REC]⁴ Apocalypse,/vbflx4rDj3YrRAAk4HSWsEgZVlK.jpg
9462,The Way of the Dragon,/m7AIITQ624sfldI4SsX4htXPH1f.jpg
37495,Four Lions,/x4JzaRPXBs9wiHCe3e3ymXWuwfd.jpg
894205,Werewolf by Night,/jmv7EbqBuEk4V1U7OoSBaxkwawO.jpg
9075,Black Book,/fKBeM6vjMD79G3wAXSpw3pBHsit.jpg
16234,Batman Beyond: Return of the Joker,/7RlBs0An83fqAuKfwH5gKMcqgMc.jpg
1667,March of the Penguins,/o9xJ1xG1WKlHkl8ACqq0LShOuMu.jpg
2752,40 Days and 40 Nights,/5a60NuJToRAc0gijjI5IRSVGKL3.jpg
8764,Top Secret!,/b056qzEhbIGlQI9mQKoCgddarxq.jpg
472838,SPF-18,/mdsnV8HtJUDhwmCt0IDT0TwLbsz.jpg
324560,Brimstone,/aNxU4eZrfiChOgCEtyKWSCExdEi.jpg
290764,Tracers,/2XoazCkD4gRlqkJK7q6TOTUx1ta.jpg
130150,Labor Day,/7iTBXsb1ru2fGWq6QFKoM179ifW.jpg
535544,Downton Abbey,/pWt1iRuhNpeVDNP2QiUT2C5OiBt.jpg
11835,Death Sentence,/3rdEAMh4a3pc7GO6fSkJwpt7BWX.jpg
10003,The Saint,/k43wPAVeepqzGwP52dKcknQjquj.jpg
11469,Black Knight,/pVxwVH461k9u4tUfRewT29DEZ2e.jpg
761053,Gabriel's Inferno: Part III,/fYtHxTxlhzD4QWfEbrC1rypysSD.jpg
252178,'71,/xjorsS84euahsmGlnEEeE3LFSVZ.jpg
52077,Nothing to Declare,/vqJmmfVavVX9F9De3LQLDlGPc6D.jpg
21348,Kirikou and the Sorceress,/9RNrozaagFmpm6m0CP7q4XDcIXj.jpg
242643,Batman: Assault on Arkham,/b9KxvIAZkl2f57kjObj8Z9z9LhL.jpg
14451,Dead Snow,/sfwVo5cZJtO8VyDWTILDt4f69IT.jpg
612152,Secret Obsession,/iKMeE6oYzBVzhA6xLGb8PPWEruF.jpg
8393,The Gods Must Be Crazy,/kO7YwEuyTfjXP8plVhmcLf3IlUq.jpg
11901,High Plains Drifter,/4hDSqJAdDaJfSHoJZ6pR8q5f3wZ.jpg
10747,The Outlaw Josey Wales,/92BZIFPbyCPNhExyFScxA3xF1dy.jpg
565770,Blue Beetle,/mXLOHHc1Zeuwsl4xYKjKh2280oL.jpg
348678,A Man Called Ove,/a41uvFqze4PI7N3E9jPNwN9ypV.jpg
660120,The Worst Person in the World,/p5nLFV9aa76zhFK91Qi0xRlXvQ1.jpg
60307,Diary of a Wimpy Kid: Rodrick Rules,/k54R3ag1sLu93Wbfo4quw9sSFyj.jpg
539892,Freaks,/kc2cvuqESIiRX5QoZOoMTBq18kQ.jpg
9763,Goal!,/9YZhJGoIbJtrjDYbENGhR6f6SZE.jpg
755812,"Miraculous World: New York, United HeroeZ",/9YbyvcrHmY2SVbdfXpb8mC4Fy0g.jpg
15016,Barbie of Swan Lake,/sLpCLVQWTU7BI4yAL6kIFM9J3eX.jpg
611207,The Knight Before Christmas,/ivymBQYzYqZoLhvgYg77gSzXKsA.jpg
547,The Horse Whisperer,/ptkDeHY2mRJVyNRyxb9TgyAjTYs.jpg
244761,The Captive,/wLoFxTZFEfAzFLk2qSoPbcz58Jb.jpg
34480,The Descent: Part 2,/dOURlcw2MO0xys0Dl2NiAcUxlWA.jpg
616651,Stillwater,/cPdmPwcIcmu0ugfKcdFtI3vmOJq.jpg
11963,Three Days of the Condor,/zinwtZqdb7gnc4zMu8dfkK1fMN3.jpg
907,Doctor Zhivago,/r0Iv2BiCFYDnzc6uU1q3AJ56igT.jpg
9825,Lake Placid,/pEszakCP8j9E9S0UPLfEa3Cad3O.jpg
791177,Bones and All,/rGnKs2joPvJRKnboqDSf81Ap6Mn.jpg
9745,Jack Frost,/tdSyQJe7vEDcH9kEVqzVcr0O9lS.jpg
441130,Wolfwalkers,/ehAKuE48okTuonq6TpsNQj8vFTC.jpg
468,My Own Private Idaho,/hiFGxsq7Mzss536Rc1cahaNWCJe.jpg
1969,Bandidas,/3qdc6SohDYb1pe9ypv4NShWZMAN.jpg
511322,The Good Liar,/6kmxXfg3aSWrzUlEPt2L0YD4jz9.jpg
301,Rio Bravo,/4gI4KKmoi0d3yfsF71YU3S0I5t8.jpg
18781,The Haunting in Connecticut,/dTfL0YbTa7S59vZYmWbk6UofHkI.jpg
12193,Four Christmases,/zixj44TC7rwzpxtJAG5OzFJnEqe.jpg
11824,Teen Wolf,/bv9rY9eoue2Hat6tcvrKVQ0ow8v.jpg
11699,Bad Lieutenant: Port of Call - New Orleans,/zRULXsd0rb1lVfnSyQkYPi2nLcB.jpg
334521,Free Fire,/21WsmKivqOE2Vut73z07M8yx84F.jpg
45958,Biutiful,/8cj0Q2uFfpTkCw4gMqqcTBpdoqF.jpg
9367,El Mariachi,/zRh7K4SV1xQ419m8gzGITak51vc.jpg
10466,The Money Pit,/bohhidIi1WWU5NNYF9l5wLQu3Ii.jpg
649609,Renfield,/jG83l0tDwoQj3hBAioIsJ5rTPHw.jpg
246080,Black Sea,/oqOXFP35a2DjxjdpmEaOTIfI5TS.jpg
2019,Hard Target,/kufvuQYWdl82sYzmhy2naBLyMui.jpg
33365,The Night Before the Exams,/e1dANNukNxvUeVgFSq4TSU16ZkQ.jpg
36419,After.Life,/ty43RTdSBpL3VjBJWeRoKhFg7hF.jpg
51620,Death Race 2,/80mBFNVvak2bA9TJN1MD0yM7Lfi.jpg
340613,The Wife,/yM04yHgCiiFwxLytJHnckBOrSQu.jpg
58857,13 Assassins,/yUsVsiVXUwClk4vSCx80vrdO6MV.jpg
11000,The Birdcage,/4IpC35BoA5aRO0Q1DpFGJ8iKKYq.jpg
40096,A Dog's Will,/m8eFedsS7vQCZCS8WGp5n1bVD0q.jpg
249,The War of the Roses,/k2l2df0XlY58wfr7a3RPJ59qmxl.jpg
529485,The Way Back,/ylPnfaphW3FrLBUVwAREVtiL9My.jpg
508763,A Dog's Way Home,/pZn87R7gtmMCGGO8KeaAfZDhXLg.jpg
505379,Rebecca,/bSKVKcCXdKxkbgf0LL8lBTPG02e.jpg
248507,Superchondriac,/3J84HvgThJyBSqNaAiX9EuiIGwx.jpg
295699,Everybody Wants Some!!,/vAIFZ8bw0spSvcIYgfuX99B3H2w.jpg
331583,The Whole Truth,/iL3Bx4YOqYdAMlx4czLyygA09MC.jpg
157851,Maps to the Stars,/vKd9ugmlCiiEbC0MVAPbTY1iNtx.jpg
10731,The Client,/oLdkJ4ZjxPtFSUChdjDQvHM9l75.jpg
7857,Amarcord,/s6e5B6ty6xjLUjCgephOVjnpFnR.jpg
291276,Unlocked,/fBDLdEraxCBKGmOPb6pJPYiDQh1.jpg
11522,Pretty in Pink,/jeFJyzJBufJexpOuywuPp8q2tCJ.jpg
10923,Agent Cody Banks,/fhK0mqqirPsckxkNisvi32A4lf6.jpg
9731,Friday the 13th: A New Beginning,/sRA9Tb4aQz8EZlbX7xmh8WbzisW.jpg
552688,The Mother,/vnRthEZz16Q9VWcP5homkHxyHoy.jpg
9344,Kids,/8qV8hUVCUnFIQKewzlhaFWhdszK.jpg
506,Marnie,/nRRy4VO2A3Py7wiZBPz11PAlogp.jpg
286192,Lava,/n7C5rbdwEsVGdzBTayjjhavB8b9.jpg
1273,TMNT,/ksguZE9rTtsRJlhTO59WNmPNjOR.jpg
9396,Crocodile Dundee II,/2Nf0xeDuToLHysdkWj3aT5r42rC.jpg
1497,Teenage Mutant Ninja Turtles II: The Secret of the Ooze,/j1mjUyJgn6JBCPrWFDK69GMe3c.jpg
315011,Shin Godzilla,/jPNShaWZMpVF0iQ7j1dvTuZLD20.jpg
11697,The Man Who Shot Liberty Valance,/4C1R0LEivLjbv3swAzJfzh0tzXl.jpg
9676,The Black Dahlia,/su7yuXqGUHICfoijtcSaxWLE34Y.jpg
13673,Christmas with the Kranks,/q866vL3KhAjbkZH1enT7AoxmRHx.jpg
467956,The Professor,/cypBSinhGuQaZ7VuOmGtcKMp91G.jpg
177494,Veronica Mars,/1qUhPDaNalxl7CpVqcbjm09fZz0.jpg
308504,Last Knights,/uGqlk7Hu8FRLVDcFZ16NxTy09ZE.jpg
24418,Cirque du Freak: The Vampire's Assistant,/3Z2f50SKyHMWLLFH8OsV6hFoKLF.jpg
58013,La banda dei Babbi Natale,/uPiRMJ2JrIy7ouEmoUcy7Q8rlub.jpg
245913,Pelé: Birth of a Legend,/b1XoAl8TJi7zbKO3GUzRUBrpSxq.jpg
65218,Lemonade Mouth,/nrGiOFh7wk2x726tiN8kQ6nhF5b.jpg
10185,The Midnight Meat Train,/x5YbfyUA8huK0shr008xwzNVJ5Y.jpg
11639,The Dark Crystal,/6g1Kh73qQRosyhRJpL3euQpMxOE.jpg
2623,An Officer and a Gentleman,/69adZbLeRk5TNQ3e0008dMnde9p.jpg
455656,#realityhigh,/iZliPeiiDta9KbONAhdFSXhTxrO.jpg
514921,The Aeronauts,/kZHnblqmTBUBgzYBIxWIz9txsEi.jpg
7450,Titan A.E.,/el2iHk3LTJWfEnwrvcRkvWY501G.jpg
155084,13 Sins,/x4tC1s6oFG9nEyxVSM0FiIsLea1.jpg
9621,Elizabethtown,/mOdlzAQxhMgiaazRzif1YtJzg9s.jpg
2637,The Mothman Prophecies,/z2PiOTyjbCOnMHY2QJdq3I4jU44.jpg
11482,The Tenant,/4Qhzb1ICFMqE3isWoln497qSH7n.jpg
11812,The Sweetest Thing,/qLysz4B5YmiDq52Op0zq4eD75LC.jpg
995,Stagecoach,/b4RUzWOalyPbUu66TT147b5iR0M.jpg
84329,Robot & Frank,/602vUwe1GPmaRvcrT3OQWqH1Nm1.jpg
744276,After Ever Happy,/moogpu8rNkEjTgFyLXwhPghft5w.jpg
9879,Striptease,/edkpT3vgjEjVrF461AbIwZgkvC7.jpg
1630,The People vs. Larry Flynt,/sAgHn7ys6TiVXBDTZ0UBEjinIUk.jpg
401371,Mute,/ihGg1xndLl3MW34Km332pNkyLH7.jpg
949423,Pearl,/ulBLIBqvdnf4H6JBt0OpMCU1ECn.jpg
828,The Day the Earth Stood Still,/x2DquTpLTq54aPFDnqlwY7apCC3.jpg
169881,The Physician,/6koFQEuyZKNYcBMSVEHYtAeIpUE.jpg
376865,High Life,/ftRRIYNzpTDYeTznrAxgT5v1vJY.jpg
322240,Nine Lives,/i457G22lL9t2yhEFdYz5Nd1M5DV.jpg
248574,Barely Lethal,/8emz9dKW8KKIqG8WcFG1lJbr2ub.jpg
164558,One Direction: This Is Us,/cxIoYa7uboxiDvWGxdad6fvgpcH.jpg
319341,Daddy or Mommy,/aKnulNOco8MmjsYsRDWh9uir6RA.jpg
71672,Wrong Turn 4: Bloody Beginnings,/r1JNXwJkKO696NlGTyqkw96yoT9.jpg
486589,Red Shoes and the Seven Dwarfs,/MBiKqTsouYqAACLYNDadsjhhC0.jpg
4961,Mimic,/ieRRo78f8JzEKxfiCKqJyFg6l8o.jpg
92321,Hotarubi no Mori e,/mDqzHV8UXWWNpZkoAbKmKX1ZxEE.jpg
916,Bullitt,/uDg7tHvK8aFcG6DkN5eHiZAurOU.jpg
217993,Justice League: War,/pdNprWYdgcB8z4FLD3BhRmhEys1.jpg
581859,Da 5 Bloods,/yx4cp1ljJMDSFeEex0Zjv45b55E.jpg
10610,The Medallion,/lbjFWKfe8WdS8Pj6WVPlyEKeVEo.jpg
575,The Experiment,/o6Yq5XcFfsmG5IVEy4qdJ8levmj.jpg
408220,Justice League Dark,/gWcTaDFXDrOAPfVzfBFz0Aya5BE.jpg
72197,The Pirates! In an Adventure with Scientists!,/bkLeXPDP6sramrTiF5W7TzUl4t0.jpg
833425,No Exit,/5cnLoWq9o5tuLe1Zq4BTX4LwZ2B.jpg
1537,Changing Lanes,/8wh9WzTKo5pJw3EgHYWA60W7Kbl.jpg
250235,Tutta colpa di Freud,/mgXUIsEHYMpV1ROSYyMO6Ixtapa.jpg
514439,Breakthrough,/85BfZAYh4zC1U6NBz2ZkXb3y67v.jpg
8978,Assault on Precinct 13,/oBpsRvMN1ONl8oFHuWt1rasDYFJ.jpg
39939,Super Troopers,/7aatn3TWAVo9a2OJyQTuYpoB48G.jpg
3782,Ikiru,/dgNTS4EQDDVfkzJI5msKuHu2Ei3.jpg
9907,Barnyard,/qlSCUmrflADYlCMbkviJjfujhTH.jpg
10307,Stigmata,/8JcIm3ePBQR6scrdidnvdt2HblN.jpg
137182,The Broken Circle Breakdown,/negBN3VXOSmnSp4kncYJvCuJKf4.jpg
3489,88 Minutes,/8rMiBz8kLMNmQyMbQXL9MPIlyw.jpg
83,Open Water,/pjLh97W1J8AdcuKWzqqdKHfYmp5.jpg
77495,Sleep Tight,/i44Mr6t3reXt7z28OMCPZTllRfr.jpg
60420,Like Crazy,/8eIhNKnRfayRwWChx0atZh4vGua.jpg
316154,The Bad Batch,/7o14VaMphEIzPwzeW6FP3A6zb4W.jpg
5279,Gosford Park,/7r8DeZuaaHCiOEbkqZC6MFmwJ69.jpg
711,Finding Forrester,/heHi6n68fDiQoUc7SMletM9Adjz.jpg
10760,Sydney White,/ce3NNmhVZY5NkUe5Y8Je8CciKqf.jpg
74018,A Cinderella Story: Once Upon a Song,/awuuwPA8Hy9c5EH04xwkEXOSYiL.jpg
10016,Ghosts of Mars,/i2zztssCIbahGES1fdfWFmDXian.jpg
168098,Cell,/c5N6Pw3P6TqQnGcqiVkhO9u85KB.jpg
9064,Hellbound: Hellraiser II,/nQHXjLcnSy9EIjRFoqKm0WCyaFv.jpg
446159,Bacurau,/tBa4zMGzZUco26XT3WfZZCwQ76i.jpg
82881,Tangled Ever After,/5IeMW79OxftIUoR5duxyQ4LW5Iy.jpg
445,Caché,/fnuAk6Or34FLYQDnh7Et51UvSXK.jpg
418879,The Current War,/eqTjO8yTaPRSKWj7i6Qnr7R5cls.jpg
902,The City of Lost Children,/whwT3Q9JxbAYzEc3t7uYYcCbTMf.jpg
15167,Barbie in the Nutcracker,/eIkXJggVmzN4MyPgJ2kDjOy9lmQ.jpg
555850,The Holiday Calendar,/hiCeUExxUTGbU6FXORLf673uwvK.jpg
14405,Beverly Hills Chihuahua,/2aRvqtLoE06hTjG93lASvO7r1as.jpg
10987,Halloween: The Curse of Michael Myers,/noCnM8nEI2bEDSdKHh0RKbwBwbC.jpg
342521,Keanu,/dPWlBmCixh9k3Jjb7c7jkIaxBbL.jpg
10136,The Golden Child,/nVJIyS2gh0hBvVEr8s9SrpSBTxL.jpg
22798,Whip It,/nwPvNuxIhVNhBFdzMsMPu2Va608.jpg
46261,Don't Be Afraid of the Dark,/jMBMm1jwqvILV8p1K44brBnmwLK.jpg
1008042,Talk to Me,/kdPMUMJzyYAc4roD52qavX0nLIC.jpg
9562,Timeline,/uOCIrFOT4U9QXML3SLlpCxGs7BV.jpg
9904,The Wild,/sxqzaOto1qyUseSg6YpIP9Su5lp.jpg
11202,Patton,/rLM7jIEPTjj4CF7F1IrzzNjLUCu.jpg
630586,Wrong Turn,/4U1SBHmwHkNA0eHZ2n1CuiC1K1g.jpg
2665,Airplane II: The Sequel,/5nBnmNmmBCsdkB2uxPMcm1nfrnc.jpg
84175,Beasts of the Southern Wild,/nQJmWekGYlXhezGUb21xFfEfwhH.jpg
758009,Shotgun Wedding,/t79ozwWnwekO0ADIzsFP1E5SkvR.jpg
1073,Arlington Road,/4yYHyZuyTTQaEZuHKS7561jXjtR.jpg
1791,The Piano Teacher,/gNHKYQnP1RnqEhkivHJzBPb4MOP.jpg
1730,Inland Empire,/kaBOzVlMZXVcHGxfPC7hw5N1L7J.jpg
336050,Son of Saul,/9ZcX6NjCJam5uwkooXffhHI29Lj.jpg
51241,Heartbeats,/AgsocxzosJ3yPRDuvj3h5kwoGy9.jpg
884,Crash,/gpai5oUFyFGLHOCsYTvVMqlbY7A.jpg
575774,His House,/idh2QAy5NwBRN94ScmtWrukvOgJ.jpg
9922,The Postman,/piVzOuKFLHNGLxnjwNtibC26lTy.jpg
342878,One Wild Moment,/v2C4nvOYLDGUOEVXQGc1hQHV48K.jpg
10135,Road House,/60VHW8heV11uLSCnkjk6iGRQatA.jpg
37725,It's a Boy Girl Thing,/5ijVLtDAy7K4WvJyNo0n0QjWJXg.jpg
615658,Awake,/uZkNbB8isWXHMDNoIbqXvmslBMC.jpg
14919,Batman: Mask of the Phantasm,/l4jaQjkgznu2Rz05X18f24UjPNW.jpg
343,Harold and Maude,/t7qEuGwDjcYu8ajaKZ68DeDnOxw.jpg
164251,Serena,/A1EnhqXiPQMo5QP7eBWLFpeOvKB.jpg
2000,"Aguirre, the Wrath of God",/6MNqmGe0JjEuGX1PMjRBAEI6aXg.jpg
251519,Son of Batman,/yHx8OLSKc3VtIBB5lIe90c0fHOX.jpg
4105,Black Rain,/funhGWt9ee3Uwb6Ar8SGCCvbJdV.jpg
522241,The Courier,/zFIjKtZrzhmc7HecdFXXjsLR2Ig.jpg
403587,Return,/54QOkHWUnn3gDZKfGojPiFqTHJD.jpg
516329,Antlers,/cMch3tiexw3FdOEeZxMWVel61Xg.jpg
250734,Far from the Madding Crowd,/3hB5mc9iZXhziBS6kR1hQSOKjNU.jpg
49022,Something Borrowed,/ePBBKnOkxsK2Ijdnt5EN7sHSSWO.jpg
430231,The Endless,/49sb3kEZplzudQBhJDSt0mNJm4V.jpg
438808,White Boy Rick,/xjW2wgrC2ey0APDELP6NMD8tAq7.jpg
455661,In a Heartbeat,/wJUJROdLOtOzMixkjkx1aaZGSLl.jpg
12776,Johnny Stecchino,/5scWsRsH5MUJEgXB52w0fM6I2gM.jpg
489931,American Animals,/aLbdKxgxuOPvs6CTlmzoOQ4Yg3j.jpg
10053,When a Stranger Calls,/h0ZmU7BZDWBucq1FvblfeAWUkad.jpg
288158,The Woman in Black 2: Angel of Death,/9NcUFNCSzw4IFci3OhbX8ZyzoFn.jpg
2355,Reign Over Me,/b5EtDvwj2gdG1qMBLijamlLfJLB.jpg
7442,Sleeping with the Enemy,/lhkfSDKWvu6fX9LSyVaEklaLNZP.jpg
48340,Sanctum,/zRUNv1CbeVtmTCNr6RLHnxV2QYm.jpg
455839,Time Trap,/8w0hBC9kLy56F7rjwGIe8JtIrHS.jpg
24480,Partly Cloudy,/oqYX2AJV53ibLVPrUZ1Z5XlGv5U.jpg
394741,Stan & Ollie,/8qDBDXA8Od8gc4IQMnoXUKyj8Pf.jpg
556694,Three Thousand Years of Longing,/wdiUSKO0kebySOrHBVoDp7CLHIO.jpg
10440,Manhattan Murder Mystery,/zrzBIlMyAP7Ac9W5qAy5ssAUdK4.jpg
13805,Disaster Movie,/3J8XKUfhJiNzwobUZVtizXYPe8b.jpg
806,The Omen,/kf1Qq9b32jn4umll9qD2ue5ftnh.jpg
282813,The Pyramid,/joPb4PUPP7xClD6XPiQ7laBEtZf.jpg
1015606,Obi-Wan Kenobi: A Jedi's Return,/wn6LkWQst96dPGEkn8Cl2TnNnLp.jpg
13648,Resident Evil: Degeneration,/3wSIagfHnR9vRAPyNjCfGzfgbXK.jpg
9013,Midnight Run,/avLXoDhPPbKgdOU7wsoVlOzYfUP.jpg
66,Absolute Power,/xX9gmwtnTi0Y8WcTF7Jsg9Hdp6W.jpg
54318,The Water Horse,/h9DV6KItNutJmrPzT1xrAO6fIzy.jpg
25196,Crazy Heart,/zwao2YMsqf27IzNEtDNWSe0W9jH.jpg
13767,The Santa Clause 3: The Escape Clause,/2aGtjBH3birXp5KvZgwr1fLZXsi.jpg
113,"Spring, Summer, Fall, Winter... and Spring",/6SQQ5REuAz7k0FMQ9mSCT40T2LN.jpg
11045,Taxi,/eLDoNLJHZPcavTT1vJqZoGydoWB.jpg
336,"Duck, You Sucker",/nWmAtZf83qpOai0fzehf7Hn1S3R.jpg
630566,Clouds,/d0OdD1I8qAfETvE9Rp9Voq7R8LR.jpg
10435,Chaplin,/Aeltt5tl02zrEj4GoMynHc94lWG.jpg
57112,Tu la conosci Claudia?,/fBUtjv1z9Eb1hVFymnEewD3gKkv.jpg
11549,Invasion of the Body Snatchers,/8BrMQmgwGzIHSyBjCDOLOdi79fJ.jpg
203835,Amityville: The Awakening,/c9Nyu8YZfLsWWbze4DEGPbnwCcT.jpg
13155,Return to Oz,/prd9KCTa12RDnKgyfR9hWHbMzBI.jpg
192577,Space Pirate Captain Harlock,/mlHoTQLYsuzJJArO2fHS5rqnLqe.jpg
55347,Beginners,/io2Tm89or3jO2pDtEAPEACx4wUe.jpg
515841,I Am Not an Easy Man,/fPPT1MDkvY4XvzbHTd2DsL7qH7S.jpg
297270,Tinker Bell and the Legend of the NeverBeast,/3S0mmmpYStB3GqodRghcfOt81wQ.jpg
9030,The Eye,/9N3znJ8sHH2EQjARCrUpxMj3hWd.jpg
15080,Only Yesterday,/tOSnFE9e82iH3ZAzSTtuOkBsabJ.jpg
244506,Camp X-Ray,/aqNzRiaEsfv567Ji9njJofblRBE.jpg
823625,Blacklight,/8jIyu2UfEsCYlxg2vFUaHeALeoD.jpg
10518,Marathon Man,/uPNgubSiri2yvBQRPtP77ViYjN.jpg
11979,Queen of the Damned,/yDPuJL00RsVSheRplMM2L6nwEdq.jpg
10436,The Age of Innocence,/5Tuyt26v7qNR8Cl3m7ZRx36rduf.jpg
297725,The Man Who Killed Don Quixote,/4o4zw2c9sfHvszIb5xpuFagnouR.jpg
11622,Blast from the Past,/qVN4bbVX2tzaNbAdEJT5eOPq26c.jpg
507569,The Seven Deadly Sins: Prisoners of the Sky,/63NOOAkaZAK8h93Sg7Ucq6XLJGP.jpg
17814,Assault on Precinct 13,/vAGq6oo8ycKciWksoPDq0Ak4jbj.jpg
11982,Look Who's Talking Now!,/73JahFiizkMVsrrslXInmNK54nC.jpg
547565,The Night House,/rqs2CXpc4d5FzeP1EZCYItAVo81.jpg
12610,Osmosis Jones,/foZpSG88IQUCEBJE3unc5QzO6bQ.jpg
425336,Loving Pablo,/aV3kKzTCycGfZc5Lh29Tk6avKPL.jpg
715931,Emancipation,/s9sUK1vAaOcxJfKzNTszrNkPhkH.jpg
405,La Strada,/xyisVfPrNybDieMp1nbCv6iBtdV.jpg
13685,Bottle Rocket,/6E7mJ5wpzTFbYFbJvTzzZ8Til9C.jpg
2055,Open Range,/d0zydHSE3kaidjDdlc4T6xnp113.jpg
129139,The To Do List,/r8OYOeiSyC2CmogqfRAMCUc0Xfc.jpg
468202,The Girl in the Fog,/fuJApAPgHrur08y6icGB5k5Umzo.jpg
18320,The Young Victoria,/iGyuReyij3bPCtzJdSjTR8PR0pa.jpg
339380,On the Basis of Sex,/izY9Le3QWtu7xkHq7bjJnuE5yGI.jpg
10782,Basic,/uXgx1wQgH7KhqK2Y4ZeicPd9PaN.jpg
334074,Survivor,/npyCpfYyYknFoY2iJPyfqp70FVX.jpg
159117,V/H/S/2,/o4hcWsHaHaNQ9BBReOxLvYJNRhA.jpg
41411,The Round Up,/9osPoGTddZZfMUzFDs82n57y2wQ.jpg
12123,Chain Reaction,/4ahjVHwXXsq5zK57ds8FwWY73MS.jpg
9541,Jersey Girl,/7BEpsTtyqBLTfaslnZGghWqJLDc.jpg
279229,Sapphire Blue,/ct7fs7uSHph9ewGhWaZMrzbgnwZ.jpg
8879,Pale Rider,/kpAN5WnDEVWYzMDPkXHTbrDQuak.jpg
71668,Piranha 3DD,/mv2Ej9WPVWivNvtMTTxgb07c7N9.jpg
9594,Double Impact,/M1QiPpRxZHRbRp0JB6mH8EuMtY.jpg
459910,Braven,/253Bw5I3Zj3e2thCThjO7byEUCL.jpg
80184,The Hidden Face,/sk6D07ntxMgzqArCq1ufHSvxZvt.jpg
45610,Machine Gun Preacher,/A9gRYTyNLGJuxHmqdGM5UxHxJtB.jpg
38358,The Last Exorcism,/eOo9tgGjxdsQEgqc6g7E1NL8460.jpg
10048,Stealth,/eVmOkUrEIRm6DKusKbI1gVS8paQ.jpg
11678,Vertical Limit,/kpqQUEi8eAyYHMDFACf6YlnPIu7.jpg
7304,Running Scared,/wVlwZbwJlI5C33STslTyVNRGjg6.jpg
2742,Naked Lunch,/u01kh5jKUWjhom76mguRqUgdvja.jpg
25941,Harry Brown,/yx6CvzE7Z2osFdUnTRRqZX5Yh9L.jpg
10242,What Ever Happened to Baby Jane?,/msGYzyWwtjAaA3DScdgmvJ5MReG.jpg
127493,Stolen,/9UDl3jgTsITaaIJw8nlo9TdW7if.jpg
270302,The Riot Club,/8H0bfcxbxGGvZTqDjvXQ89lJxCo.jpg
10648,Magnum Force,/cmQuj67qbijnC9dAQZf8x4X1KEr.jpg
11850,Invasion of the Body Snatchers,/fBxvhc18MAvsw73o5mMjq8AqvaK.jpg
618162,The Harder They Fall,/su9WzL7lwUZPhjH6eZByAYFx2US.jpg
8649,Bringing Out the Dead,/aQfYOBZ6C40BP8ayIq4EMOdSKWi.jpg
3083,Mr. Smith Goes to Washington,/nDjg1fbNyq15excNDl3acd2IqAk.jpg
13184,Bangkok Dangerous,/iTRftxHW8i4H7ONaOiCIwEXjNDJ.jpg
8457,Drillbit Taylor,/shqO696kFnM8Z4ODa3JglcjP97u.jpg
644583,The Mauritanian,/lIADEa6oH74uUapjsPbNRzxus8M.jpg
332283,Mary Shelley,/gKHJTsrfxJtfFNPQJn2hDNEMtFf.jpg
663260,Black Box,/gIYxQoxQC78kQBxIKCR41hheqwb.jpg
5289,Chaos,/oOQ3PS8wp5Iezqc5LChOq2S97Jl.jpg
293,A River Runs Through It,/rL4odYIaO0xcksUQ9qzRFfU6lH2.jpg
8999,Derailed,/bcCoOkwEBHUS5Y7Rm1u1oTLUHdb.jpg
412988,The Happytime Murders,/rWxkur51srfVnMn2QOFjE7mbq6h.jpg
11497,All Dogs Go to Heaven,/nmWh1NglDinfkHD9zCNqGWyhl7Q.jpg
430040,The Hurricane Heist,/rAmcj5IZcx59dhev3UnVDEGlImK.jpg
13676,The Little Mermaid: Ariel's Beginning,/LJs21HQ7foXB37tDI0JiGkuEAC.jpg
8870,Red Planet,/8hmX6iogSDiAfyDIouCzov59PEq.jpg
9399,Lionheart,/cH3ImNnkNirVG8x8yNlZaH8TQL2.jpg
162903,The Fifth Estate,/1dzLHy1AN8hgppJp1LDzMI4fbHY.jpg
11285,Cocoon: The Return,/xBsXdBl8qCXoQsWX6vfsVjWOMGk.jpg
8873,Wayne's World 2,/xRzMaHvSJEBdqEVrscOnfyyCj2Y.jpg
37903,The White Ribbon,/2PG3qxNZooyMvDz8YaFU8YpVe0r.jpg
20856,Aliens in the Attic,/gjDfPcKcxdJlJkK6pgHrwDfSG3O.jpg
438,Cube Zero,/p3t7ofvNlNhRkbAspiUe4ZdNcGA.jpg
399796,Life of the Party,/749iUAWQWeutQuTd9excjmigecw.jpg
1975,The Grudge 2,/bar7YmgKImN0VljpdLDhvLwMZo4.jpg
13279,Lakeview Terrace,/2ThsS74hopBz0RveLgOWiwrMfE8.jpg
10633,In the Heat of the Night,/fvqHTabYej3LwzKRRZCm6jV3g0O.jpg
11051,The Last Temptation of Christ,/7L4qwrC1mipZXJfU5oRgQWChLv1.jpg
11934,The Hudsucker Proxy,/yWKm4yzRU4hokkbYCJ34vwVwb9R.jpg
271404,Beyond Skyline,/ktZvjFmwCLrMXtr1dl6o5PhhHS4.jpg
74998,Seeking Justice,/lN3O0j1DKVnwhO1h5J3utrmrBF2.jpg
309,The Celebration,/2LRzNq41yrY8EjCnD1S8sCCPvKk.jpg
9451,Election,/5gPOFU6IPvDrx50XaPCK4twNw79.jpg
1125,Dreamgirls,/sG5JyOj8Spe13QkNJMH8b5kzQUh.jpg
1544,Imagine Me & You,/a7CbxY3TMwFKX6awlBxhb7Es6tS.jpg
302688,My Big Fat Greek Wedding 2,/lfPqApnLVPsYfdbpSHNnHIxTdmd.jpg
188222,Entourage,/6Vl5t0d6g37Se20VjQ8EFdbb7dG.jpg
274862,The Lego Ninjago Movie,/vUo0pNXGhp2ffTJxiStWt6fHL7F.jpg
434355,Taxi 5,/lXeSraLgsLaeXRg6vEHv4tBrXxc.jpg
23706,All About Steve,/dn2Hg6uWE3Cytis6YGRH7gZ0MMf.jpg
250480,The Many Adventures of Winnie the Pooh,/2xwaFVLv5geVrFd81eUttv7OutF.jpg
1902,Open Your Eyes,/orjSy9xEGI9jxrtodACH04gANmF.jpg
9876,Stop! Or My Mom Will Shoot,/meHDNuHPqCTOjgU3COImhxVa5H0.jpg
531876,The Outpost,/hPkqY2EMqWUnFEoedukilIUieVG.jpg
38251,Mediterraneo,/omFU47TZSR7xAAZcDHKM48SmVwe.jpg
580,Jaws: The Revenge,/kGiaOztahZV2x7bil7sbk7fb6ob.jpg
134597,The Collection,/y1UmkcSl3t7nPN80IDWv5Bj597h.jpg
431075,Polaroid,/6a1iqhfM0Y31kNPOSNPIuPrsYQ6.jpg
13313,Beauty and the Beast: The Enchanted Christmas,/qxtpbcbf6KEIHzLetWZOVGJT2lv.jpg
11892,Murder by Numbers,/plH3TujSUVttiIikToKfwdCorJI.jpg
651,M*A*S*H,/xZHNAcCVd5gUy68MBc4CmDqmely.jpg
265189,Force Majeure,/41agNfzepz2DTdgTBX1fX0QclHp.jpg
439584,I Can Quit Whenever I Want 3: Ad Honorem,/n4uLV4vdMltzUoxeHQJNoDKoiOY.jpg
6878,Homeward Bound: The Incredible Journey,/el6dJEpK97OJRQiQhuiSGk2jkV5.jpg
9009,Dark Water,/cm4M9xaBu78IjuAVNG4LCXdXsg.jpg
11137,The Prince & Me,/2voUK98TW1cJ3w0qmDIdB16A3x6.jpg
68812,The Iceman,/56KPE9tPYh2WBdnUMq9EIOwEXGQ.jpg
11231,The Next Karate Kid,/wI3gCi9w1cuUJCiwhviAy46we9Q.jpg
401898,Thelma,/yzSfG8TLAqw7nMQh2lxirQkQpgs.jpg
13042,Presto,/asmKQG2qhpVM1KD6x5kODAZPmZl.jpg
18148,Tokyo Story,/g2YbTYKpY7N2yDSk7BfXZ18I5QV.jpg
910,The Big Sleep,/lraHo9D8c0YWfxsKqT5P5sVqMKN.jpg
524348,The Report,/sG5NI6TMNR9ftOdTIXmG0hrBYSY.jpg
8491,Weekend at Bernie's,/a5FcWYJemR3jR8BrYihEorWRCDr.jpg
926899,The House,/iZjMFSKCrleKolC1gYcz5Rs8bk1.jpg
21734,Shadow of a Doubt,/ptyWagbWE8jSGyV2tGEzAdVbRCj.jpg
488623,Forgotten,/cBgj41y1RvmW1zJCEX0uNWL0UjW.jpg
505262,My Hero Academia: Two Heroes,/hC4nTxdhXqFWzgqynGvvXVMiMNp.jpg
50357,Apollo 18,/oW6oUKY2oiQbynwllFboYscVzct.jpg
565743,The Vast of Night,/q2P9lYkctl5Ory71HEBMaFxbVlD.jpg
10015,Heartbreak Ridge,/aMr99UigkMCTSPnLTpkzJeLmpyc.jpg
9954,The Covenant,/4jwVlbGt3BeLr8HCbCTVa72IcWe.jpg
375572,Italian Race,/nicStobkEYh9iJO6CC3UqolQRsK.jpg
581389,Space Sweepers,/bmemsraCG1kIthY74NjDnnLRT2Q.jpg
10283,Friday the 13th Part VIII: Jason Takes Manhattan,/s5U5JgPpgfTnbGxQF2bOlfqqz5b.jpg
16366,Joseph: King of Dreams,/sUKImRHScrjrvaG2FwxCRY5ldtx.jpg
254172,Fathers and Daughters,/fgzp7gGea27hN5d26mgKtZJQgX7.jpg
77663,Killing Season,/o55HXx21PqRcOgAaOWFz4tGMrZh.jpg
338958,Disenchanted,/uyNLq2Dc3s4IOdcYTU8ZtM2lTjb.jpg
54054,One for the Money,/eeltLl5jLUl9d96tpKkCAWu4JWu.jpg
8012,Get Shorty,/r82SdPhg4fnIcLt0ogIjQxqjdcO.jpg
6973,In the Valley of Elah,/aQx5vOURCo4SD71s7BBJIozGmt3.jpg
10658,Howard the Duck,/eU0dWo8PJgsSAZFbcyHiUpuLSyW.jpg
10510,Miracle on 34th Street,/sWjL1zD0XjQrOTP9jLiAbzvBKEW.jpg
1687,Escape from the Planet of the Apes,/AnbLVdUEroTfHTUVAJCxkL4R0IH.jpg
401561,Mom and Dad,/fSaeahvo1GU7v4W6CX2y0j7fxMG.jpg
369776,The Tuche Family: The American Dream,/lQKTIBaI8BrsWY7CPcB8jgvW4vE.jpg
21484,Possession,/pkrwDEozl5HgaDYP9lj2iSOCQMO.jpg
175112,Tinker Bell and the Pirate Fairy,/fbKMx3taGom2ASpbLKtglW3XT87.jpg
10849,The Purple Rose of Cairo,/roQe0DDZ0nLqtLzDSa9ugiL3XSR.jpg
836225,The Exorcism of God,/hangTmbxpSV4gpHG7MgSlCWSSFa.jpg
303542,The Invisible Boy,/rmuU1ExeIZ6tKlr0690cSs7WY59.jpg
432613,"Marry Me, Dude",/lYGkGZhNKajryEyYOrIF6snqIYZ.jpg
359156,Don't Be Bad,/taSfNqBkM6fVexayWLKcqHxMg7a.jpg
10353,The Visitors II: The Corridors of Time,/c1xMb4GfTuyKSRUoeewBF27dtKa.jpg
10586,The Ghost and the Darkness,/3KEPs6RKlin9pT9fqjtW7MSLC8H.jpg
351339,Anthropoid,/5hUghRVVkBYufftfNQkGevY5AmE.jpg
10281,Friday the 13th Part VII: The New Blood,/xBjEL0k9Cz3QFjnpEK6c8b9Z51o.jpg
11823,Wimbledon,/6VwpWP9iTkODN9Mqa7Ce7zmma6d.jpg
10675,Frantic,/nl7pKvq6ES7W28jy6O9TXxg9tc6.jpg
936,The Pink Panther,/aCjJ0sKayks2uL7MJBzdp2i67NI.jpg
25475,Tinker Bell and the Lost Treasure,/6tNldk2zPUzXVKkU9aeirM9Wotu.jpg
223485,Slow West,/j3PmbRZvf5KpNbapSjn8b0CpD6a.jpg
256835,Toy Story That Time Forgot,/pw1YgzcBw4GmwylrFlXMzLdELRo.jpg
5143,Hannah and Her Sisters,/gARgIRb2QFRFVrsziwWE389u1pK.jpg
414419,Kill Bill: The Whole Bloody Affair,/dY9UpmPuIlof7yewacccw3NVJhT.jpg
12154,3 Men and a Baby,/oYetboAljWR2N5A7MU3i63DvUtd.jpg
931,Don't Look Now,/6rhuhsvKBPpYvmofLvSRexkfYDw.jpg
33542,Rumble in the Bronx,/1nAfchiXHQB3iyhK8fCJJEnNs5A.jpg
492611,The Turning,/j0W7tW3g8NoLrt5gWqQ5RsPMVDQ.jpg
817758,TÁR,/dRVAlaU0vbG6hMf2K45NSiIyoUe.jpg
118406,Road to Ninja: Naruto the Movie,/xLal6fXNtiJN6Zw6qk21xAtdOeN.jpg
25300,I'm Not Scared,/vTf4qR0OSuV4qBT8As4QoWxSJSq.jpg
11252,Psycho,/xpLyh5jcjNgUfRy6zeGvAx3Td5B.jpg
22586,The Swan Princess,/f5YvIPrkJ9HCsNbgzWJJyxXVNhj.jpg
15283,Pom Poko,/zat2MMhejQyJJN6CucLI9Or9kdo.jpg
56288,Spy Kids: All the Time in the World,/9pUVarhiXfCu8amjmyadzJJJITi.jpg
532671,The Prodigy,/yyejodyk3lWncVjVhhrEkPctY9o.jpg
111190,Adore,/hIQqIeG7Ude0QRUFntdLtsAUEBB.jpg
5955,The Pledge,/9QOzFL3FPMAUNNPrNiKC3mEDxco.jpg
401545,Everybody Knows,/1TuuM451os3NaltCwGfPCVL2BST.jpg
353569,Table 19,/crHZY0Ol1jsHUJ4suEKUKWmyLzA.jpg
10538,Passenger 57,/4VBN8pQxGHjeZWcNv1V1xSw0OKC.jpg
13205,Bambi II,/sIhTXgZjBSvW0B0BtTz0hvCrrH.jpg
16281,Creepshow,/4SoyTCEpsgLjX6yAyMsx3AsAyRQ.jpg
58496,Senna,/nZbLCbRoP6iJq5sr8daHQzjnzFh.jpg
5511,Le Samouraï,/p2AqoSPRPDB6QFs79MeYIU0ITNF.jpg
15371,Lupin the Third: The Castle of Cagliostro,/hSFdyWptoDHuXlFZGzIrfVell4Q.jpg
654028,The Christmas Chronicles: Part Two,/6sG0kbEvAi3RRLcGGU5h8l3qAPa.jpg
16642,Days of Heaven,/siE1XQ544MLO27geLYDbUDy3oTt.jpg
8665,K-19: The Widowmaker,/ji7YWKx40TM8YexbRqfJZKMhQY3.jpg
10489,Cujo,/uNBt2YxrQdyOjnm2rDQ5QiCmQ0K.jpg
10438,Beethoven's 2nd,/biH5hW1BRfEr13oCizuAzpdBf2l.jpg
12690,Appaloosa,/qLLUC8QaNx4BK1Vuf7XqSyd8icX.jpg
269148,Samba,/4U0OwAZCxaFWzteynhbtBwRxEBM.jpg
10468,28 Days,/tlgz7Shx0UavR5pyITeJ2mUHKFI.jpg
45649,Rubber,/wRq1hopdaZCltQa6IdZT8OtO3Vm.jpg
579583,The King of Staten Island,/zQFjMmE3K9AX5QrBL1SXIxYQ9jz.jpg
146015,The Double,/2n1jTbtdyJtjx5GgJzvvgclznUC.jpg
9766,Gridiron Gang,/uwAlznw4yrBHbT3fPfTbSRy9UfG.jpg
595975,La Belle Époque,/eHojoVxYRyqGABgoiTYyfkYqTra.jpg
332340,Man Up,/5tzWSEM6yNll5x0kQHuoeizPbGq.jpg
19100,Those Happy Days,/lTOm5grqVEIIkUzAsDHcKLrEkcv.jpg
9292,Hudson Hawk,/g1FJLGg9TaCzgjCmTJmONGIhTar.jpg
36819,Time Bandits,/4VZtpwdhHQSa4LUkvujyGAHb1hG.jpg
10073,Date Movie,/xjLK0EmD0MAM7B049SRCUQaqkdL.jpg
705996,Decision to Leave,/N0rskx91Eh6aWjvBybeY6epNic.jpg
1958,8 Women,/bJu4Gm7NQb2woPiIovrPD5jNWzf.jpg
11171,Mysterious Skin,/wgSwDqhl6Rt3cuSCwt5sNpPna3x.jpg
9905,Shallow Grave,/gqvSKLbfIg1mja1ulVkVcLhdwWF.jpg
615774,Scooby-Doo! Return to Zombie Island,/vd0oIoWhEm8o7EpS0kV7RaV0Flf.jpg
24438,Did You Hear About the Morgans?,/f4ueTTP7pCLau2hoAGMuzrgg8rL.jpg
237791,The Way He Looks,/4Vu2r8hS3bDqGmmghxYfNCtyX4o.jpg
426613,The Miseducation of Cameron Post,/xFLJDW3na8AADFzQJT6bM1VU5zs.jpg
13377,How the Grinch Stole Christmas!,/7ir0iRuPK9OEuH569cp0nF5CJce.jpg
2176,The Glass House,/6z52uWRcOHte8NFte2gXK0ApBPM.jpg
2028,Say Anything...,/4J4s2FzBQ5WeeVCKNoaXC7fZDL7.jpg
10823,Children of the Corn,/jJTrFHu3rjAgP1lryKGEsC9hqyM.jpg
209274,Ida,/rye5v1w3cXz5OrgAoN9OuXdQ1aW.jpg
236735,Marshland,/moQkaslWyRgBxwp5KxljMyDKyd3.jpg
34803,Death at a Funeral,/oBCQYMJTqV3qLjrvZ5sTZUCBky7.jpg
5851,Showtime,/7eo7pxiSH0qvp8GKHclhrdxowlC.jpg
26171,Everybody's Fine,/3In4SuHSKSQINr7Lh5xNfPKFv63.jpg
42888,How Do You Know,/jbOnp79eUZxQHgcdnTIRlxel1dE.jpg
749274,Cry Macho,/bzJBmh8U5ofExJara4nrdqlW8f3.jpg
49950,The Roommate,/kQZcOn5rDuwpbQTluC4Wm0amYmR.jpg
760,The Mad Adventures of Rabbi Jacob,/oYuCFxS2BGCHNGuv9No0GoP2DZf.jpg
11637,Are We There Yet?,/guDkMD4wrZ1BGUO7DFFBVzaiGij.jpg
8092,This Boy's Life,/hmSIhx180f0ADcpaQisVXYRB6Fr.jpg
8285,The Spirit,/g9qawfzR3LWRC8r8YZ9w2yaQi5W.jpg
10068,Nine 1/2 Weeks,/aE1iunrgO8UHfoXKJcjCy4Ih17n.jpg
10074,Hot Rod,/jRkt03dXCVKnbvcQm3ygU1cjg9Y.jpg
3172,Bandits,/67AUAkiT4rbgqN7SNlIJn0zWZqU.jpg
11527,Excalibur,/cTWF6zkr5mUOnheowKODIijWYcN.jpg
726759,Tetris,/4F2QwCOYHJJjecSvdOjStuVLkpu.jpg
536869,Cats,/aCNch5FmzT2WaUcY44925owIZXY.jpg
1440,Little Children,/so9xla7b7WfFiarDwOukhQpRuyd.jpg
19101,A Little Princess,/9V4bAVEskSNbEqjVI0YmeuB0n8I.jpg
11481,Repulsion,/dtyCKEPLqv9wxyVazL4b843vtUb.jpg
26691,Neuilly Yo Mama!,/XLNEeGnPhazwU0GuEuJMShGUvS.jpg
6963,The Weather Man,/oQilVzOxLPxvBn9hAuvGpKTpONM.jpg
59968,Our Idiot Brother,/47kXCbmHOjxyW5Ao3oQ2uoheHi9.jpg
8885,Waltz with Bashir,/h6chJvbAWhlNsXcKaQ9p2EthKpK.jpg
3291,"Good Night, and Good Luck.",/rHcPtJcZVd1VpxA0NQn0a3llNd1.jpg
374475,Toni Erdmann,/v3gf7T8hb8aYv05X2jHmxJQWPZr.jpg
11078,National Security,/nWQqUPhvkSYCdIcc1iaaImuUBB0.jpg
12797,Ghost Town,/b8VS14DwpLlugTxVWSllYU0Gjn5.jpg
227783,The Nut Job,/4iHnGlmOjAj2k5zUftYDIzSITCf.jpg
297222,PK,/z2x2Y4tncefsIU7h82gmUM5vnBJ.jpg
299245,The Gallows,/4oBk2DsYRO0VuloOX52ROmz2QhU.jpg
325844,Serial Teachers 2,/2qW5bsYI2RjduaJhUz3U6extqNb.jpg
795514,The Fallout,/y94auaBWq1E7sun3ZpvBmQfGUW.jpg
12110,Dracula: Dead and Loving It,/4rRfZz8YnHNRr16t3CFcJrPdXHi.jpg
1365,Monster's Ball,/rPhs7Mw4ql2CotjxDCwUs5PBPxo.jpg
397567,Along with the Gods: The Two Worlds,/gJSvIsI6oQfFim0PGyuuiCYfqKs.jpg
965150,Aftersun,/jeXmhP2zbUkREMRqFOYIwQOk49T.jpg
493551,Operation Finale,/nlIdPeH5IrR1qRErschnVQeZAQu.jpg
382399,High Strung,/xfj4Vomg8h3I1hBHj4GfpduUfkv.jpg
329263,Suck Me Shakespeer 2,/wbpmtx3XUZIwHA8sVqWpHyTIV0V.jpg
379291,Justice League vs. Teen Titans,/ctHGhbe19xIX6wlECsFydHiha4W.jpg
266396,The Gunman,/lnUozDnDANTsDYEdsNsHC6b8IiS.jpg
531306,Rim of the World,/yhzTeZU5OULn3ePGF58Rc5oIocZ.jpg
6623,The Peacemaker,/hc3p6pvIrfO4AmrVLb6qTviOwW2.jpg
308032,The Stanford Prison Experiment,/kSUWvTkYcDZI2yX6nyWeK7J1Sus.jpg
10345,K-9,/21mBNUe0X4WYywe6w5DyihltmAn.jpg
11864,Enemy Mine,/a3dr9L8VIjhEvivzQ2M12VQDere.jpg
10057,The Three Musketeers,/mk8UH7JRmK8adcqJJpB1ygP7B1C.jpg
8386,How High,/x6NMlhvk3fgfXhHLz19h0I9Hl0q.jpg
525041,A Christmas Prince: The Royal Wedding,/2bLQTbFWrsunSVQsvOWZAAGACbf.jpg
395841,Hold the Dark,/1etEySwZQnBJpzgplgadPi5y4PL.jpg
900,Bringing Up Baby,/vTNNOtemaYmtx3k2NpsLMRJKEwZ.jpg
11185,"See No Evil, Hear No Evil",/2eX1RUVj4mIGJTX5p8fJ0SSIcn4.jpg
279641,Whiskey Tango Foxtrot,/wAxhQsY63VY6eF3EilXTkX0YRoU.jpg
411741,Ingrid Goes West,/3LEyW11onDltXHo0L1X23j9Nnvg.jpg
82650,Diary of a Wimpy Kid: Dog Days,/qt48TcjnJtOORRTYCpQmhtnRBiE.jpg
44945,Trust,/ckvJ8Y3zqAVDDZWPUF6JiURtISL.jpg
209276,Starred Up,/e1DRGfyRxYQclvJOJiXwAw5gDg2.jpg
8852,Prince of Darkness,/jjcAOhtGuX4p8XvlVn1WXUT1jWi.jpg
177888,Teen Beach Movie,/ywX8INXLshhf94pyxc8wE2MO4aT.jpg
717728,Jeepers Creepers: Reborn,/pyFyhcXx4kNnLbzEY5z5fc3RehQ.jpg
293646,The 33,/hpXkIuAlIlcNYACRE2MssxnHvZQ.jpg
339419,Loving,/teNPeDIRGWxtvMaJsNa7lw5IgiL.jpg
596,The Grapes of Wrath,/eUcxMVBIA0Jg8l1RGUqycrc3eIQ.jpg
400136,Resident Evil: Vendetta,/r27iDZNaoyLJyKlD8eNchRtvq8C.jpg
456750,"Game Over, Man!",/58BnnYeQOTzdMBghZIH1tSH0REx.jpg
672582,The Deep House,/52E0LGcMKHOO91P4j6hdHKVwITP.jpg
157845,The Rover,/734OOkr69mt8lyPk8iw3TwgQ90R.jpg
651070,A Fall from Grace,/h47JJZ015VF4neia33AFwTU37Yb.jpg
382511,Penny Pincher!,/axdQyS20MtoBnXLpzJhn3g6etqZ.jpg
819876,Crimes of the Future,/RAFYMC0NgK9In9aGY6k6wsIL8w.jpg
12335,Bedknobs and Broomsticks,/iE9gc9LyrQK6BKMeNb6RrlJKDb.jpg
4244,The Kid,/jNfL8De5IDVIuUYsrNnmPxCQkz8.jpg
1628,Jules and Jim,/kuFjZlcZhQFDtIjuI3GQJjsQG03.jpg
404733,Overdrive,/a0hTRjis1cxwmjOuBaS7WdDG3dj.jpg
603661,The Hating Game,/prbZxJxGcy07y60eq8lCGMciTYz.jpg
3604,Flash Gordon,/5PyiSSJ6lVsY8IbmPHBo1sp596h.jpg
990,The Hustler,/bUZiJFrC1Zp3zXHmOpR7gxR5VKy.jpg
140,Bad Education,/iJ3iuV9H5Ls5umC0Dxc5sAllvmU.jpg
193687,Z for Zachariah,/c7rdpZlviWAcOOx5bnzfqPPPNvq.jpg
8427,I Spy,/zMgg3txKpggWtTlAkD8xpbbRRCI.jpg
8388,¡Three Amigos!,/gbstiT6QohTCifCGGyhk0CMqFhL.jpg
11381,Tommy Boy,/cUvdzCbhLyYUAwbIkBjT3tC28cK.jpg
2122,The Whole Ten Yards,/4fbglyCpPqK1u40fhncLXKAF74A.jpg
360784,Hidden,/oiNc4aTeaUMVNkxL0UWnezmKJgM.jpg
14645,Santa Claus Is a Stinker,/xkTLoFbNpBPt5SyTPqllw9F97YM.jpg
923632,The Tinder Swindler,/iLUSFjdavIf0SrP7ldoQ1xomQVC.jpg
346671,Little Evil,/na7hmXernwsm59rEBwewJ0mf53m.jpg
438674,Dragged Across Concrete,/dQ9EkVyPYJNVCfP5jWXRe4faUFA.jpg
145,Breaking the Waves,/dQWMcdHXUOSHtr7ypOCa5T79JMS.jpg
55465,A Very Harold & Kumar Christmas,/cncxLilRHKayn8VKhzjAMHkbN4f.jpg
11237,Anacondas: The Hunt for the Blood Orchid,/gTlVy3wUApAanIAPdx3yz0YOROD.jpg
4413,The Brave One,/9UZ07Rie56aJwPeYPzDDsSyqoc5.jpg
531,The Wrong Trousers,/mV8SDTjkxrDxu0a0egvFz1lRPU7.jpg
567860,Fyre,/yFsP0BAJhAH3RTXCAnGvI1CtaUb.jpg
69735,Batman: Year One,/mLZRhulJcDsxZWTdfx0trtk6y07.jpg
360814,Dangal,/1xoavuB5bO92wo3eFQjZN2I9ptV.jpg
12207,The Legend of Drunken Master,/xqUBrSBtPYLvCtfqHF5sapU6Div.jpg
492452,Ben Is Back,/eSPiprXuWqwMGi6t8BkdiTz9Ou3.jpg
574060,Gunpowder Milkshake,/5AaKulwpUtkscAokKWtLenGTfVS.jpg
9696,Ichi the Killer,/k8j4YLZlda98dqp9ErymKzjYowG.jpg
157832,Calvary,/jzgiam18I0gR20LB8BAE5u4dIdm.jpg
492282,Like a Cat on a Highway,/7d3ljZjh3bnMps3UuEhGwTr0Ice.jpg
1714,Fahrenheit 451,/k2CTpexoS9MO9lKVFfnzwVdJuM.jpg
48572,Red State,/jPpaBzZxpv9gf5QvZyIMthO66Gm.jpg
606954,I Hate Summer,/f0l06BUo5PlW7h3XOaPZMFn3mEt.jpg
829560,The Next 365 Days,/6FsGeIp7heHm5eh4tIxTzHIRxmt.jpg
522016,The 355,/k26FYPVrLRHYnv5ZbMsIHFsjdIM.jpg
10322,Being There,/3RO3jbCKEey2T9bYFkYt9xpwen9.jpg
157847,Joe,/a8EEolKLUreFiginkPGWFpV5qd.jpg
357096,I Spit on Your Grave III: Vengeance Is Mine,/jG5GDIcqiqHXkvINZSjyzBUO2vH.jpg
11156,Coco Before Chanel,/nNpP1P2EufA6TN7fQOBeHUIVmeH.jpg
145247,The 100 Year-Old Man Who Climbed Out the Window and Disappeared,/eexokDJNgyfpdTH30s102lSuc9A.jpg
57431,The Sitter,/aL8uNRfhN4Xl0kzwk102CFGyySH.jpg
11069,Tremors 2: Aftershocks,/bUN11o8iU4WOrfiwPszn6JBIwlN.jpg
9272,The Good Son,/iIV9zYVEFbb7AWc3BgnVQlfoeW.jpg
93,Anatomy of a Murder,/zMxLbSPpToTCc6yK2Gddhx6nHNN.jpg
13932,Jack-Jack Attack,/uKMYT8aAJS9LA8IM1juMqbXTtqU.jpg
74306,God Bless America,/jEyiGve8BLOCvi8R2tL8H52aLp4.jpg
454527,Benedetta,/bQnP9YzjxbJ4kGYYChip4lUIS5U.jpg
759,Gentlemen Prefer Blondes,/fDozhst5HVJJcd3BM8ZOsKniO7Q.jpg
2639,Deconstructing Harry,/i7Z5DdznqANJUjqWISEFu9bw6J7.jpg
10285,Jason Goes to Hell: The Final Friday,/uZNsMWE5o1PaBEUjfRYaeZga08q.jpg
10707,The Squid and the Whale,/uuUuiit1OOQzYzAYj8KpIgvNbuf.jpg
244088,Human Capital,/nQxQ2N2wXksZnHa2ZzdwCbDtmkE.jpg
9560,A Walk in the Clouds,/xencQzZnUWDRAOUydjf9PWet8Ae.jpg
992,Sherlock Jr.,/1G9r3rqtbFAQuyWKOZm4Y5J5s7Q.jpg
631060,Things Heard & Seen,/9tSkNmGt1K5Lgf0L0BTHHYJNz0W.jpg
9662,The Triplets of Belleville,/flHYQswYEIvBL2QsQLEJJzTJDyS.jpg
10628,Kangaroo Jack,/nflh9On0de4l7ItCl3n4NVXjmnm.jpg
9754,Firewall,/v4HHAWJthAGxnvefLGSyeSInZZx.jpg
336004,Heist,/eKdz5i9gbzJthAxUZBBj5SVbzKR.jpg
7183,Perfect Stranger,/i7D5QqQ0q5EXU1UuZVY9KwIxoYR.jpg
8592,Dick Tracy,/xY6D5Ti44xuwzCkmf6Ygbj86BkP.jpg
382597,R.A.I.D. Special Unit,/2RQoRqtsQ9pZpcg7Hcb5fa5eCNx.jpg
636,THX 1138,/25cQH5gZ60BiA5Y91HxoPpnFiY0.jpg
768334,A Classic Horror Story,/xnxGmUof0HiugUaNbUFiS4GJPx4.jpg
221902,"Two Days, One Night",/na05HMiEEftqzBFnBOtqAgAr7zz.jpg
44639,Inside Job,/8fy2LWdZhfoM4xZ9QbHkjSpGjPX.jpg
766475,See How They Run,/r3rpSAi2yukZwr9H2km0WKGODWo.jpg
284276,Cake,/5GJEZovjtKisJxNMG6fBTCxNzZi.jpg
488,The African Queen,/2Ypg0KhQfFYWILelvHGtSHHR0dk.jpg
97051,Would You Rather,/uZQYjmEXeET1fOz1av7GYY7xENG.jpg
8398,The Hitcher,/r6AkbjQJ4FWrFNV3AA46A4fZYRc.jpg
297556,Justice League: Throne of Atlantis,/iaYZA8teYeIxmR8wRrEED5wwR0u.jpg
245698,Pawn Sacrifice,/lw6oQ70aLS2thMyUn0CPSYiUiau.jpg
213121,Toy Story of Terror!,/oPBEnNP4Fg4gv9c0KBhchmtoG4H.jpg
125509,Wrong Turn 5: Bloodlines,/nALE9wbgwIYKuwdhANoLbxasw7z.jpg
708336,Return of the Tooth Fairy,/n8XFS2FVStaBPS2vLqUuH2bAjVf.jpg
675327,Shadow in the Cloud,/t7EUMSlfUN3jUSZUJOLURAzJzZs.jpg
827,Diabolique,/pNcwhz3Eyfn3KQ2XykTozbARMpr.jpg
9289,The Longest Day,/5zmvEofdIlgXrQl9A7e5IOzlnFU.jpg
1710,Copycat,/lKNjGQXTy5WkSjAtLzLzAN9IHCD.jpg
345914,The House,/hkmWkVgirei79bwds23Hr0lWSXS.jpg
13635,Mesrine: Killer Instinct,/zCyuiyIhbhgEOZde81qTgXbO0pw.jpg
9474,My Name Is Nobody,/tJQEVI1p00Jh9TUgNEI623iu7ST.jpg
11220,Fallen Angels,/yyM9BPdwttK5LKZSLvHae7QPKo1.jpg
260,The 39 Steps,/paI9Tmqm2cZG6xy4Tnjw3Ydjuw5.jpg
425001,The War with Grandpa,/ltyARDw2EFXZ2H2ERnlEctXPioP.jpg
638507,How to Train Your Dragon: Homecoming,/kXj2Qrfm994yLeuADqbOieU1mUH.jpg
9043,The Family Stone,/3QPSWIx14H7sfaLqY5bh1qDNQhZ.jpg
44683,Tinker Bell and the Great Fairy Rescue,/cb7PrVIYbwIadQqWxgSU6CGHJjj.jpg
103620,Maniac,/nbDkRvhmbYnHDXkoq0sF0PLeo8j.jpg
560044,The Willoughbys,/9WrMmjdZvpxLQh1tCQ9tOd1asOb.jpg
452187,Le Brio,/l43VMuUg1DoItf9nMcMSj2ZSbn3.jpg
9929,Asterix and Cleopatra,/uK1S8VHWH0kilanq2QyNIdkUjFs.jpg
645788,The Protégé,/iQUj7MptHUlcXpaMLrqRNZRxGA9.jpg
200505,Draft Day,/bnl2ocjS1io4UCPhjoFuPKmJ9bf.jpg
10592,Hart's War,/yRUhSU7vzs5ePa72LNPcKKCCMZ5.jpg
121824,Stand Up Guys,/mbyYGpLCqeBxM3WrFar5h9winZN.jpg
3980,Critters,/7tFJqfcmu7sAxwcRwQ0j9qnGrok.jpg
454652,Colette,/z73Wer1DgObAwWnqZlOyeI33ROY.jpg
10437,The Muppet Christmas Carol,/ssrV29QSVVJuemBHho0Qx7pFYak.jpg
321528,Batman vs. Robin,/aGp9XDXmVM5lCKHWtgBC15S7XLr.jpg
393624,Official Secrets,/lyCGqSkT3PqLYQXiWs4FCVJBAYW.jpg
13374,Ice Princess,/oLWeyvu0ZJrpxDsRrzsMeaGzyZp.jpg
28874,Summer Wars,/yHy8TrRLnuBZ4t2C0l0pSpRXVHO.jpg
800939,Ticket to Paradise,/1tzERH50P5c2mFWtLbgixzLZS1L.jpg
229,The Bride of Frankenstein,/5241zUwe7rC17MNc2QpCBKKdp1N.jpg
2900,The Astronaut's Wife,/54RGJ6INW9ERG8IaalmMKbbDgwH.jpg
658760,Isi & Ossi,/bZ7H0kCwEM6CQ0dyCs2H4RkU130.jpg
10393,The Replacements,/6qerI41HqkdRlio1sG0d5HLZcFN.jpg
1396,Mirror,/phfHdNaa4AVN3dzKHo2FVwUXo4f.jpg
11652,Invincible,/9Lu1uEF00xc2h7Db0BwL7zE25JA.jpg
243938,Hot Tub Time Machine 2,/p2KVIrzzuhPZNWRv8HUQeNJqAKY.jpg
587996,Below Zero,/oYEORVxp2ZfknTQYhEsNkv2HYss.jpg
14537,Harakiri,/w7pWcLaYQkbtRUn99K6ome0DblL.jpg
11713,Fist of Fury,/dlcipCOa9hlfBBz7kCAyjsf3q0E.jpg
437068,A Taxi Driver,/iXVaWbxmyPk4KZGZk5GGDGFieMX.jpg
3525,Working Girl,/q2jfFzZvAzjTaArQR0tjilIZ5aJ.jpg
380225,Like Crazy,/pSVdOFu22jGWRHyCoJwIJTYuDBD.jpg
615904,Marry Me,/ko1JVbGj4bT8IhCWqjBQ6ZtF2t.jpg
980078,Winnie the Pooh: Blood and Honey,/ewF3IlGscc7FjgGEPcQvZsAsgAW.jpg
883,Coffee and Cigarettes,/pfG02QCsutx3PIxFS8UY4iM9AsS.jpg
21385,"Mickey, Donald, Goofy: The Three Musketeers",/23bvOwfOS9fw347Yc68yPpkmd8i.jpg
582913,The Room,/bWyQwZziHh1DK9F59eqahZD8Upc.jpg
994,Straw Dogs,/yigkfHE1OhkxPPrjrV78Y9ibGEk.jpg
11638,Guess Who,/lTMxu2Ceu3L3p0uBqYLWG00vu11.jpg
1727,Bird on a Wire,/vhsv2PrAPZ79ZpV64AJ2TiEI2zX.jpg
666243,The Witcher: Nightmare of the Wolf,/3sLz2yv6vBDWqBbd8rdnNeoJ2kJ.jpg
26390,Brooklyn's Finest,/9ZyJJpMsc3bF8gduDaxo0zo1gwK.jpg
10249,The Rocketeer,/n4Pvcc669wrLCkZ7Jl9t12ELY7b.jpg
249660,God's Not Dead,/yKUzBolWrwyByevBtDPfy3kIumv.jpg
9042,The Cave,/gMfJo22XulGLA8h8yAjiLhdQusv.jpg
84334,Searching for Sugar Man,/ucM98HuBHSWmn44oiE83hIDc6VB.jpg
10199,The Tale of Despereaux,/6bBzgQ1uJabDHeGR9QvKrHvHYzG.jpg
16296,Killer Klowns from Outer Space,/gkgqtr2weef0sUM3k1mFe52iola.jpg
11025,New York Minute,/ikvhT12oArMyJO3dpNwX2n3rFPR.jpg
586,Wag the Dog,/kAwOj7t8ZeaniTFtLWVSKO79JxX.jpg
212,Arsenic and Old Lace,/xG1GEEQGgExKl0WT5sRo1Arst5D.jpg
245775,Yves Saint Laurent,/c3OQ4DtCzm4JfBxviXk5g7grsxM.jpg
288036,Sleeping with Other People,/thYomS3wTYDTRZaM98ADMfBiDxm.jpg
10623,Cradle 2 the Grave,/8iXpVITXenqPG8gQ0lCFpUMtZIx.jpg
11817,Bulletproof Monk,/kHWv16c4uDmiEujICSBdQ52TH55.jpg
24122,The Rebound,/pnr4sA9tn3E5Sc2qHbG3yT4m8Fv.jpg
4437,2010,/mEWKXuCMv7mFMxXVSTI3v8UOQuq.jpg
830,Forbidden Planet,/aq0OQfRS7hDDI8vyD0ICbH9eguC.jpg
627290,Antebellum,/irkse1FMm9dWemwlxKJ7RINT9Iy.jpg
74387,Goon,/czTnUvy1jrfbzzDbX0xny4pozAQ.jpg
243684,"Men, Women & Children",/dzFHIxCcvq2CZVFCsgz7n1z5oIM.jpg
10803,Logan's Run,/v3ILN8ROPcrNRJ8S7GH24JyihH8.jpg
134366,Grave Encounters 2,/zzq1JCjsk7buXVOA0mwRH7zbHOP.jpg
16306,Fantastic Planet,/prq0j1S0K07UjwLZLF6oMGflRUI.jpg
405775,The Wall,/8POAZwZpp24l1IgKKM8ZRAQ2kid.jpg
11230,Drunken Master,/cf43J2SH8tECZVl9N5n0Q6Ckche.jpg
419835,Crooked House,/n3Nwj7WrV42osuILi4ErBCoqkQl.jpg
22327,Youth in Revolt,/3J48x7Utjx0sdYIvjsMWnlEbxpV.jpg
390051,Aftermath,/25oWTCGqIik4gUTMidx3L8DI4Bt.jpg
455476,Knights of the Zodiac,/qW4crfED8mpNDadSmMdi7ZDzhXF.jpg
76544,Man of Tai Chi,/wnuT1D0fsFu7chFLtcQqwPBaBVg.jpg
12589,Jimmy Neutron: Boy Genius,/pUwdquA6Bf3Gq8yT5iQL1Yq0jkl.jpg
69798,The Inbetweeners Movie,/nePYsVp0qU8EbSXeUdr3xEkHlzN.jpg
2320,Executive Decision,/hLjXkFr9fHlWzRVwu1T31QSVHRq.jpg
1913,The Sea Inside,/mQW1JJKCUg02cmWBzr9JFu9vM1V.jpg
12103,Don't Say a Word,/mDawnZWQnePqQbiisEWZaY9e4UI.jpg
15137,Evangelion: 1.0 You Are (Not) Alone,/pETU4GurpeEjBOM8oytMH0yNBHx.jpg
14175,Valiant,/chtAKvXb897I2Pn8HOkV4TC5Jzz.jpg
9612,Coneheads,/rAaitAn2937opFpbcxyywMEj26l.jpg
11967,Young Guns,/stvh1A3mj8NYyczE7RvwdtDRCo2.jpg
22536,Thirst,/sFgvkGpXLTydvHqBCXw54OB8R0h.jpg
40619,Day & Night,/hn2tOtidoYZ0D56jR4yknpdP1mU.jpg
13944,Passengers,/6srHzYQBQxoHgKAcdfgm8Jthptu.jpg
46503,All Good Things,/3RM8SyB0yHanJbYeHdgi5eLv21C.jpg
537739,Can You Keep a Secret?,/7QtCOlHESPEYtFANmd4yLqsYKZ4.jpg
1024,Heavenly Creatures,/uvb86wVCIqD3Rlbr0GTNgWDF7Zo.jpg
11132,Confessions of a Teenage Drama Queen,/iDDEeG7cWyZnz2PJmCkCmWL2X5J.jpg
428493,God's Own Country,/uKShYyGsleXAZ6e6gK5jF6Wa2tW.jpg
113833,The Normal Heart,/3dfoCGiD61568Uu8wyiK7SMEZAu.jpg
747188,Asteroid City,/tcKBclNUdkas4Jis8RYYZnPdTIm.jpg
13576,This Is It,/8GvQzHFSqr9KhyVxLEpB5dXPOWG.jpg
14620,The Butterfly Effect 2,/g87nPhHf2xfENBV6PCbkO88sthd.jpg
92591,Bernie,/rW5CetooG545jpkPNpD4FjFAXfe.jpg
11453,Deuce Bigalow: European Gigolo,/yXdQ4UGDFCsPrynJOdIk20AYLus.jpg
5919,The Towering Inferno,/mFM1GbrRrT3DWUFFo8koSITFnYe.jpg
141043,A Long Way Down,/ibtYPDUQXKK2CIYzMEWgt1VNMlP.jpg
11624,Everything You Always Wanted to Know About Sex *But Were Afraid to Ask,/A1ZNhNd8FV8kCW39OeDelokT0tv.jpg
689723,Dangerous Lies,/m85QIC42laGfLDxW7DzIFDrWogP.jpg
2275,The General's Daughter,/yGQ26eQUPaU2cWpZsdn2RgSOj0D.jpg
344268,The New Adventures of Aladdin,/el4obM1DT1o4k7xGowuhtrUmW13.jpg
9296,S1m0ne,/mdHEOCSGPvwa9pYiV1ZDZ1ihj42.jpg
13969,First Daughter,/iUZ3hDMo8SGY2IoujCKwVt8ukm9.jpg
17360,Escape to Victory,/3j6H0dnbvjNXLK1l9nKguXw5vvO.jpg
940,The Lady Vanishes,/c1t9LB76LvEARPanfEzXmkm7fwY.jpg
366924,Batman: Bad Blood,/1UmPJWfaivtNjsScJqcsbsQRGNY.jpg
2163,Breakdown,/h6POHvMnoqBVpAFQXCMBoTjru9.jpg
9681,Casanova,/pp237jqOnlLojQfvCgJHv5yZofL.jpg
11236,The Secret Garden,/zf6h5dJ7wVG7LqMO9dhHGHVejzj.jpg
24169,Il cosmo sul comò,/tKHHDq1M9xde3UBaefSdV7RZkVQ.jpg
503210,Return to Jurassic Park,/mPyu59cDdmMDDW9IOtfjVlM0THd.jpg
10161,My Left Foot: The Story of Christy Brown,/GRAAl0bMQFoFIjV3aunc5jsM5u.jpg
10395,Wolf,/8ocZb9x6rN82i8ZzZ05j1vWKVOC.jpg
33689,It Takes Two,/sdes5TrRbymELYLG85YIxmFb1OP.jpg
498248,Mia and the White Lion,/zXfwBeYe0RnqsJ0dnBoFTB4SSrG.jpg
766798,Parallel Mothers,/gDaxYkYNbHuM2VlUazbcpnFZB6d.jpg
780,The Passion of Joan of Arc,/8OYGtQlO8k9PcOm49apV62eVJQo.jpg
581528,"The Gangster, the Cop, the Devil",/oHlM4abRm6BzrRcz9Nup1uidw9H.jpg
10326,Forever Young,/eKbD77BEhhBmFD7ZE9VTi9o8r2K.jpg
11829,Trinity Is Still My Name,/oRd5Zb2MJEvBBxvyh3gVe6d4cAl.jpg
54186,Confessions,/xn98VCLMcF6TulxsKJq2EQ8WYL2.jpg
11183,French Fried Vacation,/gjmvQEQsWqM6884raalqMYv2Smt.jpg
9303,Bound,/9qAy6UWVw44dGrsyKrdEMt5qIUM.jpg
10684,Courage Under Fire,/vDJurMJkrx049AiXa3DJx5Zx7a4.jpg
13043,Camping,/7flI2OwTuWKQdZiWRZ6tw6ijvEB.jpg
10972,Session 9,/A3Au37c3KJX29BDvldzGiYtaU5B.jpg
385448,The Little Mermaid,/7Ax9O1wlFL0Cjl8YLwuXDGthovf.jpg
310126,"Il ricco, il povero e il maggiordomo",/fjnOjxruO6rmUwF2nnnoynYhUHf.jpg
11450,Quiz Show,/yoGJo1h3Hl2exXPVcG9UXWDENtX.jpg
211954,Instructions Not Included,/4f0qaU7cWmO9kYEkr3QGdA7KNFR.jpg
1688,Conquest of the Planet of the Apes,/tzKZRY2opw5MruSkevffgT5ocun.jpg
2039,Moonstruck,/2mnVWpvsHEHHnfvLn1NXYVvBGl5.jpg
10060,Get Rich or Die Tryin',/aaEJu8vFKtrAoSRtw3xjCf1aM5d.jpg
11825,Police Academy 5: Assignment Miami Beach,/4m1qfTiVxdEDv0fgUf0FI7CA9Fe.jpg
8409,A Man Apart,/z0JUBNk4BTBmeMOudrRH9GnOmK0.jpg
38234,Undisputed III: Redemption,/g8KB77SPA7SyU8eid6TAEpt9skU.jpg
81025,Salmon Fishing in the Yemen,/tSmZAKh1H80AGERgMOvXAWTwbVQ.jpg
10833,Heartbreakers,/bwvec0gRMSpLakcPuxe0RWScNv3.jpg
10772,Django,/vs4vieNstSEfbgLFEelXXOPvr6h.jpg
55341,Jeepers Creepers 3,/pK7ge28ubs45av9aGEbVWW7ZbA8.jpg
554596,No Manches Frida 2,/rG7rDoTe1ZEa936eonDCkV76nkx.jpg
643532,The Card Counter,/y5DNLVg0gPiGSkuK4yFc4fjQ42Q.jpg
15189,Hotel for Dogs,/xuCsYoRiWyFiBLMvpNyn2S3VR9z.jpg
41515,Yogi Bear,/3Rs4BTP1wHA2Ll1FeuCRbhFgXWM.jpg
293299,Feast,/6hAgSxgd2YIK5pYhwowtnlGpwbe.jpg
337556,Emerald Green,/nls6pTNJo6G52EBTFa5ZRz6NrZ1.jpg
10653,The Seven Year Itch,/4oLqx0QbjWFzWtkxRmDLGH47CUJ.jpg
10086,Man Bites Dog,/wFjMK1QaH8an5JcgDEDoSReQ7aL.jpg
9429,A Night at the Roxbury,/7oZ5xE4AL4D5EbeQUaoRxahgzJX.jpg
421447,The Climb,/2qHNSZCmqQoCa2jGjr0lOtIV2rl.jpg
579245,The Specials,/zJziqrnSOzKiV0TrNVZ3AS0NMKI.jpg
4958,The Legend of Bagger Vance,/7jKjh9PZvHJYYtCycQmTbBoZVV4.jpg
192132,Palo Alto,/yjcwwYP3eSigxLKKVBoVVz85ZWv.jpg
8327,The Holy Mountain,/cZemtR2mXzqu4zLSMEzLbOQYMQp.jpg
11087,The Hand that Rocks the Cradle,/1fBnyO3SbNBplck45js6O4pQaLw.jpg
501979,Bill & Ted Face the Music,/4V2nTPfeB59TcqJcUfQ9ziTi7VN.jpg
2959,License to Wed,/mXNMHCceDH8g8Rhzz3nmYvCvjYO.jpg
811592,One Shot,/3OXiTjU30gWtqxmx4BU9RVp2OTv.jpg
643882,The Princess Switch: Switched Again,/e4qXQXXaVYvHBE3Rx5x3qrmxorB.jpg
39452,Exit Through the Gift Shop,/y6HK3PeQNeNLyruwtpCmV3TWuUx.jpg
10890,Stripes,/vP8tPOgmJSNOh4bpOv1bFjid3rZ.jpg
592984,Hillbilly Elegy,/7mfMBPYCnzDYExWQOHXhHpSJ3Ip.jpg
3512,Under Siege 2: Dark Territory,/gElwFCQTbSK5hdK0PVyia547nst.jpg
166666,3096 Days,/jQ7aucozEWiz1cBCdZtcYSJfWC7.jpg
630004,The Vault,/kWhXubAiIcHW0xn5GThflqaKZqh.jpg
9957,The Benchwarmers,/5yMPCr4qhuNg6fT538xicHaMaG7.jpg
9443,Chariots of Fire,/qnRaum8k0HqGRml2i7OawFqUtEb.jpg
7874,Black Snake Moan,/8Yv7kxsqXSe4ZHl8uJEhmsPjhAP.jpg
13161,Big Stan,/zS1uUwKEFcd8ak0NTXxw97DlbAa.jpg
930094,"Red, White & Royal Blue",/uffOY4W354o9RTRmercFyVvl56Z.jpg
2322,Sneakers,/l2pIGwCvpZEpBuMb55YBl6A04Jv.jpg
48289,The Debt,/6SL1UiUmIi7JNO1U9pFdO748Unz.jpg
8987,The River Wild,/wVgQ2T63ThjIsY4R0qoHXjyllql.jpg
582570,Sextuplets,/ztGSEcowBoHyRwcK0s5kIKVVXwy.jpg
573,Frenzy,/4SFvqrlSigAt9tnhXFSMyKeJWQk.jpg
10837,DuckTales: The Movie - Treasure of the Lost Lamp,/wCvdRynGJQWaOi2qwQP5nDdFxjM.jpg
13012,Felon,/1eYGh6DETJFXQt5PWjV8lp8YZvx.jpg
423949,Unicorn Store,/rGe3eWy3F3qggDZMc86bASN4I7C.jpg
4551,Be Cool,/ekKCH7Zkb5ZTr1f1AczZY23FH.jpg
571468,Freaks Out,/o2LhhNYtHurpExDmnFCTtR9vJW2.jpg
13150,Pride and Glory,/8VZ1ABbtXqwPcc06yXbf3gj3anG.jpg
10784,Cabaret,/fMhOeJ2TvuY46iYGmsowhgRXfnr.jpg
1678,Godzilla,/fg635r7DxfmbQpnIh7vLCOsGoOG.jpg
11449,The Amityville Horror,/7VMscq0659xKmcXzd86de1DGV4W.jpg
162215,How I Live Now,/4FyDHVuuiy6XObYLyXxFUb4oX8J.jpg
110160,Laurence Anyways,/d8BpJ9qOQE7VFFqaV1XDdGfMsP7.jpg
102207,HOUBA! On the Trail of the Marsupilami,/yn3ydorp7YigPcnEZgNMvdNHPaF.jpg
9081,Waking Life,/mhqBB8Bvy8q06mmwZQO8rFSzWCs.jpg
77948,The Cold Light of Day,/jLmKMhibZjHUYtsHQLIa5UBwqcc.jpg
643586,Willy's Wonderland,/keEnkeAvifw8NSEC4f6WsqeLJgF.jpg
19904,The Stepfather,/oKefNCcblde9TK5yBHwArgaKDuf.jpg
15362,Mesrine: Public Enemy #1,/k9lhZ0PhY78nzwG034rNpsLXlpW.jpg
662,La Jetée,/sqbvjbJRzTduUj4lVm2FmPkqJkS.jpg
11649,Masters of the Universe,/gaUecXFd31V68yOTJPJYaB9YhAf.jpg
713776,If Anything Happens I Love You,/85tDhACvKDQxQoJhBYLvDU0ik1n.jpg
460321,Close,/4kjUGqPIv6kpxJUvjmeQX7nQpKd.jpg
19840,"I Love You, Beth Cooper",/mUi6nEbo04DR1YwflbZX1RR7UwS.jpg
14813,Mickey's Christmas Carol,/9XWsvdXXVL6Ikmu6OJkEJcgoQPF.jpg
8090,Untraceable,/ySUwDRDEn01lKIMPQorpFCMLWqE.jpg
407655,A Cinderella Story: If the Shoe Fits,/qtxOA6Sb8lK1PfRiwduxYVuzaEv.jpg
34433,Dragon Ball Z: Broly – The Legendary Super Saiyan,/6iO8TJCyLI4BiPYOvdwzPV2bhoV.jpg
780609,Men,/jo1Kv3P3UgDVk7JnUFr2Cl8WWUM.jpg
10650,Sudden Impact,/ilJAikUtoJKd5f4GceMI0cmnlvD.jpg
204,The Wages of Fear,/d1VEnsFO7YcEc5gRqKXu2Bq2MMJ.jpg
1259,Notes on a Scandal,/ymFybaA0r7MpwWnmUCFHYAT6Djb.jpg
554230,The Lost Daughter,/t1oLNRFixpFOVsyz1HCqCUW3wiW.jpg
1781,An Inconvenient Truth,/zrYT5UHE2UIsofwkv6KK2Tsu5a.jpg
535167,The Wandering Earth,/woo56L6LYYoM89DYBCU2C6LO1at.jpg
11033,Dressed to Kill,/oy1m5dd44foNrxV8U9l6Walx82V.jpg
330947,Song to Song,/itmaNi14GyWguTOywZ0mMzyScW9.jpg
9434,Grosse Pointe Blank,/7lQ0MSNQqBTYpXTTZL82u1n95Z3.jpg
332872,Julieta,/z4aErD1RQQ3alpu3PoUu408HEVc.jpg
14048,Man on Wire,/1mS4rhIgHZcHIvf1beP9Av0Ui33.jpg
9542,The Hitcher,/jj9VF7GL3rLXHfoa8oQ4ioNT8GZ.jpg
1412,"sex, lies, and videotape",/cVjx7si5DsRRdU2qUp90qSUUiRm.jpg
1705,Battle for the Planet of the Apes,/dP5dYjLp5p2CG103cJMio4Nj29d.jpg
19918,Spread,/hCA9jeOrVWYyK4bCO55hvDmT2Z3.jpg
628534,The White Tiger,/5JnmseS3DZ6ad2VMbrnbGCs8Rst.jpg
76589,Justice League: Doom,/seCbcjdZYUl8SRKjeWfyi2ngzFj.jpg
32085,Vincent,/jRIFN6WJOeJUInJlzRUEb6E1vkB.jpg
10142,Casualties of War,/3SerZUDoU9TMCXMsQqiXvSWm0uL.jpg
14506,The Adventures of Baron Munchausen,/oiOwGRqwrKpg1EMUlPgRjVC49bn.jpg
10223,A Simple Plan,/wO2gH7DMqpMeHlj5QmDhW4IkgAr.jpg
682110,My Octopus Teacher,/hvTVZb7hBC8tZAGoEhH5eiMJu2B.jpg
67660,Think Like a Man,/kfIrKVPDzXJDBzPnFEuoatlaZPW.jpg
11323,The Informant!,/qqcmJrzVx3Yx3IcBpqrgb2SK1Rx.jpg
89185,Radio Rebel,/wycDdx2BrdNKlyTZoZT8uLeu6dq.jpg
551,The Poseidon Adventure,/6RGiA5BfhelU9zoD0b1GAG4GWWf.jpg
4174,Spellbound,/dPAox7jGScLBvxKLeRptJIBF7v.jpg
14024,Raise Your Voice,/89sfBkVOsgFRPs6uKaBtSMCDSv3.jpg
4203,Women on the Verge of a Nervous Breakdown,/8C5FJlUo96pj1xAs2BKnB58PYzi.jpg
334517,The Siege of Jadotville,/adrno1y0mKpMwjSlMQojZEUk82V.jpg
50780,The Beaver,/nlaWgS7iIb6MG3t0FitV1xdPqIV.jpg
339,Night on Earth,/ktejUHCo6c8DekpOtR3uSb6oDXr.jpg
11046,Where Eagles Dare,/dnyiVS4Ad4w4rfS4Bm1YalEdonx.jpg
310133,Cop Car,/o1JBr2htdBNyEKeIwGGr8Bwh1Bn.jpg
11661,Joyeux Noel,/9Ka8lKCIiWjnZiMslPQeakS5UhW.jpg
761,The Wing or the Thigh?,/ywkIu5l3iAgPZvLFEVBDYxLouH8.jpg
88273,A Royal Affair,/AafVGIirBlCw8Whb4DSPSLX9nGW.jpg
38031,You Will Meet a Tall Dark Stranger,/acmhdlwtMLea04rvptvTR0WiK19.jpg
4727,Le Gendarme de Saint-Tropez,/6510K6Y8eYLf9FJ7O4xaOnwhn2u.jpg
115348,Paranoia,/isbiljuGztxLlcOvrSw5FkQDGEd.jpg
7859,Half Nelson,/72lgvvddfixvforlrp3qZ6E7zVv.jpg
420622,Professor Marston and the Wonder Women,/tbrzHlnE8dNpllLWEe9bwDGNzLe.jpg
549294,Synchronic,/wgm4gdJwb7iSYX0uBsRAZmHQmPm.jpg
472674,The Goldfinch,/8NwONmcJmPr0w9A176JorJ3tbJx.jpg
537056,Batman: Hush,/eiVQORVyVuNNZHPAELuWtlXoQsD.jpg
10329,Congo,/hPNSToNIIpRO6y5Rh973leqQqNr.jpg
519035,Nappily Ever After,/lxXsGqxUwSxypffv8hn3r332jf4.jpg
587496,The Rental,/3ynPnBXQVT2Y0s19fDIPlWKUlxH.jpg
83770,On the Road,/k7LQteD02p3VHixbS6NXHkFdFwT.jpg
398924,A Bag of Marbles,/kjVPBXfo7frULyUzQ8NRPAflP8G.jpg
666,Central Station,/zJvp7XjQ2LhPbDVYhFXyucs40vR.jpg
11866,Flight of the Phoenix,/pcj6unMsKCw0ogWFlUXmbc9gKap.jpg
799876,The Outfit,/lZa5EB6PVJBT5mxhgZS5ftqdAm6.jpg
9317,The Cabbage Soup,/zEUG0uqQBAQ9fYV8eL2S2twYAhf.jpg
44564,The Dilemma,/a7EVBTqeh6NoCFDW24qIp11kyi9.jpg
627725,The Banker,/biXzsw22U6vSd0XktmZwAOc4uik.jpg
254375,Hector and the Search for Happiness,/lymRg46xAt6s9ApWa9MBcgnzXAS.jpg
11377,House on Haunted Hill,/weiGTsZqBglKxkIn5xj1nEjxn81.jpg
844,2046,/jIN65qw0Giplo4CshzMrxz204Wn.jpg
10414,The Mighty Ducks,/zxaCHxKDFNi6frh1Q0dj19L216o.jpg
375315,The Salesman,/z2AFU8rv7HmNosDvnVcMrG7OlVN.jpg
10649,The Enforcer,/vhNk7MYb8OGh8sXL1wgdLlpyJnk.jpg
51162,Winnie the Pooh,/wMZU69sPEP8dSNU0nMWVt7b54EQ.jpg
9464,Buffalo '66,/fxzXFzbSGNA52NHQCMqQiwzMIQw.jpg
307,"Rome, Open City",/ijGV4v8JxgbNzgEhqKdzHdaZn8a.jpg
10052,Dragonfly,/oMRyQniB5ESA4DoyJVLVJifSExB.jpg
12262,The Hills Have Eyes,/1G2DBIEkoS0JdCiOFIeR3mD8ROE.jpg
961484,Last Seen Alive,/qvqyDj34Uivokf4qIvK4bH0m0qF.jpg
584962,Between Two Ferns: The Movie,/cHxc8v1GkzdjjhF2qnpG6wdXrOT.jpg
401905,Fahrenheit 451,/urH9H50gKbUK8U6qTVd89SLQPjx.jpg
15764,Sophie's Choice,/6zayvLCWvF8ImK5UqwRUbETcpVU.jpg
9333,Last Man Standing,/nEMNuHELBxPAglynxuc9ZvKOlpv.jpg
12599,Pokémon the Movie 2000,/rBeh11AHRIyQw738pXLoJ2tLxyN.jpg
339095,The Last Days of American Crime,/ygCQnDEqUEIamBpdQdDYnFfxvgM.jpg
419743,Disobedience,/skPT4ffWhlmmDOMNEdxOiP6Emfz.jpg
449755,Christmas Inheritance,/sqdbF40nBzS2IZVAGPxJT7loxoM.jpg
262841,Monster Trucks,/jDKONUh6CD6M1P0sgOe3RDxy31t.jpg
245916,Kill the Messenger,/8gaNZiKZHvKCqMDByY00dUIV0YC.jpg
723072,Host,/h7dZpJDORYs5c56dydbrLFkEXpE.jpg
677638,We Bare Bears: The Movie,/kPzcvxBwt7kEISB9O4jJEuBn72t.jpg
246,Zatoichi,/iCIycswWbX1EDS6PYYBcR9ohrC.jpg
11686,Love and Death,/oJXFd1UHZoOQ1UtoLxbyBLGJDox.jpg
44865,The Grandmaster,/ydBVVIscL6TsX5hYztA5YpBCwJ3.jpg
676547,Prey for the Devil,/iCvgemXf2Kpr2LvpDmt5J9NhjKM.jpg
253306,Housebound,/jPKEeHmUuoDnIaRs6VUqSr4qRGR.jpg
2661,Batman,/zzoPxWHnPa0eyfkMLgwbNvdEcVF.jpg
505954,T-34,/7oZA31r9NzVGBZOKs5qmKwZyraZ.jpg
10362,Two Lovers,/8uaXKQmOJPUJSCSO6GkjXrJKp2w.jpg
458253,Missing Link,/gEkKHiiQRVUSX15Iwo8VFydXrtu.jpg
184352,Tom at the Farm,/df7pp0jSs4wRxfWHtdgCaDPelmm.jpg
10246,Porky's,/AqCOt1cWfKqCepxK7LIdT812idH.jpg
11562,Crimes and Misdemeanors,/6vC6MLYUICH57MmEVi1UaNaj2Qs.jpg
485942,Batman Ninja,/5xSB0Npkc9Fd9kahKBsq9P4Cdzp.jpg
15449,La Tour Montparnasse Infernale,/jvo5ZsPyeumT1QRrCqBT6wieQE5.jpg
375794,No Manches Frida,/6HfyXfIEywLa2HvcswKi44dDKxL.jpg
173,"20,000 Leagues Under the Sea",/heAEH85fdxEgV98LizHbQCL95iZ.jpg
8697,Who Am I?,/9YDKLbBmWGpxG5bO3TBawtNNOAr.jpg
41215,Black Death,/gXRERDpyT9s3m2yk6wNmrTWbZfG.jpg
60599,Arbitrage,/oVJF2KTmNB8ZFkp0aUSay7d0Opf.jpg
25606,White Collar Blues,/b3R1LWvraY6RJWfIu3aLXBF1ra8.jpg
104755,The Lords of Salem,/nqZ6CGGZpQWt139YioekSYHvvkU.jpg
11030,Zelig,/fnOZEV7DmWSM1XgmWs4EgrpSvn1.jpg
121875,In the House,/6NCBSCCcyef9aNcABsVGZwuehSC.jpg
13499,"Yours, Mine & Ours",/1SfsoUYXRRrfL31br8q4DlTYvKK.jpg
8982,The Protector,/uKE9BxgtT5g2pE3ZKC7MnzsAbTZ.jpg
649,Belle de Jour,/iUAFECovwPA0cVV9bo4uNGLJSGL.jpg
218836,Planes: Fire & Rescue,/pOmteFeBDI9FJOPTDvYJYFeAtdp.jpg
265180,Leviathan,/dwmHSBBiu2ow271zrQ33rPKZDSC.jpg
1997,Two Brothers,/5I2pRuJI3SZVsxP5iaorGaczzkI.jpg
259072,Wrong Turn 6: Last Resort,/cV1biK7jlHVXlQ7ErYe5MUSBGcx.jpg
11344,A Bittersweet Life,/iqUGAIQqHMMscatykpR6hVBxezA.jpg
537061,Steven Universe: The Movie,/8mRgpubxHqnqvENK4Bei30xMDvy.jpg
5375,Fred Claus,/9gATbvoRMxVeoHInwS8nR0KZMVc.jpg
9540,Dead Ringers,/ofXwDfM8uYAaftD7cBPcIWdCpMn.jpg
174751,Jane Got a Gun,/lef7Fnj3gOoFKNYpuZ8qq1FBj55.jpg
364116,The Other Side of the Door,/z5HubVaGLp1EXQbEXhg6hbEYee9.jpg
123,The Lord of the Rings,/liW0mjvTyLs7UCumaHhx3PpU4VT.jpg
418680,Goodbye Christopher Robin,/a6IK3hMlUHzXZZVLBTh0WZ5KoAb.jpg
13004,Barbie and the Diamond Castle,/dvjFM3GgYm3gDZ6Ulw0JurDYs4r.jpg
340485,American Honey,/41SVO0AElBAl7zks9dFhJ0OjHni.jpg
11543,Kingpin,/cT3vdSxcEOTHPf99sbopWt7rdHa.jpg
133121,Resident Evil: Damnation,/yhokCOGRDEaldBUkqNOYVbRvdga.jpg
9549,The Right Stuff,/kFR1p46HXJVVMpmOil8bNWnAQ50.jpg
11546,Police Academy: Mission to Moscow,/3517XQ9LpoEykyYq2TuDNS45MPP.jpg
11299,Cowboy Bebop: The Movie,/7i9sIU6ASTw2zwvvNuM0FJzmpKs.jpg
6418,Hotel Chevalier,/fiWLuGIUAcJtu2hs7KlcZ0O2Ix3.jpg
366514,Up for Love,/vBOioZKaGacNtx8G7qZeTPqemk7.jpg
9599,The Blob,/zXXDmz5cPuSo9LveCNjZ1j16szC.jpg
2786,Pierrot le Fou,/i124H6iQB4CawrgFW9aZaZs7OBO.jpg
8010,Highlander II: The Quickening,/qxKeykPNGbKAK0DJijMUaZ5cVPo.jpg
28260,Return of the Living Dead III,/dfFY2ZlCUyoWpUGKHKoTzq2Yd9C.jpg
252171,A Girl Walks Home Alone at Night,/4ririIPMbOnbnZlQGnTYgDIcbxa.jpg
11418,National Lampoon's European Vacation,/6AhVFxvDs2WZgfpC0bm2n2mshaa.jpg
20982,Naruto Shippuden the Movie,/vDkct38sSFSWJIATlfJw0l3QOIR.jpg
9056,Police Story,/1eFB0Iy1TMU4VO5hMcoCE064JAT.jpg
335778,Risen,/bJfls3xZqEyPyXWONQLcMX6KxIC.jpg
8052,Hard Eight,/1l5UaoP25Ak8PWCKIULQz70yF03.jpg
11595,Another 48 Hrs.,/3oSAuZP0346zcIo6awKzHyGUS44.jpg
102780,Byzantium,/6s6vOLSJ1sfF4Xzjdo3CopcL4Ox.jpg
11895,Police Academy 6: City Under Siege,/gRFJ3xLewH1rwEplZBfKS4vGpFV.jpg
981,The Philadelphia Story,/dKUubjvxO78XDts6VP1Ggcp4R9O.jpg
152599,The Immigrant,/dH9al9Xvsvtmq7LbpafFIY9ZcMZ.jpg
426563,Holmes & Watson,/orEUlKndjV1rEcWqXbbjegjfv97.jpg
578189,Black and Blue,/1cSHEKYYP8Dpi4o1iBVd4U75FYt.jpg
9871,Ginger Snaps,/s2qaOamcCvpH4BPTOFfhIZEGMs8.jpg
24469,Fish Tank,/ollNqszsRTyzAH0lfwxwaxjfDXw.jpg
10934,Under the Tuscan Sun,/utuMbAq2zxlSXcvZkH1R7Im6xRf.jpg
12140,Ghost in the Shell 2: Innocence,/1ZJRbLDVr90KLtKdmTT4WZhT26E.jpg
423646,In the Fade,/n53oMPqwnZxnk07uR0wYcgfH9vB.jpg
446101,Assassination Nation,/dMg1wPakqPx54yMzm0OuHn1jl42.jpg
197950,The Connection,/4IAmHRGH8JRFuL4RYLvzOKNSBuz.jpg
11353,Bowfinger,/iGuiFYEYwFkaRPl3FgLJYEm6dWq.jpg
12143,Bad Lieutenant,/mVJ2mXykqq3t2v1nuouf1P10g0d.jpg
266285,The Salvation,/3wdXyZ8kANQrwLlLD2v3YPUZe53.jpg
5708,Control,/jOJiaOhwrDdwqTRZvZOhbndqHGp.jpg
85739,ACAB : All Cops Are Bastards,/lmpkw9hRmuI0pk7CWDJRWSksl3i.jpg
10780,Overboard,/v9MVFgUTvNRXmm2WWOzST6UXb5x.jpg
9282,11:14,/pR2hj9MvnLeax2efwrEvRkHadgp.jpg
22843,Evangelion: 2.0 You Can (Not) Advance,/7VLYN2CfJpB6PrcuzDKKqdGSUi6.jpg
56909,The Immature,/n97HpLLs6flPoxK1VVPMKN2Bc32.jpg
290542,You're Not You,/jvrdukoeCuVckHlbAxU0MPoIzPI.jpg
19185,Night of the Living Dead,/isp4lCv08asTPNvv8Xe8oQK293n.jpg
11880,Dog Soldiers,/cUsSL2x0HYS7QmTwPcEE66b52Wt.jpg
10141,Dirty Rotten Scoundrels,/3176xH21fSetstKpEtAD1giHbyT.jpg
13532,Fanboys,/fitksX4J3xfBjT38YgDUXOlBkHk.jpg
480042,Escape Plan: The Extractors,/r15SUgzjL8bablcdEkHk9T7TSRl.jpg
9796,Turistas,/ghf1DibQCqS0FKtUV69WfPfPDBs.jpg
9663,Starman,/cgDeFWkYi6e9FT5RiQPCbQ9HlXZ.jpg
10730,King Kong,/paYKhEwUaxKA05vmOfU7FlleTln.jpg
526051,Look Away,/8WTEFOwFBx0mHurnEfv27I0FOe2.jpg
618355,Superman: Red Son,/frSfz7olCSQsp2SmTyu2ciGGQiX.jpg
435129,The Breadwinner,/2d6qmkJz9AWqmk9wBWtd2uFX89t.jpg
75802,Hysteria,/ziWnXi2VyNDD9qPi5wmOuolOCIu.jpg
2312,In the Name of the King: A Dungeon Siege Tale,/bbN1lmDk1PT0GsTFCy179sk5nIF.jpg
209263,Enough Said,/p5naJg0K8xF0h0HWEfiz6rc9lC4.jpg
425505,Kin,/oPE5GXHaTlu5eRcd4USuOX3A1mf.jpg
86331,Desire,/nOBgorydp9U3ydSRoO2MaYZMwMT.jpg
530,A Grand Day Out,/og1s6iwv73WMShgNzg0WTtmrKXy.jpg
11467,America's Sweethearts,/4TQOYs8rCWi44O1tNbIQiRqHQkA.jpg
9591,That Thing You Do!,/oIaeMi7d5YsX95O1BOZtK4HeoM4.jpg
145220,Muppets Most Wanted,/3NaHGIsgyIIbf9EuediU75QnJye.jpg
457332,Hidden Strike,/zsbolOkw8RhTU4DKOrpf4M7KCmi.jpg
4464,Seabiscuit,/5m7NfZvxYsSm2YBCJ2VPQf8ziKr.jpg
862551,Me Time,/bkjPoisqAavXUvtoirxTEcLLQyI.jpg
24653,The Consequences of Love,/2ubdrvMHcRTFzkUdmSIuvupLqRS.jpg
5491,Battlefield Earth,/wXCRuBHdJ5aTFQdsuGJFXNdo79T.jpg
239573,Unfinished Business,/eVWVZf3fkx9eNqbHyn9xNlmC2h4.jpg
9053,DOA: Dead or Alive,/lZ6vZka2M0jtH1khYWa8j73E275.jpg
12493,High and Low,/tgNjemQPG96uIezpiUiXFcer5ga.jpg
13252,Cleaner,/8KhDbFg9STRlvrOLvaQ7PjOo7XT.jpg
373569,Snatched,/gsleO1KultziWltEAngAEZkxQhf.jpg
9044,Tristan & Isolde,/AlrH53hsH0hsQ5GNp1Ip0GZetth.jpg
21057,Ocean Waves,/fSR1LLMIJZ6WcQEkM82yKy4F9vQ.jpg
16337,The Texas Chainsaw Massacre 2,/3HdDJ8ahSRsUiJmf9CHMq4hQDtx.jpg
2313,Prime,/vPX6XxUTxNFp8zt275E56gAFnRm.jpg
13394,Shrek the Halls,/xejoSLtxLNkglY5YkojlOkMHz3u.jpg
13474,P2,/3mTtQSKoFNyvhbcqBUJl8tPRqMz.jpg
460846,Security,/9FN5n8wGYrfSJaKGF9uObdKimIh.jpg
33511,Nowhere Boy,/1rFcosLtBnGL2ru0IPtwx3QSeKK.jpg
9824,Mystery Men,/3O2uzpG97ndCeAWgS22rNB2xL6N.jpg
10152,Dumb and Dumberer: When Harry Met Lloyd,/qxD6P3UXASFCdbrVavceZzgOfI9.jpg
12289,Red Cliff,/eEelFTjUYJJDlwqd53VfSA8xMfj.jpg
355338,Riley's First Date?,/cGLwfmLqg39822RFQMUDat0UJev.jpg
628900,The Contractor,/rJPGPZ5soaG27MK90oKpioSiJE2.jpg
8849,Alfie,/dvKvkoc2d06cOSheq5hQ7G4FJJX.jpg
12160,Wyatt Earp,/51LItgyecu2KMAtIchYogEykCIu.jpg
172533,Drinking Buddies,/iunbsMWtkwfrtRzU7hdCHhPjjJf.jpg
11077,Problem Child,/kgckcpAiBrI5l78MrxCw2ZakycU.jpg
11804,White Noise,/8G5OKXjO5iQkuHAgysWRV1bUs1R.jpg
465003,The Red Sea Diving Resort,/bTgd1QQFTKdxESevtffAvIvCnz2.jpg
9425,Soldier,/rYy5m4nnjdlvB6dyGkP9ELZbUZz.jpg
318224,Going Clear: Scientology and the Prison of Belief,/zWHQYR9srde9nZjU6Dot8qTjoni.jpg
583689,Moxie,/aLBo1Ca9PggcWY98ItW5ZkdxTuA.jpg
9966,The Messengers,/kLmurNcnkmdPahLc6HKQjX3EHed.jpg
1683,The Reaping,/o8Vl4Vxp5LBth9J6Aa3k6PAefxt.jpg
528085,2067,/7D430eqZj8y3oVkLFfsWXGRcpEG.jpg
1879,Guess Who's Coming to Dinner,/fkHeYWahNbhxhuLefaAg553lYo5.jpg
12689,"Angus, Thongs and Perfect Snogging",/3WLMr49X84qGiFn1pkCyhS5SEBZ.jpg
9703,The Last Legion,/k2jaEoOsTEMqSskBJm3gfcuxNEc.jpg
651881,Bye Bye Morons,/iEzAKYpwdfFprRV39B7GxJoz9LV.jpg
272878,Max,/d3ACos3t4YwXML8keTA0wKN8e36.jpg
11219,The Trouble with Harry,/uUXLq7fEG3hI46ZFMZzgHj11S6S.jpg
2057,Original Sin,/xvTtsdvvVr1NYlVJxWZibzhaEt5.jpg
266,Contempt,/kNElbRcp4Qz6wmJ9kH5vdY004Hq.jpg
441282,Night Hunter,/vVYU0x9FRpiJNX7c54ciFnRBVYG.jpg
501,Grizzly Man,/nXIV2qGK9KkdkaOTzrpK87CuAGC.jpg
34636,The NeverEnding Story II: The Next Chapter,/bRSLCuO2B6owYBtUwGYGqWZCVo6.jpg
10651,The Dead Pool,/mqwGpW0Ptrvz1GmfCnLAOA4cQ8g.jpg
9822,Mighty Joe Young,/mvjyF85NJVWE0ipfdjoFiRNRLex.jpg
15648,The Perfect Man,/8cE4xZkmE7NkWcgNk8A6dZ7Ou6Q.jpg
9626,Red Sonja,/qYJFrmSjy0HpzmvnIuGpuFUzXbs.jpg
12122,Village of the Damned,/70fg1uvZ4lyLpAHz44HPXCNpakW.jpg
209403,Bad Words,/9ZOz1GTFsrfGZNziZHupOvqUdub.jpg
467,The Hole,/zVDhZHjcE0ksNfFSsJVoxDdAYCJ.jpg
800510,Kimi,/okNgwtxIWzGsNlR3GsOS0i0Qgbn.jpg
11870,Big Fat Liar,/k1MkctTLNWthU2AUlX4qOCNBlPc.jpg
429476,Hell Fest,/qgLlnlrUtTKXkdrgMBwUfkyAkya.jpg
1492,1492: Conquest of Paradise,/glNQqBfVI9imY8TgenOwmWXbMff.jpg
14926,Uptown Girls,/liazMoopc2fhWq1YlfwasQcvWu.jpg
11074,Striking Distance,/1bLazrQWJQhO6u58vJZXJZ3ZFDh.jpg
336000,The Glass Castle,/d5fLQ9ZMa1jZ2mODCv5lOWJDugX.jpg
18937,Quest for Camelot,/xBmKXg0phTpWaJVN0OP6yfGUJur.jpg
392142,Max & Leon,/47qB83tIFr9CuX6RHsTapk0W3Ls.jpg
174675,The Machine,/6bWUBFw5TghRXhQaM0Igbr49BPw.jpg
10122,Flight of the Navigator,/tdRgQWMximj0tL6OWu9kRTtePmI.jpg
83564,La luna,/Boua5LFL3Xyn2ldIV6Dw7E5qCZ.jpg
424619,Les Tuche 3,/oPTP1AqGLfc01qrOtoVFuEFGJYs.jpg
6471,The Jerk,/7uPt2OmkPmHLl3yz9CzZuWpNiOg.jpg
520023,Bodies Bodies Bodies,/hSuTjDmqRdy7Dii8ymnF2WILTeP.jpg
7553,Waiting...,/h3NJDiaaliUH35ApXPu8PFKZwWz.jpg
509585,7500,/hL2uecLh2rTTbuVbOriXP0PhqIJ.jpg
16804,Departures,/mms4nMZuPYOyEengRxCaEk7SXMd.jpg
410718,Before the Flood,/2fFTLaLbm8Ak7JBSYQ8Mb3jcFx9.jpg
9964,Bad Taste,/f0QHSGkvgjvXlmPfIaoco1jxLh6.jpg
11211,Bring It On: All or Nothing,/f22svXDZLmuW69lXHIrmHvmdSuL.jpg
255343,Escobar: Paradise Lost,/4HngNLzCmUYCPB8FbxSZWN0eDKM.jpg
13312,Inside,/f9moV5ksoyOjWQvYc13vQZR4hPv.jpg
435615,Possessor,/oLQlUUSlI669r1bgQ7AlnjcrrvC.jpg
2134,The Time Machine,/x3BOzx2rUc5c3gG9UCelzSxv8n4.jpg
396,Who's Afraid of Virginia Woolf?,/wF7ihB5V5gSm6zxjv3ZhHOpgREI.jpg
98567,Chinese Zodiac,/1hTpptSqKEAXnLVDPoLL1tyFojd.jpg
167581,Free Fall,/fNmiRDUoAPmfS6q6HW5OH7q4VYA.jpg
40794,Loose Cannons,/gYSXvD0sB2MRXF5YreSWtdcW4Jv.jpg
480857,Radioactive,/akHIQu8W3rOgT28r25ggXaKcQIr.jpg
706503,Lost Bullet,/qnlChF8U4diiykXQYs1miigGy7t.jpg
900667,One Piece Film Red,/ogDXuVkO92GcETZfSofXXemw7gb.jpg
399131,Dude,/vh4K737r0ZjrioIjHcs7ktV8RFO.jpg
10188,The Sisterhood of the Traveling Pants 2,/bAdkVOD91jCHos4163qyVu1TFua.jpg
6916,"Watch Out, We're Mad",/nsnVnZDqlpe6CHENnapq19RGRzC.jpg
10276,What About Bob?,/q2FCvI3kkumL00uHaTo5PHF5Af.jpg
517839,Border,/8KzOTRlKjdAKQTemV41hq86ldFS.jpg
39103,Dragon Ball Z: The Return of Cooler,/zJn14ySh0NTZCOIReQZiWE1fkje.jpg
602211,Fatman,/4n8QNNdk4BOX9Dslfbz5Dy6j1HK.jpg
27586,The Runaways,/byeTXKg9paqiFQbtfI28FOIhebg.jpg
9299,Thesis,/m9o1oQrCBgL3EnvCqBr7xQ2Haco.jpg
401513,Attraction,/uMr2lXCh8PuGBhCIosjknQRv1iT.jpg
10787,The Invisible Man,/a8WoUk92OLHnU5sODmdGaOi5iaH.jpg
7229,Ruby & Quentin,/cVmCfQJ1U744FsWWJmeK5bujy2d.jpg
505423,Wounds,/j1omoZD5ExFvjm1JM7n35UccXf9.jpg
13939,Death Wish,/tnS8w0cyQYHzaxI3yDSqLoiUxti.jpg
9664,Flyboys,/xezeqrrno6ytLyLrbTXRGUk4rdu.jpg
203834,Jessabelle,/oyszsO25OfSxkxhKCCnk9ZrAjkp.jpg
339396,True Memoirs of an International Assassin,/hPoSSqDqkKSIP2l3t6pyre9u5Ze.jpg
264656,The Homesman,/eGpuOhkm1wG2AxEJShazH5NVGAO.jpg
9453,Caligula,/4N4l873TVreuaR4FVpvaL2gfQ0N.jpg
465109,The Week Of,/2MW56TDpVEv4Zi8VyclL35VxhTM.jpg
523172,Late Night,/xxwb5KBqS0SHsUcyLgWMk3vuVxY.jpg
514207,Invasion,/dqKqzcdhtJwOhjqe89RTURqILtl.jpg
11531,Book of Shadows: Blair Witch 2,/l1jF93S9FYbzp3Byh5VUA1KApSJ.jpg
10599,Pinocchio,/fpxjfoxeYR7Ce6APPiNBTOERjBb.jpg
12448,The Hunchback of Notre Dame II,/vbwmvaEPg4m2iS7IGwXuvUVAbns.jpg
29161,Phenomena,/dhk14s8ogQkbf6re3HLKV2UBHjx.jpg
450322,The Man Who Invented Christmas,/qRkzRue5rTzB6PESXBJCKqROOXC.jpg
469274,Nicky Larson and the Cupid's Perfume,/rrwejDUmCSaca2Afubznkdp3ogB.jpg
9613,Spider,/zvm4WuYxTiGkRagRqHUey0meRQL.jpg
44982,13,/eJAVjARKe3YBabnbhdbYWXD7Hdg.jpg
38843,Ramona and Beezus,/nBdwz67TKj9HDwpSxnCKIkXCQkp.jpg
506072,Prospect,/1HpAwszXLsD8GeypDzK0me7fPFA.jpg
190847,The Last Days on Mars,/kxcQkAhpn8cvJTsU8PXblI5Qq8F.jpg
3777,Throne of Blood,/iDmEAMZd3eYxfcK9EXVOddtEb7e.jpg
39107,Dragon Ball Z: Fusion Reborn,/7AHvaEAeQfkfJ4OqcBePxa2ao09.jpg
10206,Buffy the Vampire Slayer,/q72hZtWIxmHuJASMGUWQSqujyxY.jpg
329805,My King,/cnt5NIuHze4x2cjYO76XyATgmM8.jpg
385332,Terminal,/xi7pA3lL6Wb78p6Y6PgWoHDMjrM.jpg
587301,School Life,/m0EmaEJmB02iIBA1YWQZGYVLBjA.jpg
6037,Murder by Death,/9HlvA3JUn0yuUvWUXJTfMJB1Vge.jpg
11704,The Secret of NIMH,/bqH0pbnt92C8WJ3lwLhllQZndeY.jpg
44629,Animal Kingdom,/zhj8YPQKuRev5N3KoHacsPnF4mB.jpg
333348,Love the Coopers,/aHJhk1aWviX9RAbbljFyPO04yrt.jpg
387592,Early Man,/hXukFwTKOe7izDsf3ZOdeYikRxF.jpg
52274,Julia's Eyes,/p9HqHVdW9oedgRMyZkBov8hDQiW.jpg
119675,Behind the Candelabra,/iodt6hrewVXxR415PIjBeuZg3Qs.jpg
52015,Stake Land,/q5Cq3svR0XPEb9VkVBHPowT1Bxf.jpg
477489,Just a Breath Away,/hjePJQDv7GitTrEU67TANuhbytv.jpg
722149,Luther: The Fallen Sun,/tvX2JltXjmpHLQ7BBijyVc9STv4.jpg
1499,Teenage Mutant Ninja Turtles III,/fwX5RdPDBFsbEAXc46DrvRz5Bca.jpg
3085,His Girl Friday,/da95rurNghmKWmraPyqP6IsnAt1.jpg
284564,31,/jHkIIkP4O0vUkSACcizOPZQIiF7.jpg
76487,The Devil Inside,/mtyFRIRBmrCE2XKU5EnEK8dtu2X.jpg
435921,It’s the Law,/qDyW1a6JyTjBtSCt20Qg3a4NsN0.jpg
458534,Rolling to You,/h065db1br7f9VW0x0LkOVfdtZqG.jpg
81250,Geek Charming,/xweQBQSYQyHKiUxN1nCDQbLvJE0.jpg
455714,Bad Genius,/mgyvwqn5SYKhfg5kofZDfgH8R0q.jpg
2171,Wet Hot American Summer,/dVdHnfcLZFSscEUZqCzctwOVjC0.jpg
354556,Guardians,/qQB4RKFeUMqLBiMdwMbpgdePBeO.jpg
6404,Nosferatu the Vampyre,/g7fEH8uafDHYDHOafRPkoud0Tjy.jpg
14979,Thick as Thieves,/sgRY2ie8koJxfOScMuvzHQ9TuZX.jpg
82696,Hope Springs,/jTBHePOwIm2XAjGORnfPIAlVUvb.jpg
466081,The Informer,/pbGveUC8mk0QRkdXpERPLbMFnrg.jpg
75629,Evangelion: 3.0 You Can (Not) Redo,/d0s1xvykzl0kz7fP5S2ROYqphdz.jpg
127533,Rurouni Kenshin Part I: Origins,/vo3Zs07PZfKNsTrU0pcPZONJcN5.jpg
10683,Happiness,/rYfUcEV88Z3gENrfYTE6i8yBkDr.jpg
502682,Book Club,/6ORGBbOA45pfKQXvntPf46NoFGO.jpg
390054,Sand Castle,/c9buG2jVRgAu68E4D4jpwlgqhO1.jpg
76758,The Flowers of War,/pYltmnA1VDWl45EcVQoJYPsTpLW.jpg
17332,The Soloist,/jdu0nyQAdlowEnoKY1rnjMbWs9l.jpg
11983,Proof of Life,/yw8x2i3vaHZZzpvqvF75E8q2N6M.jpg
286567,Max Steel,/AuEzNLF8yvzd169guYEFisqvy5z.jpg
799546,Luckiest Girl Alive,/e0vrbTmTf2ZcW5CIS9qJ8FDbsU9.jpg
9566,The Fan,/lu7CjP8YES5dJMCFg5O9o9jCkjl.jpg
597890,Voyagers,/gn2vCmWO7jQBBto9SYuBHYZARaU.jpg
15255,Undisputed II: Last Man Standing,/4bE9t5ctBZXYV3GJ6Xr0l4KRplv.jpg
635910,The Last Voyage of the Demeter,/nrtbv6Cew7qC7k9GsYSf5uSmuKh.jpg
631,Sunrise: A Song of Two Humans,/oj8ZW8jKXBSs8F1e5iWsTUeXSJW.jpg
831405,Injustice,/rzrSeqqpm1BwJ3tcTznztBtLLSD.jpg
659959,Summer of 85,/rkJKDC5gYrPXQx9IqNaUhSb3beC.jpg
4787,Cassandra's Dream,/hydGWxW9VvRXMwpwFacl7XVtoeR.jpg
522478,Peter Rabbit 2: The Runaway,/cycDz68DtTjJrDJ1fV8EBq2Xdpb.jpg
790142,The Royal Treatment,/mYAv0YUoXJzLxIdEirOken8Quwf.jpg
175574,Free Birds,/gnSU2wUBq2gTkBEkxY8C1d1fXAQ.jpg
1040,The Leopard,/riSUxwoK3xjkOgy6YJSvPhi7cO6.jpg
73937,The Big Year,/q6Pr8fWKh664seri2MaQeIJ6eSI.jpg
5902,A Bridge Too Far,/lszOk3Xmh7qpLaM9J4K9E6ADLk1.jpg
5544,Hiroshima Mon Amour,/adLWFW0JC8f3wjhnfBnHlf85Poh.jpg
10207,Message in a Bottle,/majQar87QNbrC47qYMcmK1oCohZ.jpg
73456,Barbie: Princess Charm School,/lI2jPbssax6XX5vDqB9mTJHGzfH.jpg
9573,Blood Work,/A6wWJkIREagRWFNu3YotID3n9aW.jpg
13025,Diary of the Dead,/tGktSJW5dPf8QIjmcqum4KOEZPZ.jpg
16558,Duplicity,/vpWQs3CjwG6Er3DgZlv4L3NFjXg.jpg
895,Andrei Rublev,/910xRIUmNJrWH2hkQifBJtoPp5R.jpg
532,A Close Shave,/qdIR27trLyrlJ5nmkbcG3Bomah6.jpg
382589,Rock'n Roll,/tkzVWew2NgepjYDWu5WeVXLEeCj.jpg
506528,Harriet,/bNmuY9vOx1AEh3G8G1IUppFKAgj.jpg
44269,All That Glitters,/qDVRDQOvM4aE4UgxMFlS94WvoEo.jpg
10156,History of the World: Part I,/l3TEMyKb6xgUnTSGjcnvVE18JRf.jpg
284689,Testament of Youth,/a6kFsaDCulCLfYHmKLDKTYaddM4.jpg
2099,Raw Deal,/e27G0o01y6aPYn6OScB2G6NbqVz.jpg
172803,Hours,/zGu7BWLQ47Piej6FubpqFboZONa.jpg
424488,Megan Leavey,/ajZUEsDpo3EgiHZ8HX9yQJIRnFf.jpg
294652,Son of a Gun,/yRLVyhQfkW2hn15e8NIqarswLAr.jpg
668461,Slumberland,/oGd2JUEtr0BZN3pK8yakmoZlVFq.jpg
759175,The Princess,/9pCoqX24a6rE981fY1O3PmhiwrB.jpg
11560,High Crimes,/9sj9rUr7Vu5IfOQHnYKnJuVEw0B.jpg
11008,Major Payne,/kWHx5eq7PELkF3If7LrrhuBskRG.jpg
13260,Semi-Pro,/7KJrvJf96UpkXsWVOjzCo1IbnW6.jpg
768362,Missing,/wEOUYSU5Uf8J7152PT6jdb5233Y.jpg
10632,The Hunted,/iIl3l7BPenoVpdRJAqIXeIgMQvV.jpg
615677,We Can Be Heroes,/1S21HpcKY6uQ9UAw68aICmrJaq6.jpg
28978,The Circus,/3FywbVq2qGqbYHPCy2NJcOf0gmp.jpg
11026,Exorcist: The Beginning,/phXWlfOuTxzOnO96BNZ8CiSJqZk.jpg
10403,The Player,/pOOTEr4c5Rk7s4YSQ6Uii2T6rr6.jpg
11128,Ladder 49,/aJWQNUUHVcI7kvlVdUzPS9J8XHt.jpg
609242,The Heist of the Century,/1zL4VCVin4S8kOXhszMDqfwWPCM.jpg
313106,Doctor Who: The Day of the Doctor,/yxLra5R61s5J4M5L3mqOY42K5md.jpg
10543,Fear,/mUVTKyDGKgpSF41PEsrrXDzBhSo.jpg
8968,Boogeyman,/5KffN0UcuAKJdUAcOvZ21OrqXc8.jpg
339259,The Man with the Iron Heart,/ZVQfCY2DgCjrm8w2saXvT8Ao3B.jpg
236751,Heaven Is for Real,/bYJhBhe6CPIHTl62kPfKfqicTaX.jpg
762968,Do Revenge,/akIjKJDHcVN4bzifcEarKVPNpoa.jpg
5820,The Sentinel,/wPFVeVYuFhCnnOAZZHpMROCbssE.jpg
1939,Laura,/j0zEiFFrdbZnMXqD3piOtZBJeNB.jpg
290637,Pay the Ghost,/iHG1QcxaRCiFIdSK1HZA6zOEFsl.jpg
23830,Last Night,/aninK9Vh1hBnkdWtEGahulF3Fqe.jpg
396493,Creep 2,/yaOfXrOCjOhCAxvAtXLicDHg6YV.jpg
44874,Barbie: A Fashion Fairytale,/bFnf8f8DXdCANQ7Y62djgubhh4P.jpg
590995,The Craft: Legacy,/lhMIra0pqWNuD6CIXoTmGwZ0EBS.jpg
577,To Die For,/aedhsShrlJVhLlwhtlmFJgR4Szs.jpg
980489,Gran Turismo,/51tqzRtKMMZEYUpSYkrUE7v9ehm.jpg
38363,Fair Game,/tX2cafjaDnEOi50xnUIloAc2fp2.jpg
6933,One Missed Call,/9pIvQaQV0sMHx7d3Ys9qTK9YqTZ.jpg
475215,Mirai,/b9XvI4Nehzi0nXyNVD6DtT39P6l.jpg
760868,Black Crab,/mcIYHZYwUbvhvUt8Lb5nENJ7AlX.jpg
17134,12 Rounds,/7k7qhrO57sVoBLrNo5HYoTp24sT.jpg
87499,The East,/nGoFIX5WmthZZ3eLBd0QwDSkWNy.jpg
33320,Millennium Actress,/p44UXOFBCY5xbpCKEsWpi4filCD.jpg
1439,Anna and the King,/PIlOkljucv7HnvATbn4JwrAvSn.jpg
12498,Sling Blade,/y7kYNk6gJMkPx1YfXhXw6fMTstf.jpg
800937,Senior Year,/6UqbcDQhCYpxboK58Z0eVfdeHcT.jpg
420245,Don't Knock Twice,/rxiz9zHLrqC5JfKVPbkKBboiSzI.jpg
68179,Escape from Planet Earth,/tkkLIeompowyXFZFe3sBmhm3wwA.jpg
324807,A Bigger Splash,/hQ8vLJyws0tAYbBmzpTKbjdNHKI.jpg
338964,Bad Santa 2,/xmsEwpA2fSq6IO3sfKrLuIPLHSc.jpg
10911,The Guns of Navarone,/j6VSFnm20GlkUi8yb7hM5Qfc1fA.jpg
11462,Suspicion,/kuv64byEbl4idStScfqxw78lhed.jpg
672741,Till Death,/mI7xBibGBNai6vSdycTjgxEQQOO.jpg
74725,Kill List,/qwT2I3ons0oD58jIppKmd4qLtvB.jpg
11838,Ju-on: The Grudge,/oulszWeFpIBbbLZbkJNQiYRlcQs.jpg
150117,I Give It a Year,/hCSqxrM5Sw6AhDIRfxQ4BenPd9y.jpg
14636,The Condemned,/uC50pDHgQQtoDFNh9bBNDAvpsqu.jpg
246860,Clouds of Sils Maria,/dtCZ31RlokpkAaKMr9jFCJjBngi.jpg
5683,Pee-wee's Big Adventure,/414IUXc54mrhX88ZUQiRDLXn01i.jpg
13156,Secondhand Lions,/fy0ICYlfwc0c2FMs3Q1ZHNaorOq.jpg
13060,Lifted,/iwI3R8ZR3MQ5dnTx9tHSiS81i4W.jpg
323674,6 Years,/dE9kVpWI2F5jI8LGWby5t7iFwXe.jpg
407806,13th,/tcKNWD6IFPPsvkpvyZ548naz0is.jpg
3132,Bad Company,/umu141mcfIEhRLgyQp7TWlGJFW.jpg
9622,Beverly Hills Ninja,/kAUtHecWe0KS54jNggapnbHBGTI.jpg
523777,Next Gen,/hUDDo5MPWM6rc6COQYhaoRNqvhE.jpg
94365,The Human Centipede 3 (Final Sequence),/xUk5AGcGvybPBvvMqrDPbAFAknD.jpg
157544,The Vatican Tapes,/eXN0zdTpm772ZCfnCeLAONguqxe.jpg
332979,Bleed for This,/2mfT0WQ98TVWnSsVStHJEBgQi8p.jpg
277547,Playing It Cool,/96htqghZlKctNJqDLo2DuC9PEap.jpg
256040,Bāhubali: The Beginning,/9BAjt8nSSms62uOVYn1t3C3dVto.jpg
4192,Death on the Nile,/hHjv5ZsVMSBkKZ3sembgoLqmg1O.jpg
2759,"The Adventures of Priscilla, Queen of the Desert",/rRhmw7xc73r8GnCYA0hXKYUsZsq.jpg
3063,Duck Soup,/31t63plEGKHhYuuCpC9bFWO9SBS.jpg
4104,Benny & Joon,/7g7qYdUN9wDXJGIOj6U67RPIBHO.jpg
430447,Mary and The Witch's Flower,/lq3OJQiJ8hlCr23LAdHbeU3eqBF.jpg
143,All Quiet on the Western Front,/1wZUB08igw8iLUgF1r4T6aJD65b.jpg
1083862,Resident Evil: Death Island,/qayga07ICNDswm0cMJ8P3VwklFZ.jpg
2925,The First Wives Club,/2ApifgYnfdJUSmCKzTBrWOYYWsn.jpg
1116,The Wind That Shakes the Barley,/9XquDdOGrlC0EAbPoOXALqS2dDh.jpg
2779,The Curse of the Jade Scorpion,/cHrHnkFoi7nrZCzAv7nFFTMdMCJ.jpg
11782,Hard Boiled,/wuljacjo7DCzUzDianeZZwPb6to.jpg
407445,Breathe,/wLu2N0QVfSpk10RJ17HLHyRUmww.jpg
118957,Bait,/e2OIr4y90ZZjIRWQ0XBOVzpBn4x.jpg
11561,Sleeper,/YTYSziZZP5aXt5CDvdEMwKDzme.jpg
5961,Fanny and Alexander,/mNlZjk8RYA93AdCGZ32D2SErNYb.jpg
283566,Evangelion: 3.0+1.0 Thrice Upon a Time,/md5wZRRj8biHrGtyitgBZo7674t.jpg
3093,Basic Instinct 2,/kbxuAUIKrZHXXRxVvVYw95HWPKJ.jpg
38579,Marmaduke,/e1hxniKMiRIpGiad0BCATn4d8uv.jpg
17529,True Grit,/lmexRC57l39elaIcnxhaHpcaIW2.jpg
22164,Blood and Bone,/4XoqjwKhqN3GlGt0fQtcY2OhkZq.jpg
62046,Flypaper,/sdZGuHaZGRAq72wb9xfAAFQUbVF.jpg
669671,Night Teeth,/4niEFGAUEz3GUqwk9Y2y4aAERhE.jpg
4593,The Discreet Charm of the Bourgeoisie,/zN4ILX2x64PvT2jIOAHXxCOi5WA.jpg
13596,My Best Friend's Girl,/2PN16HJY0QoQrQDfbgopzwAUL0U.jpg
9516,Menace II Society,/nS7yqmSVeNoH22VXj69JoFCxW1h.jpg
788929,Lamb,/gP9yviboTGWGolqUZKIB1UkF1C2.jpg
24402,Emmanuelle,/2s5muSAWZupT9e7b5f57wYz6kjL.jpg
157841,The Young and Prodigious T.S. Spivet,/pmr4h0ZLguYsvxaVmjS0bguLcnB.jpg
10589,After the Sunset,/1mo3OdxeR6pLgAVt4a3cyvUUQri.jpg
1880,Red Dawn,/a2GkHcioc2QEFJbQk1NTB85u3vD.jpg
34134,Barbie in A Mermaid Tale,/jtOlo3AaXVBnqfMeKGFrZUMPFui.jpg
11811,Leprechaun,/mIpzSHNX9lQlCKnh1cQwIXDFX5d.jpg
13092,How to Lose Friends & Alienate People,/8Xd1mO861aK2OirTbxZrODNhihW.jpg
9942,Major League,/o8uO64psLnagA0urtVxMFBNERVr.jpg
11673,Cyrano de Bergerac,/80XJ5UkGuYTKDuALeG03BLk1OT1.jpg
300,The Science of Sleep,/1qCq228LsNtUseCnNE7Naw6NBUz.jpg
38366,Il ciclone,/uyIO4UfPiJgnugMtg754dL3izcy.jpg
11507,Body Double,/lRFm5P2AdOGpELwm3HHhmUz6k5I.jpg
674944,The Occupant,/pNM2VmqS2FBL92EJ0fUPLgoij8x.jpg
11517,Money Train,/jWBDz6Mf9aQVBiUS76JQsEhvoJl.jpg
26451,Investigation of a Citizen Above Suspicion,/vPTZwlq1IC4o1DCsEZEl2uGljzm.jpg
889,The Flintstones in Viva Rock Vegas,/nEkMYwctrUH8ueaAcJFZnAEltMX.jpg
211387,Marvel One-Shot: Agent Carter,/4vFKKWPvCVDJTOWiwReBfpAMScP.jpg
723419,Mr. Harrigan's Phone,/gPn9e8eP7TeKQU4IeWAMzOajR40.jpg
156717,Death Race: Inferno,/aRV4oC61nmBqypSaXtMXOk99dOM.jpg
410117,Lady Macbeth,/xWTJbhTwSTJmhLlX5xAOxPhdnXc.jpg
456929,Champions,/m5z4Ud6Ya5EY3Eg3OBbVBaDKWK.jpg
6522,Life,/mMTrgEhGrHzin07P5G6BPVw9XuW.jpg
13090,Sunshine Cleaning,/zpS6aIqBTGLKvpFshmSuegv5JDt.jpg
9405,Double Team,/4M5fkXYzhjLZdY28ob2iVlh8FgW.jpg
49012,Arthur,/foUTAJurvnbUoIUbnuUk5dyHx7M.jpg
15139,The Pagemaster,/iIWUuCjN8VND7BDugvf45LveA6p.jpg
1600,The Double Life of Véronique,/oqRyO9xrNBRaxqF9pCHHgLuaATx.jpg
663870,Riders of Justice,/sshNnwmQLk720iBQ0dZg3GVGKfK.jpg
645710,The Voyeurs,/8Y4XOIWhpOvSOEn8XrxbkH9yAXO.jpg
2266,Paris Je T'aime,/mcke8Uvw8QDToAZQ94UGo7VU0g6.jpg
228203,"McFarland, USA",/oJ65tTWMYQiP6Ryv5KmVW86xhE7.jpg
9787,Lords of Dogtown,/k2NiPfydLSwmk28C6qpvpJPuqtq.jpg
178682,The Wizards Return: Alex vs. Alex,/iWL88DymJrzO6hYI1ykUeUohqef.jpg
242310,Rage,/1pC6xTd15iLIs5De7JKQfrDmKyd.jpg
487670,The Death of Superman,/lZjRT2rIndV92m3bCzaasdWZHCx.jpg
916224,Suzume,/vIeu8WysZrTSFb2uhPViKjX9EcC.jpg
157825,White Bird in a Blizzard,/aVGYxG8kFR5EOtQ8vwdSJgIyHLy.jpg
46420,The Loved Ones,/ydsLYdSiPSIL1LOWWYu7VCvDTT8.jpg
456165,Family Is Family,/nm2L53AHKX2aju50reUfRmzMksn.jpg
3603,Black Sheep,/b6Spp82Tg8rv4YUSHGWFqFbgp0q.jpg
295830,Attack on Titan,/ihuDg9TeRzoOhv2cZVA8gi50NFl.jpg
10909,Kalifornia,/4E39RrmgXspAqGro2poDEdjvAnh.jpg
244509,Cold in July,/i58D3vIxp7OF1bd5wLQ6Y67e3PL.jpg
1909,Don Juan DeMarco,/fe0TuYz9jCKUba2Omj48K8bWJ8z.jpg
396263,GANTZ:O,/9yTuw6ddf28lItHwgeqFSNtXsaG.jpg
283235,99 Homes,/gD2DRIAOCIszyHlrYYbUXjsHHlr.jpg
1989,My Blueberry Nights,/8OWixgz7s3AO3n2eNJhdKlnPOIR.jpg
4515,Lions for Lambs,/rvpxNsR0n4zh40WM6MiUlkV60on.jpg
82390,The Paperboy,/vEQZW279igbQpgQ0SwKuxzxV8UU.jpg
19426,Nights of Cabiria,/xF4oCG3PLNbcrtPZbqB3BtkIbKg.jpg
6691,Priceless,/ditmMjOw5ESAnH3DyaWEnnvboS4.jpg
70667,Kon-Tiki,/dhSaxMcHTjq7el2vcqKRUIKmxhb.jpg
38073,Going the Distance,/tTllmSew3nsizpzWNWKUkOuANhm.jpg
11167,Peeping Tom,/rrjg1LQ0C6yBfdguQuTPTWuSP6.jpg
61891,Anonymous,/h9r0PKyxCLSRZ2ZLU3TC9YBBkUT.jpg
340,Everything Is Illuminated,/gk469Y3fJTlbcAkSNMZc4OtETOK.jpg
575604,The Call,/oz8hvZHg7tIdGwh0ErPRhobJKPR.jpg
196024,The Keeper of Lost Causes,/cqf51OvCEkk5cTQV1hldHxU27ix.jpg
726208,Don't Listen,/lXvBgevABC9n5R6Gg76R3pN1h2M.jpg
37653,The Three Brothers,/8c5KU6nKl58toN3bq539enPpN2O.jpg
353571,Tallulah,/9kG86fYSa8Ug0o8RoT96Kce4URt.jpg
13413,BURN·E,/sDdyTrcfF4UgQp6BuleU1ikjC3v.jpg
513434,One Cut of the Dead,/rws34k2bqYVo2B5MkhKAbV8925j.jpg
11485,Take the Money and Run,/dT7cKFxsuHzSnDBxKeP5acoIpWZ.jpg
369778,Chocolat,/d6uEDgsYHweYl4pKvIv558aVeRK.jpg
13284,Barbie: Fairytopia,/a0VPQHpLNCWWmiXwjD7aJVRaH78.jpg
50837,Martha Marcy May Marlene,/jrajVRe3Xx2QJvvcPif9O4qKLZF.jpg
261,Cat on a Hot Tin Roof,/vWf1AR8rC6WjGKELlmLv2VAUZJB.jpg
10794,The Party,/pC6FB4fLIVRCpMzIbUf1xOVobmz.jpg
11020,Picnic at Hanging Rock,/7BAXwmFN4pZDNb9N6kzmAAwdssi.jpg
821,Judgment at Nuremberg,/cqumfgd74ftVzOKJpFGOG64WlXL.jpg
311291,45 Years,/8elIJYYXWq2HpcZ6TgVMC9EwTnn.jpg
877703,Teen Wolf: The Movie,/wAkpPm3wcHRqZl8XjUI3Y2chYq2.jpg
241843,Cooties,/qnH3SCfb3ePz9qM8BvBtq9JLLXY.jpg
231576,Wish I Was Here,/hDDXIWLBS6rNPJS4tQvEXWxGXjK.jpg
652483,Airplane Mode,/fLXisj0j39zaktmoU72tVtOXx6W.jpg
84287,The Imposter,/mH1gbte3UeIOXtoTrpZqjfMIoo.jpg
8881,Che: Part One,/jWgPiVTmJsHWKVjAy2gvSFUH9yA.jpg
1040148,"Ruby Gillman, Teenage Kraken",/kgrLpJcLBbyhWIkK7fx1fM4iSvf.jpg
22787,Whiteout,/kkXXA3353MX60B8PRSkTGRabxXu.jpg
1406,City Slickers,/9DVZpm9pQNB3M17cRo752zqUYhL.jpg
94348,Alex Cross,/bQYXid9o6nunJBgmmjo6JFIQe1p.jpg
10323,Clash of the Titans,/5JCLODNLJH6alc3KmyoiC21Nlob.jpg
515916,Girl,/a6WKjZ1eHrKV8u1DYqjW4yUPuC.jpg
5967,The Umbrellas of Cherbourg,/jgB88XoKb3uOPPvGKNuE9wuaxDE.jpg
721625,Songbird,/DxDIioCnlhjIL1vEhfrLTBg0VU.jpg
11298,The Howling,/dEFMku7o825YhyUEHSlkvLDz1Dt.jpg
486101,There's No Place Like Home,/j92GNi6ooPKEDj44VdrkVM6rV1f.jpg
21435,French Fried Vacation 3: Friends Forever,/9g7z9WG6MS3Q8cYfxTTBC4Ckm9A.jpg
123105,The Bay,/fnmYgr4AOOE09zKa7omPW1FWT8K.jpg
22949,Old Dogs,/kBGqhumfOuDCpIErICWPHcXNvah.jpg
11888,Snow Dogs,/rIPJRJZGleNaK1kfHBaFbGZ675m.jpg
10069,Stay Alive,/hsSJwroE7jugEROB8tmyxJP91Ho.jpg
11566,Dave,/wIUuf1NFchdCJe833JBTiSMzqfv.jpg
429174,Loveless,/oBUsLGZoGuLKMuHj19mjG9iCDoq.jpg
37775,"Bianco, rosso e Verdone",/9K6PRLAGCOJBoaWJjC4fiEj8pjM.jpg
11093,House of Sand and Fog,/ol3qMk1NYw1pma49FXSz9SUja4d.jpg
310569,The Second Mother,/u1tDQun2iJAzersd94S8P47WEOL.jpg
587272,Father There Is Only One,/tW6V8C81lzYuRy8yFe1dvvGhL4j.jpg
10835,The Killer,/8hTxlSqMAHBXAh1eB69ir0BXhzE.jpg
275601,Ricki and the Flash,/y9hw9XSk8uVgLRfq3cweiAEJtU.jpg
10973,Creature from the Black Lagoon,/euCzA2Exc70MpTDCVYih8tdE7z1.jpg
10547,The Arrival,/7ARbqk8SqABU8QqANvpJCpMQ5nj.jpg
770254,Back to the Outback,/zNXNRLH5wJprUG6B1olaBTNZOjy.jpg
45650,The Hole,/tQMxsrsVtpB2D2n01nUqgOMmSWD.jpg
11929,Dolores Claiborne,/gfCh3TEQNEoro8lq21y4zYIic4D.jpg
12508,Rock Star,/8pRMweo9WA1MvYOLsD2hWyFpZ1V.jpg
11050,Terms of Endearment,/iZiYzBb6nyv2anbpVTV5ba6GSwq.jpg
492353,Put Grandma in the Freezer,/7K2iPuEap1FpevNkWxFfKzKQk1y.jpg
127560,The Railway Man,/yuADLCxGCA5rFWk2QDXvX5plBrD.jpg
604563,OSS 117: From Africa with Love,/8KZun0DjBSVJtAEb7ytNKIKO0SL.jpg
340022,Gringo,/dxeVPklFwng2IowqRPNI4od6aXv.jpg
347866,Hot Summer Nights,/gsWdYsXkpJx2CYkveEw779O5eMg.jpg
22821,The Boondock Saints II: All Saints Day,/jFHtFInp3tYIBxkwWMfNJf1RBZW.jpg
145197,Upstream Color,/nkUl1D1KbqW5ux9cAbSxU5f7hOy.jpg
7007,Rising Sun,/jVWEeZ383peKxwE284AdyHqq6GH.jpg
4929,Hang 'em High,/by8sSnLtthxnrhH2ZMdC41l9YfD.jpg
106021,Erased,/m9pUIC2lp40KvDxdiCRP7PFjXYs.jpg
454294,The Kid Who Would Be King,/kBuvLX6zynQP0sjyqbXV4jNaZ4E.jpg
220,East of Eden,/xv1MZVIop0SQqwLUymgE5eb2LFl.jpg
8827,99 Francs,/8yj6tkyp7dvdzkkIasX2SUmZd81.jpg
38543,Ironclad,/7ACf5GwwzmzuTFzPLEg9ZagvXUa.jpg
11257,A Room with a View,/5xRAqywVo6tNUNQbAESGVP930la.jpg
12481,The Big Boss,/9VFYDWYnAhXAgyqgs94lwNmMBbk.jpg
535437,Swiped,/cXlGDWGCB2zpmnUzYpQYgYhNrpS.jpg
11086,The Majestic,/m9WrB91B8ghxIZhyFugkoSleBE7.jpg
817648,Home Team,/zTwfMV1hm1DIrMo8BGyZKskhSPr.jpg
30197,The Producers,/5TYUsAygWKtufAC78ep2AiohEiR.jpg
739413,Mother/Android,/rO3nV9d1wzHEWsC7xgwxotjZQpM.jpg
250124,The Diary of a Teenage Girl,/5YlUrdYKuscD7pwf3yy9duVLbui.jpg
9980,Maximum Overdrive,/sUC3o1BWQ8QhrwZcDj7x2VsWjtG.jpg
656663,Jackass Forever,/ugIdyvtAzHWOguD91UjHKoAvfum.jpg
14533,Gia,/8KxvKGl8lQembejIadDP03qjEYT.jpg
39210,Somewhere,/zOf1sdfF4eH3CVRCpmRO5ugVGdo.jpg
20345,The Bird with the Crystal Plumage,/dpALRkwodEIT7TGX9SqTgwVNn0i.jpg
432976,Icarus,/x5azMi1KvZWbBbfjmGqpHNGqjH.jpg
8555,Creep,/w5oxV6MDEfL48FMK9BmYTD2wQRm.jpg
16938,Black Christmas,/qqO98sdPgptFgCua3Z4uZDuPcmP.jpg
9918,Glory Road,/bGRSV5tStxDNPRLCewnOeeiZzrY.jpg
542830,Little White Lies 2,/xS1863lQOAS3EkkEWkFENMI6bdY.jpg
13121,Teeth,/32AEAcgy2hZbZn2zHRJDkW9QfGR.jpg
11386,The Crying Game,/ynEfiiwS0dosbPjzGqBLo7FXMlD.jpg
3040,Night Watch,/inkEqKKVqJoLB3ioCnn4h0UC9GP.jpg
838484,Choose or Die,/jEYE5BPFd5FuPa1judcjpW6xqKp.jpg
328589,The Lady in the Van,/sqz4CGInI1bysFH674HYWtQSmYn.jpg
10907,The Adventures of Robin Hood,/c7LX3GMf9uXQTgVm3uxpm7E6Woc.jpg
13151,Scooby-Doo on Zombie Island,/7EdvFUGvT5Pn8rUFRKCrdUzNthf.jpg
450489,Irreplaceable You,/hkflwtWCJffdDSwg63fdDFbwOvS.jpg
489929,Destination Wedding,/ioj2FMnMgD0eHgYfd31HtWOtBWU.jpg
1494,Curse of the Golden Flower,/cuX11HZlkNFHCieu8UyWmMeMXkg.jpg
8975,The Marine,/pONyvBJwHNg5CWu7mtsv4qaq75C.jpg
10380,An American Tail: Fievel Goes West,/cImuS7FE9MHT5vnwIHGx1Ryh0K1.jpg
48838,London Boulevard,/naQKmThKMtlur92CDgCP6b9aoQE.jpg
449664,Escape Room,/bq3wmW5ZJsnOHM6NLGsjDvX7CxB.jpg
823766,The Wonder,/kQAFHdt3I1TpYhtzcGeBb1ogwUP.jpg
10885,Shutter,/bft6OyITsxSZuTxu2oJipApLran.jpg
3053,Dance of the Vampires,/iH8Ohx97F2eIagrJGzCEraO93MN.jpg
11826,Sexy Beast,/9OlmWIEuSec27HiOPuMJASnff6f.jpg
11569,Hellraiser III: Hell on Earth,/eBKrmVD29BQGDlWQJ3rKS8cmPGh.jpg
268238,The Second Best Exotic Marigold Hotel,/j4PARl3gDpv2K45YAv0tgocLW5K.jpg
624808,Love Wedding Repeat,/u0MV99rB1hv8tkjtBJHfwIGCVKD.jpg
11879,Near Dark,/hVhFNn3IQxxARvnpLIKMx8ZfTtG.jpg
416194,The Quake,/jA5MVaNWe76EjuXn4FqkeaHDPuj.jpg
10956,Joe Dirt,/nQoZBpLqGydDjVRXILTx06DoLCF.jpg
291984,The Death & Life of John F. Donovan,/2bhI7Ivk7VmvUaJaDTxJUgOXp1E.jpg
773655,Death to 2020,/xpvq9Ds8XuDvrfmmYbyP9zthKln.jpg
10354,True Crime,/wsyTJQ8VPAPRGUNy0YqeQNH4YS9.jpg
16553,Little Manhattan,/z0RNI1NMtsvLsuTo1rWZfNHVs1z.jpg
8617,Prom Night,/nL6RvF6SwYdGFmjtLTqaHCj0lA0.jpg
1554,Down by Law,/4IyxoUQ7BB5kcSd7gASe2dTyWu7.jpg
25983,The House of the Devil,/4abKUbc9IbsndbaY1hacN1iPM0Y.jpg
11862,Father of the Bride Part II,/rj4LBtwQ0uGrpBnCELr716Qo3mw.jpg
10423,Dragon: The Bruce Lee Story,/lxhsdC8wuGgQf0gKCt8wyHHxGcQ.jpg
526050,Little,/4MDB6jJl3U7xK1Gw64zIqt9pQA4.jpg
12177,The Love Guru,/sp8AV64ftAZCT9uWfgbCb3olGDW.jpg
449459,The Vanishing,/owYLROHpJWbYWEHjaEvDsnoz4Ux.jpg
15067,"The Good, the Bad, the Weird",/eQhB3cUhQ4irJP8z57x7nZPVuzB.jpg
1075,"Black Cat, White Cat",/eEo03ShmRlMh3wkt28KQ6GYlnTW.jpg
2061,Pusher,/8z2avGSJmoFdKNYaktA7QWe7m2C.jpg
672647,The Map of Tiny Perfect Things,/6y3ev0rJFbHA1hU22UPmmfzBjrG.jpg
11973,Thirteen Days,/aLx9UXH9fK2v6NDMvMyW4X88K3u.jpg
1871,Fantomas,/59I8CjwhPvYOhTlQDMRxVKdafw2.jpg
2359,Sicko,/8PxUhW78Oy4DWZNRyUkKYmhGUaH.jpg
625,The Killing Fields,/cX6Bv7natnZwQjsV9bLL8mmWjkS.jpg
791,The Fog,/v9vt49PUDJGkrMVjhb3yiYo7H4Y.jpg
397,French Kiss,/q5hXdMfxSwhuOmWmkTJmm5qVijc.jpg
250349,Barbecue,/f6qSHIFvo2NhvlbAi8WBehd4Xne.jpg
10163,The Lawnmower Man,/1VLqWcel87oYVmN383FgSH0mCTY.jpg
54309,The Night Before the Exams Today,/uxIHTUTflZjFK9EfwKQguBoxu8H.jpg
449406,Vivo,/eRLlrhbdYE7XN6VtcZKy6o2BsOw.jpg
13492,Frontier(s),/6GISAjE0XiSucmzXIhb1tdnV2yC.jpg
11587,The Exorcist III,/bl6nSPcyqz6xD2Igd2VQvz8qWo0.jpg
10678,Bringing Down the House,/qt54pA2IkNAgKE9pBlgtJvDtR2S.jpg
34494,Sorry if I Love You,/vVWft6OB88dxVWeWbBjuGL4pzTy.jpg
319075,Cobain: Montage of Heck,/r16TnsV7xgI6M2hbySzxWbT9zxe.jpg
11302,Bananas,/At3rXd39FZgNiuQc2C8rln2nE8H.jpg
2009,"4 Months, 3 Weeks and 2 Days",/kwV7rP0wgcfui8QzcXZ6ga273cB.jpg
10493,Dead Calm,/hXpav86ZX5N1YIfVfVtzuZLNrjW.jpg
8095,Cleopatra,/bj7rUGUewofA9cpHt1h36gvDFfy.jpg
9343,Fitzcarraldo,/oBCnYEKcg1rMhr5JjDnrRpilvDd.jpg
215830,Open Grave,/tgXcICQjS3aEbxCYgYMroBXyJGn.jpg
370567,Sherlock Gnomes,/wqnzpJR3PwS4doVkAkt9seSEpoX.jpg
56014,Men Vs Women,/epD9iEIEwwY3cYMyThw6Unn3gJv.jpg
14052,Revenge of the Nerds,/pi6REVD5Ms8FQSPNzXi6zEqHjUF.jpg
796185,The Three Musketeers: D'Artagnan,/wve9qIZ8pXrDpHy1h47cGXHjZpH.jpg
2788,Reality Bites,/qGDhodtpkpxkrFqokenGNJlzt6w.jpg
13283,Barbie as the Island Princess,/oguRPUFeHt0H0wO0He4ewTseMXo.jpg
13595,Airheads,/4xPG8pPMyeoec48gKWbbC85EC8j.jpg
133469,The Dream Team,/hUbGwCDX10oz4P6oz1y7WXo5qkB.jpg
204436,Jack and the Cuckoo-Clock Heart,/ZSrU2mvlzM5Jr30XtKCU1fziIj.jpg
226448,In Your Eyes,/4XAaMo2nBZR3eH8HU6AbPkBKEXI.jpg
17295,The Battle of Algiers,/Ar3QjxVSUubkqyZFtJqOz2AbBdo.jpg
614930,Teenage Mutant Ninja Turtles: Mutant Mayhem,/ueO9MYIOHO7M1PiMUeX74uf8fB9.jpg
14438,Fireproof,/hfoCG75j1YaNyfZGPg0rWy3nFmU.jpg
10218,Swingers,/rRjWk68kU3a2so4lgr3TKB7Y5vA.jpg
366564,Comment c'est loin,/9MPCy4iAwBzKsE5Wg7XI1wbaQPR.jpg
10720,Down with Love,/8hpGe0U8oK05dEjVjACjw6TgbWm.jpg
606117,A Cinderella Story: Christmas Wish,/ozBX0u5caaJFli9AssqJmARb5R.jpg
516632,The Empty Man,/8apzu9JFTUMtOpYkHk6LNPOs3pY.jpg
329981,Shut In,/qXIGq6ddQhIYe4Z7A86nZ1qjUME.jpg
41505,6 Souls,/sU4IKlZo3fvKmdxZwnKuwisDh6T.jpg
11971,Much Ado About Nothing,/tvltGP6vYOkHdURag0jPSjhPUAV.jpg
44129,The Company Men,/tKX6E1nOf4vZN903YbkjQe7x1fv.jpg
339404,The Layover,/kb9osnqanXRpkpm1bnSqAhKoq5T.jpg
567970,Lost Girls,/pDas4DwURlRzjD9xEhSdtkcl1ZV.jpg
15070,Undisputed,/xgnCABtbMDaDqn9bt3ZFJTnpA3e.jpg
178915,Welcome Mr. President!,/dnPP1TfxcILUeZPc9lSahnSVNkR.jpg
53457,Sarah's Key,/peGUaf6HrX7jSi1HifX64QJb7pm.jpg
12208,Casino Royale,/a4EyzcXIKa1DRdSDumSUtGXrzzu.jpg
252607,Junior,/rXyvlWfEgVazefy4aRpgfcgeqx8.jpg
15906,Barbie and the Magic of Pegasus,/wqKNLSzGN9lqnmtFFwu40g2eWgQ.jpg
14410,Notorious,/62NsZPgueSiE8y7dqtU3FSLFwYw.jpg
302528,Remember,/x496Ip0weJYfsEX23eNyzG4MjXV.jpg
9644,National Lampoon's Loaded Weapon 1,/tIdlDgiVQ4kbgVXXIlP8LswubkN.jpg
807356,Watcher,/dXCjoI3jdtBrwPHgVsyNLkl8Rvs.jpg
567604,Once Upon a Deadpool,/5Ka49BWWyKMXr93YMbH5wLN7aAM.jpg
528949,The Photographer of Mauthausen,/6b4L0uLVgFsDfqPx0sFZbCRwIKH.jpg
471507,Destroyer,/sHw9gTdo43nJL82py0oaROkXXNr.jpg
89899,The Players,/iww9dDYkBboZUvbv3wohvnIgdP9.jpg
462883,Woody Woodpecker,/vFGUsJTa8z0OfDTbjdyppAireeB.jpg
6687,TransSiberian,/dhTOda5CLp9tEdDzQZiqBTdv5lR.jpg
15567,Stitch! The Movie,/Apq6rZlmKnWIsctO8PkUvLFEJYq.jpg
526007,The Night Clerk,/hPWjid7yMatyIDHvku7lCMN7zSi.jpg
56903,Three Steps Over Heaven,/v1uyiF4pWzBhBlM5732XM0OnCCA.jpg
2086,Nick of Time,/A1FJwUVg84sQSjHVz5jVMXQvifJ.jpg
649087,Red Dot,/xZ2KER2gOHbuHP2GJoODuXDSZCb.jpg
2749,15 Minutes,/bZ7Xx15zZdDzbKFKl4ULEJ11hWu.jpg
539181,Relic,/3wZ0gxLqsPleneFSTZILmM3BE8Q.jpg
10477,Driven,/8tJ4Ya8yEyxCMihDumEyvwvUuLB.jpg
209451,Jersey Boys,/kz956Y83YtT6vTyg0Q40mzRe2UM.jpg
429191,A Fantastic Woman,/x2yNruMR8bAJOIQ3wd7HR9qWjW3.jpg
10536,The Italian Job,/8NOw3HPHkcBndJW2K6ofbcSb7WD.jpg
11636,New Police Story,/ece4Ivxpt6GKVQaed9xQjKrUwun.jpg
463858,The Freshmen,/mhiT79x4G0OIm82uNq1A1KTSdoi.jpg
14239,Cool World,/mqzRUHNtFwmgJCmSnvq3JnX0xgZ.jpg
400157,Wonder Park,/8KomINZhIuJeB4oB7k7tkq8tmE.jpg
514593,You Should Have Left,/tpOwE6xsWnu4lKeKbKW0R3iClM.jpg
20914,My Friends,/8Pm8SLjq2UHCwisd56ipHtzvZI1.jpg
232572,A Walk in the Woods,/2TiaYwYeGRsYsfqH8dNjlYbIu1Z.jpg
310135,Turbo Kid,/ArUqADkwycYtNVuXSoSXVrdJ8iJ.jpg
22620,Scooby-Doo! The Mystery Begins,/fUbx2NFwRTmRMtwcTbzEd804WQj.jpg
11881,Miracle on 34th Street,/qyAc9X9XHloIqy3oJbbZ44Cw0Hm.jpg
471474,Batman: Gotham by Gaslight,/7souLi5zqQCnpZVghaXv0Wowi0y.jpg
9087,The American President,/yObOAYFIHXHkFPQ3jhgkN2ezaD.jpg
60672,Crimson Rivers II: Angels of the Apocalypse,/hvQZKLVzW3cYfR5bjgGTGZuCuHs.jpg
12763,Take the Lead,/lUOxWI8cHhlZjVisL33O51LKZS1.jpg
350312,Bāhubali 2: The Conclusion,/21sC2assImQIYCEDA84Qh9d1RsK.jpg
347984,6 Days,/yRbC0uRj1RDmF0JLon83il2dkR0.jpg
10155,U Turn,/lffvjJU8j7RLfz1SJVMfrn2wH6i.jpg
13285,Barbie: Fairytopia - Mermaidia,/igsqS7rpnkAT92Iqo5sYwTs1KWo.jpg
13931,Mike's New Car,/mOnNx05XOPFeQhOqpbPI0lwEf4N.jpg
831946,Interceptor,/cpWUtkcgRKeauhTyVMjYHxAutp4.jpg
417812,Wildlife,/hQSUwjSSRtWCA5EBoY22gGzaE8Y.jpg
15356,The Girl Next Door,/dXjLp7k7ILyg22T0s9VvpPKc9jn.jpg
257785,Tulip Fever,/aGBRTDMuYDKCA9g7NTGwtMZBWd.jpg
15301,Twilight Zone: The Movie,/sDWARc5aYTUKE8Y2FIGVgWXuI4K.jpg
522369,Sorry We Missed You,/7ZhrE1RFiOWn4QuJsHFkuEgndOo.jpg
80767,Jiro Dreams of Sushi,/qHJTB0oDIFaTHihJBUr4zXlGPDz.jpg
205601,Belle,/qCK00C3L0bM5jphoYU0gFpG3Hly.jpg
24188,Il Sorpasso,/4h1ckrJQVcQYjeOkqS8i9BqZ9MI.jpg
245842,The King's Daughter,/zwRf07ECh7nV7xlahKzN5wFYhGx.jpg
30061,Justice League: Crisis on Two Earths,/5Cjrxbv0BIxzgKFC9PYcgmPtnMV.jpg
10564,Where the Heart Is,/h8PBkTn6kDK9ZMCLj6jP6JnIBhY.jpg
718444,Rogue,/uOw5JD8IlD546feZ6oxbIjvN66P.jpg
390734,Kingsglaive: Final Fantasy XV,/xGMgspge6uYoypRiasAmlluDlXH.jpg
15947,The Three Caballeros,/nMfScRxw9wVLoO7LiEjziFAKLSK.jpg
290762,Miss You Already,/cvA686C7O8MwXhFIaql4ui6eR0p.jpg
10660,It Could Happen to You,/6UOaeLDOdwwTMQtbl5YL6EGjqy0.jpg
87496,The Company You Keep,/vx6BAjBjj8vSdEURVToLMWVW0up.jpg
50321,Mars Needs Moms,/g94LNU4pipIUJLkTvYIgNGfT2J2.jpg
586461,Swallow,/40Zrwud1EVxNvcjQkotZo7jmr4L.jpg
9091,Sudden Death,/1pylO6YX5XdOA6QCc5IRxrrffkg.jpg
2830,My Boss's Daughter,/eZsFXr3m0shC5HH7SRlZouiuQVH.jpg
776797,The Sadness,/d8Ip6MmPxeMAtNJtusbPaGCEsvh.jpg
10012,Cursed,/em45jL4CfTMyj5V83kj7rhdorJu.jpg
9912,The World's Fastest Indian,/i7obsEYXjo725H9vneFqxxUiZw7.jpg
9320,The Avengers,/1p5thyQ4pCy876HpdvFARqJ62N9.jpg
11431,Fever Pitch,/xwJBEOM5BVElAgQIA82KBLX10fu.jpg
77875,Playing for Keeps,/jYv6MqOoAIpxZd6ydJ4S5S2QHDZ.jpg
738652,Copshop,/szArp3dQlVajpsqpyPFVAFHFsa3.jpg
254474,Zombeavers,/gdb7v5GCfijrCjOjzbziGMGs6JA.jpg
9070,Mighty Morphin Power Rangers: The Movie,/pcLbHqs80dchv0byHivhdwHKEup.jpg
11006,Smokey and the Bandit,/vKEUp6L57RMGHMdC0hdCJiVyEW6.jpg
31442,Ivan's Childhood,/vmRWSLP1DE9WTta0hfzIafJ0dID.jpg
326285,American Pastoral,/pgpMzdML9FUj3GpDU3LFi7AWbHQ.jpg
11258,Hard Rain,/hhG5ppaEQIV83GbUVfPlBMDFvVu.jpg
9469,He Got Game,/kd8hRaysUQOz7AvSorZDJHuihcJ.jpg
13386,I'm Starting from Three,/gnSz9NuEzN80KCJv5IR8Wpyp593.jpg
44147,Wild Target,/ejKD5DQ7jouzEkz1fx5Fr8li2ZA.jpg
668482,Roald Dahl's Matilda the Musical,/ga8R3OiOMMgSvZ4cOj8x7prUNYZ.jpg
9642,Asterix and the Vikings,/dW9h1Ez6PRx8PnZUVT27MnG8Wu5.jpg
206408,Chinese Puzzle,/urOhy4mkGTcRHjXBotanF6zyBJw.jpg
10498,Point of No Return,/ixWqZZMkTbLbcbCn9mJgSlCjQcg.jpg
15739,Annie,/pPJ1HsJh1fjAUlvSJMLCYKriDnX.jpg
11099,The Final Cut,/p6SlcaGStsXCi4BZifU1JFr2qQS.jpg
594718,Sputnik,/eAUzmhP54bE1vPXaY7FbuZREJlR.jpg
11047,Asterix the Gaul,/jBDZ68iRPEhrWouioAcSiG8t5Jc.jpg
11589,Kelly's Heroes,/1EDg4nmLFNYiOUoNgo6WiPrAMif.jpg
9592,Open Water 2: Adrift,/6bbQxUlPTBGYSWHMshG6K2MxtSl.jpg
26317,Man with a Movie Camera,/vJgAdgJWX54v0oXfIvhwjlZnmgn.jpg
591538,The Tragedy of Macbeth,/tDNJEhcLbX3jIk3BMCur9pCdaVD.jpg
467909,In the Heights,/RO4KoJyoQMQzh9z76d4v4FJMmJ.jpg
480001,The Art of Self-Defense,/nH9nH0hh4nGKDENXa7C2mAoxoLp.jpg
950445,Return to Space,/uyatxKGACzSNqDzTe5sv5YHAY30.jpg
191714,The Lunchbox,/jSOiz1h97i3qwjZJXY8SeLvjPsl.jpg
144789,I'm So Excited!,/sQSHPwWlqW9AJEac6sakeIhrMZx.jpg
24382,Big Deal on Madonna Street,/f5OxD8Nl0pR3DcYHtYhHRfpsmjl.jpg
11227,Angel-A,/ojUGHGfroGRwW7jO0727txepQbC.jpg
8069,Barbarella,/kfaRSR3geV3I65icyHWBBEsE9u.jpg
17379,Last Holiday,/khcU8msd2NooJwmcvwbWguvkCzU.jpg
3902,I'm Not There,/bucgvB7gQqcl1m71efHkenfIMTj.jpg
10413,Nowhere to Run,/c1pZjoDkHDGjAu3WnlXU7EyT7nt.jpg
10404,Raise the Red Lantern,/j6MGZpg55cTqlHHwahBtzI2qQg1.jpg
13531,Empire Records,/qKP7hVdjAAvRvbF3GBCbzi5LzMf.jpg
408647,Teen Titans: The Judas Contract,/4MumpGZmbTvHFzxyJ9MtSpqD4FH.jpg
283704,Leopardi,/4Lv3SME2Dz8WNOrP1xqFXCL9aJI.jpg
244063,Boys,/khyK1mS3PoZ9q97VQ2BvR4YuNKN.jpg
10019,Mannequin,/oHMA8euTiZdDFXDi5zaIQQXwl0K.jpg
10806,In & Out,/680sgIbQU9lqujO3m6PqjoXlXuP.jpg
570131,Love at Second Sight,/ii1CaDjWS6GxwAxZAlyPSciIvLw.jpg
8736,Dikkenek,/wzFIfJXlZA5mKA3Ls7gkUt165qK.jpg
79707,Children Who Chase Lost Voices,/lH9VeRriF8tGakDteReYy71iVGK.jpg
2259,The House of the Spirits,/q0YyNTvooXI9ZF71dAYKcRwqlGn.jpg
20334,The Shop Around the Corner,/dZ1aEzGYRiqJwPfjS6VL7wUkHmF.jpg
48175,7 and 8,/Aepmdx9rgbLxGirJMXNfeVDArrX.jpg
198287,After the Dark,/mTSBjTriWuvYp27dsTWF9hs25HB.jpg
611213,The Prom,/i7An8UravfzqaU7SuumaWEVRqVU.jpg
13220,Splinter,/tFNReQlU92jmN7uuR1HHLiFkEua.jpg
818750,The In Between,/7RcyjraM1cB1Uxy2W9ZWrab4KCw.jpg
576156,The Lovebirds,/5jdLnvALCpK1NkeQU1z4YvOe2dZ.jpg
248705,The Visitors: Bastille Day,/z2AV9HgEjTPwY2FMzyqI36Wdqb7.jpg
241855,Spring,/qPI94JmMga88RB7vuQA83McgFaz.jpg
45162,Superman/Batman: Apocalypse,/d7gHmsA2o5Z1MhcuspMyOSO48KB.jpg
6589,Underdog,/pqGahPUmqrXbkeTQg7HCUa4VeHV.jpg
172386,Return to Nim's Island,/qcmBwtLH9waYDD1BdX6RMR7tDAF.jpg
393729,Divines,/6P12dmdR0XFXXOPx1HsI8kT6yMX.jpg
198,To Be or Not to Be,/dDQRpEoyjHT4fzw9cNklIvZuXYg.jpg
242090,The One I Love,/ewsYTI6KKQw3IDPFmVVbHq89kxv.jpg
421792,Down a Dark Hall,/wErHaJrD1QZ2FEVneH6w0GZUz2L.jpg
11509,Silverado,/h44EUq2CAKSQi5A14ddzT3bahcR.jpg
513574,Battle,/zfGhtAX7xe7W0ZgEcM2n6tnxgc0.jpg
630220,18 Presents,/lS7lqDT3NF2LcSPdxXNJY9pMxZ6.jpg
39108,Dragon Ball Z: Wrath of the Dragon,/4ybkLEVCvwQEzh7Lq1zsCmda5A4.jpg
42194,Tekken,/1xO2LirDZstkqZic1FwfK6GJIHH.jpg
287590,Saint Seiya: Legend of Sanctuary,/gxKfP9278RK4t3J8vLXoFfB8ihl.jpg
11293,Paper Moon,/3GHG0kTcBWHKdXjj3RdK8GjBCd6.jpg
653349,Vacation Friends,/cCyJeTAct07ORPJPHyzxCrVtZzh.jpg
10479,Rules of Engagement,/38iMM0sHOqNz315ApF9bEjT4rFA.jpg
139567,Fire with Fire,/kziBJGQFo9f0Vkj9s37qI0G9I0I.jpg
469019,Jim & Andy: The Great Beyond,/kKzopOFXz9YfsCTqg3XpF0GoypX.jpg
82687,The Guilt Trip,/55JqWqocsMNx5uanELDRDFqu40J.jpg
302,Swimming Pool,/bwBAUlEXhUKmegdguoFj9grF9t3.jpg
133694,Promised Land,/ziVOzoGfmHD5F90LyeCkBnwuTkP.jpg
9037,Grease 2,/ufWc8AR5D66lwB2UZvZ9xvGcDSD.jpg
77805,Lovelace,/9zdacmBswpiyLJfynWeGFXxHP1i.jpg
10641,Autumn in New York,/vmHvrhfYfUZ58RtLaq4LOHp9q5m.jpg
14257,Delusions of Grandeur,/uJtEs9WRqyEREvdkS470n593z03.jpg
10134,Cyborg,/nOspcG8HP6KPdMvzezavRbzYCEw.jpg
9103,The Quest,/xMDo0ewl6XMZei44UNGMfho6eBq.jpg
65229,Tomboy,/ogBGBOhq6vozE5rqETFBcZWFXmd.jpg
169209,Empire State,/nu2F22TEzk3eK0rsjFDoARyFmCw.jpg
7942,"Run, Fatboy, Run",/2MZNPXJquIG8OcwajiR8YkCr7ak.jpg
16620,La Bamba,/6Znulqtc7cdqlUC69HGf26Ef5fi.jpg
283227,A Little Chaos,/A505yCUTvWpPRMpwA2qkSRtGCmY.jpg
197082,Venus in Fur,/b9pCYixO3ZO7tB303efB3O4nkqC.jpg
338947,Hellraiser,/f9ZAIUxTTk23vo1BC9Ur1Rx5c2E.jpg
10497,Bitter Moon,/g1DGU526GVG0NI7QkJVLprZelBa.jpg
334538,Into the Forest,/3xBUU6pYZPe9tqVH2R430y6psEm.jpg
483980,Z-O-M-B-I-E-S,/6S9O5U7Ietqh6zTtZhGbhbA3Pze.jpg
776305,Belle,/fYHOD4pxZQk4rsP2tQrZI5uBlZV.jpg
8989,Harry and the Hendersons,/5ZNWhOEsuNHIQ1gbtwdTGK7srCr.jpg
11208,Wicker Park,/gRKEluSpV1wBrZVTvLLaCSkzqcf.jpg
44113,Stone,/mpD413bgFdD5ZmKFT1GYWTvpRjE.jpg
192149,The Two Faces of January,/9Ts7aYrxMlT65tU0UZbmuPEBIc4.jpg
408033,Tamara,/gA4kwNm86Up2dCa789NaIoQaduM.jpg
170354,The Unlikely Prince,/eLEPO2XJMWhYqHt3v4ZFEsUlLio.jpg
4599,Raising Helen,/ubZin4oGXYp6hCn3WU6nrBre62y.jpg
423612,Never Look Away,/fn0Tp9SG0IQ3Nx8iHPYPiseLMWd.jpg
9430,Go,/kP0OOAa4GTZSUPW8fgPbk1OmKEW.jpg
267192,Genius,/xOA52PVZgS3ggpKwKBAuZlYvxgg.jpg
11586,Exorcist II: The Heretic,/g9i3LTMYLRHvCYSKimZEfd1Vqy7.jpg
11548,*batteries not included,/8NkpnpdLd8J6zCR8ZGTeGTur4uO.jpg
846214,"The Simpsons: The Good, the Bart, and the Loki",/rtMdtzywcAGOrF6t8fbxJBqpdcq.jpg
18079,Nine Queens,/tabMRXUTTBmprGax6ON2r9yBN0D.jpg
539649,The Lie,/a3c5zUOIEXAFYFf0vyypBCNJepb.jpg
1712,Giant,/oQ1Arue52pFLSvvwfcNTy16hTCG.jpg
392207,The Invisible Guardian,/uxR7CqLRdQ2QuOPP9ymunPrRBCq.jpg
489988,Three Identical Strangers,/esPoJNMBsgWXahv8gILIl5K6sFk.jpg
377263,Frantz,/nYqtLg8wKNb4YU8qQo08XpLsonj.jpg
28942,The Brood,/zSEt4QXRI4Gypd9xvzvucOmPNl5.jpg
582883,Deerskin,/r5O84lMJRMQStl8GGJzAgkkdqP0.jpg
190880,"Me, Myself and Mum",/7FunclNlH3HjMXrSWMFUHWGy4Pp.jpg
577242,Kaamelott: The First Chapter,/4mcovnajaLoy7dbv5arykJjDFFC.jpg
536743,Queen & Slim,/qfIJOmsiBcum6EGosiy5gTF6ihk.jpg
830788,The Invitation,/jcTq6gIskCsHlKDvCKKouEfiU66.jpg
244566,Life After Beth,/4ZQ8LoU9SwSxSrmc3aOtHmruk26.jpg
484437,The Hole in the Ground,/7DMRJzH9AwpSN5D19cExAB9vDZW.jpg
615666,A Boy Called Christmas,/1sRejtiHOZGggZd9RcmdqbapLM5.jpg
1534,Pathfinder,/mME7efKNTU7jzXTgFkI1t0aQUiz.jpg
876716,Ciao Alberto,/1SyTnaY0wte69oKdqxQLvxPT3hs.jpg
413594,Sword Art Online: The Movie – Ordinal Scale,/2szdEK0Mr0RG0nWGFVTseNQHbnP.jpg
11425,"Honey, We Shrunk Ourselves",/nbU3UgIjxNTrSSe2gcOSGQjf55a.jpg
12085,Mad Money,/le0r7Hf7YOy3QFdOoYXRI29T1mW.jpg
9062,Love Story,/yCjADq9fwbdPnxMo0DKNeRGZ4YC.jpg
518452,Like Father,/xPN8iFewcLAdonUec76qrAEnHm6.jpg
9457,Deep Rising,/fCRNZE9HVeMT7T7A5aU3DLxANCX.jpg
11170,We Are Marshall,/5PSiExbg6Fm8MiPJOikBCOcZFnd.jpg
852046,Athena,/s8B0GsFEebd0DW2spykLMxnc1Kn.jpg
1826,Russian Dolls,/2UlNPX9E9LzXcWVZJpBEZWwu9EV.jpg
639798,32 Malasana Street,/neCS8vPAtsj9cJDGNaEH76ImSd7.jpg
13920,Radio,/uQ6ci4iFHhB6TWB2f4wftR7AEly.jpg
31417,Eyes Without a Face,/8y7Z9Gvcq52uOlJlUWyn2epGGRd.jpg
123678,The Act of Killing,/wg9QERtcZTTcOu6La3nZCfJUMHG.jpg
487680,The Kitchen,/l3smhHvnczXg8E2WzysRVKIXSYJ.jpg
277558,Final Girl,/7liOzGi6DNESPv5gFC7g6mpqBSK.jpg
23566,Barbie and the Three Musketeers,/zR0ts7zL2P1kQIQXYlnS4KCqqmu.jpg
146375,On the Other Side of the Tracks,/lJSNu2WJ5PGuEnyD8mfSVp5yY0H.jpg
982,The Manchurian Candidate,/h0mkK00GjBCJoBYm3yvPdkzlIyV.jpg
10692,Henry: Portrait of a Serial Killer,/yIvaGoLc95R4noKPjfTYUvuV7qp.jpg
11114,Pete's Dragon,/noShGNQKAgMqNanJL5EiZlf6LCp.jpg
643215,Asterix & Obelix: The Middle Kingdom,/ifOqT5SmA4ANjmyEacLw3KAFKUd.jpg
1023,Adam's Apples,/e27WQTJ6TP7y4OIUQcWzXnZzxju.jpg
10216,Species II,/bTZOYPnbnTaeiiybtByzWkeb1Gl.jpg
17336,Fighting,/xP1uogi5Gjnf6ybSN10lyDpqDlW.jpg
271714,Love & Mercy,/4jn0hDsl6lsv4qEc7aiLlgbaIjo.jpg
25643,Love Happens,/u6XPulat2zwbkLvistGCA9UPTXp.jpg
393764,The African Doctor,/7I7AxQAlvufEg2aWFd2HbS4f47B.jpg
16007,Death Note,/97nEMqXvr5STlFuhACmL8xSrH8f.jpg
13320,Funny Face,/tzTjalpIz6NyFrWPPlOBFoBjb7z.jpg
8780,Baby Mama,/xZOwucsL5NInPyFcmqJzytHkaJR.jpg
18438,Castaway on the Moon,/gGzovvmOEyNVUu4WEHtw9wfDsqI.jpg
10238,Cries and Whispers,/a1bMgB09YDvvRN9SitCclUYragr.jpg
50725,Take Me Home Tonight,/nInduPOusI1alDIC0UttFjDIKsO.jpg
21191,Sin Nombre,/wncX4fshBUDvB2CaW3AYG7i3nUd.jpg
48650,Room in Rome,/gx2ENSap1D4nbjcz7cLLAs4S3fy.jpg
203217,My Mom Is a Character,/2kj8VJEcqcxPmbuIjh5wf6FjMBH.jpg
193612,The Quiet Ones,/kHiq6WpK0NWeec7zcTswyWRyUo.jpg
186759,Get a Job,/sGjY8GRSY36hzWMK8tPCmA8XJIg.jpg
449992,The Night Comes for Us,/8lI1p5cPqgXN2qrKZrmI3mhKBfs.jpg
10514,The Andromeda Strain,/i3rTxQRJaBJoBcY8VMUOPT2E8Hp.jpg
833097,Falling for Christmas,/zgtkXLJagDMlW4iXTCojL5guDeu.jpg
14375,Romanzo Criminale,/jd06ZOSBpjfKEthqli5O2urO0nm.jpg
554241,Playing with Fire,/nBLPIpReSatt1zcgVzSVzq5e581.jpg
7249,Futurama: Bender's Big Score,/bmVE90IHvx4uXQgtbRtu4RyMWpt.jpg
9777,Proof,/6K6P5uEBQ3a5uncF9OJSZvLKT8y.jpg
11884,The Last Starfighter,/an1H0DPADLDlEsiUy8vE9AWqrhm.jpg
3179,Beavis and Butt-Head Do America,/wEB1GPT7mQcTNuYT73s72ljjbMF.jpg
152792,Devil's Knot,/8DMDx7XMylIL7lpBEOMzIjuwhw0.jpg
433247,First They Killed My Father,/5370jxJfZQY8TUZiiGkpNgvRwU9.jpg
44835,Hesher,/dD03azf3h1hUHVzVkkqJs96Kkay.jpg
7873,Harsh Times,/raBWBnGz2X6FQ3iUwPwYQE4FrkY.jpg
9406,An American Werewolf in Paris,/1NUOprbP7LLfKPArLJY7wziUiHT.jpg
270774,Skiptrace,/yepKO0bbXL2FSUoq93c7lkp0op1.jpg
353979,Pet,/cO5debLXk54GhgXd92GVD0Hpinv.jpg
9815,Goal! II: Living the Dream,/vFRuhcZwG3T4WiEG0hnbBdMEYRm.jpg
13022,Rogue,/x3pVvUeOgw0IPPyf0QoI8dUTcXq.jpg
12548,I Vitelloni,/mkb9Y5D4bo1bELq2JtomvmZ64XU.jpg
860623,Last Man Down,/4B7liCxNCZIZGONmAMkCnxVlZQV.jpg
412202,Handsome Devil,/xlHOWQFgcGV4KcZKLzYBZ21gjGT.jpg
329010,Emelie,/2HSqJtos2qHVoC00StzNRVpNExe.jpg
11568,Blues Brothers 2000,/nCoY8UK2x4DWpICipL40Hg4cDmO.jpg
11827,Heavy Metal,/atUtWrDlLzT1yeVK2EoYtvbS963.jpg
97434,Gambit,/6KOHKBa6toWdGOKHkzmLGjlOLdS.jpg
77887,Hawaiian Vacation,/tByW10AkjWG0DtZwN2E2trT88DD.jpg
5125,Rendition,/d9GV6b2ta3jWmDEZDby9AcL6io3.jpg
11044,Arizona Dream,/jNhRjc1Q9l6tFo5aHdl8UZJPdKy.jpg
582873,Martin Eden,/jTDZ5Q6CMDSQ967O3fNCcIneQyg.jpg
11495,Firestarter,/2ux5lqNuibd8eOkwwUhzfzAJBqD.jpg
16991,Observe and Report,/z2wcS9UbUfJIn6xAzs1ZdGCGCnQ.jpg
9948,The Fox and the Hound 2,/uTrVvEtN4Gq7l0Zxd8KRYyiTvm3.jpg
306745,Freeheld,/794PfYjTz3yxMRdTRmdFYt6w6ff.jpg
4588,"Lust, Caution",/8tMKLDN3zOdwvUiy9OeqBGdbvEY.jpg
10677,Dirty Dancing: Havana Nights,/fL0psQFnroOkBpj3RLqkWJrnO2X.jpg
530723,Bad Education,/gizz5FphOtfSnLaGpRALOZgILd5.jpg
97614,Deadfall,/5ZM6uKhuEzWZD3xklmqKPuvq1Nj.jpg
56715,Just Visiting,/7KqzbefXjADSUE8j2ZsrudvAArY.jpg
26963,The Secret of Kells,/tmiufIvSssZ2cmYJbro99gZvn2H.jpg
245906,She's Funny That Way,/2FiZVfwz27bvMROkud3dlFyE8uA.jpg
440708,Mom or Dad?,/5uGF9x1FWvbpw717X6RcCSv4WdQ.jpg
443009,"Don't Worry, He Won't Get Far on Foot",/rKsiN37qMt8jad5GikZzSeevyI9.jpg
5165,L'Avventura,/waQPqPYLouGJXDYGqXmpyLN4PLA.jpg
497814,Breaking In,/nuCxJwcQOEKYoiHTgcf4em8TxWv.jpg
6575,Walk Hard: The Dewey Cox Story,/Aa1IQ4Cuin3d7qIahvPheMmR4E5.jpg
9395,Above the Law,/20bD11jTM2fbVGkDnkCpfriUW4y.jpg
424277,Annette,/4FTnypxpGltJdIARrfFsP31pGTp.jpg
10766,Damien: Omen II,/ocsi8SlODWkVX6O4E8Ncfgnretw.jpg
457955,The Night Eats the World,/2rR2PxT0clt1Hhw5Cv0YGk5DD2H.jpg
1792,Stuck on You,/gUbNzcIdKCoqp9amNFpFQfpBzrB.jpg
777,Grand Illusion,/lWg41zE0FVixkNsFgxnlRyvDYv9.jpg
25846,Baaria,/n7YkB7IpXrKG6qMTppZgXGn5ORs.jpg
467632,Bad Samaritan,/nOeRjOEvx63NPohJPJMXCkQaz4X.jpg
487242,Suicide Squad: Hell to Pay,/7o0OQUf15v2m45gXluRUMTRC14h.jpg
13008,An American Crime,/aGATXFPK09klLs0JmxLKtCSyg24.jpg
248504,Sharknado 2: The Second One,/GgZOBSNIkxz3qA66Jauv6VvIc.jpg
29458,One Hundred Steps,/dpQpjLslfQlpDv7eCVRDPQAKgqs.jpg
544431,The Clovehitch Killer,/6NmsbUJqnopbnLun2E4KvtVNj8T.jpg
13333,Game of Death,/c6jgLHaQpdIPH1rC94KkjAqgE7O.jpg
503125,Little Monsters,/oQvUq7UmumBTcAnvgFLFvegY47d.jpg
575776,Saint Maud,/ArNYeeDFLVye7JpqLElYdbE6fOa.jpg
204668,Belle and Sebastian,/km3ogCGHmlL7M4msTU6pWcJFpRu.jpg
9638,Phantasm,/sbksBJ2fuoeOth72u0aFgFGm0MR.jpg
219318,The Volcano,/zszXmplKgcZ6WILGxZ1Jax8Ck72.jpg
13851,Batman: Gotham Knight,/3i1o0sHBP0VUpuSVmkdCRKYoDBC.jpg
606234,Archive,/eDnHgozW8vfOaLHzfpHluf1GZCW.jpg
12919,Can't Buy Me Love,/uHCkUHe63HUkWPmUmJ0kPmOQchJ.jpg
512263,Honey Boy,/3BZ2rBn31kWER45ZMj7OTe9keMm.jpg
375012,Under the Shadow,/3hxT9XviA3VzUtelHBk2xA6I9FY.jpg
92060,Michael Jackson's Thriller,/djv4LM6uanJriwpsOyJzaaSp4gf.jpg
58232,Chalet Girl,/kGLMKnPL1Aw4SndOXMGrlIMOoa6.jpg
15516,The Last House on the Left,/qyTqXz1C7kPgWmxcD5otQ7xlrJP.jpg
73499,The Double,/t4W10sjJSDAWRUDn2Kb8DQKxiZv.jpg
10569,Small Time Crooks,/eIJRFZFDmh0xXPlKt3WwN5fiSLe.jpg
644090,"Love, Guaranteed",/6K22JB6fZZLBuM0knfl8rs9Zoxg.jpg
536437,Hypnotic,/m0mYmlN9AewOGSOl7Q1ZgZvEeUU.jpg
840882,The Weekend Away,/6MS0QEl7UK2gdFFbHfNwuYlsq4H.jpg
177945,"Like Father, Like Son",/fzSDVHdDL6Oqv7NWAUikoRxSHmp.jpg
867,Sliver,/2B3kSc4hKYWHsC8NgZhTLNIGmOR.jpg
681019,Nobody Sleeps in the Woods Tonight,/5vFCHFVLPcU4M8uNXM1ba9y83Iu.jpg
481432,Happy as Lazzaro,/j4x1O6G0cbchHQwNsEZ0DntOJMJ.jpg
6003,Romeo and Juliet,/vaBQKLbSWkXGTOlsz9ARdJP4lvg.jpg
2440,Joint Security Area,/etoPOj0bXzfw0LBNslCxqO7MHuv.jpg
862965,Emily the Criminal,/iZvzMpREGiqDQ5eYbx8z70qPgst.jpg
9318,Asterix in Britain,/10L5R1l03MqDx36e0LJ99NKLGD3.jpg
38277,Camping 2,/vlJdgFdRNVJ37RpTrl97zBT7P7Q.jpg
509635,Alone,/n9OzZmPMnVrV0cMQ7amX0DtBkQH.jpg
44249,The Legend Is Born: Ip Man,/ekJxJ037GWBrqIR8FX7Kh7daaR9.jpg
84188,Compliance,/bLdu28fr9txYlHLmEOyGplDT3nH.jpg
435126,Perfect Strangers,/kecy3X0ac5JNDmuugrrgoz7U3pJ.jpg
9978,Stormbreaker,/l0vSLU0tsYuQsvMxsC52rJsd583.jpg
12245,The Oxford Murders,/aPGyZg44eCxccfoaNNbJwTJj66J.jpg
232,Rumble Fish,/vwMfVhBwAcRT7K0xjFrNoNf9YRb.jpg
338676,Extinction,/zwIDreu9pYCqKpv4jomqVM9yX1e.jpg
437109,The Villainess,/5igv2DsGx1JbmwJnq2uKucJpLOS.jpg
354216,The Devil's Candy,/9Yz9DCan4tRfqZgDrCSgzUX1WXV.jpg
62837,Dolphin Tale,/92P8cAORDMW4Z8qxYpKz3iFdnYk.jpg
763148,Time Is Up,/dxWHyMY4HoXH8LiEhYlga2OtK5B.jpg
433502,The Aftermath,/slGZ8miznmAZAaDHEz6BKo7f1N5.jpg
11658,Tae Guk Gi: The Brotherhood of War,/vyG8qpimh3XSlxc6OmPq8LJRJl.jpg
227300,Stretch,/9mjYzPlp2hu2xsUnntGei8sdF0T.jpg
11314,Koyaanisqatsi,/6zCNciRcob8lwuydVXgq0esla8L.jpg
10093,The Return,/ywBeNqMJKBowfwrv274blsVXCB5.jpg
267,Live Flesh,/7YPGYeamF6AuyxhKqbd5oNKKCCy.jpg
8088,Broken Embraces,/uPTOKnc9bzPp1emH3TyuKOGIylQ.jpg
704,A Hard Day's Night,/6Ulsccp2VkaVU5qbya3bxm9JG4x.jpg
176241,Prison Break: The Final Break,/wysK4kBW1u4VSXDfSbgODVC6Mst.jpg
17335,Obsessed,/x98L6eO7MsvNmXFy8TNza9UdsFI.jpg
9022,All the Boys Love Mandy Lane,/9t7n7K0xqw0gMvrxyhdiyqEF3W1.jpg
182415,"White as Milk, Red as Blood",/d1YIOnwagskZyLwowkvQU1XkEw1.jpg
11592,Serial Mom,/lWLLBMvMDafBXH5CRkahOtCORc8.jpg
597433,Beckett,/fBJducGBcmrcIOQdhm4BUBNDiMu.jpg
10577,Dracula 2000,/jnAfl6GSZbBMigL98RJGbOSk4V1.jpg
11472,Nine Months,/z1nzYuoeTbGBrSicDxJEhJhEQz8.jpg
58444,Women Vs Men,/kVrDKKokp8Nio9YFCUfaZG9epQ.jpg
263341,"Crouching Tiger, Hidden Dragon: Sword of Destiny",/te3aeAyhkfqgpa5BSTq3oNxGqQD.jpg
526019,Like a Boss,/yce0CZPWd0GGudksRJi8p4gDj1M.jpg
308084,Tangerine,/EKLR5c61XQzBTeMokFrmS3kdt8.jpg
93828,Welcome to the Punch,/6mCyfp7nk1sTZNtvLSVGrO0sPeH.jpg
10860,Steel Magnolias,/7ExUSN9s9gX9bhVM17zDLEizano.jpg
470114,24 Hours to Live,/w0MXP33x1bq48TDC7IaNqQ8nxcc.jpg
785752,Intrusion,/o6ozTBflWXlBje0uxJv4m6s4HTq.jpg
703451,Your Place or Mine,/3oFfY1HpzJDlRzKSCBF2sA5mb9U.jpg
8841,The Class,/8EM2HAg6AOaspyRaUJw8JHi0ugA.jpg
9749,Fletch,/zYYWgIIY1YPuABQgGw6mOdQsQ4g.jpg
10083,No Way Out,/93CzsBvRhg035yvQosRtSsTL19v.jpg
10995,The Lover,/zARAlov5WMxCef4JBD7f0H3RR1f.jpg
179538,Witching & Bitching,/u7w6vghlbz8xDUZRayOXma3Ax96.jpg
25188,The Last Picture Show,/7NYePZc0lZrRomtmQsjOJMePTEb.jpg
25866,The Sucker,/xkCGWJ0GYx3nK2PoFZdpl6L49q1.jpg
20312,Interstate 60,/zZQt29qBWLoVVOo8HEFzFYRAgYQ.jpg
9557,Boat Trip,/xHFJt9nEfVIUItBfKZr7qhbgveL.jpg
418437,Unforgettable,/jKyjJu3N0bcF9TzcyGLb0Nn6Uqq.jpg
322125,A Perfect Man,/dgmgPPPI3APwLHXRvxaGCWGf3FE.jpg
489930,Blindspotting,/x4DRZfTqOlmzNWAvy4vcKWkgEGL.jpg
19123,La Chèvre,/mgLYXSwF9I0kttCpkJE47xIqYln.jpg
661914,One Night in Miami...,/1DLUb9PTDqXMSgsD7RmiJs7ZJIx.jpg
75761,John Dies at the End,/1IsviP0Tb05xUAFWz5b7FJ0qIHP.jpg
13688,CJ7,/sRzSfpSb3wYYshbaiMRIuFCJJGU.jpg
41050,La Notte,/32Z0Vsrt9LGAiBBwTKR8L9B3ICa.jpg
13567,Sleepaway Camp,/fz9HeN5DzZgDVPZrpmeGORrZPR1.jpg
13187,A Charlie Brown Christmas,/vtaufTzJBMJAeziQA1eP4BLU24C.jpg
402298,Denial,/cJLbcWqV6sKwPpX5uT4xaklTgQz.jpg
14367,Adventures in Babysitting,/8QiAj0Xw2UMeZMIIfZKeNoIsszs.jpg
70954,The Hunter,/KgFYNh3GE36FrXjo9udZbnV1z6.jpg
19833,In the Loop,/jL6txnziFSeEifQkqnPBtaPaiXU.jpg
11092,Presumed Innocent,/jSPWptOsqU1nxXQe6muSPB0kD3c.jpg
833,Umberto D.,/5I7SYsNQmZRZpQ2MAarIQYU9vaX.jpg
5910,Fireworks,/bWIo1nDJnSyGJvVt8bRw8PHBqo4.jpg
496450,"Miraculous: Ladybug & Cat Noir, The Movie",/dQNJ8SdCMn3zWwHzzQD2xrphR1X.jpg
13018,Deception,/lfkdTvfmaqlGiHymJl6EAdIaN1J.jpg
10762,Without a Paddle,/xKzeJSBOMfPLtE5fzviroW4qIPo.jpg
49953,A Turtle's Tale: Sammy's Adventures,/n2lKNUSAgeZDDPcWHGUnRU89YkF.jpg
10375,D-Tox,/AdLg3zOxCcyWQYKSK86q20dibq.jpg
10654,Hair,/z0ctToyPWCB2RgIkMpD6RhRKAeH.jpg
743601,American Murder: The Family Next Door,/jjs3hE3mQlVGTX3u5ZH2EJBJpf3.jpg
58428,The Innkeepers,/pQMNTV9kzmqymqqDGBfEQSK9yCt.jpg
44251,Dragon Ball Z: Broly – Second Coming,/wb2iJasdjB3EOhScAGe1yPzpRsv.jpg
10622,Mr. Nice Guy,/wAAt2gvbkbeefzjd06GPfkdfUho.jpg
11520,Grumpy Old Men,/iMY7yFn4gMvGaQYMGWnyX2QgvHZ.jpg
11448,Mighty Aphrodite,/ice135yQZp4iX2SgCmd90nKgS5j.jpg
363126,Berlin Syndrome,/qvJeDDYKlfvtYayfOj5sAUXxUju.jpg
85041,The Immature: The Trip,/ebGMrIhFGKg4Ai3ceTfXAip4wOK.jpg
656563,Rich in Love,/dVqRATKlpCoWy96lfxiHc9TY9An.jpg
70006,Never Back Down 2: The Beatdown,/ywdD73k13XGho13MSUzQIDxD4iA.jpg
12309,Bachelor Party,/cbCyhkp6n2QRudYqbWimQTjdxLl.jpg
369299,Don't Blame the Kid,/kTuxK5YbykK8eT6WNUn9GkFiUpJ.jpg
25364,Ace in the Hole,/gPVPzHEsJBX02HtBtIQgYnfeqNQ.jpg
649409,No Sudden Move,/34BmdJkdvRweC3xJJFlOFQ2IbYc.jpg
10406,Encino Man,/xRR9CLZOEKxAt4CNcFe7R7A4ptj.jpg
4597,Armored,/oQrAXGkBy84FyGpWrY71ptqs7zD.jpg
429733,Mayhem,/3M6SQXW3UsEtWGoBLQoqFBvLYP0.jpg
312831,The Hallow,/sOT4KqFPlvxTeEwyHOcn8agJnsI.jpg
436931,Pokémon the Movie: I Choose You!,/cmpOaiRtjnhLNF2iPslMXCOcVJ.jpg
79218,Ice Age: A Mammoth Christmas,/kwLi6MLlVsPWMVB9gOpFo5n7HZR.jpg
651571,Breach,/13B6onhL6FzSN2KaNeQeMML05pS.jpg
86835,Knight of Cups,/xejFBC19Nc7Xi1MiIvcf84ZCy2g.jpg
29264,The Exterminating Angel,/dqaeUgLOWFbpEkEKzwAZgAcZMMO.jpg
2056,The Station Agent,/kjJg6eJa9I9flfHaJG67ecEv8YX.jpg
369300,The Limehouse Golem,/u9NnEq4Be7hhwSvkNf6dOAD8ppi.jpg
405177,"Where'd You Go, Bernadette",/BziuuZULnGmTRLthEty1QdKSEo.jpg
136835,No Good Deed,/wcDLqCS70LsPcovieuQrb311Qr1.jpg
484751,Through the Fire,/nkpQt2JC2m955YSENrqJEAgDHV9.jpg
228968,Kidnapping Mr. Heineken,/6JAb9jQa4sONkutfqfR3I7LFpGd.jpg
12088,Fortress,/whMDDlgY0AmjMdLuaUDg8XsShWi.jpg
474051,Calibre,/gCVOQzV7Z556WnJFNeX7y8BFhyW.jpg
7300,One Fine Day,/ubEExGaBdbfZEMGLV7kWdqSY68j.jpg
244772,The Skeleton Twins,/lDygTdg1KlrVJVzqsFL515uGzSe.jpg
236737,Spanish Affair,/rWlxpWG89fXs5QiOnDxgCZPSvFp.jpg
332411,I Am Wrath,/6NvLA3BP5ktLaZ1qdLY0oHsaqwD.jpg
171,The Party 2,/pbkccDoxH1H1VdqWcQYycZxHTIK.jpg
39323,Dragon Ball Z: Bardock - The Father of Goku,/docwOsWZuwJKQdwcYJtQPBcg6bm.jpg
22855,Superman/Batman: Public Enemies,/izvMc22ywSLFWUXZEIuJJ8dms75.jpg
6552,Idle Hands,/mCO4gU1lkViGXTkoRBEYrvjDIJu.jpg
38541,The Divide,/hnwX5cUuzBDM0OWJB2UtnjkrHDm.jpg
11908,Hatchet,/xRWRUZchxjttsNkGVZD2zGpihbJ.jpg
15400,Mickey's Once Upon a Christmas,/b6h6HwucncSxn06sMNROJ9apLC5.jpg
11902,Underground,/h8N6y13t4VusrDdH5PzTkwvBvgN.jpg
548066,Level 16,/kILAL9kJdW3f6wk9Ai0tavgi6mp.jpg
7863,Shine,/z6WM18EoqfkSnaOYPCttNEMp0aC.jpg
9900,Grandma's Boy,/fSRdHBtisU0zhks4OjKezI3jnt7.jpg
11133,Poltergeist II: The Other Side,/n85IZOC8R27TK5T5YaiwCtpvjv7.jpg
1786,Au Revoir les Enfants,/qrHM4mBVresi7UPYh7TWoQFuusd.jpg
726684,Miraculous World: Shanghai – The Legend of Ladydragon,/qQ0VKsGRQ2ofAmswGNzZnvC1xPE.jpg
16780,The Return of the Texas Chainsaw Massacre,/e1ikqofvLBddrZJ73IjmJWhUYus.jpg
14534,Rudy,/fAbfTCRpjHe2rprXBly55KL1dL9.jpg
14181,Boiler Room,/uYbkko9u3RUbrFO7oDCScxdOlvQ.jpg
13122,The People Under the Stairs,/8OWDBVmGdM7HwaDtbDsdn6Rlzqj.jpg
42229,A Special Day,/jzRn7N1mFowkQ5IkUkfWoxXJtYU.jpg
9445,Apt Pupil,/uTQMZLsbpoEYCjnJX8G3CmjCZDg.jpg
68924,The Ice Storm,/3a6uLta7K8Dzojps4RoJAPHD0km.jpg
18329,Happy Together,/kO4KjUkQOfWSBw06Bdl7m6AlEP7.jpg
16353,Ong Bak 2,/sGyB8kVPQsofyQV1T0jE2d6k4q4.jpg
11708,Chitty Chitty Bang Bang,/mfbEh3P2h26BriPIjqnEjwWeWFu.jpg
382598,Full Speed,/hrExpoA2E2bCrSZ6VPWHHdzY2y.jpg
39691,Cats & Dogs: The Revenge of Kitty Galore,/nTsZT66I4U3aS9ezLdOKacfvo8T.jpg
13291,Traitor,/va4Uo7L2b4d96JTdRMclO9L2hY0.jpg
512025,There's Someone Inside Your House,/fJUdQ4BZAtlQK9Ny59TulkQGisB.jpg
2155,Reindeer Games,/mj9OYd0bL6iGcrk53G6981OCICG.jpg
434616,Patients,/fEqxmvS22fo70hXpOK1QD2V9zH2.jpg
8416,The Conformist,/6bzQJ1LeS8BfPPvYrcnhm38zXjU.jpg
340677,I.T.,/A5VrX0pzM2pnPNXwKO3jKTt35ux.jpg
14207,The Librarian: Quest for the Spear,/hGF0kp0nJqmcQzywSCjkt6eykE4.jpg
267806,V/H/S: Viral,/vgq9eyUMDWDugp5ZvS5UuvTCQKN.jpg
49992,Lucky and Zorba,/g3Y72yHncO2Yo3B2PYHLKHNTksW.jpg
744114,My Policeman,/wdbiMjXd4CxPfCx4r4Jfy8cGec0.jpg
144340,Admission,/8MwiU714GL3WoNxreeHjZ01iPpM.jpg
10007,See No Evil,/kAmRKToJVhfF6ObKnZ0hOYxL40L.jpg
321751,A Perfect Day,/musAGdMpfvxhNvEnxXgmzcjBxWL.jpg
701175,The Paramedic,/l9ruFmHoUws4A45s8FBZuMNC6Mu.jpg
146227,Getaway,/z4sEWm1ykf9WX5WJU4XMD4oI5sI.jpg
24752,Dragon Ball Z: Cooler's Revenge,/sN4HyDkBFGtNNg9fm2iETQNUMSt.jpg
451657,Custody,/Aovc3FHXPzjWb3XZSNDfC2CPLKM.jpg
45535,Fatal,/36bGGHNevGu8R7uq0dFxSdbSlqb.jpg
1599,I ♥ Huckabees,/1YNcJxufCQkXiPFnNX0zzblmVkE.jpg
852448,I Came By,/pFB9jZDl52jBNbMPVSlISXD1ggS.jpg
9090,"To Wong Foo, Thanks for Everything! Julie Newmar",/8bkJiI6N8wDxAtQ49bLUt0qCBII.jpg
633515,The Forgotten Battle,/wU8ijITXE2ZgoXJexTQByJiHCbp.jpg
11374,Edtv,/xnnjoMONNamGU6ZX6acbcxyOKv1.jpg
471014,Wheelman,/yeHRsKOlNDsbEIALS1ve6S42Nl6.jpg
10535,Spy Hard,/ohaS5UAT2FtAFWGqKUBSAVSJ0wC.jpg
523773,Little Italy,/vdSSmzYKqViKH7mkQwgOVSALrOO.jpg
11655,Cronos,/nlY7rRCPpVAjWXHu75PkSIhITdD.jpg
278774,Zapped,/u33QFfbvChD5LNcuZD0LsSVnoa1.jpg
8270,The Lookout,/wTYyXCoIBy2TDxetoGS4Sc0VBP1.jpg
98548,People Like Us,/aXfIwSJogLjQdmX9Qzhkeuv3HQI.jpg
10991,Pokémon 3: The Movie,/g2C95ubS56O1ITXy1MgC69kAwF0.jpg
499,Cléo from 5 to 7,/oelBStY4xpguaplRv15P3Za7Xsr.jpg
17047,Agent Cody Banks 2: Destination London,/l5CCDJV0VojPJedNcucPWBnrGaC.jpg
9969,Deck the Halls,/muRplVEe8xU1jVlq9WpQSOamb6s.jpg
9981,Kicking & Screaming,/n5Cc91HgRtY2zsWZV6fXcwVWuWl.jpg
1257,Because I Said So,/wQtGQnr5RPnmzSfV9zUcgh8R9NX.jpg
403300,A Hidden Life,/rdG4jfH0rxkB2FgkYmjj9V4Q31M.jpg
354861,Father Figures,/avRiH6kbsw3Wxi1J7857alb9yyt.jpg
487672,Reign of the Supermen,/e9TzqscNRUaG8HqEP3K1jUvi8pC.jpg
199928,The Outsider,/m2riQcEzjVrkP8wKHDXwC5EQpHQ.jpg
9962,The Good Girl,/jpRumFobwgPzxj5YH33Wswnxdam.jpg
24831,Piranha,/uRUSWTYMYo9fHRkUjcpD0yPvxzV.jpg
27327,Phantom of the Paradise,/qDOtGWeSQNwB3dG7Amt1K0JW0az.jpg
352492,XOXO,/lSWO4dZTqOEGSHffJl4GH3G8Fvp.jpg
571384,Come Play,/9jy9OzZi0Oy8Hdv603QWujbfCwx.jpg
255709,Hope,/x9yjkm9gIz5qI5fJMUTfBnWiB2o.jpg
467936,The Children Act,/uWwmYzdLReu3Yn4YKuX9idDReaz.jpg
133698,A Perfect Plan,/iPFBW4KaLyCdXwEsa2TXRBW0Jxe.jpg
375798,Brice 3,/1P06g8zu5lbFnRL0isHyxF6mW7J.jpg
11689,Crime Busters,/z35E0qY8wkkSPIBT5ptQAyWvr8k.jpg
717930,Kandahar,/lCanGgsqF4xD2WA5NF8PWeT3IXd.jpg
234004,Ratchet & Clank,/649xP2LST4VIrZ5cLPw7Ys9movF.jpg
59570,Escort in Love,/bHCgRQG7WZ5ypKCVpF2awiV9OzK.jpg
345915,Once Upon a Time in Venice,/5rr7tQfzS0ARqEea3W9SNSFGRzb.jpg
12138,3000 Miles to Graceland,/nJgr5sGoXnsgZ0EVt80i6X9dQiA.jpg
17927,Fired Up!,/1Nty5K8ybeigm6qm9cMFFAD4KpF.jpg
21641,The Damned United,/ftlbCma6QoRiZgiflVmLuPKHrkq.jpg
10876,Quills,/AvGdw3BpvJV2wHmK2qY0N7XHqET.jpg
425134,How to Be a Latin Lover,/wvXCBYFDwAQSj3nrRAoBSpX2N8J.jpg
549559,Apollo 11,/woLMRroHyoTGoXyxdEeBJEYBFtu.jpg
9701,North Country,/upxUN4zmX79o49mBW9htKZDeNq7.jpg
11953,Kagemusha,/ag3sgXg27j8NTaIbWoODIFiikfw.jpg
11542,Altered States,/1iZBJcFJFupnxrSCwQIrtVgsrkA.jpg
317091,November Criminals,/m2JxGgarPvtemudLZ1CB6gLJeUb.jpg
191720,Jodorowsky's Dune,/mv1zSd6P59D43iYQXs7qx01nSiX.jpg
359412,Marauders,/bAvmDn5C7arBoRrfaG3b3Kdue1q.jpg
254201,The Absent One,/4NJ5rel0BVJdacJIQAfu1y8628Z.jpg
434203,Newness,/vySlYPqOrI5s8Nu6bzpGKQbotVy.jpg
63197,Megan Is Missing,/a7ndLikcqvX7dF7gsYx5iDe7qq1.jpg
157820,Mood Indigo,/fnkey4fxqtqMHwFcNLxfEbX5xmP.jpg
9716,Everyone Says I Love You,/5irXNZCYgPvNt7RxNa0iA7bALDv.jpg
3766,The Lady from Shanghai,/vDN6ue4RF85raOeU2aannFGfxlA.jpg
169219,The Dyatlov Pass Incident,/8hyvniwVeSvKbTNKrY44ndMsQht.jpg
485415,Day of the Dead: Bloodline,/3jM4C1wJxHLWlF4tcSyyv6fnJPR.jpg
22826,The Monster,/6h6ahipPd84QcyFbnsEikLt7w3Z.jpg
27429,Shivers,/oBn5SeA9J5xexybqqagggmRuJAR.jpg
609972,Paranormal Activity: Next of Kin,/wRy3SwJFE55iL2bfKqECzP2qyrd.jpg
50671,The Resident,/6UQTABsuE8esn0RNG8FYS1QCEbu.jpg
34204,Return to Halloweentown,/yYIVsEUyGdp8bEtRjOZGwQA3qmq.jpg
14844,Chasing Liberty,/7qzvS9QKkiDcz1K8EY9Y6ZXkUeD.jpg
823951,November,/A5wae5M81jLTuv3WbCJfORxapRA.jpg
887,The Best Years of Our Lives,/gd5EoAU4MM57sW3vlWxJ0NMM8cV.jpg
225703,The Starving Games,/oHTNil93kpVQ6TOE4pzypgxPKLb.jpg
11891,Kung Pow: Enter the Fist,/8twRIXhh7EoLZWcihWRKJEgdAXq.jpg
12665,Powder,/kImKATjY4EsK5MDgrmpJdGbQEbq.jpg
8880,Che: Part Two,/t9nH3bZf0Ezs2jwk0bTkvRr89Ao.jpg
24056,The Tournament,/zVkPQAIoCNDc8khNjmSAiTb3lV5.jpg
532710,Firestarter,/2MTGip0nfahQ1jPQCZSfCsPBZes.jpg
8669,Charlie Bartlett,/l0jr9jSIW2TYFuunPtDQ1exyjtI.jpg
82532,"Jeff, Who Lives at Home",/qWA3dwYZgDaOnywP6YQst9mR9AW.jpg
10552,Cat's Eye,/kKyq7izpMkmr8sT2nLic5qAuJPo.jpg
9609,Of Mice and Men,/qAHLUMZyoW3iwj2b01B2nKcePTA.jpg
655082,Eiffel,/mrHx1eQpG7d0Qz3PUkt1ceEP6YK.jpg
335051,God Willing,/xsgsVyYxXoeM5gQHHNHXNl6fyUN.jpg
1552,Parenthood,/e51tNNQBJpJi9xkyuj0QFhyBcz7.jpg
729720,The Last Mercenary,/ttpKJ7XQxDZV252KNEHXtykYT41.jpg
257345,The Darkness,/7i7yuJoXCv12rQwYdSWcImhryrL.jpg
9794,Employee of the Month,/vfALEF9wz4CEep071iOwM5Qqd17.jpg
10172,Are We Done Yet?,/uZ9NZh4zB80phMxo5PucFyWagjG.jpg
1947,An Unfinished Life,/7ugLG1yF1l8HWYhmdmHHSC3kJ8b.jpg
242042,Barefoot,/7CWdmxafzSVEUv4mMlOpw89NKXE.jpg
354251,Southbound,/lW7ulgzZE2lILFOGovXhnNfG0np.jpg
52629,El Infierno,/eh004yF4wv8pBJ8mw8yVy1rMm4M.jpg
206563,Trash,/kd4v23x0lalIRdwgLRkHgBhYBUQ.jpg
13640,Superman: Doomsday,/itvuWm7DFWWzWgW0xgiaKzzWszP.jpg
533444,Waves,/3xbjL0z8iH8e8L3USyeKGQrBfuZ.jpg
740925,No One Gets Out Alive,/bZUostLcCZYgcuBuAjmuSkBggiQ.jpg
632617,C'mon C'mon,/hROb7nFIM3cnk28J0jk4rFBXGQ9.jpg
19542,The Red Shoes,/5NuMQd17KZx0lCxedJoIuFnt7li.jpg
22683,Gifted Hands: The Ben Carson Story,/4NxxtiqezjUmUxoDTOjO5FeJvFt.jpg
472424,Gaga: Five Foot Two,/g0NONcnzzvWoASFjFoDqXZUW6SV.jpg
653851,Devotion,/26yQPXymbWeCLKwcmyL8dRjAzth.jpg
1901,In Good Company,/cUc18ndVsSnAFhu2JQ9ZYXCtPqu.jpg
198185,Million Dollar Arm,/dQlyPJwRuUOJ6Ni0XWfEMrlPTu.jpg
37769,The Second Tragic Fantozzi,/c51PWa2X6QoxE3q7zai0vayvrUO.jpg
436274,Radius,/3BHYW2Wlcu9ES41Y4OTeSgkhYkD.jpg
11780,Rob Roy,/kWI2rF6RAnRtEjfBlZgsXumgOm5.jpg
10740,Birth,/6NY23F5HKQ6PrnBJmSgAK6e4et7.jpg
6439,Racing Stripes,/epDsuf5oUdzTFYHqV2IRcyy8Rwc.jpg
16608,The Proposition,/bbSHSJuO5XjrIKMh6QXXLTg3Yzr.jpg
375804,Camping 3,/sdNwYpjH4yCwhbKFOYrpClrvxHg.jpg
575417,On the Rocks,/fcijRCmB7yTtloh4Pumy9b1rkwU.jpg
80015,Hollywoo,/oI0om8vqiiBmIifxLr73nsWBFcB.jpg
227700,Anna,/sgMGvWai7E1Ryf9IvB5m0ILS7hl.jpg
11359,The Indian in the Cupboard,/ozQAmW85tTJu2dhRe3evzyY03Nb.jpg
11584,Roxanne,/c2XSGkpAIIof6Oi8Sr6wBvwt1Lk.jpg
199534,Wolf Creek 2,/uELzdTzPOpZwSFqBbwpjuKE7UW3.jpg
21755,The Brothers Bloom,/xIz8iwzyjgWGzcIwHKpqhBs77ML.jpg
241842,Dead Snow 2: Red vs. Dead,/bllzic3ydohA9i1fL3bCiRZMVK9.jpg
429473,Lou,/djM2s4wSaATn4jVB33cV05PEbV7.jpg
11524,Thief,/bpjRGwfYJ71bU0hNhLIz7g3t6Oy.jpg
1626,Vivre Sa Vie,/A0BjScjASfMFgyGI5sU0CwfKh3l.jpg
46528,The Warrior's Way,/kfloVZk0uGkSftjD6DI8ZWUsrrI.jpg
11849,Dungeons & Dragons,/bbVFeTA4vv7gqXb8dPzxTg9j2gr.jpg
9558,King of New York,/1MyH4MJAJZJbb6wDVeOc2bTECtK.jpg
692969,Cadaver,/bo94ZQ0SlFRHL3fGPHNBYQDlnhl.jpg
65851,Jackass 3.5,/1dXigjDk1XTmwVBtKEB422LxgS.jpg
2928,Michael,/oMqCTpOH10ajUn9Y9PlcepeJtb6.jpg
11426,From Here to Eternity,/mJFzGDs8OMyXotbunp800D9SID0.jpg
58522,Boris - Il film,/AfahZLlkGlcLawAhxZLvER8xd7f.jpg
334536,The Blackcoat's Daughter,/zvcdDfwxn0F3Rky3m3Dl2eSVX5X.jpg
9910,Two for the Money,/5SedPYdGLrp6LX9C2cWXLx38w1D.jpg
11375,Hollywood Homicide,/Am7AhZYG7HLksY5E35oaEJ3Desz.jpg
13925,Luxo Jr.,/5IM6KmDyYX1rDPlZ4bQE617T8rZ.jpg
10829,Tremors 3: Back to Perfection,/2dpgRy7ekDUNNk2FxYPkxBcG8li.jpg
4967,Keeping the Faith,/mCpsrkYgD0XapRnCEuItRqOHse1.jpg
10021,The Secret of My Success,/yT4vQVUI4DoQar4elkqbHB1pjf0.jpg
14113,Zoom,/v4rSFmiy0v9D7qmKkaUVJn5UhZ1.jpg
396940,Super Dark Times,/7sJoNicLJ9EZwetp5ucjS8qQ9g1.jpg
10576,Psycho II,/sJAPRj3vHmjV4z97YK84iDovYlm.jpg
72431,Red Tails,/jiORLnBsGcVcqIibkGBE213zAyh.jpg
339103,Gotti,/q869M8MTy0eynwfiE5vIlFgAUze.jpg
18415,Gummo,/bcnD2OSbq4ruivF6257gXiOaQB1.jpg
524369,The Many Saints of Newark,/1UkbPQspPbq1FPbFP4VV1ELCfSN.jpg
41602,Charlie Countryman,/7BbrgKfnRfEFIePqdRcWzuHs3KI.jpg
866413,You People,/x5E4TndwASNkaK2hwgeYfsIVo2x.jpg
64586,Sleeping Beauty,/l1Lx8iRsml1JnPBY0qgn6IN5FQg.jpg
11419,Vegas Vacation,/jUOreo2AWDnPuRJsUp6T1i66tUe.jpg
590706,Jiu Jitsu,/eLT8Cu357VOwBVTitkmlDEg32Fs.jpg
382593,Divorce French Style,/pm901VBKZ8dUoAXTD4zF1lucx43.jpg
15653,An Extremely Goofy Movie,/qr5Q3S7HC16XHQBqE4ZsJJvgUDU.jpg
230222,Tarzan,/wIg7TclH6PUcvTWFh0QdtU5Wcvt.jpg
11159,Secrets & Lies,/meNvqTg895Nj6Aw2voH3peXBUqL.jpg
801335,Girl in the Basement,/qmddUxRwbsxHa7oEXm4PWh1KZe8.jpg
605804,The Wretched,/yCBslw91HrA66w8fsMqhKMvtgff.jpg
3870,1900,/deWzfCC59tmtEQvKSmflDe14FvR.jpg
805327,Look Both Ways,/jq8IGJgg16mJ95a5OPyS7eGJaam.jpg
10029,Very Bad Things,/rYmyRxF5e9fBdgcQScKu0CUtMy5.jpg
23963,Pontypool,/3fhO5jJQpdvTwKlwf7QzI5BUX7b.jpg
392982,Marshall,/2KfdXsXTCbMie0wB1mSmIX60C2F.jpg
448095,I Still See You,/9fqzZs922V8OmwgO11Eqclof2mQ.jpg
15383,Army of Shadows,/aqNZWM9bspt8zaDvVRIRiWxRVJ7.jpg
2768,American Gigolo,/igXGCwti23PHOjLKQX6eGIGzQiJ.jpg
340945,USS Indianapolis: Men of Courage,/aREeJV7avhlLnCicVG3fBjXiaW1.jpg
10344,The Fly II,/gORksEPahEgO409HYJOZlNVyEpe.jpg
603119,The Silencing,/dnN1ncxEOO1TY0gYL2FWxJqlhlL.jpg
983,The Man Who Would Be King,/21BANIzXEKyZDUFOr9NdUEgP4EA.jpg
13683,Tarzan & Jane,/esRxshmD2BY1UPkiUHt7Gn2mksl.jpg
11657,Le Cercle Rouge,/fPNBitR6PBIzeGWL3NNi2yLdkII.jpg
596161,Let Him Go,/EsLZoT8oHhQlGd1QpdbnvnwTzO.jpg
7500,Sonatine,/mX9E4fEuG17L2e7bZmhBc0XdRbw.jpg
51209,Kill the Irishman,/2alYRtXyNKdCvIhMRofdC0lvLZi.jpg
9080,Spies Like Us,/s0Sx8nd9Irq0aCPbsN78s0DYVlG.jpg
9846,To Live and Die in L.A.,/2iW3pSihBIhXjnBQmUJ0mAiZbB5.jpg
228973,Backcountry,/AdIkDCWcBqv1B10ncm71sMiqEEF.jpg
11837,Watership Down,/q9ZcNxfquJbMTd6UfhAlJbmLBts.jpg
11286,The Cannonball Run,/yDO1xRq4LOAv720xqJHHEVz5Sr9.jpg
498249,Bad Seeds,/sJJWdXTi7ybxLd3mSILD7XxwYzh.jpg
4441,Candy,/mtxjKNHxnDxCfomRqrwOoHHNR22.jpg
16619,Ordinary People,/kPt2AQiSP39g3I1TtAnjSGQwN9S.jpg
613911,Bliss,/tbTiSr0v9g8Q34MIeIcT0o2vGus.jpg
454467,Noelle,/2zHGNWo4vrAzB5ZqQC0e3p4A2lp.jpg
23128,The Cove,/sZ3Qu6exsj2W6G0ZTqx0GyukxwO.jpg
167810,Lost River,/paG0O9cVcoQcXpNG8Nf0AnL7VWE.jpg
988078,Through My Window: Across the Sea,/dAyJqJ8KoglZysttC6BfVmDFQUt.jpg
9290,Crocodile Dundee in Los Angeles,/hwt6iJjPuXRDKJON5s9G9pdfPbu.jpg
192145,Third Person,/8HfxGEbQnPvIzaYAHMvu947r8sQ.jpg
24226,The Verdict,/iYEuFP1bpj5yOenKliiRFcNO3VE.jpg
476292,Maquia: When the Promised Flower Blooms,/hL3NqRE2ccR4Y2sYSJTrmalRjrz.jpg
123109,No One Lives,/dmO5x4STbulw9BlZaVRQF3tHg3t.jpg
11904,Young Sherlock Holmes,/aOxVYvQoAfNSns4hW5Ah55GBzgq.jpg
12246,Mongol: The Rise of Genghis Khan,/wZ0yyU6BnRANXbYbDjrYI6XZFsz.jpg
28597,Problem Child 2,/npr7j2HuRgvsKrXLIxIiXevTH8A.jpg
7862,The Counterfeiters,/Af6I9RZF0SIPeNnp8hAleGDTnKd.jpg
11860,Sabrina,/z1oNjotUI7D06J4LWQFQzdIuPnf.jpg
508791,The Sun Is Also a Star,/pYfI62qgone3Ai0tzgxtQq7chDE.jpg
129533,Barbie: The Princess & The Popstar,/hab6ZMC3eXj9pQHlSxNUjonphCR.jpg
8974,The War of the Worlds,/gzc75Za4ArqfXIIr7STNnIE5rnA.jpg
10516,The Gendarme and the Creatures from Outer Space,/5XKdP3FFaq81nmkDirMOWkIWJL7.jpg
14008,Cadet Kelly,/6jM43PZ5knSh380NzVYPO6YTibm.jpg
22302,Polytechnique,/egrQHkjUyBcYoz8U6QmzZfWu1Jy.jpg
215211,Grace of Monaco,/unJl7iN89fGxkItzHm4reTP87pi.jpg
51170,Open Season 3,/qEr9fkGLQUWcAnVfDV46L79bdFs.jpg
318256,Hot Girls Wanted,/75ot83QOkc02vujyzmIbumQCU6Y.jpg
325189,Teen Beach 2,/fa7kzaraZaCVO559kp7yMASACCF.jpg
597922,The Greatest Beer Run Ever,/ggf37TpcKaxwguhvtNn6MQpyqBn.jpg
314385,By the Sea,/oEyeG4UyAQvYIJiFpUV57Q3PTDp.jpg
49010,Hobo with a Shotgun,/xxMaO7VoN2BnZit79PedVHnTjcO.jpg
12150,Sea of Love,/vJ88WmJ12eAK9CRb3cggn9CJthH.jpg
89708,Samsara,/qodkea4k0pNUmNTl5TJO2PdTqgW.jpg
12146,The Missing,/86s5nw5F1G8lJtEowO0LBB4hoBW.jpg
517088,Being the Ricardos,/oztBLWdRk5gApYmNdADXvXkLT5m.jpg
508642,Gonjiam: Haunted Asylum,/KPrZ8lbgbMD7gr1pkMKoNbtcCK.jpg
1675,Day for Night,/s8TrKd8fNS5lfcnARaWMFUGjnL9.jpg
10739,Anything Else,/bvyoWDh60R31ZE5L8TjZ8Qpv5xM.jpg
793723,Sentinelle,/jt9NNFFAjvMouzHt06U3uANBpUm.jpg
265297,The Salt of the Earth,/jRmQNj8NacAHJnzwfvFvglKSGB6.jpg
14326,Nights in Rodanthe,/nyB5BeSNJUcWwKN7ypCMjbvnarq.jpg
16270,Career Opportunities,/m0SjIvHa1SC4LipMFjSuORXEpsX.jpg
6399,Who Finds a Friend Finds a Treasure,/8fl6sXVv5fWMpDxFDab54qc71tv.jpg
9569,Hard to Kill,/nmtMNxslljllSTVtt7VIOXdxSZp.jpg
744594,White Noise,/1a48bfLQm57ByADdw05uRMoFCZc.jpg
11040,Little Big Man,/pLvUVqadEI9cPrRlTru6ee71EWU.jpg
466622,The Rhythm Section,/spTr0VYyRtl36Lkk6nCnnbFXhus.jpg
10523,W.,/nJm8UF4zbUYEoku9seEtz1PTJGS.jpg
7452,"The Cook, the Thief, His Wife & Her Lover",/fNkl7o1VQQqy1nEX9x56CDHULmr.jpg
662546,Godmothered,/80tDCErk6ymHS7YfvqJcbnnTtqa.jpg
12117,Instinct,/8EKmzia6awjsqFxgBk5a82aTmb6.jpg
35169,Furry Vengeance,/vR8BBTRxU2xu0FvrTTio8CvCwi3.jpg
739993,Metal Lords,/r97txZRmBb75SGsIAWqmplWJnO3.jpg
11479,"Little Indian, Big City",/nUFHWv42GRJcjLTQa5IYBEuVzmK.jpg
660982,American Pie Presents: Girls' Rules,/xqvX5A24dbIWaeYsMTxxKX5qOfz.jpg
18570,"Food, Inc.",/3IMNzRog9pNdR1k743vocL3cc2H.jpg
864873,Hypnotic,/miEj4kNc4efZ5WbPJqWl1UXWrvS.jpg
2469,Tie Me Up! Tie Me Down!,/pCG2OPohWgdBNXovEus8HmVTOSc.jpg
12142,Alone in the Dark,/bSxrbVCyWW077zhtpuYlo3zgyug.jpg
583268,"Someone, Somewhere",/fvLIx12fkIbroJ6mPIFdOryfFzG.jpg
11772,The Haunting,/fmpTnUKTcrpuxLSY23gQMUf9qu7.jpg
20770,But I'm a Cheerleader,/zC3BaoHJsrIeqOg4eZolNszsTej.jpg
259018,Behaving Badly,/vHPRAvYa4AT2KfORbpTlhNGtGEI.jpg
5698,The Great Train Robbery,/vEYr1sJR1dOFGXwXawpBN6hDRGF.jpg
277355,Everly,/2As9fPVTZ1jF6uaTweiVw1RRFDD.jpg
552095,PAW Patrol: Mighty Pups,/h09VT8gNfRBlr7S8l1lm27m4rus.jpg
452522,Twin Peaks,/Apg4fMfr1Wi19Ilu5HXh4nClCv9.jpg
12227,White Fang,/27wg0rVZW8hX7nWeHCwTf9DygGc.jpg
8998,Friends with Money,/hJmfZ1b6ZzT4bORo4f2FyWbkgAx.jpg
4012,The Believer,/6hw5RXCVgqKtY6xmHsEWRjJXljM.jpg
10280,Thinner,/3GR7uE3zMwERu2CgwdgTbAufFzU.jpg
10712,Far from Heaven,/uhwp04fSV9hVzzMruckODvZFGTj.jpg
45658,Everything Must Go,/n4wMD3LHyo3nYZNWEOGLzgdyWjX.jpg
11335,Popeye,/hCCp4pESgYY6uTFARYf4UYV1BdU.jpg
45094,Conviction,/aA4OEmy5QDnPNv2o2w5nCy52QBK.jpg
126319,Ernest & Celestine,/iJPbRASktYW0I009Ktc2zUE6Fvg.jpg
11656,The Virgin Spring,/z70YM3Y4pNYZATMhFMKonngaeMC.jpg
474331,Keep an Eye Out,/zfq8FfMbaYL3fHVgrIsFBaDhRPC.jpg
4415,Les Misérables,/3TOgmlIY8X3WjIjvU7Z0jqeNkyU.jpg
17130,Crossroads,/cxSZZJBbREsWaRREBIY0DRH08B5.jpg
993,Sleuth,/jAREYLUnYGwPjbQr0vs1s38QLkH.jpg
15849,The Mummy,/vSKpbZVvzqQcw6htiyEinbCY9vq.jpg
11821,Doc Hollywood,/36yGVgFWg7PvDdZ10Csg1uHpcZd.jpg
11164,D2: The Mighty Ducks,/w9YOPeoQ4mT1DpuyYWhUSEDY3O7.jpg
408648,Batman and Harley Quinn,/zrqIPpbqCgrs1rS0ltxNicJcuse.jpg
289727,The Rewrite,/y0YCrL23zIqoI3z7AwV7Q9RXZ9x.jpg
214030,Fading Gigolo,/bThnmRhh0d3oKcmte2w0aArm8Lq.jpg
9819,Marvin's Room,/lTHq1K5Y6EDRjxTBvReXHY6AKQ3.jpg
9410,Great Expectations,/djLsfl3lm7BZKWsKfVZ2wM1ZMrP.jpg
1977,The Grudge 3,/7ANoOtrJKtivZmxao0m2rC5Pm9i.jpg
10894,May,/oFXhJYTax1cnNtgvLdKlXuYiWPV.jpg
1613,The 51st State,/ajzAIFigdM2r4ZsGVa7dB6LSxN7.jpg
339547,Jeruzalem,/2NEks6STUojQgJhnnJqQfvSsBCu.jpg
568012,One Piece: Stampede,/35KrrxdjJP3c9dnBZqnVmSVStgp.jpg
451500,Christmas & Co.,/mrz2fC1F9H8kbdKu2vOwyeMAzvg.jpg
11625,Asterix and the Big Fight,/7KFAtZRXzD00Zw9sWxusrInLHgJ.jpg
3573,Emma,/40ud17T4tDbILNjcVSAbj8F4Z2E.jpg
89691,ATM,/4cigb1FmAjvHDGnrj23ii65NMIP.jpg
539517,Constantine: City of Demons - The Movie,/tZIMe2pYug1cS9e7AZnd1bTTidM.jpg
25623,House,/myMnHnG6kxYaQYknnW76VCHBpYT.jpg
671039,Rogue City,/9HT9982bzgN5on1sLRmc1GMn6ZC.jpg
11519,1941,/52Bn5yC6IHQuVxPUza3Q6RZCZTu.jpg
21334,Children of Heaven,/jWqh1CJWAEcxckMRrf6ARhIEh0R.jpg
661231,Operation Mincemeat,/tfdfh1mK24VujxT5z11732asxdR.jpg
85872,Le Chef,/752BCNz9uFiym29bqIsyOaPAln5.jpg
345923,All I See Is You,/wc9MgFWuBl3VS72w6VtiZXTgN79.jpg
11787,Harvey,/dgd82hYmpiXDM1G867HqNaWe8wj.jpg
745881,The Medium,/tWoSE8SH6XhgWKHIL3p0sj7lA3V.jpg
14282,Ninja Scroll,/qzZEnaXwv4wss2QalEo4Uf9BAwh.jpg
11004,Wonder Boys,/vGOdSLaZmu42qqwDUMgrfctJ65M.jpg
20178,World's Greatest Dad,/1ESsZLvZPIvbCPCh7CPCSnF4EeH.jpg
24804,Black Dynamite,/u3oWQDz0JggzzsVlsuHY7XVxp5Y.jpg
736073,"Batman: The Long Halloween, Part One",/sR7gppb0YGjwLvE6Vnj6wYv5MnW.jpg
238603,Earth to Echo,/yiNPza51nLvVTWTB9q4ifzfUlml.jpg
252822,In Order of Disappearance,/ujlJLvzWRh2hR0UoHypv9QLZ2os.jpg
323373,Deathgasm,/e4dF2KRSZ0l7PaZg3XvSsCMAeNZ.jpg
15999,Vampire Hunter D: Bloodlust,/4hJUWgdmoFsNpzyTN6QjoZcaivO.jpg
14002,Baraka,/ldEuJQ4z7zEvL7iXraESWBUfQcz.jpg
27585,Rabbit Hole,/zTUQXwMn4ndt5AAcDvJCi14ZY2B.jpg
37652,Didier,/aS8gMAIjuxCroSd8ldl9NN0NioK.jpg
763149,Aftermath,/fzEb71u0HOucjdjcVoOqfCqOM0T.jpg
10186,The Rocker,/wzgFC7jOEMtf9D6CSdI7ckUMtwU.jpg
428399,Cold Skin,/yYDNVAckvOHH9v6EGVB73cMyZgZ.jpg
19026,Azur & Asmar: The Princes' Quest,/ezkzULav0JxvLS5JOnQcjbUmfWO.jpg
9707,Bubba Ho-tep,/61S9pzoX75UxP3ko6e8aTitu7MW.jpg
9073,Free Willy 2: The Adventure Home,/3wpug3W5rYBdqeAnhc1UeXLE5ZF.jpg
298729,Do You See Me?,/gK2EeqBWLDQg29V6SoTKw16NZG7.jpg
654974,Home Sweet Home Alone,/fP3VvqUjEBjawxZHL4sYCq2ZdJD.jpg
10197,Nine,/bSxdTXktgPQPNwlkQ0DZtuAJXlb.jpg
195590,Collide,/mmRizqT81KfcY91hndIt0TReqtB.jpg
254191,Honeymoon,/inVaWmQq1ItUOiMg6v2MtEC0d5l.jpg
877,Scarface,/y4E5oRiHMTFkEB12IIcpbKbKzDW.jpg
13007,Religulous,/hBv5LCbWxPB8iU77dwurSGMVZ3N.jpg
420808,Peter Pan & Wendy,/9NXAlFEE7WDssbXSMgdacsUD58Y.jpg
253344,Some Kind of Beautiful,/2rW0u6qDw8kBRS4Ak3Wx1uauYaq.jpg
16395,Inferno,/pvD4AwuH4wcJ081Nn88A7q9pkGj.jpg
5879,In the Realm of the Senses,/AiFQbgjgSXWPfbi9iIYT39iXWMW.jpg
9369,Asterix Conquers America,/lKSunt7dnbITSopaEeeR7KfeSHb.jpg
11382,Bullets Over Broadway,/8nEgDgNg59w2reCfgmnNKGMpxIr.jpg
14292,Miracle,/bQsgMzDjLKUpLzOoijuIWPJvaf0.jpg
287495,Labyrinth of Lies,/lCnzlBatc1Rsciny0tRwxb9dnwL.jpg
10540,Outland,/qmjlDkV8CfCboa8WV06ytZaThqx.jpg
10727,Darkness Falls,/qoceKsM15yL5Tmyuhkdl7vM5Vi4.jpg
8740,The Vanishing,/eE5bbuRJluooG2MjEAsLEYyuJoa.jpg
8851,The Blob,/ctOwn1Ibg3SjDG4WulvFvSH0PRT.jpg
11843,The Return of the Pink Panther,/uQMIicFrH3r3jePOoYHwts4oaC3.jpg
22494,Frequently Asked Questions About Time Travel,/r67KzlHkdiwe3fBWzImEkNOg1Y.jpg
508570,The One and Only Ivan,/wDOyGAiTaXvjKGmnmXsoFO7zItt.jpg
91745,Romeo & Juliet,/9FZ3wTjY9rUvIoobJFv8ozoTwTT.jpg
11533,Jason and the Argonauts,/tNxU5agqGybrnVHGaxfEuAksRoO.jpg
11712,Sanjuro,/zW47oIH3bc3ggmmmzTvKqM4Fqjk.jpg
648,Beauty and the Beast,/iYSe3yrkma0e1B0wWPXgr8w5sDN.jpg
9651,Supergirl,/udiuthupEo8wqMXddkQZNWY1ZLY.jpg
11676,Nothing to Lose,/5al8I28ufKJDxGWDcNGw6xCkZHH.jpg
851,Brief Encounter,/jC9EwLJcGhYMSQAHu2LxkKN5v7O.jpg
11393,The Natural,/u2QSNW1OgHRBeifcugmo7pG0uS9.jpg
14047,The Great Debaters,/nuF3DDlZzNb2qq0tEsYU0zpXf8K.jpg
9605,Single White Female,/2B6spN9XvzbK9hKDQtvTa4wVoys.jpg
41201,The Illusionist,/Ac2tNYW9sRaOhmtMJQuhf2mvo00.jpg
60049,Come tu mi vuoi,/vMICBSko76xJLjngUMss9aqhiVj.jpg
87436,The ABCs of Death,/dBSEA6P2bq7apsmORxV0a54puhL.jpg
45156,A Little Bit of Heaven,/nEWNdL8hCbXxTspxAVHxqE0ZxFt.jpg
3110,Shane,/svr5ADpjXTCOQv8hmuJnB7I14Qv.jpg
13461,Melissa P.,/Cz7ZbqtgUiqKwcmZrkIpHMt8aU.jpg
890980,God's Crooked Lines,/n3X9tWYFYfE96BoNgtVffuwzQo.jpg
42432,Natale sul Nilo,/rgeIKAhuSWqxcrFRq9lqybpiLmx.jpg
12569,Extract,/cjen0vxjybwItQPH3NNCJuME2MY.jpg
632,Stalag 17,/lfve9FDKjT7JPbWI9NCs5340F79.jpg
521034,The Secret Garden,/5MSDwUcqnGodFTvtlLiLKK0XKS.jpg
7219,Zombie Flesh Eaters,/giJlnw8ItTJb7IL053Z47B6S1xf.jpg
39486,Secretariat,/9bpAR3ALEfaqosxbi9zpuv9FH7F.jpg
495766,I'm Back,/mUGKQqQ6IiwOdeOL7gKDB4dktrI.jpg
1254,"Don't Worry, I'm Fine",/yD6skMZZq0Rgn2NhI9dk4B2Dipu.jpg
41479,The Joneses,/k2oWuzmnDaszX2Xn04SSB0mF41B.jpg
13550,The Changeling,/1UCSvFg739Ma2jVaM0R9cTZrqA.jpg
763164,Apex,/chTkFGToW5bsyw3hgLAe4S5Gt3.jpg
524247,The Intruder,/p9xKyetr0ihJ2K6HJMeXzc4IwEv.jpg
605886,To Catch a Killer,/mFp3l4lZg1NSEsyxKrdi0rNK8r1.jpg
118293,The Suicide Shop,/wf5MLnp5wRIJAhoLa0rghGTD2Pr.jpg
13041,El Topo,/nlBXjcRFTCEiY2kDcJeqNHXpOt3.jpg
1059,The Hidden Fortress,/1RTp3EZrKg7xj1HJK2x4Rqknnnu.jpg
9280,Femme Fatale,/i2OgxmZVbIsJxaLiYMjCSewsLty.jpg
9423,Virus,/5Np88iigCfnXvMlMKmCcbPVIbYQ.jpg
323027,Justice League: Gods and Monsters,/9EoqQuEZKmQIYjexoUbkxMcMCVr.jpg
17887,Barefoot in the Park,/qh64tAOmbQNoYMLTETkhmBQgSbu.jpg
11943,Jeremiah Johnson,/732cOohUbdH3FCo7lPbYVtbgUot.jpg
11348,Fragile,/s7gCOegufXiQR48IhuTsPNy0Fav.jpg
13668,Catch and Release,/4NanpeAso4c2KFdjHiJ3stByHHS.jpg
10723,Bulletproof,/gPzTPl5PumZurZMZwIyPIkBEmay.jpg
296065,Last Shift,/lId3nglmnaEzxCzbBiHeW4srKYx.jpg
14248,Igor,/mI4SPs0bZQm7bGVZKToC8KUsTd.jpg
1093,Elevator to the Gallows,/dLbf8LtbLQFM7KUaVgwkfKIPqXu.jpg
21634,Prayers for Bobby,/1viFwXluAettogGDsTrSUUg29lZ.jpg
534259,Blinded by the Light,/1KsKNrgs7D3zPh9FT9f6MD3ampH.jpg
19724,Imagine That,/lyCTP5C3raH46hJNS9WfBSnWHsG.jpg
550231,The Secret: Dare to Dream,/5mCqEeBA0MW7H6akFrFQXJu68rU.jpg
291356,In a Valley of Violence,/j8XBfRFShrYzyp04NW9dSIL6Zm8.jpg
8053,The Three Burials of Melquiades Estrada,/uHOEb6mo45qMSJaZqbkVa7oW1Y7.jpg
13820,Repo Man,/ewHbMkKNjGMRKUgCLrpT9UPnaCR.jpg
81481,Silenced,/mbMp0oIFmYnw0i5gzRoKt8cH5ve.jpg
292040,Spooks: The Greater Good,/bpK63x3M7uFtoIetK5YniHXLE28.jpg
11868,Dracula,/1L45hwUu1P4NRhbRRrE5d9oHamm.jpg
382748,Stargirl,/gwsrtzSrr7G6xjxsa7IwaAMHpEF.jpg
10067,The Shaggy Dog,/tGX3YyPaYMbjiRwR5PjRsJW7GtM.jpg
12205,Dark Water,/u7FIePdOTjboDAjcaA9MabbzAuf.jpg
29702,Tenebre,/7lWrNSLKCn2bKxCtDgmxBAp9CEW.jpg
798286,Beau Is Afraid,/wgVkkjigF31r1nZV80uV0xNIoun.jpg
2433,The Young Girls of Rochefort,/jtxhyGaYhurH6KsjvP1jV3dDypz.jpg
14136,The Love Bug,/aVysCAemhGPEX8fkZcoCDNwnbIo.jpg
27936,Micmacs,/tU5oKpfIjUlI2fYpG7RCNObfHwi.jpg
24929,Return of the Living Dead Part II,/vwtptfIKmIxLJUlNrPBfafRenJP.jpg
3001,How to Steal a Million,/xaf3pwmITJvfz9Ab8DiGM8OOtBC.jpg
11856,Air America,/3p4ldj2ZjaoTNBVfb1pSMoMnRn8.jpg
390497,Tunnel,/rpsEci5qoJxUdTHFo5MHwhLDafV.jpg
43552,Vanishing on 7th Street,/8LkZFmL2UHbmP7UnjlRP5gqvvqh.jpg
11176,The Muppet Movie,/8LUjnIW5ph6pHoXDE3Zg4iVi6BV.jpg
413998,My Cousin Rachel,/yz9Pnx5tbpZOHWsCD0LtoTCgmLi.jpg
1847,The Long Goodbye,/oBhUK54yBJ0aH6u9zCzSV5iV7OP.jpg
13486,The Scorpion King 2: Rise of a Warrior,/gry3TaU8u1C17dSW14PXi8RS6eA.jpg
948713,The Last Kingdom: Seven Kings Must Die,/qcNDxDzd5OW9wE3c8nWxCBQoBrM.jpg
113160,My First Time,/3mtfNuPiORYsgvNBxoZhBmkHTDI.jpg
9991,Mean Machine,/ripTQsmWQJyccK6zB1dajSY3olv.jpg
384798,Kill Command,/xn6t1nYJaUMmudnHHiK390AORNu.jpg
17898,Silver Bullet,/52CvWYuJyWcMTPvsfcmsxaVHi7f.jpg
864370,Incantation,/6zltP23zLGPogsHZUazSrrwNuKs.jpg
529106,Major Grom: Plague Doctor,/wnesEmcq7xdw1Rm1Bn6XEFTkenR.jpg
57876,Area 51,/ochcUJTPQSfU5fDMA21y4xoDzeX.jpg
81390,A Lonely Place to Die,/k5mKx1l8hjKV52aB652cpxOzoYV.jpg
11352,Always,/wh0WItAFrw3m66mDMlCCuXQwfMW.jpg
8738,The Final Countdown,/5030ETN6IBCjRMmZVCTGhujO5Q6.jpg
75624,Naruto Shippuden the Movie: Blood Prison,/4WT7zYFpe0fsbg6TitppiHddWAh.jpg
457435,Return of the Hero,/5UsjIbxJWRiSAfdeC4AhlJEFtRm.jpg
59468,The Way,/4wJb8HLMWaJXrYznXNf7eqFUJKL.jpg
667869,The Life Ahead,/jDc3O9m8ELHRRu1WXdTC5pCdC4n.jpg
6968,The Baader Meinhof Complex,/4D1MllpbRMt6DDsSCxQxbl2JYM5.jpg
6072,One Eight Seven,/rPmmyspi1MZBItSvfx40qwep8ow.jpg
10130,Gorillas in the Mist,/utptKpx6cXxmbEGu4N4HIoSZ6IS.jpg
334878,Blind Date,/7SeDsqYCmCFO7fNTzQ3GFp97sg8.jpg
445040,My Friend Dahmer,/c6HoPIBcRv9l2tPB8hbivq71Nw.jpg
4169,Breach,/m2iVkJPxDrrink7NiE412nFBMQj.jpg
293767,Billy Lynn's Long Halftime Walk,/vblJ5cTqZKg3DSyN1z8JxTUyf2Y.jpg
614292,Bad Tales,/k2NTmlJkdHhEZtKGQhQz5ovozAB.jpg
2769,An American in Paris,/lyDXkvG53ldz6Cf7dbjJl7TaoP5.jpg
593395,Diabolik,/9bOwV2V9r6LikmKHMDgmu9jcE92.jpg
1102776,AKA,/3BSxAjiporlwQTWzaHZ9Yrl5C9D.jpg
550776,Believe Me: The Abduction of Lisa McVey,/qbJEzCzEKDHPZDiRvSSBiYEKaAH.jpg
22582,Tom and Jerry: The Movie,/k68ZB5trRKcEJSQdPiY6jtxVq14.jpg
25676,Robin-B-Hood,/1ViUIV1rf0WZQte0hHh74DWFLeW.jpg
518068,Along with the Gods: The Last 49 Days,/9BnqBHFGDv3WlCPB2qQwzAWdy7y.jpg
37414,The Killer Inside Me,/fhmdzywgGF9cvoLPuW8qqDn0Gtx.jpg
10212,Ravenous,/hKgV4PcKyS4tt4y3yZ3zG6Uodi3.jpg
11966,Short Circuit 2,/gn9Wa1fgrje1uqxiBpFjGOjUT74.jpg
638449,The Last Letter from Your Lover,/fDKK51YdOfu9pTmSRw7sHUhGFxm.jpg
11064,Brewster's Millions,/WNiHT1xr2iRnwlJmiBAFsXeaoM.jpg
323020,Bis,/fuW0Qp1Wrnc3NjPslRwKevUKtJW.jpg
11364,Regarding Henry,/v0tMLF2P0RMEzLuh8BySM4wLeFp.jpg
19255,Away We Go,/bcN8sdoAPZae2Et1klD0iWRdSnZ.jpg
848685,The Beasts,/6GCZtTcuUUXOY2IndZu9qHmu2gB.jpg
411009,Amanda Knox,/he85BGyoCi42KWtwkC2sXlqdkWQ.jpg
9683,Bubble Boy,/gcc4Le4DtmnxYObH0zUcJ5jyP9l.jpg
50479,Avalon High,/A0VRhkL3l7YWHH4FTWMCki55rfx.jpg
10115,Stick It,/hsuZkmv2w5gSuNjDYgXCuwNa2cd.jpg
184098,Think Like a Man Too,/bsKfhf0y9Zx7h4j5GHu1JANpKwl.jpg
407559,I Am the Pretty Thing That Lives in the House,/lq8ktDO2uqJFgV0jRlMQlPSmNm8.jpg
1833,Rent,/fomBrfOHWxlaVcjPk4yCQgIwAnh.jpg
13785,Best in Show,/kVNaXzoX64YwLC99o4gXyKPnplS.jpg
11349,Cape Fear,/9BzUTJMoH1mQUiqI1C9glrWEuxa.jpg
20246,The Stranger,/bzjoPScBLUWpSu10m3GbSbSwVhS.jpg
945729,A Haunting in Venice,/1Xgjl22MkAZQUavvOeBqRehrvqO.jpg
348668,A Conspiracy of Faith,/o8ttROXRy2obfcO3IFnORFq9nW8.jpg
694234,Under the Riccione Sun,/swxumQljyst2dzun8k1gaLu85mz.jpg
14444,The Rugrats Movie,/uZejGKCSd6nwfMx8U0Td37U2fTc.jpg
653567,Miss Americana,/z1HiEB1UEfdA5fPkngekjQ2vlCC.jpg
1013860,R.I.P.D. 2: Rise of the Damned,/g4yJTzMtOBUTAR2Qnmj8TYIcFVq.jpg
12158,Vampire in Brooklyn,/i8ZD5LsBjwF45MsZ1nCClpvaOcn.jpg
6935,Yamakasi,/7INcVJWvyT5pwnGHTYrhZXD7zvS.jpg
373314,Misconduct,/A82Kf9AoMaesgxntOCOyVfRgdYH.jpg
449985,Triple Threat,/cSpM3QxmoSLp4O1WAMQpUDcaB7R.jpg
14208,The Librarian: Return to King Solomon's Mines,/jK4BhFw9uNS6BKfAVlxX6Bnkj0J.jpg
340103,The Monster,/hfZlhea7wCNQK78VfZC3gDJ4si.jpg
82684,Chasing Mavericks,/7wxJmFqTMcdE05sfWedB6458US1.jpg
121734,"Tad, the Lost Explorer",/vmysxjUJkYmp6CmjNOKOeHMOzFA.jpg
323368,Hangman,/iEpxKeX7SE3aLm9dTRIuk7o2kDA.jpg
18476,Horsemen,/sIVBGmRXsPuI1TES9sKUImMOw2Q.jpg
240916,Reasonable Doubt,/n0BUpxa6E8PYoZWbx5g6CxbdalX.jpg
5780,Torn Curtain,/7XC1l9eP2TBYMEdA4KRUqKAFmbm.jpg
5072,Severance,/yg1XRTyH5knwh3Tnij2sUV0ZZ5w.jpg
433501,City of Lies,/fEYM0T1HEMxkYtxu6Wsir4vu8M0.jpg
851644,20th Century Girl,/od22ftNnyag0TTxcnJhlsu3aLoU.jpg
28580,The Lost Weekend,/8ggIOoCzt8xT2ePl8DdlRtXgcOh.jpg
15775,If Only,/ameKWdTOYKzz24af3cU6I6aE6g.jpg
10304,Starship Troopers 2: Hero of the Federation,/9iqrqOjLaFcGNnSQlJxYLfgrhqn.jpg
8867,The Punisher,/94uI2GcM1Za0dJVUSSuyI8gvQgX.jpg
8868,Asterix vs. Caesar,/etGMmWOREDS9sbDTpVJ1wqPelfK.jpg
448776,A Prayer Before Dawn,/toYs3tZrHbSKJS1hmiTY1fJnPjm.jpg
543580,They Shall Not Grow Old,/yMGfJeTXUdIjOqjS0jJfjgYEuYC.jpg
300168,Dragon Blade,/suTAWYLIHAnkH2V4nC8t3AG7HjR.jpg
966220,Sniper: The White Raven,/295gZzTXMvuiIG0U19h4M44PXxI.jpg
26688,Sorority Row,/rbZU0hrndaubP7ovlmeCf670Ojh.jpg
60405,Sharpay's Fabulous Adventure,/aPtBzBKCCvByXue1AZrG2lrxm4l.jpg
890771,The Black Demon,/6ecSjKSjgIULyHfrfyyg9vgAI33.jpg
513347,Flavors of Youth,/ueHeH5ergeHx27L4SCI9qlmwczA.jpg
25239,Day of the Woman,/nMCkOo26GtISoxJmpkTAJyMqBO8.jpg
27583,Greenberg,/jAsN4vPpycVxC89QlA6NYBXRuK7.jpg
15997,The Land Before Time II: The Great Valley Adventure,/1lIkU6gbqMx4oRDGegawLdQdLJD.jpg
9826,The Phantom,/8k8RSMkmGR9Lp6FbKtithM3KIQb.jpg
15359,Wonder Woman,/u6sI0yLJXkmrbSJzVRCmmfa4nhx.jpg
11478,The Skulls,/pYuggibfzm8LWgjnUKMMtii2430.jpg
13225,FernGully: The Last Rainforest,/jAD6Ofuz4PiYFV3fd3oBP6aOTyM.jpg
11610,"Play It Again, Sam",/gpSGxqyoeKy34BOlv5GedREd3My.jpg
961323,Nimona,/2NQljeavtfl22207D1kxLpa4LS3.jpg
10873,Shadow of the Vampire,/ooe8qfwSvmFdlf6FtSFaqErdM8g.jpg
811,Silent Running,/oWLdnBKgVVUd7DougF5pNuIkZZJ.jpg
166271,Haunter,/gBsO7Sp3g1oOaxQ44pomsJLm7m7.jpg
15655,The Tigger Movie,/9OdZKUdGfaBAUwRLbtWpFWKbILO.jpg
16372,The Innocents,/idqvLBmlEHUITMnQ0EJ6Yb5TpVw.jpg
363992,The Wizard of Lies,/8k4lJ4e0hvDQtKpItXmmPdw69sO.jpg
14976,Rachel Getting Married,/bumaq3lqe4YSsq6LlYoge7e9ABk.jpg
401200,Kursk,/1Y09MkMJ8CESSPW4fcbDm9s5cAS.jpg
9039,Trapped,/4sujD0KP5O90TXAWrTjqDPBTnfQ.jpg
10154,Mickey Blue Eyes,/5nIqLKEhWdA2QpzyaI2sbsTPaxP.jpg
241258,Incarnate,/8j8PLnghBHpDEGfANNh8wc5cT4F.jpg
736069,Justice Society: World War II,/e4REOC6CZW8J6FslA4nRvdQXFXR.jpg
8422,Rocco and His Brothers,/pngL8AraChIDOiWnKF2o3S9kJzJ.jpg
14158,Jackass 2.5,/qriTT0KQvvuCs73z0LyEduw6XX.jpg
678,Out of the Past,/xkP7PHExdCDzcBemGaiZCk6oCtZ.jpg
12761,Autumn Sonata,/6beNbtCXv3GkzHkxkGYf38ib7v8.jpg
3767,Gilda,/46eKPjoWEyNBAQKDoXEcDFBcaUw.jpg
210947,Afflicted,/bMkRWgAvwe0XkpL8swG7UA4N4Q8.jpg
407449,Lucky,/8odHgC6NC0K8oy8M7YkEao05TgC.jpg
221731,Rurouni Kenshin Part II: Kyoto Inferno,/gI2xYpJPQOsmFblvowkW2IgEHkC.jpg
10351,Wishmaster,/t7rep7SCqiy4COUsq2cOcdQwzU0.jpg
14013,BASEketball,/oKZdAUV9XSLp091f0GmtQEu0UZy.jpg
2124,Color of Night,/w1OBPkf3BxeC7543YzFwiKIwBFJ.jpg
523781,Words on Bathroom Walls,/mMICdcRBxiEUUpdAFCYRezE3Dy5.jpg
445954,Acts of Vengeance,/r5o6vWPYOQs6bv91gQ8kQs2zQYl.jpg
8438,Murder in the First,/sU37ONoL9qUyYXUhubJSYH9tEoc.jpg
10785,The Thing from Another World,/rm2w8dEhOGDuckB6i0Spz9lTzpR.jpg
287,Bull Durham,/q3T9bO6p74NcTxWOhdUA6fASQ5T.jpg
62630,The Devil's Double,/mpzo9adHhc9WPFtAnbZEHbOff8U.jpg
602147,Inheritance,/l13mt3oHErSkkqJbN1bjzgtK0Vq.jpg
11523,View from the Top,/mjKloEexvZcJBbkoX9XKx83B40z.jpg
11356,The Odd Couple,/d3dKPpzEi7WfgmoMnMwWyQnd2ja.jpg
695,Short Cuts,/mbNTvbtWfV4soyErimDTdX67OAr.jpg
8197,Midnight in the Garden of Good and Evil,/wjOZQfffXsNCV18vrXHLm8XUbPn.jpg
76489,The Three Stooges,/b0nNQCL90RGTwjxLEFsFFLQZKNe.jpg
710356,2 Hearts,/a7bW3uKOMPBnmHs8gnlpfhTD8YQ.jpg
77234,The Numbers Station,/bcpaJ2JYM2WKzzuRUAB869uMWnK.jpg
13465,The Adventures of Ichabod and Mr. Toad,/xsZKV3v3gc87RQffpRUpaXWrcBH.jpg
13401,The Accidental Husband,/sANVMWgteHENHCluiMJTnO0Jmrf.jpg
11178,My Sassy Girl,/nVVxhtBj4lrq7ieiuXgp07vDv46.jpg
25508,Cat People,/zSNTDd5Q6No5BmY39Zp5BVgl8XE.jpg
10718,Torque,/pY35tW8BMAjZewl87OxjXK8ui02.jpg
112200,Thanks for Sharing,/qSf3mmkjxohgnA8ZvhBQqTTBaWx.jpg
11954,Lifeforce,/953hMDf9G2ZRIEs97M6iFIYWtWF.jpg
596054,Heroic Losers,/9MaAzW8sERDcIEYORE7jzeCew3P.jpg
9687,Keeping Mum,/nkyS4lkiEOCx7mtlMtWLYodbVpb.jpg
11162,The Merchant of Venice,/1VEyORoLcD22oP7cTch8k7fNjw1.jpg
507505,El Angel,/iYrcnrxv80L9JbV9YfVv45VpNM2.jpg
136403,Populaire,/4d4a0uDl8tI4EoIjYEyU54Xpkzu.jpg
438689,Siberia,/eGfIsvdrUhTlQOkxQIELU7obDYj.jpg
417670,Loro 1,/jGuYfMTTz3oWLGF5zjE9Bhk5Yxy.jpg
15613,Fire in the Sky,/6Q2cjuMuqticomBjmwxwu8tyWEP.jpg
581387,Ashfall,/gCZ0RHifBxZGedde7WPWSgjpyZt.jpg
474335,Uncle Drew,/cDjAlFbpvjuxH4gFD02fqlyk6qL.jpg
307663,Vice,/cBwZIq1QFasmsC9Wi3HvyEljfYN.jpg
499726,MILF,/qBU82NPKF1LOAD9D3jLUqypyEdL.jpg
13933,One Man Band,/nBBl8gWJvVppKqyY4ugdm3znZ9G.jpg
11066,Boomerang,/cc9YAZq5NXiIEJsHjW7p2FaHQkp.jpg
410554,First Kill,/zoia9YSg82UNYbtum9QYjKSqdLw.jpg
4729,The Gendarme Gets Married,/7e1OEPLRN4XqXiWjxXzKgnVZjPM.jpg
14412,Body Heat,/5LipPcaW1J9IjAP7TOTesw8OcMS.jpg
567797,The Dry,/zM12bfL2TEqVRXjiQIFUWUMLcCg.jpg
13509,The Monster Squad,/8EVuqCcqFzQvc7X8E3fx3w4B5Td.jpg
378108,In This Corner of the World,/9Z4H4M2F8OQTB04YC1Opds8MFBb.jpg
10985,The New Guy,/aekXSzkn3zry6aummMl7AU4rSa8.jpg
10868,The Accused,/5DlWHYb5Q65GaHYHDo6PqGOuoF1.jpg
38410,The Poughkeepsie Tapes,/8ppkhu3pO3fnXr05YeE7ryKloVd.jpg
49787,The Reef,/s5JGAqmdv1cHlDjMqsmQUkVo2lW.jpg
411873,The Little Hours,/wS69OOwBJzimoLIcmYMSVkmhCZM.jpg
714888,"Argentina, 1985",/u0TFD4YFMfYtNSLxfbWq5cg0KIh.jpg
10471,Next Friday,/dP4fYCGQZzg17ta7FvLwJVCwwt9.jpg
199575,These Final Hours,/AmVgGpLdAUzCszbyQ4THY8eB0HL.jpg
420426,Bleach,/dWiwxqAtP09fBfYyzH85u8nFwOH.jpg
668742,Father There Is Only One 2,/rwPb2AfNzQXjb8sUM6mCzMvN5T3.jpg
776,The Rules of the Game,/8JOzt7uFZyshcuzCBmYU6CDJL4D.jpg
13249,Seraphim Falls,/3WCcrCYq9mCyFGLpgx2IwhpURTe.jpg
590854,The Hater,/fX3XYJZLumDtTfncHY233Cwiorj.jpg
601470,The Eyes of Tammy Faye,/vw5WXyHqAfnhmGpSjpyZh34xau3.jpg
2687,Memoirs of an Invisible Man,/bdhxHQNwYdjkyFx9DwebXtama0U.jpg
296360,Love & Friendship,/xEQ5mmz43Fjmrz2KFSpz8ykUjec.jpg
183836,The Brats,/tRCGzqHllKheDaIlr5ACbRb4pXm.jpg
200713,9 Month Stretch,/6vCLklvrl7ogr6DywSV3v5XyKk9.jpg
34769,Defendor,/luptj2pJWp8qshIVTQWLVlU51bU.jpg
278236,X+Y,/jYkfSWb9rlTTzvLclCuJwm48kbl.jpg
249688,The End of the Tour,/1pt7dX0oaFxgPT02OiHZK3O0gbg.jpg
82424,Small Fry,/8siICxMft0JSWZDq9YrXh5U5PZx.jpg
426285,Fullmetal Alchemist,/1KGEyeCNyZFDZVDo1H0S87Re8qT.jpg
16258,The Butterfly Effect 3: Revelations,/7utgDyfae053YExAuUKcwkzUKMs.jpg
56339,Whatsoeverly,/hKBYZJlZQR4FGyN1lpbmUE9uulP.jpg
843794,JUNG_E,/z2nfRxZCGFgAnVhb9pZO87TyTX5.jpg
200481,The Blue Umbrella,/iSWV7ra8HJ3gYnZFMMrPe8CBbrv.jpg
14553,Stealing Beauty,/5ugxnyVmBK952bwOcE4M0szNimx.jpg
12560,The Big Chill,/rU8kjMEL5Mn0EWm3gOShPHBEZ4l.jpg
13062,Boundin',/bQBFIwb77jrsXiH7TQVFu7onwN7.jpg
10974,Armour of God,/phCpGqCSBWJqutKxj73COACrlPt.jpg
245473,Cloud 9,/ztrYqCPwFult7UMTiHyVxp1xHSc.jpg
171337,Siberian Education,/pSXguX0FmIvRr7r85uSZW96tLut.jpg
518158,Leprechaun Returns,/7kToQsV04Jel1ob7VJ471LDz7wD.jpg
13666,The Wolf Man,/vG8fu5syTtQLzK1hQXyi3ugOPNF.jpg
58547,10 Years,/1WjXdp4i2NR9RYGN0t0oy3tkGro.jpg
10133,Cypher,/cqSvgtox4Ceq79HamAecBq2yS66.jpg
42433,Natale in India,/anOwIDAfs93mWVY4ZX6LQdbjXbv.jpg
7291,36th Precinct,/exD0FsvhkZqetOVOYrfGqwnc7nX.jpg
540,D.E.B.S.,/cMwLTcG5aVBYeh5W6SVSfowboAf.jpg
873126,My Name Is Vendetta,/7l3war94J4tRyWUiLAGokr3ViF2.jpg
16288,Creepshow 2,/2lZieUGwOMndAyM5pqa4d8KWXZM.jpg
12545,Jesus Christ Superstar,/2NQgIjHxYyMJZWeUFH5cuKhN4nh.jpg
13382,Rudolph the Red-Nosed Reindeer,/xjAElUhXuc7zFJPj3qUHjcySNsE.jpg
11455,Up in Smoke,/lKXINU3ApbhFPQJ3pqgMzGPCYnH.jpg
152780,The Past,/8nff89qjYN3Hck5G33xeRPsM8TZ.jpg
678512,Sound of Freedom,/kSf9svfL2WrKeuK8W08xeR5lTn8.jpg
14291,Searching for Bobby Fischer,/oAJpHkMpfXiFY9F3HocIz9fhHLc.jpg
11916,Two Mules for Sister Sara,/RbuNHMlrw7M2w1R3hZMAPwh6dG.jpg
246355,Saw,/uvjBl6LHmb5JpAbmSZzeWA1c7Sv.jpg
509364,By the Grace of God,/qbwcnAdBkfGBIbQ1xdQZtiUg2lf.jpg
505177,10x10,/egMETBYual2JtfFGigXTA0tGkME.jpg
38542,The Disappearance of Alice Creed,/iJT7eXt09OffD4WBOvV7eGgL3Lt.jpg
738646,Operation Christmas Drop,/1fUcKFDy58DhWYd5Y7Nu5DgpxaE.jpg
10461,Get Carter,/zASJyzgxKuIK9nO2fIESvppmX5U.jpg
803700,The Eight Mountains,/1oc4AwkfFkLsRQ96t1erFXzPUhU.jpg
582607,See You Yesterday,/d5uA1DdiWK5KH5yzyMfh1X3uXie.jpg
8073,Band of Outsiders,/9oqyj79xmcypxLajJdefOtrYx64.jpg
218784,Freaks of Nature,/uOfXM61tr3sDoyyAaNTDyfxxyaE.jpg
11559,Tideland,/juYEAmlSniLwjBjTV2JQ489pAo5.jpg
209247,The Art of the Steal,/4R6ojBfyO8fj3WszLE9rog5qR4W.jpg
247218,A Boss in the Living Room,/2bBb7H7LMycRYb3omVbzlEoxihR.jpg
419700,Sandy Wexler,/38SDqWOt4utiLOnWlas7BfrYQGS.jpg
339408,The Birth of a Nation,/vlbvPL3uXem7JaVWM2mVHJLkRqW.jpg
37931,MacGruber,/9cO8JD7aaQzI4q8lBS8MYXH8LrJ.jpg
84194,Excision,/3aLgB6FTQlNanER0RpckbKdwyh9.jpg
452,The Idiots,/zICUj2GCVubqp6p9BgpmudNVfvR.jpg
14811,Fiddler on the Roof,/qXIv5P7hUroBgn5lLkRcXYe7W4n.jpg
74513,Special Forces,/xpe9F3214mNrk8tnIqZvHSmIV1I.jpg
16633,Somewhere in Time,/hmdegiSwVYUNvEfihaE3HRM3Sos.jpg
760926,Gold,/ejXBuNLvK4kZ7YcqeKqUWnCxdJq.jpg
12889,Futurama: The Beast with a Billion Backs,/2BW6JAW4wo7t5wD3WVfoijzosvt.jpg
57089,Hoodwinked Too! Hood VS. Evil,/rp3oWYCiiOKddzsObLlgSGWz37.jpg
30020,Taste of Cherry,/nNUyxHkbJaGd64N74aCUq8LB4Fr.jpg
399248,Beirut,/s2qIeFsI9TskZr1LkSwljQDh5nl.jpg
11576,"It's a Mad, Mad, Mad, Mad World",/5S8VWhy4aE47MOTYqrFitTS5Jpw.jpg
159128,We Are What We Are,/3Q0rtUfNHFOEnVoRv1pmKaAbZEV.jpg
611914,The Courier,/jE6QFRd48IzAxAubOE9HKB8sTjP.jpg
10687,Tigerland,/pnFdCvxxL44sPLkKEIJCUaIZa7M.jpg
13928,Knick Knack,/ouk2QFv4NySNfitAgXqnTtO5vA1.jpg
113947,The Sessions,/57o1DBc5DfJXVc8wArAblSbZ8sD.jpg
82657,Flight 7500,/qqp5P9sONdOhUuPdv05LSMrM1mG.jpg
64639,Straw Dogs,/hSW5Msz5Cr6vUQxChPSPdxufnss.jpg
323661,Mune: Guardian of the Moon,/4vzqow7mVUahqA4hHoe2UpQOxy.jpg
19666,Lagaan: Once Upon a Time in India,/yNX9lFRAFeNLNRIXdqZK9gYrYKa.jpg
820912,Persuasion,/s99WrKSEVR4RVvwm5Zn2cqrHTMM.jpg
274109,Palm Trees in the Snow,/iIVqgTKbqt24bUTzMlyRX8kB1Ac.jpg
9490,Half Baked,/14TmEac4bquNaEld9t0uIliYoKE.jpg
10227,PlayTime,/np9R8uUI1q1bWKnNMm3Bvq6u0Sz.jpg
21474,Bring It On: Fight to the Finish,/o3zsel0aCcBWgOCytyFa9FxuPTk.jpg
621870,Secret Society of Second Born Royals,/xOmGTJtBgRVSAF4S5dZEUqHqyy5.jpg
921636,The Out-Laws,/5dliMQ2ODbGNoq0hlefdnuXQxMw.jpg
17057,In a Lonely Place,/mR72XsO7EQu3uH8TeqPxMd9V8mW.jpg
901563,Close,/54FGmbm9kJselaFPLRomXDuuCGK.jpg
1410,Dark Star,/nybQ7cBbSlgCikFhpULiKCfJcuQ.jpg
253626,Good Kill,/pm1KzNEeJ88uN9vXKAFWnneeum9.jpg
490003,Won't You Be My Neighbor?,/8qE8NZjiP2M884baH0VoLF828Vp.jpg
168705,BloodRayne,/1Xy9uu5INNMnyF7W6BTEQkkGOZC.jpg
4480,Jean de Florette,/sH9FP9Flff1bGiHkPEKCmOwnzDw.jpg
103747,The Angels' Share,/yrDWaTx4Aai2yBlZeFZ2ZCxg8jD.jpg
59115,Quarantine 2: Terminal,/ouQOquRqqaO8sPAziD4BFoNO1Pb.jpg
10997,Farewell My Concubine,/nlsYtgAgZMKxpq4TOkGsZuRqBx2.jpg
587693,A Christmas Prince: The Royal Baby,/4RErLw0APt8qQiee0d8VCKasWwl.jpg
19204,The Beyond,/uCsD8NCHR17sQNzcY60MINa7L3s.jpg
10984,Valentine,/jMtWV4FixMGTgUjbr9NFVEANGYQ.jpg
14696,Ugetsu,/7Kk1ZsrAul2Lg7Pe45XOcUf2ARQ.jpg
11893,Runaway Train,/dqViXokpi1xTZmsotfyhvGmzyZo.jpg
346808,Momentum,/zSywmIZTjmtTJeJThT0ofHPa88s.jpg
8860,Metro,/nvfyHYv1EDpYai5pCGqBeRf3tax.jpg
428836,Ophelia,/we449l0ZIgjJHDVFSrpnuYfp0i3.jpg
5916,The Getaway,/8SvnGUJsr16zUJ2CN7ONX1ZWtZ8.jpg
11101,Stalingrad,/rB78VDAOK94KJWp9ofgE3GSQEor.jpg
9074,The Man,/bnofwLKvg2g7Ky9sSpyTHaan37n.jpg
681887,Cosmic Sin,/6Wm7P6y22UZA40QuPYHyWyJ6leI.jpg
355547,The Star,/xJgtHL8Iecp5Ot1oBkMdBl32yPh.jpg
531438,Holiday in the Wild,/kDXMzBpiUJld5zLnSqDmGln3XuM.jpg
323372,The Corpse of Anna Fritz,/wbGlMrymGFhYE8CTDVc7xwPUD6j.jpg
30890,Radio Days,/ljZ3yyYznAiq1vF6nHITdJn6qXB.jpg
75198,Welcome Aboard,/daAqf1C71RjxJX95Y9Gjf9IclQl.jpg
347882,Sleight,/eLk7yoWxK4S0xkV24YWoPKbIsbf.jpg
4520,Sleuth,/y70r13kOHp7pcYToG25uwMYm562.jpg
426618,Where Hands Touch,/omKzydOrom9kpdfQUE0G9Y9sPl0.jpg
653601,Horse Girl,/hNQ7st9dFXUXENMcsAuVxcrIBfA.jpg
39101,Dragon Ball Z: The Tree of Might,/fDX4Dp8IKvjBAaEb5MOJrGkxWX0.jpg
4723,Southland Tales,/7dbIDQ80z4bxiDlAvxRwc5TI44C.jpg
18955,Coco,/xQ7gSJIlF4wG6qcaRmiVGBiTKWW.jpg
11915,The Gendarme and the Gendarmettes,/eqr1ImnYeWqnx944uTHYkQvmxBR.jpg
23550,His Secret Life,/a0box9FWKJmFvZe7riVa6SebwsK.jpg
436343,On Body and Soul,/uguWEoZelSSckxgiQctlkZ6gpfU.jpg
1809,The Rules of Attraction,/uBYwzAtAI5GapABsHEKy49zG54f.jpg
48395,Rare Exports: A Christmas Tale,/jzaweEESl54ejxo3EE5uNL8lgTn.jpg
477033,Errementari: The Blacksmith and the Devil,/ltpi1uLkvx2BKHWwbpMjqdAtdHn.jpg
13459,Barbie in A Christmas Carol,/fX9g1AE1JIqjX3LPPKVjcmHs6fd.jpg
407439,Mary Magdalene,/oLbqnVAmD8ISel1SLTY3Ek0TWz8.jpg
41428,Tetsuo: The Iron Man,/lARc59hUAKW3ziWddftUnZ99R8c.jpg
934,Rififi,/heVdAFNZUxXVmO6jiJcEHCvI5lK.jpg
9093,The Four Feathers,/jE5Fdoq2xZqfNEptdSXMJr1uN8x.jpg
192136,Mandela: Long Walk to Freedom,/nzjwDSwLbalv7bCXnFbkAuIxXLx.jpg
760336,Munich: The Edge of War,/1SOiUTDnwW9gU4GzSIsOCQUlHJF.jpg
13198,Wristcutters: A Love Story,/qModiIR60IMLP28ruGZluQOtsOj.jpg
11896,Throw Momma from the Train,/Ap0Wo7hNS6WW1wdPOKYM3SNpewY.jpg
51991,Romantics Anonymous,/hXL5TgqgFF8159dez0o8EK11ve3.jpg
10092,Cry_Wolf,/7OQ2McKYgnyfIHHkm0jBxQnu7ou.jpg
146203,The Last Exorcism Part II,/260ztSWhGIYSLAjDC6smFWcdUSp.jpg
363,Head-On,/9L5BBJiXZss58EBcbw0l4holdzZ.jpg
11654,The Hunger,/emOEOkrH4HT7dsjvIRbI9kaWUvL.jpg
65760,The Whistleblower,/iIVcea2BHHi7RJgucGEmpt3zkED.jpg
446696,Life Itself,/pE2hxC8bPbIi9tGyhFg5xiFW6dA.jpg
441614,Amar,/6uOMVZ6oG00xjq0KQiExRBw2s3P.jpg
400090,The Nightingale,/hWA8QwSM1kJYMoTANEPoqrqBapg.jpg
109513,Hit & Run,/2n3FTpj2AmucfvgZ5tunZxZ2Jvf.jpg
9988,Beerfest,/5srGbSv3zhEUjXFOZR9qHkgJO6l.jpg
551808,Black Christmas,/iMBlUzqwpz9ffbeLsYjyHPp8tn8.jpg
12877,Dead Man's Shoes,/78TBKzEZ2cNdeLNrgcPiJTggiNd.jpg
205588,Our Kind of Traitor,/t3BNaWimAZnZtSPGTsaqRrkc9lb.jpg
531503,Point Blank,/weAvkxl0dnPevIKD8fwHjiOi6tc.jpg
420950,Alone,/6VjlQBcM5573XopM07a07dsI6BM.jpg
3784,Frankie and Johnny,/zSOh7hriX4mQNVxhCz1yVY4aykn.jpg
147868,The Worst Christmas of My Life,/5ducOxpKEuq1vRSj0YytblRqTrB.jpg
14029,Demons,/h1icFFIehFjZOpzl6xueBeJYMXe.jpg
741074,Once Upon a Snowman,/hddzYJtfYYeMDOQVcH58n8m1W3A.jpg
10847,Lord of the Flies,/xhxWsFgBYyDfRWfOhM1OrV88QDJ.jpg
17466,Death Warrant,/95mcKAcTgvonhx3BS5psLguyEVu.jpg
256962,Little Boy,/lAU9pgq3niI6sFemcKm4FGGmrnW.jpg
805320,Bird Box Barcelona,/3rlU3gwaKobcdrmIBTRfyGcE6ew.jpg
9266,Blue Crush,/iZSw0JVG0cIFuZoTHuQU3nmGT4k.jpg
11597,Toys,/l0YBVvOvOxoOkggTZ70tNGvGQo4.jpg
1408,Cutthroat Island,/hYdeBZ4BFXivdouxLfQGWNE6zRx.jpg
608195,Ghosts of War,/jBeL6pPUPo0wnyTmiuxPegcibPf.jpg
76812,Black Butterfly,/toB9yjJssyJZSworX0KePbjSexP.jpg
10757,Kabhi Khushi Kabhie Gham,/lRl7wrJmkOzMTDVYFSIpUcsIjPQ.jpg
36940,The First Beautiful Thing,/10MQjSuqDBNiPtxxO3zBqERw0q3.jpg
13446,Withnail & I,/fAaF0qyjJJuAZO7viwYUaO2XNlF.jpg
10176,The Quiet Earth,/6uvRcSy1DCh0zONGMRO4bEj44hq.jpg
84306,Liberal Arts,/4PRmHa3YqOkhzwhuSyhbgEYAG7w.jpg
11894,Curly Sue,/gTQH8fpBPXIPgway7e8AQJ9AKnm.jpg
413279,Team Thor,/jVSmX89BvsQV2z3wh2IVYVNVw1a.jpg
560144,Skylines,/2W4ZvACURDyhiNnSIaFPHfNbny3.jpg
71689,Phineas and Ferb: The Movie: Across the 2nd Dimension,/updMFSOZwEftfkJRpozwBlRlYI2.jpg
8440,Carandiru,/bkq8RsbCb7ugW0ZmsD8SYEvQWSp.jpg
10013,Peggy Sue Got Married,/nhxj5XmhWeZbWH6LP8IRenyEjbt.jpg
25913,Balto II: Wolf Quest,/dZ958HnW3JO2pEZeedjmoZCV8Rn.jpg
9785,The Invisible,/vSJloUNJSKWJzQ4RbxBFKOA2p2m.jpg
60803,The Suite Life Movie,/31aSRwBIpn355kNQyYBdDdZoEVZ.jpg
13192,Moonwalker,/3GwTPQkAcgDeAirRpEuJG8HDdRz.jpg
568467,Ammonite,/5lx4pUHWZoOKJWsVsvurRRNW9FK.jpg
403450,At War for Love,/bmy7S1xTY9yLJTg48pxucx790xZ.jpg
10513,Plan 9 from Outer Space,/qbMfQbSK91D8nxSqRfMTkNGwmld.jpg
16563,Seven Brides for Seven Brothers,/hysjTnPNuO6OHWGjEorYSwwusbk.jpg
644479,Dedicated to my ex,/xc4bTXVwYNXi10jG9dwcaYt5IpU.jpg
1364,Sex and Lucía,/gvErAg9bv7xOO3B40gottv6Bqip.jpg
13416,Friday Night Lights,/8HIqpOgqShRc3TAleabnYispDl1.jpg
416494,Status Update,/E4twRNScyq3g6tRpvK6X8LdD1z.jpg
11190,The Return,/7V8iHBs34cPYw7ohpLqliF9x8Gv.jpg
265169,Winter Sleep,/c4OKvnYOHlKdMvLh8DhoabtAwnR.jpg
39104,Dragon Ball Z: Super Android 13!,/uVJqC187rKxQ1sJsWlKjNfAzeTk.jpg
309245,Mistress America,/rvwV64gSgftNFIOkWBZhan17R27.jpg
39105,Dragon Ball Z: Bojack Unbound,/iihTK9Af8G1ZzBjkIIAV4qQMkzF.jpg
41663,Fantozzi Against the Wind,/1cly7IQqU6ojjppynkSgbvlN7V8.jpg
11234,The Omega Man,/pmtth3IKZnFevbDZAK1Whpxwxqq.jpg
480572,Bullet Head,/ySmKQPjWnNzuZ5YliQaOVEnWn2.jpg
10724,Firefox,/xP6VaKdFEriMzPXe3j5YyDF3ryS.jpg
22074,Capitalism: A Love Story,/zJBkIPakBXdu3cEgGqKCPHUNXVE.jpg
1990,Paranoid Park,/qdxQ8vZJoZuLqU9MXYW2vnRwhan.jpg
9102,Screamers,/eqgBf791rMZG7ywHfObpXeMpiRf.jpg
79120,Weekend,/ksg3QX2iMLzEkvS6AwIGh5A9CXT.jpg
61667,We Have a Pope,/8C8AncIi7XKq7Sg0SlN58RXpuqd.jpg
451955,Double Lover,/r7va7VtatGdaMbURnKTkwiQlGrX.jpg
10768,Omen III: The Final Conflict,/e4eOyQAKBS6ZpJWCcNldZuoSv9t.jpg
13253,Futurama: Bender's Game,/bx8OVOBn5WP9TJJuOpRzyMCdzzb.jpg
14400,The Heir Apparent: Largo Winch,/bmJU3EEuQP3Ho52FhuiulZ2LKTu.jpg
42296,Catfish,/mXNxee2ix6Ke0bSIqFST0UhbVLR.jpg
42435,Natale a New York,/pyoY3HBLnmelCIiTU2TKlN7f3Kp.jpg
500852,Miss Bala,/ae9yrSAS7nLZPbbkOm61pSuIqeo.jpg
9086,Young Guns II,/yHBkZP64e4TeNvJ56xydJDQjqD3.jpg
12572,"New York, I Love You",/85pnbEkyGi211Rq9DmnqbNX18aK.jpg
35026,Lucky Luke,/ngqiQ5Klfm5f7SU9hXZr0cxNUZS.jpg
11415,House,/AcJZqj9j9CV7nXENI2Wt7Ae5f5U.jpg
18892,Jawbreaker,/gwjJPAraQy5fDd3NJvK677uItU4.jpg
11663,The Commitments,/eLGW0waiQyEwnNEJcJDH2Tsd3Hu.jpg
1641,Forces of Nature,/etmjiee84g6G9WALmLkJ1DhenAu.jpg
11313,Hearts in Atlantis,/qPTEh8vutS5FSCDoR16MWVGHqTm.jpg
415401,The Party,/jh8xTXmP3omSMo4pg8lXaI8EiWN.jpg
15566,Surviving Christmas,/8jHtvFpCOOqp2U2qwI3L3h10cUv.jpg
12721,"No Retreat, No Surrender",/7ge5GQZGqtTTnwKTbq1vYK0INzc.jpg
574436,Piranhas,/pWRGR6xqgXmODBhlLdxSsYJASTR.jpg
2007,Lorenzo's Oil,/suRf59zRu1h8Zq4Gxekn6UiLGaM.jpg
11088,Heist,/5yKomryA4Oak54fPjBS9TXBmYji.jpg
9415,Murder at 1600,/5S469MSJIzb6J0PIsghUn52uzfP.jpg
10758,Waitress,/sWKzEAxXNClhcHW4iAxYsEG8r0X.jpg
532067,KONOSUBA – God's blessing on this wonderful world! Legend of Crimson,/fv5BgcfkpWh3V6Pb1qVlXESBOdl.jpg
881164,Boston Strangler,/oZJfw78ZyPmgNJ0YJ8070nKEF4Y.jpg
11041,The Beverly Hillbillies,/refYLEQvzkY63i2IHronCPQODex.jpg
12093,Lilya 4-ever,/5i1uhvcdv2Iogx0Bb1znvUmkCvN.jpg
9304,Multiplicity,/lmfxbT0UKxwIHo4KpZSnXJ0hnH5.jpg
10056,Killer's Kiss,/rJ5PukBOIgNeMdMSanSy3RY0Lor.jpg
618,The Birth of a Nation,/pNpOXpQI5GSUfiWypubYtMh9928.jpg
15060,Futurama: Into the Wild Green Yonder,/oL6SymcxQE6TN9KrrbdyhlulnEG.jpg
10975,Operation Condor,/vkj5JxVgY1ZYhX4pBHHgwdRNEkl.jpg
79316,Devil's Due,/4Urk8rbiIif4gXt6MVC9r173Zrb.jpg
3513,Legionnaire,/sBeI7TeJzVw103iacL03v7Y5mCX.jpg
9656,Black Christmas,/de7ca1V0CLkWnCySrZWgnwT2EiV.jpg
11815,The Fly,/kXdBcDh2EbgSIf4Oo1dxKapZM2f.jpg
237756,Kill Me Three Times,/dfsDkaWN8jhoa4przuvP1S3woqm.jpg
398920,He Even Has Your Eyes,/yNlntpc0uRFBaLIRaLKPIL4dSn0.jpg
849,Krull,/b1anwwbh00R3iOgM88L5jf7qHBt.jpg
9597,Vidocq,/xeoj8AOHjW1muVQRUPCvnOVxSfj.jpg
4909,The Day of the Jackal,/vThgcb3JOj99yETg8WChuci4LV2.jpg
347026,A United Kingdom,/xyhoW9qK7ZaDM1V4A6pPL9DWjn8.jpg
76122,Marvel One-Shot: The Consultant,/xqNLXUUvBnfVk6m3QFGGU0Grgs7.jpg
15261,Bring It On: In It to Win It,/hMRjQuTZQ8bZNrwqkKhBgbh8MkF.jpg
28609,Dragon Ball Z: Dead Zone,/ywtyEDTM2YO7qod7USNNwhrAfvA.jpg
178,Blown Away,/kiV3KcjE0bVgfMwRG9HhRFG8Ggq.jpg
427,Mon Oncle,/wH6RyPiXFy8INLbViVkchLVOmBc.jpg
760747,The Trip,/ygTIsPG7dREi5AlO0S9EMbmvdae.jpg
152795,The Congress,/oeT9rwfCBayxgVoUn1yZGmkZlUq.jpg
449756,The Postcard Killings,/ugLLTEYBuNTqdQ0zCjFCJ5mI44p.jpg
9061,Just Cause,/z8WqDIUC00TPX6U24ah0C7IMEKf.jpg
12308,The Last Kiss,/kD2liMe1Jzs6j9nZ14vZWiURrck.jpg
604578,Spontaneous,/2LzYpRuTL3nEos9ZaLfan1u7nbR.jpg
325690,The Legendary Giulia and Other Miracles,/9aGQXfLk95fVWGrHHT8bzCnYKVw.jpg
471707,Corpus Christi,/6VZlm8sEwxkE3L5nXxz17QLj1sF.jpg
12819,Alpha and Omega,/6UxR2HHfYGX8jKII5bJj2c8h8D7.jpg
43931,My Soul to Take,/aaSWVJT3bRryVSpYNwayr9Xnwjg.jpg
435707,Skins,/brhuoXTrYexjF5cs4A605429u0P.jpg
6723,The Rookie,/3FzNbTICABqy27CEHH9HaEi0tag.jpg
426284,Blade of the Immortal,/bFaxg006Dt6J1k7qa7a5YuqbAhe.jpg
306943,The Outcasts,/44jotbmLRwHSIcd4wVAYCVmli8D.jpg
24167,Two Women,/biWDAUQD58enMEcyO2BqIVSycF4.jpg
513083,Wine Country,/mi5l29DQFdwrTXxbqM2OLbs830H.jpg
492336,Deep Blue Sea 2,/xqjAHXMJLORx9vVsCTJ6ZPJcr3D.jpg
1722,Captain Corelli's Mandolin,/dNNjMmZwQvq48Pw71BIzd8ky6Rh.jpg
36834,Total Eclipse,/e0j1zDF3ITeTbGTXFGamosCxT4z.jpg
65055,Shark Night 3D,/cjfRqUXtNc2iJHfP60HTq9nFs0.jpg
11659,The Best of Youth,/ltmcFRvTeAgBgMLUGa15KzDSQqs.jpg
18198,Barbie Mariposa,/qsb1OQCNVMAX3KRT6xhKOl3mM6P.jpg
65599,The Woman,/kYHKQD3GvZlyhLpjsJLiONslZN4.jpg
12526,Bug,/yjTmmAngldFoyDhHxNM8fHblk3O.jpg
42269,We All Loved Each Other So Much,/zGGWYpiKNwjpKxelPxOMqJnUgDs.jpg
11165,Tora! Tora! Tora!,/c311sN931DixuZRer0JGYCwpx9N.jpg
9306,The Island of Dr. Moreau,/hOJeQXve8W9rNRhdgC1WV3GQJyA.jpg
14043,Nancy Drew,/a1aAZolyLFRwKhs0IWhFyTa8Z2Z.jpg
10070,Feast,/61RknsRLF5YT1gIgSCVv4qbTt8C.jpg
9271,Virtuosity,/5emgnXYrXjqyiup2JsvtuENseiV.jpg
487083,Paradise Hills,/6DX7aKXh6ZT7W7dBZCn1c4tOBFp.jpg
256924,Danny Collins,/sf9ndc9l6alP9DhJF1ZpKz1PaXK.jpg
523638,Prisoners of the Ghostland,/j5HRzcvN1QXZLvwfc3NLxX8XQJY.jpg
39324,Dragon Ball Z: The History of Trunks,/5P7okfMZT5pboVdtTydv7yE0n7R.jpg
2617,The Great Outdoors,/etjgNJvuNW2205EdZRMHFPKQpxS.jpg
441183,Light of My Life,/zbQQrOclR6G4r3T3EuOjp0f6VG9.jpg
22527,The Wrong Man,/pO5XR2R56RAbVjdks9gGGn0fbOa.jpg
2269,Day Watch,/7IDo4kkWXb26kiGiCoBX3lAOjKb.jpg
180948,Vehicle 19,/vRZobS1s3ojOpLFUbFVb2k1qDQI.jpg
245700,Mr. Turner,/rnVhl1PFSOoW5c6UhZJZt5TV98p.jpg
119569,Marvel One-Shot: Item 47,/hnSxG8clwLuAXEkp9emc8HCUcHD.jpg
15037,Can't Hardly Wait,/r3a5gGWfS0SDS9nriNrJzSSrErf.jpg
239566,Get on Up,/dVbGeU5agxFGcJnL5hk4uO8W7i2.jpg
430155,Coma,/ijJm0RSeKIr67qkHLtSmtigS6ra.jpg
227932,My Mom Is a Character 2,/eDApDWU6r9zxk9MZLc6rfnBb3vu.jpg
188538,Remember Sunday,/triS1L9nHDjVwWmYNBItgDo525P.jpg
21450,Naked,/xMYP4uaNeyPmX4FQ2xxWk2eIN6K.jpg
13572,Twisted,/nfdfU9tYsEnjlFGoY2HabFMdHLi.jpg
10722,The Day of the Beast,/yEXhgACPIV4PmTgHT2HS3Ko2oS3.jpg
11557,St. Elmo's Fire,/9yFDYxV0LWDtc7VyuaZ36uB9FOy.jpg
21427,The Valet,/eVP6mln9G4dOoRRrQsY55T0sHOR.jpg
12837,The Secret Life of Bees,/m1LGEeoYfc6crbfG8WmTKg9SVqL.jpg
14510,From Beyond,/yNTsbRrkoi4KrCyQg4fRujggfvd.jpg
10878,Saving Silverman,/5mq8J11266ZL7HCOwDGXoaU6eIO.jpg
42434,Christmas in Miami,/c2mo0g4w7QMMyp7BJv4OFlHQbo2.jpg
222899,About Last Night,/z3dVYQtxXldDawz7d15wqt2PQLe.jpg
15601,Scooby-Doo! and the Cyber Chase,/mKmFscYvGLMnZ5TslwxCge5oELO.jpg
319373,Sweet Bean,/r9keJa8H7pDLFC48BREqKKVpKTz.jpg
10832,Them,/sb0cJpJd9StGfadPdZW7jYkuG2I.jpg
505225,The Last Thing He Wanted,/gItrnbEbMBbUrdIkFz8kgS2gkt.jpg
11898,Kind Hearts and Coronets,/eBvpyRjD3DcCsWgdV6Y9oqPS7dO.jpg
39385,Would I Lie to You?,/5ONaZMbSjbKpogAd3JSeRq0u6fK.jpg
426238,Beach Rats,/oQZPPsvoipd38jasPhvJOpajbug.jpg
150202,The Haunting in Connecticut 2: Ghosts of Georgia,/af6YNKYQsX76RSNHh3X4k2OcoQC.jpg
9611,Romy and Michele's High School Reunion,/etg1pHDwJfWbr5XeOkVxErjBRld.jpg
10657,Needful Things,/rRgMT4SZIASteKev1R6i7VqoUHf.jpg
86467,Bel Ami,/59bgVtpX6MPy2d5zberJiRNkDDx.jpg
572154,Rascal Does Not Dream of a Dreaming Girl,/us6n29UQVgPENtIbghAcle21jTI.jpg
11428,Sleepwalkers,/iiwplv5pET2HgMog6otunohIiSr.jpg
12268,The Pink Panther Strikes Again,/GGCch9LNAKwp4ZADAcNz1hd1dn.jpg
9750,Balls of Fury,/obrDHxgyGcrbCpKbfsqOICeYy7S.jpg
10710,Envy,/RMaKg5mVnGVI0z3SvIgS7hYPUt.jpg
31175,Soul Kitchen,/7fKdVHRuSELtpIBflUbVKhGdm8c.jpg
464504,A Madea Family Funeral,/sFvOTUlZrIxCLdmz1fC16wK0lme.jpg
27850,Halloweentown,/axYFa20HjBhYFrSz5LHbWuATjGU.jpg
47533,Scooby-Doo! Curse of the Lake Monster,/4fvCOntbgzZ9crbduTHRhgN8bgq.jpg
203819,Tracks,/qDSA80DC8BmBrErQsiL23qwoeCw.jpg
157360,In a World...,/xbuiPYXOk1aHaNf7o2mAQxeDs7s.jpg
42941,30 Days of Night: Dark Days,/bXHaXVGncI2WKUrNRYDyTyj3ymR.jpg
716258,Black Box,/ldlpTitpSTBINwgifzlRRXveXUF.jpg
450001,Master Z: Ip Man Legacy,/6VxEvOF7QDovsG6ro9OVyjH07LF.jpg
586592,Come to Daddy,/uAfeUHiaINCMi2DGNiGbpKGX7C2.jpg
740996,BLACKPINK: Light Up the Sky,/wwrvjmcgkDyB2RbCbIVLXZf82pl.jpg
435577,The 12th Man,/dxZ8iGf5jQoLcNqBJL6uzNTivp.jpg
9989,Antitrust,/9PXyfcJe53A9qFkcj5dkTJwIWoS.jpg
11016,Key Largo,/9ZhQ9iMUtck9DvKm7mfB2332fRr.jpg
1968,Fools Rush In,/tcRaMjWoF8K7h1LqOH7FOOLRQ3e.jpg
469,Stranger Than Paradise,/Q9wdlNjBOti4JhAjAQXphzShw3.jpg
3293,Pirates of Silicon Valley,/t7uUOD2Ov2CM9PYYOEggL7hef15.jpg
19277,In Hell,/vE2fYcP07fbIHoouATNErRQuNrw.jpg
10502,The Man Without a Face,/9dmH2jc6jwlZo90JQTFOx4XaBWt.jpg
11630,3 Men and a Little Lady,/4VWWEnhX0zddRKwZWGtIdDcV5U7.jpg
63207,Intruders,/erGjRCwzKOGHxJ32fR5ObGYtBBK.jpg
276843,What We Did on Our Holiday,/79erD2M6Tj9He4GSXiW0TjlQHkg.jpg
10173,Marked for Death,/xYaetJsSm5FC1zxhdW8UR1NVXzc.jpg
664300,Shiva Baby,/5IBJwMPSCS5XdRT7BO1ZMreFOis.jpg
934761,A Perfect Pairing,/h65lLhYEfRGOWVZzwX9n7vYOixf.jpg
9960,Lord of the Flies,/aDFhg1C0OlUZqK5s09Q7QWhEIDB.jpg
8850,The Shadow,/xAbFJH3vQYZvUyzzGAtG4OLy492.jpg
11845,Intimacy,/I0mlv1FahaLJqu2ByffMXEn4NN.jpg
11015,The Relic,/3MpMbZTrXp6ccrir16nV7YTJ4vx.jpg
476,Drugstore Cowboy,/2bQXK39axyedUL6DE1pzdMYgAw1.jpg
25018,Leatherface: The Texas Chainsaw Massacre III,/uALicAPXrMQm2b5C6QHa5jE9sLP.jpg
507143,Candy Jar,/u9PG1LG0zLnl6QQxw4WoRJEroXF.jpg
220286,Grand Piano,/srDej4diwXriw1127ccpUfXRyeO.jpg
637693,Spirit Untamed,/q4WaFHk9Vp1poc88X1szwFRtYc5.jpg
17809,Fist of Legend,/Aqa1Yuog2OFrduwSffxZc2w4Tnk.jpg
25205,The Concert,/zQHwJk6t6AUBjrQCj2ksiShRy2o.jpg
724989,Hard Kill,/ugZW8ocsrfgI95pnQ7wrmKDxIe.jpg
7090,Ken Park,/mCFrW8Wdpg7KYBA173DYPVv5FKi.jpg
638965,Mandibles,/pdizbiLiOiV8ysYknz79VMitsfU.jpg
265712,Stand by Me Doraemon,/wc7XQbfx6EIQqCuvmBMt3aisb2Y.jpg
2565,Joe Versus the Volcano,/dP1KjMbZEBLO76Sg4W5Klyol3jk.jpg
28971,Limelight,/vwGcQS0pe4AXh0rfbhQ8RN23mw1.jpg
9975,Curious George,/aGHC2lVMJtCwH6L40K5QnMeNIds.jpg
19067,The Duellists,/s9sPhcfD4LtrIGwix11bKtl9VLR.jpg
10906,Pet Sematary II,/9g6ngNlHOfMfQnaKkw9468p67d4.jpg
21481,Twitches,/oQ2wWWefU2flwuPgdIkLGhPq6Tk.jpg
16907,Naruto the Movie: Ninja Clash in the Land of Snow,/imBsBkySpNJ4eXZxpRnbfSl2mwn.jpg
1594,A Shot in the Dark,/pR6tNqNLYIbRRYC5TFKWVWaVvvK.jpg
12120,My Stepmother Is an Alien,/o9feh3DGHvNZ835cm2ajYHwZwiN.jpg
421658,Final Score,/5m3FEfxGQ7MdNNfUwNtA6paXRDs.jpg
43930,"Tomorrow, When the War Began",/pGElUTRxtKWlMciQYFO8dIRDytU.jpg
836009,Against the Ice,/6FSGYvPEhIx3ThOikGqHmKxeyNN.jpg
176983,One Piece Film: Z,/oP568qNH1LLEsoqGiZmf8deTOWc.jpg
399173,The Assignment,/egFJGvUy7G5trYjY2ufrSSNTtLJ.jpg
566222,The Great Hack,/uIrGgUzasEUA7v8uChRhUUFzLwE.jpg
10478,Tin Cup,/rB7OvMmjcBFoogleORaUqrRgp8g.jpg
527660,"Yes, God, Yes",/69SYznq2mSbgKyQF3QHYwblmqAk.jpg
10317,Our Brand Is Crisis,/oKZtQpdIKi3TPV4UqVuvkbRkokv.jpg
9267,And Now for Something Completely Different,/ajbdFQLvJTlNu4LnVWGnNMb4mZ8.jpg
598331,Rumble,/fL7rh6Mzx87MbVl2aI4sYtxfhO5.jpg
8766,Hellraiser: Bloodline,/eXeQKyfWzcsYYbiEtWy189cTBdB.jpg
8833,Double Trouble,/lenzKtDEaH3SsI4eZJwvbUAL4IJ.jpg
571891,Pokémon the Movie: Mewtwo Strikes Back - Evolution,/xlO50h3EX1w99KGztTzsjQBwPfs.jpg
39106,Dragon Ball Z: Bio-Broly,/A0VKJ6eRIubW6wH4eAwcpQfjoRD.jpg
375355,Don't Hang Up,/cZYTKvFKYtuUybTUmnIiUKCjNnZ.jpg
554590,Tod@s Caen,/maqsygPJvhESIOQGclUAEEWxNC.jpg
265016,Extraterrestrial,/mmiG916iIh6w378qBjRfTonqOWb.jpg
24657,The Sacrifice,/8JMh27z075ZHbFE85XYkdXF2QkK.jpg
15239,The Toxic Avenger,/6bA8p6O4s9uhmCYqat2obcpPHXr.jpg
754067,Vicky and Her Mystery,/u6fBXfWU7jaG0zWYiOvh1myEQC.jpg
355008,Special Correspondents,/sQPkqwW4qh5fKbSI8V12wc8ZMlJ.jpg
31967,Dante's Inferno: An Animated Epic,/3HEKlPhoji9i6mJAImI1A98KNzv.jpg
1016121,Beautiful Disaster,/7PYB5Qg8iFigpZJxE5qjvWQ4Bea.jpg
84330,Room 237,/wPXxJSz36VjAkxa4MZ0C28uOdwA.jpg
830784,"Lyle, Lyle, Crocodile",/irIS5Tn3TXjNi1R9BpWvGAN4CZ1.jpg
26371,Maurice,/4MI2y8XViPrDiKs1p0QC4bTeZzf.jpg
340270,The Healer,/mwBsg7cFE7GwDPKP4Pv26w2Txmp.jpg
11206,Wait Until Dark,/8WJOL49WakZcV3JIcIyl8vYq3mw.jpg
192134,Dom Hemingway,/puMHxNZN2Tkiv6weLsI88gXWuSl.jpg
2669,The Bounty,/hMFgXhUv5UWqgZckOtSmv1H0diS.jpg
56804,Viaggi di nozze,/9nAS1pf731RaCrYlH2CccMH7mVR.jpg
13195,Flawless,/qENzVKfdyNBAwShcS0YhWeJe34M.jpg
595743,SAS: Red Notice,/6Y9fl8tD1xtyUrOHV2MkCYTpzgi.jpg
991,The Man Who Fell to Earth,/gwmPVphE5DMFFGXGMhfEFyxOOYj.jpg
606952,The Goddess of Fortune,/j8ArEpu81pYN77zMcodSPvH3S0J.jpg
331962,Exposed,/nM26QosEfgjEegONCiNNrYMBTxD.jpg
8072,Alphaville,/fFJP3D5fJDFxN7ChqSye1DZ0fTL.jpg
6644,El Dorado,/poJxkMtTA3E95lJ6RnBgNxF0Vmx.jpg
8293,Howards End,/1009nhfj28VhhQnVadtjkOacduX.jpg
89008,The Oranges,/3HDjhip7qzvEAb5A0AiJfcUBo22.jpg
277839,"Good Guys Go to Heaven, Bad Guys Go to Pattaya",/cfVBQQ28PRwWELnvvKr7LSPfbTP.jpg
10297,How to Marry a Millionaire,/dFwefYyEOOZaWVn15xGY6CbYYJ2.jpg
10952,New Jack City,/k9VjzXyGElRAxXyXgPvtRRSznyL.jpg
13476,Win a Date with Tad Hamilton!,/uVY9qtDib6rHEqSWsC8iek68u4C.jpg
442064,Proud Mary,/5luceoVMU2FzWuyty7mZFcSY5ZW.jpg
489430,Terrified,/eMP4F0POBgrB4icn6XgYeLLIrld.jpg
13250,Butterfly on a Wheel,/qcjjYcMaaSKD2C8xn0hy6o6yj2L.jpg
375183,A Family Man,/hCUrI8v523NQDJNKoDxGq2nvbvw.jpg
440762,Jay and Silent Bob Reboot,/3hLTjzInrHgbcaedjnWNEPOinDi.jpg
11022,Narc,/uGHFyVdMQKvIXlsLAoXa5nOUGF.jpg
39102,Dragon Ball Z: Lord Slug,/1lmwZTsqwTtvd3m60pyQfhGM2Ut.jpg
1394,Nostalgia,/fCYSidPXp3LpDa9wlLNv0gZvjyF.jpg
1672,The Professional,/dhAZ8T0tTlTNw3D7Cn8wc87sk1w.jpg
14011,Justice League: The New Frontier,/bj25ueeYNkz4e5t8oMMaAOWmwOc.jpg
16643,Life or Something Like It,/b9lUSfCjv8jjNRSsmk65HEV1Pv3.jpg
331446,Sharknado 3: Oh Hell No!,/r8qy2CgaSjJYusWy3XkbZieK5aG.jpg
253980,Marvel One-Shot: All Hail the King,/ozXvopXv1TiOTls8zb09dBmu9dt.jpg
619592,Force of Nature,/ucktgbaMSaETUDLUBp1ubGD6aNj.jpg
21316,Leroy & Stitch,/1LCfRArffse3PnqkACooOHkWcry.jpg
271736,The Program,/7qb8L1SydRGGc3cuN0EUvOqLnCB.jpg
599281,Fear of Rain,/5hmaACPJfI2M0v38DeltW3dSggT.jpg
180147,We Are the Nobles,/40JLnLz5KEQeZnUCKD3zf8sQJFx.jpg
9682,Pulse,/tmcSKby8AARIFCGFJRqcHAcaYRt.jpg
595671,Never Rarely Sometimes Always,/7yiSyQhhjTFphhfCUcn05tCQxyG.jpg
809140,Father Stu,/pLAeWgqXbTeJ2gQtNvRmdIncYsk.jpg
578908,Bad Trip,/A1Gy5HX3DKGaNW1Ay30NTIVJqJ6.jpg
364137,All Three of Us,/aPYtRdJwt85OgZIUBZ5tHgmfyCO.jpg
27,9 Songs,/91O7z0vo7MiNWd5xD2BoivwbQsb.jpg
602545,Into the Labyrinth,/tWcN7ZjeOBzuwNtx7viKb1w2UOj.jpg
475132,A Private War,/pAh6uDR9bBznybiJCVYZNJmjg63.jpg
10546,The Crow: City of Angels,/wcWXBujfOUKYbWRnfnAUJaqxRrn.jpg
320316,Italiano medio,/24sDYIMhKJ0tR0vCMQqwNLzkkqP.jpg
459202,Boo 2! A Madea Halloween,/5nvP4etJ8ecQv8qZM08dK4BAzdK.jpg
253450,The Assassin,/10RcGMfzg2lIW1aLcR4ILfNbHK2.jpg
14177,Beauty Shop,/4h8WIvPb3nVh20xVHmvCzDJwnfP.jpg
1441,The Contract,/sU2yzV3T1LetBdQPAeBRDb4YwLo.jpg
3109,The Quiet Man,/u3B1hVKHE56yBRoxF3Nk9uxHdYN.jpg
1875,Fantomas vs. Scotland Yard,/wrs0leNyQwVbUOoXCnfMf3Bix4V.jpg
53565,Steamboat Willie,/beb0az1ktyUj5ZljGOY9YOFfkSS.jpg
43935,Dylan Dog: Dead of Night,/pkB97upmnlTZfB8u1Ff452Ybd7X.jpg
432087,Back to Burgundy,/m8Y433w0oaFyZnBUhXv5H180aqU.jpg
10753,Police Story 2,/kjq1FXtHh9i2sIuM0JaoYf43FDU.jpg
429467,The Lodgers,/qoqFM6t9wlBITWKRogJUompoClh.jpg
27374,Lake Mungo,/g0zCELYfBfSv8TOGC13buABVN53.jpg
12924,The Place Promised in Our Early Days,/e8eXk3PmkJACXYM4mogbo8a4Zjc.jpg
283601,Galveston,/q4oJPtd6ilux9NU9wXomTWBI90B.jpg
336455,Viral,/4XLUXRn0Du0xGPUitSuTTT9a8lF.jpg
17689,The Gauntlet,/hYXkHixmH2W4hXA0qVJpT4ONPt1.jpg
13672,JCVD,/8fdLq1X9n770THGtGDx2e74ETvE.jpg
15584,Dear Zachary: A Letter to a Son About His Father,/bVJCQfIfNC01CYOVkvBOtrY1cxy.jpg
9058,Only You,/7mLLANXgUg3bibTiUitDlB0NZcU.jpg
598133,The F**k-It List,/oIxGqt2XKTLEKLHVffIv9hUlW0T.jpg
622855,Jingle Jangle: A Christmas Journey,/5RbyHIVydD3Krmec1LlUV7rRjet.jpg
640344,Me Against You: Mr. S's Vendetta,/sfeQTIRkJjWt8IPDSBcPqkrcaas.jpg
3089,Red River,/jyNTsAzrIWB441OtvfbgKtx1kFS.jpg
27902,Love Wrecked,/raMhrOU9yna7hiVjuk0zAI2y6Yv.jpg
478820,The Emperor of Paris,/7mZBfj3dFIzQgMVfkDwi9u4JBxI.jpg
11484,Rollerball,/cmcipEfexlhVLYQXqeSWp1YcsPY.jpg
5590,Donkey Skin,/kSODEFNpTBCOJNHhsbwrwvH0Uvd.jpg
25253,Crooks in Clover,/1uYCIsMpX7FtWu2xO1YMIAQYvLR.jpg
613080,Once Upon a Time in Bethlehem,/pNfGE8n1iv1DIBNSG1kQLtHV290.jpg
845222,Kingdom: Ashin of the North,/piGZDwFW4urLYDWGiYJMrt6hdCS.jpg
250538,The Good Lie,/yAhoeIwwtPxJ7uf9HLIMHIqWFnL.jpg
9764,Dersu Uzala,/bIOrDQ3Gg68k3qJAnRU7nIZr0BW.jpg
4497,Viridiana,/yFnUCrPY3ffjkqOkOupLro3sO7X.jpg
1870,Fantomas Unleashed,/m5fyoLC3CAZbeo1lJnGtbLsC949.jpg
126277,American Mary,/oHwyNKHm41Y6WPRCHL0zOzytGvL.jpg
25538,Yi Yi,/hTPkCpK9SLGDMXRbUwzoep0MxOx.jpg
65291,Green Lantern: Emerald Knights,/weth8sLv9y8L9GsEyLRBUZewXUt.jpg
604822,Vanguard,/mKvw1Ic9enfFlCPBNJGiejRPMUO.jpg
21972,Like Mike,/ruuj6Yz9Vvyk6MI0ejRmAcnT8V5.jpg
282297,Cowspiracy: The Sustainability Secret,/5rn3jsTgqQWPQRDof3eHT3wd500.jpg
390061,Mark Felt: The Man Who Brought Down the White House,/fyL7sKgNOMA2o5xesE0d629Sx7F.jpg
9805,(T)Raumschiff Surprise - Periode 1,/sjYRm71LboXiUkI51FAMLvIjz9O.jpg
11634,Show Me Love,/rkzz3kduJUkfLDIlhyZ8yPVsfHF.jpg
1567,I Stand Alone,/4kMB2AAcDQ5diRuh7NTxuS90bx7.jpg
4728,The Gendarme in New York,/1p0OftpJ4Bdk5TCkxaZ37XQjGH9.jpg
27958,Cruising,/bb9CND0WyfwdHOZY5XmP4Qn8taz.jpg
460648,Bleeding Steel,/vL1KMUr0Jj6kEZ5YPZO7VQBZMLl.jpg
11913,The Gendarme Takes Off,/3IPX3kqY3xte9TwSDizY6GFjdRr.jpg
17612,Lost and Delirious,/3Cu95A09arsfTsOJfygVwhJe5qc.jpg
416051,Based on a True Story,/w9OGJ6bE5vNYyIjIPz9QUqBO1ya.jpg
8348,Thunderbolt and Lightfoot,/530RZ2HsxAgKVO4joNFjAgucbri.jpg
27632,Black Sunday,/x41Zx8GeZhducquhOq9nE7z1GBG.jpg
671043,Spoiled Brats,/nW5LHayHlbavYD6XRM9SjKi55uu.jpg
117974,Sightseers,/l52cpdZcVkEVTaLqga6xxSQoaKX.jpg
810171,The Valet,/q7FmdJHKMLIC4XgWfcFRIu2iVdL.jpg
244688,The Hungover Games,/sOqB812jWYgcHCyT2PVEk3RBtSm.jpg
15244,A Man Escaped,/yPVp405f3FzLyLJW73rcn9FhWyH.jpg
13497,Drumline,/zl7gdxYqKdFCioPT3DAkZR5DDUP.jpg
20539,The Crucible,/zv69Rev43me5gQ68x7fk1mQzhHn.jpg
437739,The Mansion,/5R6dKr0sMogP9bjhJ0UHGxVckpw.jpg
22584,To Have and Have Not,/jLOmQ6yHWSKZDrJ2CMuSrXE3t3J.jpg
11427,Dead End,/3TEqyuJfT4IcZbDE9Xc4KRxi8au.jpg
848058,Piggy,/pIFeu5gF7ofAxI9NqrWbJAjjKn6.jpg
325848,The Parisian B*,/9IfGbf7L0ke3QYApCvFgv7POxUq.jpg
706510,Desperados,/p0aJ42yUp5pS4MdPKP69VRZ2Gkp.jpg
44894,I Love You in Every Language in the World,/sAD8wEFbGwVIJHrps9Zll9Ov2Rt.jpg
374052,The Love Witch,/q6mZjCwGn9KCTrStTRM88pui0is.jpg
118289,Diana,/a2fdd9ZcWeIh13PPNPnxKs2tbXm.jpg
544510,"Cyrano, My Love",/9Y1VxSfJdu8fqQqgX0x6OObxvUw.jpg
641501,How I Became a Superhero,/d0wn9YtEnmbucx8ZUsT918ctoiK.jpg
11296,Birdy,/29pXKXcPANhOTxyFqTGEaw7nIws.jpg
291351,The Sea of Trees,/gmVGIEfzxupZUTer1Z5n80CHFnD.jpg
152790,The Angriest Man in Brooklyn,/v0tiYRNhMYbefWlgWFmbhXiOwjr.jpg
727293,The Tender Bar,/m6Ej3F4tYTOHD26fvX1zN9bcEUg.jpg
26617,Five Easy Pieces,/AciLTjLqyHiEA0lq35CV4Atnm4v.jpg
241254,The Prince,/22b2fmxhZveWSyWkgUz2y94fp3w.jpg
28032,Thumbelina,/eBvSSfwAKgcjF4eyaeNSzTCpfaF.jpg
10846,The Tiger and the Snow,/i03x8Wk8b4QKMCSinKiFbCHp7OY.jpg
1945,Nell,/aIDp3x2YfijtdherR28pIH6yenn.jpg
22244,Society,/8Yg51sD6loLBYIlUcMDCO0bUGSh.jpg
4587,Mermaids,/1VufMcp0euY2LpmKiVv8xnbB9Om.jpg
1378,Shortbus,/s8QBrWgpZpYrySSyTQ0xbFLPKrS.jpg
6217,Cat People,/nYcQnkbTD4LDmp11HCReQuUoMKD.jpg
9689,Hollywood Ending,/3U18987pFdqLzswOQV8Fj2HEunV.jpg
5971,We're No Angels,/5XBVURkON7jyzxr0cONWeTbgAov.jpg
13967,Miss Potter,/fecGKwGABfZdMbiH1WQN9zMcOkS.jpg
238628,Tangerines,/jNKUXcwZr1vpgq7sGTCEqdngo4Z.jpg
394830,The Crucifixion,/yxTFHGcS0AJab3olU9BjABf5Ogx.jpg
5680,"Elvira, Mistress of the Dark",/tr9ajyzn0xRZhgp30SMdwhzFNJW.jpg
185567,Zulu,/h5OZD7pVkIKR5jf4lGFzQQrLmLc.jpg
17483,Shelter,/eYA8KiSnIAbxtoIgg4lpZjB0dfz.jpg
323262,Holidays,/5FXtPtetZaB0giJEqC6mOLBr15A.jpg
204349,Contracted,/3Be1XlwkmJ9CLBND35ww2Pg3Qs.jpg
14924,Sid and Nancy,/wHzCbMCfipDJ38GW5IyBTWDflMz.jpg
1857,The Transformers: The Movie,/j4HTorvJdGOuIgGyE56fMCLmcCg.jpg
11127,Starship Troopers 3: Marauder,/vh5nospDpMOxZhyhRiXWWMmSFQe.jpg
620683,My Mom Is a Character 3,/zw77BFPGJ73Lig8GwRzYj1XHq53.jpg
390584,King Cobra,/sEun5y2q3aIrmpIAAhtS9G2JwH0.jpg
422803,A Shaun the Sheep Movie: Farmageddon,/p08FoXVFgcRm5QZBaGj0VKa2W2Y.jpg
4241,Visitor Q,/veDqVt4oYq6mjFGasdVeEv6RPBg.jpg
70577,Faces in the Crowd,/A3EtPBwTZe1Dfx1xvjCtReUxDsD.jpg
53957,La matassa,/9wdHZjeYSY4TUB0D8wbs5RT4k3O.jpg
779,Vampyr,/yt3JS5JSoZseSohYkhs6FLU9B0O.jpg
10412,Romper Stomper,/w5v1la4WQgh5c2faGUDRnMqKmhk.jpg
70821,Cyberbully,/wJIGiUaknsC6tLL2Om0dATZu90Z.jpg
234212,Demonic,/ne0wAvbmzk72svslxjuFySrXEKw.jpg
453278,The Rider,/cFsrA0Is5xode2INrPj1VJcQ18n.jpg
11980,The Prophecy,/4ZWFhQipzBHJze2llzCzhrSIZsn.jpg
62204,Quest for Fire,/vbf39Rc5qBxqiB2NMSUhToelsed.jpg
690,Pickpocket,/kxpvceDv9fhFc4OAs82fmdzu17Y.jpg
16418,Barbie Presents: Thumbelina,/ytKd2jWnzWLCiccutqqMNzcP5RE.jpg
57737,Barbie: A Fairy Secret,/wn2aoYKOonwMNKkzfgO5y4ji8pB.jpg
14433,Zulu,/9V7tl1kIb67ZPRRNlUdy3JvqEiA.jpg
12105,Yellow Submarine,/cjrGM2QYlwzV6vXz2yF7y6fdTRu.jpg
129112,Wadjda,/w4iCIZ1kWSOCt0yELjfUMNAToUF.jpg
11191,Mystic Pizza,/of7XkpzU0AsnFxMwrmZfBBvkgxw.jpg
594634,Close to the Horizon,/zrpTa8JxNqd87G7HIqnynp9HpUc.jpg
575100,When Mom Is Away,/dYEmySuwiQJNxZOHvJIAzihaOOE.jpg
660942,The Innocents,/dqvkxOLmnHgDOqZlT7GgMWEQViR.jpg
66118,Case départ,/jBxLQKmVJ4xICf0NryoJntM5sun.jpg
49687,Marriage Italian Style,/1VVQFXwr4i6QSAoPnCs9UmGTUVw.jpg
56590,All Star Superman,/30GAgK0SvrRoopHlEcrchXqD0hf.jpg
5488,"I'm a Cyborg, but That's OK",/x48ecVD1HbfQh3KZeK6LwRgVrOl.jpg
10396,Tequila Sunrise,/8LoG0GL5N5e7zvvXezwwGnUfRHL.jpg
10008,An American Haunting,/5ePaCimd7cA9zYNib8WfIbWnrCf.jpg
4481,Manon of the Spring,/1qpu6Zc1PSDL3UbDNIZJ6YuhJDW.jpg
11890,Oscar,/rGJOzUwHlkx8MKy2oR2qEiT7g4G.jpg
10685,The Watcher,/hsMvndtd3KPAvJ3q7zKZuNSB1R3.jpg
74945,War of the Buttons,/ibINMdUCDTcxxQujp9MKEEDdbB.jpg
14447,A Matter of Loaf and Death,/aCRoffkRpWRlArR7dAkxabaimLr.jpg
20857,Hardball,/uyPlrTdkN06sZv1I5nMC65qReGk.jpg
852096,We Have a Ghost,/xo0fgAUoEeVQ7KsKeMWypyglvnf.jpg
30178,Stuart Little 3: Call of the Wild,/zImw7IVg8dxPkqMfT0L33sdsIHC.jpg
300693,Truth,/qmpMRABYbQjgtxwJ6xMPc8KskzA.jpg
558144,Deadpool: No Good Deed,/7p1v2CMnEd0Hb3eFi0iEA6kDAMU.jpg
32293,The Cheetah Girls,/2n813ySvmLdGV1CohEne7nAjUd2.jpg
62320,Home,/vf9giK9WawPGluWw5E3eyDreDcW.jpg
320588,"Hello, My Name Is Doris",/iYRpTDqZgA3rsRh4EIkWHsMjAKd.jpg
438347,Wedding Unplanned,/b9Xh6548vTyNhgTcWqFCE8MmdHv.jpg
291328,Rules Don't Apply,/a7Gtn4CNsNYKVlkCBspfETd6z7r.jpg
736074,"Batman: The Long Halloween, Part Two",/f46QMSo2wAVY1ywrNc9yZv0rkNy.jpg
11471,A Better Tomorrow,/3LaUyoLADXqndKaX7ZjGYrWCedt.jpg
13275,Annapolis,/hH6YeqFcihbZsz7iWl6MzQVzL8O.jpg
10347,Dobermann,/3rahpIHJBenGJKI1EfAHlGSfKEY.jpg
489418,In Safe Hands,/andgp8cnHZPAwx3zPUDaZ0pn6Go.jpg
16198,My Neighbors the Yamadas,/nj0ijnOozQtu52r0ncut769G1FX.jpg
9449,The Borrowers,/kgaocWyuxihDe5aNqok6fORIHnY.jpg
1808,Velvet Goldmine,/4EJkObEJFvXCuoVqOP7XBXGqdQ1.jpg
5968,The Woman in Red,/4cBhKj5wVEyJdXwZfxHB1E4P749.jpg
843241,The Seven Deadly Sins: Cursed by Light,/k0ThmZQl5nHe4JefC2bXjqtgYp0.jpg
601844,Becky,/9wqKF883Kn9c0SZV4ZmkIkFhBLh.jpg
1644,The Vanishing,/tlFUthtOMlRYDpRzYDBtyrNJJUU.jpg
13067,In the Land of Women,/xUPcfIgHmmCnW3wLyocKLxfhRrM.jpg
17443,...And Justice for All,/32NmJn0p4o9BdWVpEhuyxzwsqhL.jpg
55725,Win Win,/xX0Ryq5J2weFF5BPYb80giKUL02.jpg
12914,Stargate: Continuum,/aP22JTw7or68WwqwFu1Bwrg66Ev.jpg
80038,Friends with Kids,/cA6putv2ND8snBBa0t9WhlW1TfG.jpg
13368,White Christmas,/A5kBQsHKbIptxJyELEpHQJROCRj.jpg
242022,The Inbetweeners 2,/xP328XWLccsitiTTClWGTNlwz48.jpg
9684,Sweet and Lowdown,/23S5qa8j3ajYnERcYCqMLfSeOvw.jpg
500922,A Score to Settle,/4PBwZGBP6ziKuOgHRpbVRyGoqy3.jpg
309242,Mississippi Grind,/vS3Bc6BiuZtAbSQpKhhRzPa7c2d.jpg
589761,Chernobyl: Abyss,/AmJLuHjxPdIJO6vmymeWADG6jK5.jpg
10531,Death and the Maiden,/hlUXQ2aEuYDEE0ok7DORE4uffjl.jpg
332502,400 Days,/eGH9FWmvUZsbVi3qqxXsI4v6NRw.jpg
11398,The Art of War,/m3DsrJC3qzm1GPzjDeb5dRXN6AF.jpg
632856,Spirited,/h3zAzTMs5EP3cKusOxFNGSFE1WI.jpg
12157,Green Card,/9UweLsv3pCORu25Uq72m2IBkKaK.jpg
203101,High School of the Dead: Drifters of the Dead,/jlRGVYItWkDIJg4OZp9S2g5lKuc.jpg
294793,All the Old Knives,/g4tMniKxol1TBJrHlAtiDjjlx4Q.jpg
14372,Leviathan,/sJNcoyKsqYGEFCCNsYsccikGePV.jpg
301846,Howl,/XcwP3VGTRVHjc4doNP8w1fdOJ7.jpg
10165,Fear and Desire,/4mD3LNkXayoI0q0qxNH5cXtc0em.jpg
925102,The Night of the 12th,/9IHnpje2aZ6TI6B385BqGfhcMuB.jpg
11027,The Postman Always Rings Twice,/xH3sEe7AVQ1bevdKVoBqdXWu3f5.jpg
15681,Ex,/cPwJKQX7aLxCrFsUt8k9xFkHjDk.jpg
9893,Sleepover,/p9CyHjVFCQfjhLfn9Xo0WPpYHQr.jpg
111440,The Pact,/o0a4iSc5yKEiV15NCTI5GwrZudc.jpg
455236,Accident Man,/bHFKej3Dbr8kGRSRHpkoFHq9TJQ.jpg
26264,George of the Jungle 2,/hMJbCWC9EpkVNKM3KaIOElCQIrT.jpg
477018,The Translators,/8A6qALzfMxgj51ly8KyTCZfXutG.jpg
531949,Father of the Year,/mmBdCkZxHwQn5zM17cZmd3giJCY.jpg
821881,The Swimmers,/2LSh1aWqk7z7dJk6dKNK2HNplSl.jpg
291272,We Are Still Here,/iFNnYBBZBxk9ZBXbZH3XyTIMTLL.jpg
271724,Hippocrates,/qOwNCoSG0Kxwj13IboP4lNOJkpD.jpg
2897,Around the World in Eighty Days,/kk6Rrwh0toMz9tjuUHdS4O3v2Rk.jpg
78698,Big Miracle,/hqdrgC5oHK06DDaAlulReUC7Nog.jpg
13016,Zeitgeist,/4eJQJ3tvnNO7CdxXT5awnd9ovGX.jpg
12169,The First Day of the Rest of Your Life,/w6pi0wqfNnwbCWc98jW3opwl0dF.jpg
15856,House on Haunted Hill,/g5kdFt3piV3w1pG65W9sSToJ7HB.jpg
60281,To the Wonder,/2XXGcr9DKUAjoszmj9nKvBTVAfb.jpg
11702,The Replacement Killers,/5JAVd0lYhkB2dsDtt84Qt6grNIn.jpg
457262,Rip Tide,/zQZJPhjLGxQWdxDlrtgagUa4Fak.jpg
52214,A Beautiful Wife,/zkxCuHPVqZg0FnB8WnQ9pIwCdQr.jpg
417643,In Darkness,/A4gJEE1zpImXE8MYkeq4sB69mfZ.jpg
270400,Breathe,/2gqQxJBn7Fe9J1nvfDK7cGJx9x0.jpg
484510,Trolls Holiday,/ioEv9lRn2IXIu0Dbfo9Qyo2IKhD.jpg
15762,Night of the Creeps,/A3s2tQGNb6mhlr1hPZeE5F8IUwp.jpg
413644,The Son of Bigfoot,/5yCQvhFuFPY0pACxoUpLUlYCxop.jpg
127867,The Brass Teapot,/6txTmb8OIimrQezgD8ERMmrrbnT.jpg
158,Knockin' on Heaven's Door,/dsY09zCxKDFjfV1oqXFJJpVrHdP.jpg
13667,Better Off Dead...,/GgpsBmfaQLJ2i3cbRAlKuJhQHZ.jpg
11058,Godsend,/lLncs8FEzKupj19wCqZ3sPmg3eU.jpg
8011,Highlander III: The Sorcerer,/4lVKy9bsVw78EFhd4yHTDwgBr0U.jpg
441384,The Beach Bum,/iXMxdC7T0t3dxislnUNybcvJmAH.jpg
11444,The Closet,/kNm5Jxr3iulG8tfYHqDD0ahODCw.jpg
329819,Standing Tall,/4L5KtKzbNYLSGaSXvzqTWRniLxb.jpg
530254,The Witch: Part 1. The Subversion,/4i2wo2ja5g2PmUxWa1a2eYIboZf.jpg
19494,Nine to Five,/kGVpufKV1Ivo0VrKymRmi1SkvzX.jpg
19548,The Restaurant,/gTr2HfSlRpKf4KtJYyIQwNLADGm.jpg
2798,Oscar,/imsP4Vl1UpsLf27DPxX1atIubBB.jpg
664031,Out of My League,/csu16eLYUDvyX64UdqHtwBwAd21.jpg
130925,Partysaurus Rex,/iukkUikRxktNzaK89PyQ1ioPVdm.jpg
692,Pink Flamingos,/71IwGRZmEds1yuD2xbaExAofoLS.jpg
381034,I Am Not a Serial Killer,/KXLopjRCCGRaKPMUndVoT9zKsl.jpg
9950,Find Me Guilty,/8M0dkX7jOor7exKor1txoUl9Ynu.jpg
14536,New in Town,/zKQTQ2mmihtk8vwhE3pdfbOwljC.jpg
15003,Chocolate,/g8CBVNFdJOGINQW2KuOvl5NAPS5.jpg
537055,Wonder Woman: Bloodlines,/w1SBqj0fn1j72ST5i1jauWo3swT.jpg
383869,Back to Mom's,/nAVRxYsTgr8bnsTFda8wPCgDE77.jpg
113082,Berserk: The Golden Age Arc I - The Egg of the King,/vES8WAzjowrMT8gwnoEaCioZXXk.jpg
519141,Matthias & Maxime,/j3DI3UjYBRqIbO1keUU1Bzn5qG6.jpg
88042,Parental Guidance,/yv9rgYbe1AyOuLoOO5EEbXJaVMr.jpg
432616,Promise at Dawn,/vkRt22pxIow6dtDLyS2sJKJIL3b.jpg
37181,About Elly,/ctLrMQrg3kss2JO7OIr7RVdN5an.jpg
11616,Go for It,/gfv6ctg1BTtpQeOkwThe4EzDSK9.jpg
489326,Mortal,/aVbqhqYtlxwEGihTEhewZAgDOCX.jpg
768744,My Hero Academia: World Heroes' Mission,/AsTlA7dj2ySGY1pzGSD0MoHFhEF.jpg
529862,Brittany Runs a Marathon,/aSWePCEtLpNdD7ykW6OuZqvVhyn.jpg
2517,Nobody Knows,/kDUUdWrbBBVqzSmm27pHFJcTvCU.jpg
430365,With Open Arms,/ngabKMnalcHzm4DvR52BW93uhS9.jpg
9026,The Importance of Being Earnest,/5GAXuGw1EijfgmlZJgUEOOdV4Za.jpg
305932,Expelled,/9p7VzMhvchlA4WdpgAXBnFg7l2I.jpg
11692,The Adventures of Pluto Nash,/dbpaFpGV1N77eNtbyCHan841YHS.jpg
33408,The Crush,/yLjDOHZ56VBYLg5m3ohx4hMcTtO.jpg
632322,All My Life,/xoKZ4ZkVApcTaTYlGoZ3J8xcIzG.jpg
30675,Planet Hulk,/5wCzY3sAs6zHIzzHIcTKN2g0pu8.jpg
419507,Fuga da Reuma Park,/gS6lW5OVa29noaS9IS9YWxeITXY.jpg
301372,Voice from the Stone,/6pJseCfsd90nA26Jz1HTSuyRzGz.jpg
11515,Goya's Ghosts,/tyZhS8kA07oU5fO3ruamJkgAC0M.jpg
599845,The Immortal,/kWLsOI2CPpdCBiAxpAXPdoE9435.jpg
301608,The Trust,/q0bjJiN7CzW0qbNajGPYIRF83qr.jpg
4024,Last Year at Marienbad,/n87uBkU03oPJkRy7sbMP19hLHFV.jpg
800497,Werewolves Within,/5CGgbgyvmE39Yoqa80GKsgClbQm.jpg
449749,The Leisure Seeker,/1IOnJzgbgVj85vDEIf1fPmCQ7KP.jpg
57361,The Yellow Sea,/16Pkg2ChCdACbBKVIAPAZtLL6eb.jpg
38985,Sorcerer,/2b7oexm173SF1FSEq0DdgxZZNRH.jpg
276844,The Little Death,/wH15YYgBT9ZX37nFkSQ0OM8qjCE.jpg
429202,Vox Lux,/xmFOjB5bGvFqNzsX5TbIWzdvpGd.jpg
920081,Megaboa,/sAnAMv3eyQiGI1z2k8NsvH0Y6r5.jpg
431072,Step Sisters,/cncHzM37IbohkBX7tlSTiULfIsO.jpg
387893,Ice Age: The Great Egg-Scapade,/ysQqYp9G37Q114Nc6uvCHbDmaj6.jpg
4291,Kikujiro,/zTelT1xAO4Owxk1jHJM4puoei5N.jpg
22596,Safety Last!,/bG2IFl0pFaisVl7YQuSiuTQBWKZ.jpg
14746,Streets of Fire,/ryAJTKdzVxU0cqiAAW4luQRhHAk.jpg
556901,Teen Titans Go! vs. Teen Titans,/h3zznBfuEBV97eAvEWVX5WeAmtE.jpg
458344,"Juliet, Naked",/tj4lbeWQBvPwGjadEAAjJdQolko.jpg
333674,Intruders,/5zRiFh5d1hWmYDqcYKz6uSUXKnl.jpg
77951,Walking with Dinosaurs,/kjFQHmx9EXJPqcyY1NlartUXkTE.jpg
457,Sissi,/4GtssGHNZprHVSdCouszcBb87Se.jpg
5693,Hoosiers,/dHpjZQXEdoi1xNLubM1rPmTHJYz.jpg
528491,WHAT DID JACK DO?,/68FofMgclH1qCNXoL6foBqPfNFD.jpg
7342,Carrie,/knjeEeeyIwDkUtZwDfJOcUIuNdB.jpg
918,Blind Date,/cLb3akSpZhU5qkmCO46IHfJtcs0.jpg
9692,The Woodsman,/4fDgLcc35A0IpxhMyJMP33bSDXj.jpg
13001,Stargate: The Ark of Truth,/kIqsCdZBmKYuPwaDnrFYzK1gqlM.jpg
9652,The Passenger,/rYfnOaYYgAuoI8R0JiAV72jAESS.jpg
374461,Mr. Church,/5fCfZEQwcbuqVPyMu7pN5XNpK5V.jpg
289720,Outcast,/efsgCTlofzIuysfokEp7hwQnUho.jpg
10861,Maximum Risk,/18HVWwyLihWJPzGpSVl3omRRMyL.jpg
14728,The Librarian: The Curse of the Judas Chalice,/dNb7NiMtRdjTKeXVRrGcTQXgpEM.jpg
11447,The Son's Room,/mUeDLodG63QSGBEGWDYZIsYjhok.jpg
72478,Suicide Room,/24a6wmwFr8AicQaBdK9LSEPahgb.jpg
11535,Rollerball,/5Wquo3EjfDpK7S1BHcybuC3TZDO.jpg
9414,The Man Who Knew Too Little,/yVlIZa0u6CTN5LudxGX77Fk46iz.jpg
563907,All You Need is Crime,/aDGL90fBZs0vNDdl0qPxmCMlkW.jpg
14580,The Big Heat,/n1xdAX2g6PU3aqQXmZtY9gXvvEz.jpg
8333,The Taking of Pelham One Two Three,/vNhywp9w1DVG6BytxKp4kjtaaGC.jpg
746333,Superwho?,/Aie2kiYOUgZeakpshM2N64PKof1.jpg
9463,Vampire Hunter D,/k7uOoGUk1JiN3gfKefUj2kP3Vu6.jpg
12491,Accattone,/oHtbdVEVk0lSU0QRlXeUWxhcI2u.jpg
8366,Manitou's Shoe,/pBxSZ1zt8jvKER5WSA0eKNFouLO.jpg
14817,Good Burger,/9Lxw2CCPceBzViBsA00za4oP6OZ.jpg
37719,A Night at the Opera,/A4YDGfJwaG7aMxDVrVJsOHJ7ufK.jpg
179150,Reality,/l6aty0lfqsTefZ5xduwT7D44N1q.jpg
9899,The Producers,/nG0Bix2SH2SQcbAIGhb6yqTG5UH.jpg
6619,Death in Venice,/s81SuFBSqY8T5Lrn5R8ucX8LKxi.jpg
39100,Dragon Ball Z: The World's Strongest,/5elbm3iLgGQ6nA5vqUmi9vIojbF.jpg
336011,White Girl,/zBmIjDObX0qMQbTWn3qBAANopUx.jpg
185789,Mulholland Dr.,/oGXtT5UW8lDWt8uxlww2zw9GmBs.jpg
306964,Tales of Halloween,/fc4YBCqjfXv8EZpV5MpNsKPW3fY.jpg
73873,Albert Nobbs,/68fdlvmqTWGC2y5nGXQE5RfgNB5.jpg
1716,The Last Metro,/t8KMFg9PiD9GSIHXlzast2WhZex.jpg
279690,He Never Died,/vzqwe4uuINJhbPqvlbVShBnCvHv.jpg
468284,The Insult,/w9mlrckg3ZU2rsAlKUbLD1CgBTk.jpg
23367,Bandslam,/z654TmQygFasbyi52vwHv8fWxoi.jpg
11602,Through a Glass Darkly,/rYD30Fm4vAcBqk1kTsxHw1s8P29.jpg
2383,The Bear,/dFCBCcAaz7kxP841UeZCRhyNFsC.jpg
377273,Aquarius,/Xue7dRut5p2l6a9oCwTLI53GM9.jpg
241863,As the Gods Will,/s1AClIF80ozU3ztbmrOG4pDbkaz.jpg
375785,Then Came You,/658QP5tmBRUlE5JvxOnnmITfG1F.jpg
255798,Burying the Ex,/jf3MWdCo8eM5AJeyy21xISRSyfe.jpg
419522,Ignorance Is Bliss,/2Jgy8eXQOPhi2Mhah0up56izZLa.jpg
17532,S. Darko,/rQJjsKhqL4VZx0VN2sD8PR0dK1h.jpg
9586,The Bonfire of the Vanities,/pdrPrygZ5dVKi8UxrUXMmq1k2iO.jpg
3682,54,/7OLxcpW44LMpdDmbotchhfFOeGf.jpg
10118,Material Girls,/tJaTKE5kP0BQCR2hkltnr8aEpnu.jpg
411019,I Am Not Your Negro,/zwd0Zti7BvY1mO0mTPzM0fRrtc6.jpg
606625,Follow Me,/glwOyoD0Pzxzyb3l7nELEgjSjQ8.jpg
912,The Thomas Crown Affair,/oODAwa2AK3fXvK93GCbq7dFLZPi.jpg
4946,The Swimming Pool,/rjpXsaXFwZwY9hiVyIp4XLs93Ee.jpg
10748,St. Trinian's,/aOVxLigLjkix69vq6iiu0XXPnai.jpg
2575,The Tailor of Panama,/na80ysnoCvoxwGTMWCWYvnmaDlz.jpg
8818,Evita,/mVdQatilUGMtB6sV4FXA7O473UD.jpg
31682,The Incredible Shrinking Man,/1Tl2aeOhvUmEHSGHGH5SfmN19vQ.jpg
14637,Nothing But the Truth,/ueJXKG3PFoDPEhcKtIjP52fCRQ5.jpg
17684,Chouchou,/n5hHf0x8i62kbUycqHgkop7jUDy.jpg
12212,Urban Legends: Final Cut,/9kjGrnhMz37RYEd5BFcrU1qkPkl.jpg
13498,Man of the House,/anBhlqCABytNvybE2Xr3tvsCOTp.jpg
348892,Bajrangi Bhaijaan,/rNfToRJw35h7a4y6HXGRgfkLvdc.jpg
13505,The Perfect Score,/xflTliVBvCztaLzTJx9luHnSqwD.jpg
374205,One Piece Film: GOLD,/OAXCENRg0smntp0uPhTQMPxs0O.jpg
2721,Z,/dFAJyFNgvOv24f2RQyI9KDxjGr3.jpg
72477,Texas Killing Fields,/oWGCz9txia8hJsQDNe6Lj91qr7K.jpg
430354,Bushwick,/9fGjmzxdiKWsrlY3syrm2aXeTq7.jpg
667216,Infinity Pool,/kHLm4E0jSGnDRqo2ZFgEQQeQK6M.jpg
10102,La Grande Bouffe,/g4wOgslrQKprlQl927h0lQQ3P99.jpg
26285,Fantozzi Still Suffers,/1MfDUCcf8KUgFSvz8eI2lW3bp2y.jpg
11503,The Serpent and the Rainbow,/f0n0CDxtrBcIow6yzoORVVhRxYT.jpg
11076,Fly Away Home,/obcQJkZB2OsRxd5GWIcQ5Qjv4YW.jpg
778730,Crazy About Her,/hPBJckYsL1UOsz44InZ2wYJyJTy.jpg
449574,Godzilla: Planet of the Monsters,/hAuZ7g6TqDLv5fOqXIPgYRguOkm.jpg
31225,Paris Is Burning,/3P1CqwwCqgwETklacItjUmNR2tf.jpg
302429,Strange Magic,/vjCdrK8gGRFnyuZb1j9BzgN2RaY.jpg
505706,The Golden Glove,/wi9K8quRC3oYfFjGrO7CODR5nWC.jpg
800,The Young and the Damned,/3bdfN2gosYSxpHBAXPkAhxkUJFr.jpg
114750,Dear White People,/jH3851P2DjjnBsrjphbR1CWRzm6.jpg
534780,Andhadhun,/dy3K6hNvwE05siGgiLJcEiwgpdO.jpg
337960,Holding the Man,/vxORWSHeLpsK8jDyFWuJifKacsj.jpg
11034,The Great Gatsby,/zCjwyhfDTFgunVVzBoEFzafpjbV.jpg
11317,My Girl 2,/hEZ6L72eBORRnoUxf4pip5U76pq.jpg
42437,Natale a Rio,/b77Mv9O2Nw1ZAxm2uX0LeAPogmX.jpg
12767,Cold Creek Manor,/3FyQ5sCGpDS0H2s12CDK0mljIP9.jpg
12720,Suicide Club,/pnmP8OdxzzoYskyx7GbO0EGL6Dk.jpg
9067,Tank Girl,/qohdY3BcJ98sFneOUAWp0FmH4Z6.jpg
9031,I'm for the Hippopotamus,/voImabKBh1yzuOj7jfpApHuTW1s.jpg
277368,Nicholas on Holiday,/woRTbC7qJdU8OhuOju0Fw2UiBZV.jpg
479226,The Purity of Vengeance,/uTdaeGpznkLfyhAzLlrdssD621R.jpg
15393,Play Misty for Me,/riP8FcKh8VK2kJ6u25IhnQnGsnI.jpg
13962,Blank Check,/wmr5yiWbfM1LlOpkNTQ1pHDipUE.jpg
9446,Jungle 2 Jungle,/ul2a6neFaxmMx6KzF2Ezvb0NipF.jpg
301272,Let's Go to the Country,/vcUKXHI7uOLJeLdresvwHlRpGfs.jpg
11648,Must Love Dogs,/252PdRj3y2S05DC4oSf2qk2vva3.jpg
190955,Blood Ties,/7tMuywiZUoaAihEIkCu3BAL1xPC.jpg
408508,Blue Jay,/6Xkp4is3hCPXYHu26KLt9giB5pF.jpg
262338,Good People,/zNhzWvhOJ18Twl5oKanVWT7bcSk.jpg
284296,Top Five,/nM5zWv6zpWHsrKNMrPKg23UHZCA.jpg
485894,Naples in Veils,/8fAHWAowDiG9jxTrPmLGZvadtmR.jpg
265228,Timbuktu,/tCpHpn8msgonS9HVDMkrcSZh4an.jpg
20235,Belle's Magical World,/lq5LnHRxjGw0HlQ6inMdmDdzEE.jpg
18333,Hour of the Wolf,/jSqTnEP1x1OcOglqrInYvGSF1tL.jpg
2029,Tanguy,/hTSALpAPB5ANmplvBqwChgv1Hun.jpg
31997,Saboteur,/iDKOOTymUZg0WAWPcbdP6nPZEFF.jpg
9624,On Deadly Ground,/8jnO8EByAsfupWj9RjQxYAO4AUH.jpg
892153,Tom and Jerry Cowboy Up!,/muIaHotSaSUQr0KZCIJOYQEe7y2.jpg
9059,Tales from the Crypt: Demon Knight,/1TekTWa1htkb554KDplTXskQupo.jpg
77944,The Worst Week of My Life,/l2Llp8yFjrY3ow9AlAWtByHGso0.jpg
534490,Avengement,/rXPxSAYf3FdQktnOtQnvhUPMhFp.jpg
11421,C.R.A.Z.Y.,/AoFk3zmjnfSQC7LkE0aqkzZlOPZ.jpg
253235,And So It Goes,/mp6aEHJa1SUQD0BvmbytvVjHk8.jpg
11134,Police Story 3: Super Cop,/1C49MPtKZ8fZXtzwSj4Ha0eEEjl.jpg
184125,Assault on Wall Street,/4dm5XEXIT73aB0g1nrplwYguaU9.jpg
84184,Celeste & Jesse Forever,/5Cr8kW7DjZEORU8jI32bqyHSGKW.jpg
13160,Over Her Dead Body,/85moNqAncGlJXEwt4Ja3DfNbiQY.jpg
153158,Underdogs,/qYGZyLZSMHJdU5tdf4HM8vNZrv3.jpg
765245,Swan Song,/y0WW5vX58oMEg9aRRTB5QtG1Vyn.jpg
10149,Smoke,/phvnN7OPEnlHoAZe8nsSqPDD8B0.jpg
50204,Burke & Hare,/gcSbKn6T4JGnaotGD91OMysDyEU.jpg
7548,The Libertine,/3eiFFCwIXbWUEE4D31bDu5sz9sG.jpg
314402,Dheepan,/vsOgF4KppWNm7fs71YrERviNNl4.jpg
10306,Poltergeist III,/pLewUibOJLGISvMqB94mAMdjz2q.jpg
160,The Arrival of a Train at La Ciotat,/m5HSlaNCzwV95rAriDmT19el5h1.jpg
16858,All That Jazz,/meLHG7ZMan8WKVmF5tCTy4B0Hjg.jpg
309299,Experimenter,/kMTLGbekuHkpw4M8XKdN2d7n2aF.jpg
15143,Some Kind of Wonderful,/dfFl2m8hWmPFtBsme3tEOXbZLnr.jpg
11002,"Greystoke: The Legend of Tarzan, Lord of the Apes",/rdtEIdzqJTVhSLsjuR4U9t1KKxp.jpg
507441,Sea Fever,/h4cPVVNPZUHVeoF6dH2grBvSEKs.jpg
10023,Dragnet,/2AqQGyY5yM8PCOGxWsMNlegTnDp.jpg
10805,Staying Alive,/m9Bt1QUsXJnHlio3o7YdREfUf86.jpg
10714,The Jungle Book,/9hNDhwenNsopdkBpOjxG8lmcZ6n.jpg
10150,The Last Unicorn,/2MhDPbadE2ha83qiFwUHPgmKLnV.jpg
51588,Prom,/pOYSCjYylOsEPkql3m9gcV1jycR.jpg
531509,Otherhood,/2qVErJgfMcg3TzfYcrbaXBcrXV9.jpg
589739,Hair Love,/pm9uRa7031Z56unxNE8AqE8f2wg.jpg
3009,The Trial,/2o1oe54a4doiwB4uJq9Kx1RHal0.jpg
16140,Death Note: The Last Name,/wd0Ri3v8tyRdWuA5PRS2rODOlIa.jpg
21588,Cemetery Man,/cI5AV3jCuxmoQp0N7Z16SI2b7Xk.jpg
650031,The Shadow in My Eye,/jCKvbH3a4V5IPoRAG85eDaniNqO.jpg
16340,Rugrats in Paris: The Movie,/fDV5s6Wb21lGq5fWuLxXtAdWobT.jpg
3177,Battle Royale II: Requiem,/sKoVS6wVmIY0fCDcJYZZ1y3yOK3.jpg
6116,Spice World,/vKiAnV1QAGIJP38vatwCZp4dCrH.jpg
83201,Puss in Boots: The Three Diablos,/ptvbHUWpU8Nh6vrmSvjx4ESDgfC.jpg
323272,War Room,/unxQeVUi5DH01r7ZNvAHwpvX7UK.jpg
11848,Animal Farm,/lhLp9a0jBIPLMAdUFNlYjCuS72Q.jpg
9570,The Black Hole,/92fghstMdnJQPxoqWPGtRhbUb8G.jpg
582927,I'm No Longer Here,/vyrkQmqQODkWXY9e4vDhzteDtIr.jpg
37768,Borotalco,/2IMlCia3G1EoI2fetNZkCVEkAzq.jpg
338768,Please Stand By,/yKhrjxmbdCjdxROc7lJhmfZ9trx.jpg
16325,Echelon Conspiracy,/eQgT8kdjWJots3dX5Xy11le2vHk.jpg
352208,Where to Invade Next,/58gW2Uty2cAsgBgwC58vT2Z9SVt.jpg
13435,Antwone Fisher,/j9lCK1aFXqMO3hzhGiqCNU8coIX.jpg
785663,Old Henry,/eE1SL0QoDsvAMqQly56IkRtlN1W.jpg
238930,Fuga di cervelli,/kfZXag3DkaHfakSrojG92C2R2Gy.jpg
5506,The Ladykillers,/9LJ6ZV59Q92LAJAbmb7xm9dUBGU.jpg
438348,Knock,/2JhwA8uxxb5ZKjMH6eDHLuJLVUw.jpg
803,Night and Fog,/2iWYQia8enOai7QEO3TvenleD7r.jpg
13768,Tuck Everlasting,/9BXAC4uTHuD37hpiGOmhetqNgnO.jpg
354282,Science Fiction Volume One: The Osiris Child,/3sx69bH2n2tgvknvq2VROJ6lEXS.jpg
121642,Twice Born,/5GejiOMytAU50rPVQHLKRaVXijr.jpg
10549,Hamlet,/ilurgUOp6SCl4cuhfjctj1qxlfZ.jpg
43629,Doodlebug,/cXDFFv6yZNW3vUHOKKUPJNnL0So.jpg
15379,Missing in Action,/nBrDcnNQca88ed1gRwZ1Q5cjNxE.jpg
2267,The Last Mimzy,/jnLXcQFx4hSKDNG1P6RMz4v5jje.jpg
11937,The Gods Must Be Crazy II,/ldb5M9LOawvaqvY7NSfsB66QLki.jpg
459928,12 Feet Deep,/3B4MLYYr5WTjQiJMbA8fCFF8M4O.jpg
8046,Gigli,/7bdljyrk22rhGeHb1g2UJejPgCp.jpg
10533,The Scarlet Letter,/8gIU7O3oV6NyWUjlL6ppbpnIZLW.jpg
29437,Rabid,/gIsuIWnvDozlQP4ya6OZEXqDecj.jpg
11646,Gallipoli,/un7VCqTmjrq3u75mQ204a8tofD4.jpg
10877,Exit Wounds,/tGIJhBejmredgUZRNdteZyiahag.jpg
581997,Batman vs Teenage Mutant Ninja Turtles,/yP3h0Pu8htyb9450mWJ9Vu1rU.jpg
20,My Life Without Me,/sFSkn5rrQqXJkRNa2rMWqzmEuhR.jpg
531499,The Tax Collector,/3eg0kGC2Xh0vhydJHO37Sp4cmMt.jpg
336808,Embrace of the Serpent,/t3Lmw8jvm7tpik0lSkub8hU4oRW.jpg
11120,The Mosquito Coast,/8A1iDYSp8H5WORWZVCV3E3SpkGD.jpg
16958,The Asphalt Jungle,/qM80ZzOdQIEmMlckqIeZsXLaqaE.jpg
14144,Daddy Day Camp,/fhuhSVb3j8SShe6FhnVUAfSRg6h.jpg
1485,Get Carter,/suvNK1hd7LnVhsumteyflDGlrgL.jpg
15794,White Heat,/4ekAK25fz1FDzRUHuJs171uiVaI.jpg
221732,Rurouni Kenshin Part III: The Legend Ends,/3Xq7xmYZwNJfSODpec6OzYaxaA3.jpg
25059,Homeward Bound II: Lost in San Francisco,/kfYawa9SF9MQ3ae0TXAfhDLFGv7.jpg
74879,Once Upon a Time in Anatolia,/jKnV5JDArGn6UyrI9HiYzs7Zykn.jpg
12192,Pathology,/tK9DvIwAuX5AExgEZqLCnf7qy5k.jpg
23988,Stan Helsing,/qDlmKahejt0NoQzw65tnLayEhHZ.jpg
1770,Michael Collins,/brIBbU6t9glEGAKRTJ4PMj9OiDC.jpg
13193,Saved!,/nmf2tFTcRJZVEQ9e3mgLH5gAQYs.jpg
391757,Never Back Down: No Surrender,/pHVswTDHAvq9Npi0XCZ0qVMSiM2.jpg
568300,BTS World Tour: Love Yourself in Seoul,/1u0rtWPgYfAWmqveXOsQDvMRODD.jpg
451925,Time Freak,/oSDctngY0Oiq6l2LcJDk8k6smvg.jpg
13528,Gaslight,/gXKszCl5Q1KrgWRWpPcqn94CP58.jpg
481375,Malevolent,/lm29Sf2uI69CmbCsUkWFn7sbvL6.jpg
80215,Indie Game: The Movie,/2B1IqPg97ZhpEov4Fg3si4hI1Kw.jpg
660000,Lost Illusions,/vLr7juofGqjOI2CyJ7hEKBXymxu.jpg
20737,Air Bud,/kDfzh6QdX2tseTwwyB7lp2RP7iE.jpg
385360,Billionaire Boys Club,/7EpC1etIcUQxqPnBz0CpHLp3evv.jpg
74849,The Star Wars Holiday Special,/eRSKviGcTqHd34vCLjcztJF6Eaw.jpg
9517,Bully,/vMJ2WHBbK4Jr3eDuF1e7O6lbC8m.jpg
519106,The Trouble with You,/n8MFhzVkIYhsZYFgzJNnl2wDxmi.jpg
146223,Closed Circuit,/keW2sLB9yJbdkRy9yHQjqUjmzbB.jpg
13282,Death Race 2000,/kwM8kkNGtv62gfPWVhD6qFxjDzg.jpg
253310,Premature,/iU7OQ2oG2HyIqmZjikXA4N86wpN.jpg
10596,Replicant,/q41zGgRXfhvnObJnn1kGIyoAhSu.jpg
21135,L'Eclisse,/oXoe0Fp92Yw3mMJ9Vq0hPlaMELg.jpg
11340,Banana Joe,/uLLnGV4kuwnHofexT1aXP8wQcxB.jpg
976720,Vesper,/etvK8ni1adjXU8obDpdUxTTQT6n.jpg
2462,Hibernatus,/dQTG9gwSgaGD9T8vukNFPMOcBh0.jpg
13256,Mutant Chronicles,/bp5w3FDi3tTKJUprwaZICKsOEcR.jpg
300667,3 Generations,/A40ko85pS3yrkzeYVuVKB8Xbjjq.jpg
50022,Super Troopers 2,/57SZgdugVClIy22rfnANeBJ5KsN.jpg
32480,The Marquis of Grillo,/8JiJu0DHFYATN8aQFe62ufCxOc8.jpg
785457,Afterlife of the Party,/1bkcOEt4zvc5tBl6xFxTbkSqhEQ.jpg
10611,Barbershop,/up8cEgEsl2Dq5Djb9lMZYBK0s84.jpg
417830,Diary of a Wimpy Kid: The Long Haul,/ivRrDm5PlOndteVZgjhQenzKU5t.jpg
315319,Si accettano miracoli,/bvzZ34pViFAZs7lGaGuSHwC0Pt1.jpg
9404,Police Story 4: First Strike,/bRHbteT4IORJOXY0Qrnb4FPXRS0.jpg
546,Transamerica,/s1ctu6p0nYJ29OqOEIGrIMRYQIu.jpg
14859,Keith,/P9WAFA0yM7eqoxF7cSdOtPsYX3.jpg
976,Sweet Smell of Success,/mFut9uTjcP1fhDeh7srKhTocJRq.jpg
9466,Celebrity,/3pbcMORRjqYgfx87CXexLw32gk.jpg
27324,Pulse,/c3zEimDraIyMSasPMGDaNOrhnzn.jpg
61404,Point Blank,/tt2UlArx3joZWBYctJehCGmHGZZ.jpg
10986,The Taming of the Scoundrel,/4cDTwuuT8Zyl7zPSRltDIlMBO17.jpg
347754,Curve,/9AGJMNrUfBMIGkCeKNccQbj0Nyg.jpg
18032,The Secret of Moonacre,/pda5hNeCxq5ls9mFfD4UtlEHeRY.jpg
520900,The Personal History of David Copperfield,/tmIUa34wtB28eMUtve6mYkYjPAu.jpg
13154,Showdown in Little Tokyo,/ab6hsLihycmW6rCHb0Fn7zWeo8G.jpg
18183,Like Water for Chocolate,/itwUdMqLmPfhtGJ44hiDxkqZhiq.jpg
532408,The Boogeyman,/pYwZdnXVnVxAr7dx4MEK7tTK9gI.jpg
438740,Salyut-7,/s2ktgF2ze4aVt9bXBUvxFJllqyd.jpg
326423,Barbershop: The Next Cut,/9mwzidlGgWfr2hcMWUKM86lOqdo.jpg
566454,The Mystery of Henri Pick,/dkliBAyyb4XVm3Wr234yMRV0qCd.jpg
39874,My Bloody Valentine,/kl3mewFceFtYIavvGts2atzB0e0.jpg
16391,Black Narcissus,/93VKekQFOkIyQsPzmv2gVpNLtEZ.jpg
470878,I Can Only Imagine,/veZszwMZu8d3WMU6TJX9sV5w1Y4.jpg
10800,Dragon Hunters,/bhHhTCh43aT3kAeknSd5T5BcZcJ.jpg
9515,The Matador,/oJnlAGmrhsg4QrlVKGgP91J6WPu.jpg
11184,Kinsey,/cODCjWNRcZkwe4ONQs1GzRqYtRb.jpg
20115,Opera,/v5VBvSVu2sWLAmyQhKQwBV5aPJA.jpg
15487,The Greatest Game Ever Played,/kh4vd6wKa6j9xVFzxhQrsT0p2YN.jpg
276839,Home Sweet Hell,/vETciJiWTLD0AdDHUANb8HkFdJ5.jpg
11857,Orange County,/lmLcncTWV78v91tKBmI5ytjKvOc.jpg
78383,Nurse 3-D,/3FSl2sSRsNuOVOJgX6HsmnM3gAo.jpg
703771,Deathstroke: Knights & Dragons - The Movie,/vFIHbiy55smzi50RmF8LQjmpGcx.jpg
473149,Traffik,/jwsmeU8mYEP6GpxJ2sbCzc2MQmi.jpg
11802,Space Chimps,/ecAKgzlt78OvEVpZURYYdSz8K5v.jpg
8356,An Affair to Remember,/jwbWglYHbjqUu8M9DjTYzTOFklt.jpg
354859,The Promise,/iDWer2VFikupdqDc7d5sxCWZ3gW.jpg
29845,A Woman Under the Influence,/6EJ4JoTxnH1QmGTE9pPzgtW1cLW.jpg
29426,Survival of the Dead,/abJiDooakUefaStfGBShm0I3ENc.jpg
10922,The Human Stain,/peS0GGnbBR7vXDaDGPxHNit4q0T.jpg
33196,Tidal Wave,/1mE5jde5SJqUnZ58MAweW9GuhzK.jpg
6341,Blue Thunder,/9tdoGRA7FNCuj1zhKDNLWpab9v5.jpg
11091,Riding in Cars with Boys,/fCkrHAOfQRN0GU42OjsDGvRKB48.jpg
823,Jin-Roh: The Wolf Brigade,/iyLKFR339GCzTKUtrVO4hbeEhub.jpg
670203,The Talent of the Hornet,/5pAAjVDpq4cCCsZsdivkCLMY6Hm.jpg
11816,On Golden Pond,/ic4f03J6pnf9cpQmVDABFhUpbCU.jpg
785985,The Takedown,/eGIxXsf3DXYejb0C62bfJVSPSM8.jpg
271706,Big Fish & Begonia,/fRCdXh9MZutj1JJPZlUXMex6AuB.jpg
599521,Z-O-M-B-I-E-S 2,/frTwEqSMWQ27oQeuiBO5PT0ZNqq.jpg
9872,Explorers,/oFJosj5ECYjf1jkvpTEjGNzPx2x.jpg
84105,Frenemies,/cfEUQG5Jv5SHVgq6pPfybS57ORO.jpg
2771,American Splendor,/3Cuher0ibSga1as9OtZe50UcXxj.jpg
44706,The Bet,/53swr5MbRt8871pS2ugU4ZoC1gq.jpg
807196,Boiling Point,/wPksyah6NboJAUrT6o6hAGiL2pV.jpg
1623,Brubaker,/r4rYu81u0Hmww8ybp7f5i8Oy9kJ.jpg
60175,The Under-Gifted,/rbYoFUzstYpGw1A2UYDSh7SqQOn.jpg
18843,Dr. Dolittle 3,/mODEH6RuoL8s9ptF1Mbrq1Z6aYz.jpg
12597,Hellraiser: Inferno,/ayzU5tfrtrqaAdVOhLFXuNxcqHx.jpg
24740,The Entity,/8hJBq9VAWK4PxfDg5lQZkUAaE8O.jpg
177699,Alan Partridge: Alpha Papa,/zsfNVz1ZualTDQinvL2Em61WyNp.jpg
76543,Tyrannosaur,/p6PJGuO6K94YylUcAsTTn7Q4cQn.jpg
11571,Journey to the Center of the Earth,/nWn9MRFkC1M13hVf17mT0BfYKbg.jpg
552532,Charm City Kings,/8oiMFMarbRpcusASIX4cjVXoZKI.jpg
10699,Hero,/wD7D0B9U9ooanxyhtgLKaqM7www.jpg
573699,White Snake,/9nxs7YlmGERa9dQbRPZXopfcp51.jpg
10891,Tremors 4: The Legend Begins,/yhh1zMGoy6nYSXMgrsYoNRbclJn.jpg
294795,The 9th Life of Louis Drax,/j4aI8CTYQouE98IlYsEZim06yyx.jpg
429450,Pandora,/elTrkTm5GjynK3H26cpOZsWDYjy.jpg
489064,3 from Hell,/nH6ZuEl0H9ZocqKItByG8ECsZsp.jpg
46929,Fun and Fancy Free,/lmc6Ge5GuSj7sLkkLHyuZpuI8Ii.jpg
565716,American Factory,/7jH3dQOJ3CHMrp9tWsI3rRCDiaD.jpg
444902,Dirty Dancing,/itjxxb8I1TfK1H3TGvrs5aJDM9a.jpg
20941,Innocent Voices,/hvwB4LdMCLzqXsk5ZjR77vzPkGk.jpg
661930,The Swarm,/A734mQnqdLfraDMJ2Ad1lyE8wwP.jpg
10236,The Way We Were,/o5x563ze56iI4iNsCBxTnDkt28i.jpg
11847,The Accidental Spy,/fPW4Qn9wm82uOexHMB3TC8x6lRU.jpg
611291,Bring the Soul: The Movie,/7x5CguA0MxHqbSjhi14UEuK7c95.jpg
246320,The Three Brothers: The Return,/v5bjUXo1FHLZQO6nfwWcoc9D6lW.jpg
409297,A Dark Song,/fguce8M1bZnWjVkRWCFh9P3kt6A.jpg
16646,Russian Ark,/7NhwiUZHBajpKC2xcGcpFhMJ07k.jpg
15268,Street Fighter: The Legend of Chun-Li,/mLoSUrNME7L19fxu5dBUrU9UJ4h.jpg
14648,Podium,/rq2KTyTJXd2p4kwCa1dajdrXimA.jpg
9606,Metropolis,/tOehVz3MhBhzvpvizEnsC8Gylo1.jpg
11777,I.Q.,/1dLR9LX4O8DSyaU5OR3N0472IR.jpg
10279,Summer of Sam,/vRClUmlP4nr1q3xMYMz32MT3Rdc.jpg
76535,Marvel One-Shot: A Funny Thing Happened on the Way to Thor's Hammer,/njrOqsmFH4pxBrhcoslqLfw2OGk.jpg
5205,Pumping Iron,/24bh2SaydGoP9Jsi7eP2TkWGkLd.jpg
10035,100 Girls,/sspDghFACtzitHyNV4sMBQcQKsg.jpg
20481,Nightbreed,/1ChluYH0BEvJo3gtYoFHnMZI660.jpg
116979,Chained,/4A7t5QmUN0joSZMOSUtbFOrbsTU.jpg
156711,Austenland,/8f9XX2rIOY5kmzivS5sZfnVuCxE.jpg
288281,A Good Marriage,/8odAiCOM9qwzzGRW69aKfAvK85q.jpg
606679,The High Note,/yHsu8swJSgqDrsPiu7adBjOPLlp.jpg
718633,Bruised,/axibOQF9QnThrr8M37ufAYurP4R.jpg
628917,An American Pickle,/8ziUp2q71vCmMgYY2MRCwI3mSs5.jpg
330112,Ashby,/hQDEvfqoYD33JnMWKccVDeWOkVG.jpg
10680,D3: The Mighty Ducks,/wltMr1loUKSCaEV4EDgh21eCRI3.jpg
315846,Our Little Sister,/9f9IEEMRBsW46jeWOpY4Mx07Hv7.jpg
140870,Minuscule: Valley of the Lost Ants,/tk4kHoeXx0i7TROwiOrcSEtHOEl.jpg
14748,Boy A,/dfX5bbDmOpqiMge49W5wjUPrUz0.jpg
500919,211,/81RColr4rau6DZ7z9eMsksokcfk.jpg
10562,Under Suspicion,/2snkCKKthT5S8Ua0aMZkeaXkmBi.jpg
13958,The King of Kong: A Fistful of Quarters,/wACtXGiO08EBbJhqsD2nUzPsrKe.jpg
261470,Sorry If I Call You Love,/7RQdmFiEhb8zn5jmsLqdNnmepUE.jpg
29259,Le Trou,/nsVjgNxWTkaFCMuBLhiLHkcoTnt.jpg
588921,AINBO: Spirit of the Amazon,/l8HyObVj8fPrzacAPtGWWLDhcfh.jpg
13258,Son of Rambow,/hOCdlpTs91eDohj5LhCGQF4bxqe.jpg
85435,A Few Best Men,/4GUeDoAykxWNOLe5yah7AQQa6c9.jpg
588001,Despite Everything,/jeclnbGov6lbHu8o1ugcOBCUBlU.jpg
91342,Barbie in A Mermaid Tale 2,/iVCfTtVDAECpbMSokSNilIR6wPr.jpg
101173,Coriolanus,/jekkJcVzLXTnPYEtvfLUEQd00R3.jpg
293452,The Disappointments Room,/4zHfitHwW1XDaJo9IF8LOsUbnif.jpg
9079,Dying Young,/nLVV8TETjCxWQmIip6t3HO1znVJ.jpg
19124,Blind Fury,/g83u4sTERwj6bHo9Wv1wVtwV5iw.jpg
151368,Open Windows,/6BWNf7pztCW8Xax0OS5fc2QG7xw.jpg
17825,The 11 Commandments,/9KarBHYVU9hXs1XLR5MoTkRkM6S.jpg
16093,Carnival of Souls,/AdbQsFB8pS090l0NO3uBtLZy2zw.jpg
13927,Tin Toy,/yRjtvmRXgZoY8P9Ug28G9OITD9E.jpg
15384,Red Cliff II,/h4WZHa5K941lAthsa29g0RFJJtV.jpg
270343,Love at First Fight,/xC0QDynS4kQm2F3cQHWcR1Fx1lI.jpg
14223,Wind Chill,/dcic5m8ypA8RUaLlwaIsupPNfGd.jpg
84204,Grabbers,/dGAIjxYqP9YBLHeAmaE1NstSnqW.jpg
10288,Fido,/btzm8jNgddSn7jLQ6l1WWXs1JI3.jpg
339994,The Good Neighbor,/ub0hBxjkfOUoymQR3NOWIVH400A.jpg
254194,Starry Eyes,/z5tlfzdUpcI0xD1eagxdlmDwFvp.jpg
276908,Comet,/4zOOSa5zyJDvqDDKFwUQVMK6eDe.jpg
36568,Paulie,/aiW8TWjIuFveTcA5BCU7KMjPaaW.jpg
12762,Broadway Danny Rose,/oLP0VZg39QGESwrTLon2JmfBafQ.jpg
454458,UglyDolls,/p97LQ1TL95mptVL2AS8Rz1cJCQg.jpg
20722,La Maison en Petits Cubes,/kNGiHnbAToF1iIkN2kOTCEEXtAc.jpg
9746,Kundun,/yvdFRDoQIQ5PBk4u8x8gJT8NJAw.jpg
14240,Maniac Cop,/kFml1HbZlsekXO0m11UN4oPwZvo.jpg
988,The China Syndrome,/uHwwQIlt4XwpTFhX9ZT1A8xSW7F.jpg
12095,From Dusk Till Dawn 2: Texas Blood Money,/in11KZuaVuJnxVBipxYocDqMQbW.jpg
602063,Rurouni Kenshin: The Final,/7bbEASVf9XWtfxWiuWUMY3uyhTb.jpg
38961,Tamara Drewe,/9PNDZZyqFsLZAEp7mVfhO06OLmt.jpg
13682,Pooh's Heffalump Movie,/5kd5JqccroxOnC9sVMP5NtLrbkr.jpg
317560,Carrie Pilby,/IHuNvCTOsSox1Gj4ykHImrC5EL.jpg
4942,Leatherheads,/dl2yu8iuwG3dqbpjalm2odadRaH.jpg
592695,Pleasure,/z3tgSCR2J7dNOq3Dz3WidOPoqnY.jpg
301355,Message from the King,/oke6xdVV3QNRFBZSw4Wj6oKGmT5.jpg
551271,Medieval,/eeUNWsdoiOijOZAMaWFDA5Pb1n8.jpg
287084,The Town that Dreaded Sundown,/dHXH9Gzk14am6KFFG7B3W60P5R4.jpg
121936,Happiness Never Comes Alone,/lBFwkGYizI2jZLRpfL1i1cBLZY3.jpg
9688,Melinda and Melinda,/jzqaJGpUNVHMxgCtHV2i8jcepza.jpg
60309,The Conspirator,/qaUALpadysRP794bGC3rFfHoZOs.jpg
763152,More the Merrier,/uShw8wJ7K4ySrPtUWjGe8wwJ5fj.jpg
618354,Superman: Man of Tomorrow,/n9GtiJiBETVFayQy7YnVdF9AucU.jpg
284674,Air,/vs7xGGYZltIZuLTcCgDp73tTJYn.jpg
13989,24: Redemption,/41dppdIxokjEPPmppEq11Id2LGR.jpg
1040330,Black Adam: Saviour or Destroyer?,/sTuXDWacwdcMS7NNLaynkfVBZkr.jpg
353686,Visions,/3J7jwx3Cre1neDIs7YyAXy4ICc4.jpg
29963,Bright Star,/csN6y4nq2kaBiegHaGw0DGp4plf.jpg
433252,Our Souls at Night,/49136pSuzcNpzOgn4slkU9shHhi.jpg
16962,Barbie Fairytopia: Magic of the Rainbow,/suo0EcRi0uJNRlhmNqOuDHpCSSE.jpg
28510,Universal Soldier: Regeneration,/hYLzRwCcCyTVKGBRAiHEW7NOEni.jpg
96714,Diaz - Don't Clean Up This Blood,/vcGFlMHToPdYLn3ZMUwHsA8FQr0.jpg
411638,The Fury of a Patient Man,/t2eyq20mFve0M0h3ocQWgdG6iB.jpg
21519,Project A,/wPNopiTNZKULz3dO5nwFTkHgu14.jpg
110390,A Pigeon Sat on a Branch Reflecting on Existence,/h2uRIr0fNpZbTGH5youi7MDRL2T.jpg
70706,Very Good Girls,/4TmLzB5bEUUQbFqMgWQjkDC2mUN.jpg
553512,Burn the Stage: The Movie,/pJKy1yvnKh8UjcuYeG3Rt35xHFA.jpg
15417,Every Which Way but Loose,/b97csw2kCtXwqJpz7B5jFIS6eFy.jpg
13257,Mr. Woodcock,/tNOovj6N2C5scr0KgND0aKT2kkd.jpg
467673,Budapest,/8lDG1Clxtxl2smirw9BRsddhQQP.jpg
614939,Bros,/op02Hv5i4Z049nGJYmk6BScRqHO.jpg
81342,Delicacy,/1pc9cMMt7Hs4z8fOOzsOLe3MjNX.jpg
18311,Days of Being Wild,/acfLUO8E61u0ooWS6htbzTHDBcI.jpg
13159,Georgia Rule,/68kFdluafITRWdPQBHySrn7wPNu.jpg
8067,A Life Less Ordinary,/tk7WNEwLZepFU2yPIIkRuQOO0Q9.jpg
48466,Scared Shrekless,/aAQQJhX8NqKZ7ZNDUPQQKi1wK8h.jpg
12079,Spun,/8K9tvzY2koRMlvOac7jqeQdwkGk.jpg
3529,The Thin Man,/6cL89ok9t8xEKboOjOVga2W66jj.jpg
10126,Colors,/5KueYME8A449pxaKTJZp3cWKKSX.jpg
16305,Sullivan's Travels,/z5cqIM0ysVjkCmaDfyTQnlozdIp.jpg
25403,Dear Diary,/3BV4iLXqPdcQzfKpLVaLuWdRY25.jpg
560362,Rattlesnake,/cEr3S3Atr4eRlHmMOA1GvaX0f4p.jpg
9895,Man of the Year,/s1etp9ZqcRqZVfonrdFJbQ6mgk9.jpg
10464,"Corrina, Corrina",/xuEubxRGut2Yh118RyNa6ruXXCp.jpg
12637,"New York, New York",/1nD40aUcPAxYdE1WxERrTjZuFGe.jpg
659,The Tin Drum,/tm408GMyQqfqFJ7MKCkwc5uQ3wi.jpg
26638,Red Desert,/rGcTVdyhaGzMxPPRVApXre6F7SD.jpg
457943,Slaughterhouse Rulez,/wfLzocgEa7DDQAJWeorEiDFx9WM.jpg
26320,Taking Woodstock,/nfvmClvZE7KhIqB74OAgLQ2L6KW.jpg
12590,Below,/4tsaLD98DcXh4ltOn9wEWhsUkSc.jpg
61717,Wendy Wu: Homecoming Warrior,/6EfY13SHzvpwXg2KPixnbCXuUoR.jpg
14635,The Rookie,/sQ2TLmcYxuWNWn5QDNUc2UDQBW1.jpg
597156,The Boys in the Band,/2D2gi13hnrXWaspWuWmdbEZ8bef.jpg
211052,Miss Violence,/pEGEVgqLwhDV8ZGG5DK7NHDIU3T.jpg
508933,Ricky Gervais: Humanity,/vXNvvb9RUXSZS08PvXxLtA9wrfV.jpg
440596,Kiss and Cry,/uHErYJ2TfP0ihIEMpD2zCvbVIIB.jpg
777245,Women Talking,/fIrFR0eTpdNV1AtuZKa0Q7sRAH2.jpg
297160,XX,/drcIFTEIBnWI4G3OQt6rXOI8hf4.jpg
758724,The Cellar,/rtfGeS5WMXA6PtikIYUmYTSbVdg.jpg
559581,Stowaway,/yOscLK7KzEPDdi1P8RmevGIjOSp.jpg
11948,"Merry Christmas, Mr. Lawrence",/qxlu6aiWxD16gkOUyGkcWDzrfwV.jpg
558582,First Cow,/yS41crZ1i0fFxCQbuL7I1Y1VBwm.jpg
11012,Damage,/alf3JOPP7EYP0iO24gwe5YfRnqo.jpg
1936,River of No Return,/jXYjgPad6IIfZfCtzLuWTnJdijo.jpg
403605,Headshot,/dpdmO3PNKwCOzf68y8J4Gu19i3r.jpg
26515,Pumpkinhead,/gx7Gej5Srp3E13oqy1Kghtox2VZ.jpg
14123,Bratz,/nkhA8Crs7K0JHIZgSdvBeBe2QF2.jpg
10503,Happy-Go-Lucky,/sO9ZZsqDfreFxiCPrUuBYeqsAHi.jpg
11935,Capricorn One,/bxsCARg2rxQ2PzFW5ZsADLT9e9c.jpg
15058,Speak,/oRjQJG2PziTl2bUvzUCFS16ncfj.jpg
5854,Family Plot,/wRH8pvEh53TKTwJamLAIDmw1qBZ.jpg
626332,Flamin' Hot,/a7KyFMPXj0iY4EoLq1PIGU1WJPw.jpg
442065,The Last Full Measure,/bMG8c80lyEkBXVgyHVqsdQhjgf6.jpg
9101,Down Periscope,/brleKcHsirTw7lFqcgUMOfgL2nl.jpg
532908,Fahrenheit 11/9,/k2G8IO5oGHezde70Xv7falXhuWC.jpg
10652,Hamburger Hill,/a84FDoIm64qcyKq6BEMB9Ycldpt.jpg
778,Monsieur Hulot's Holiday,/r4F4tsU0Ajeh9ZYUkWOJSYmioj7.jpg
3472,Dirty Pretty Things,/nWpXOqB1STDq8ji3rQawcg1fGS9.jpg
3537,Fame,/oDUTjQ2HUKh6iBYE99PUStyoRDv.jpg
513409,Earthquake Bird,/oyKnosHXQ7kkhlGwqsWOvn4RgKR.jpg
39285,Beauty & the Briefcase,/zN9FYOXf5tUYjgget7yOzu8TlZU.jpg
487702,F*&% the Prom,/x94sYv4VwVn0EeHazhGyEXbcPoM.jpg
19794,Labor Pains,/7HktuUSx1DtJWTx0Z531Nf8Nn5i.jpg
290999,Wyrmwood: Road of the Dead,/oyF0zNkTfvodHvkSEs9E88jvQRi.jpg
17581,Naruto Shippuden the Movie: Bonds,/bBqEiQbbfyt4MWR3NhDZMbS4Wp8.jpg
394684,May God Save Us,/nTF8FzV5CgiH4Qi8YrF1Ef3w63U.jpg
327,Brother,/rjgNhmndEKCPiIxK14bTr2FiwYR.jpg
2246,Malice,/oQoe4eIzDjQSSqGvLgJFjXtEkNv.jpg
12473,The Visitor,/9XRRSD7swlYrGBhZ8vOR2yngIKZ.jpg
1070514,Zom 100: Bucket List of the Dead,/kD35dB3KOHrLo1Y3RU5xXJ1hI7.jpg
366170,Yu-Gi-Oh!: The Dark Side of Dimensions,/nFQkn1KE0Is3FUW0yPPgdVvCnlo.jpg
10363,Purple Noon,/7n1KNXs4OFfeVLjJ3g10M8oK1fM.jpg
31906,The Beguiled,/ynG7us2XEpNPvl3Z9OIC9kVPByN.jpg
250658,The Internet's Own Boy: The Story of Aaron Swartz,/s8qznCAjPRcRwQkvGU6rRdF7mxb.jpg
21542,Love Don't Co$t a Thing,/88zspc72LIkfiuMnGpHnsWCuqEH.jpg
532938,The Shiny Shrimps,/9GCfcwTP3YDgOcSOAwoYEZDM7Ip.jpg
46829,Barney's Version,/5Zk9AYPtacGiMnnd2q8mFfDe8ks.jpg
94363,Hick,/ziXCRCci5BFLEUwSgO0V83M9LGw.jpg
248774,Obvious Child,/jo1nr5BkhBKaoeaKj1YRvtgDoPx.jpg
165213,New World,/5Ai3BMJlDGOlZXbcDv3vnOM1CSp.jpg
11328,Pusher II,/qxvyw5NZBphzWliVdSzn7gSxUel.jpg
332270,Battle for Sevastopol,/6PXb2TxEFzmi1FbJIV0NOLdhW9M.jpg
209249,The Love Punch,/iaJZm5z38RUi9czHxaiayN1OMAe.jpg
426249,Lords of Chaos,/y2eOIfQw2lLZov6aJZ3xpPjnRHH.jpg
13934,Mater and the Ghostlight,/thZHluscCvT3SCzVckmFszOVVtM.jpg
11951,Vanishing Point,/1ThnpFx2G2HPhecvODGFEQxfOpO.jpg
5393,Happily N'Ever After,/gOOlHRhdEoJbPNE1jpocNawjnc5.jpg
668195,Ultras,/vHqpFuguBugZZfXIyjsb4tOAXve.jpg
8342,No Man's Land,/nmq5B6GMZsijSB42tBS8S3YKtEN.jpg
82679,Fun Size,/h9DYic4zo3Oweb11009FmqZBxN4.jpg
627463,The Assistant,/zJpJkVgezsR7dp6KQwyxtGIAOZv.jpg
431937,Mr & Mme Adelman,/fYPqOROeHhjkiRmXyDH57kHbyXM.jpg
995133,"The Boy, the Mole, the Fox and the Horse",/oQRgyQCzcyZvE6w5heM9ktVY0LT.jpg
48254,Ovosodo,/s3HeCD1a74Tl9EgSA6UU7O6tpAJ.jpg
10644,The Unbearable Lightness of Being,/g1kPEwATsCI8DnGx6ViAhUVKQSI.jpg
79108,Starbuck,/t7ZyIR941krELzP7POiFUu0yhFq.jpg
14373,Death Wish II,/1bhSCZAifl229B1vCLCiE9BZp7l.jpg
12165,The Burning Plain,/lZlChM3LmOLUCQCfnbaf2dQKe9J.jpg
18111,Bride of Re-Animator,/7t9PmI65umna8yq0BPU9YoKn62I.jpg
12516,Dreams,/j0NQsYqnqvhTtBj7vhCa9iKT0NA.jpg
459003,Mavka: The Forest Song,/eeJjd9JU2Mdj9d7nWRFLWlrcExi.jpg
10642,Loser,/pjl1TYISJMJMScbv3gGivYGWSSa.jpg
10961,Behind the Mask: The Rise of Leslie Vernon,/vie8a3z219Zsw81eAsM58B6VFEn.jpg
13078,The Babysitters,/nsrNUqGXI95unRKZEu8BJ584xWn.jpg
504603,The World Is Yours,/b8l0pdMuVgqIYXBvNUr4TXdpmFj.jpg
11177,Mask,/dBYzEETDHNyt12VCD5owVW6bpEC.jpg
298584,Cabin Fever,/yJQLWoizC5zBjVk9dr2Qo1K1TCI.jpg
58235,Confessions of a Brazilian Call Girl,/9htMnu5Zg3WEpz6SccgzfxWfDPw.jpg
17445,Green Lantern: First Flight,/zma3rOg6yJxgJ1Lo9uuw3tJOjbZ.jpg
14906,Saludos Amigos,/kdZyHjsSHYBO53o59ZMz4fOXcmk.jpg
16314,3 Ninjas,/KaUfT7TvsZt26OwBqmbPiMxvhO.jpg
14249,Revenge,/83diOZcg6ZiY8voNy2k4BX9TsMf.jpg
522444,Black Water: Abyss,/pmAv14TPE2vKMIRrVeCd1Ll7K94.jpg
7913,Rang De Basanti,/f1bF8CHzEu621bPSIg6XiUNAabh.jpg
426814,The Domestics,/j64I3u1wwgPct3stvvKU2ikl14w.jpg
16153,Alice Doesn't Live Here Anymore,/mFSZA1wIAjYEB2APG4xqVu1QcCk.jpg
823754,Bo Burnham: Inside,/ku1UvTWYvhFQbSesOD6zteY7bXT.jpg
606876,Rifkin's Festival,/5kTkLEheDmXdnHHRJiAkd4Vuato.jpg
419709,Last Flag Flying,/pizynKUzJ9YucGff1O1MYisY1WM.jpg
110398,No,/hsQIQju3hU9Dxj5Aa0br3RWXPg7.jpg
728526,Encounter,/AjRUsn8m2znK4mQuYR5fUguBDQM.jpg
290825,Yoga Hosers,/gagGVLhJzhvVhprOcwtSf4B6MeF.jpg
709631,Cobweb,/cGXFosYUHYjjdKrOmA0bbjvzhKz.jpg
2161,Fantastic Voyage,/dbwr0hGmJs2Rwh5zXbYEGBFVYTt.jpg
236,Muriel's Wedding,/zJyTr8Fo412a2OIfJGXTRAm4IwX.jpg
269494,A Hard Day,/cAITdbK2tOSvbcs1C7HxBW1iscI.jpg
11680,The Miser,/mwL2uf15AxzGaLAh91ZUS04weoK.jpg
377275,In Bed with Victoria,/fEt9U7JQYO8j8VtCCuyDzznPM2x.jpg
823999,Diabolik - Ginko Attacks,/8QVbWBv94BAT9u1q9uJccwOxMzt.jpg
10017,The Wraith,/vHrNnqqRYWzkkrJV8MtmUGgC4Kk.jpg
389868,Seoul Station,/vJgRo5EJMYPzBcljlIlUxBAlucL.jpg
1931,Stomp the Yard,/dald9tUbRmGQ91CUJnzaBAjjvUf.jpg
152748,Ain't Them Bodies Saints,/xkGkVjeMcvEg7P3VxWy8wYBJ7Dv.jpg
380124,Boo! A Madea Halloween,/eq1jD9QwhrZCFeaT1BudIsKzlwp.jpg
104859,Mac & Devin Go to High School,/dD6xuaenteojgODp45id1w0xwtj.jpg
52124,Io & Marilyn,/q3EjXnlSrL5vu83BC0emUFgtwLl.jpg
369230,Them Who?,/e9XQYbmL3EEDDcQOx7e3hB2UjnE.jpg
444539,The Bookshop,/nh2ZpwuTKjY0tTGcsGu7TwOpT4p.jpg
59429,Paranormal Activity: Tokyo Night,/mh7j7XlYWo82UnQGhsxcuyolzp.jpg
278427,Family Guy Presents: It's a Trap!,/nGER5w4H3g2ujD8Zodxn0WXk1l4.jpg
14362,Out for Justice,/nmfM1diysOyrX4JbvwS7uOomyes.jpg
37905,The Horde,/c3sYdfCg1vz6DG4XlQRpu8baxvM.jpg
15805,Batman & Mr. Freeze: SubZero,/kjjz8mVNrwNUa9uz8IMnqS79rxj.jpg
342281,Family for Rent,/eRpC9LBQtLh8upB2lozGJtej7nL.jpg
29455,Winter Light,/wDxrEssdjFWYwIZLbr06RQNcg1q.jpg
19457,The Yards,/AtwXtU8CDWvVADgOwRkOSRZFPWI.jpg
811367,22 vs. Earth,/32vLDKSzcCMh55zqqaSqqUA8naz.jpg
574982,The Blackout,/avl9MEQhtvokNnzoWepkmHBZ2ss.jpg
10656,Subway,/5EOFUWs0ImeyiRUtFpbHuGGTNUx.jpg
8944,What Just Happened,/o88aPDDMtdwQsPyXqSKhu98jjru.jpg
14114,You Got Served,/nFwT3QisWFQa3Wlfnw1gC458xJn.jpg
50723,Naruto Shippuden the Movie: The Lost Tower,/6e2YvN1tQK4xQHlmy7GJTuXOt2u.jpg
814757,Empire of Light,/h84SnIQF91Gz2Fv1OpMJ3245t4i.jpg
611468,Kidnapping Stella,/g10YPJa9ePy1kKmTusAeDXBTeAl.jpg
10743,Confidence,/yJzmAtY9DmhhjJwFnW0Zjlvz6yg.jpg
2621,Return to Me,/89hcHolg5jZcPK0s0a8DW69eCiN.jpg
517331,The Realm,/afn6xvt3M3tQwmGeXRxHKwHDoxo.jpg
290864,Kung Fu Jungle,/myZQ4WocOQQCXNGVJkHeeJ1jTEj.jpg
492621,The Midnight Man,/gtrxCwIvpb70NR9RECkt8dPrTJd.jpg
14299,Cadillac Records,/u2GtllItFwaXMLj4uCeKYt9wf4l.jpg
261102,The Club of the Misunderstood,/3S3e4cQTs1S6QqdprmcHwxL09mb.jpg
24615,Aloha Scooby-Doo!,/26BP556PvenFfypUp10aFFMpQSV.jpg
32909,Mulan: Rise of a Warrior,/b6YT5hWAbjJDRlrwodeTGPoaV3O.jpg
342474,Jenny's Wedding,/lAMXZ8BVCCfyfhCSsvQRLG6cwxK.jpg
43209,Ong Bak 3,/sIVrOJVeLqPz9NwNa0e4FpqJCWK.jpg
4031,Going Places,/a0umC3iAyz4kGk2UcOzZurGDFVF.jpg
837881,She Said,/jG4UI2dbNWlWtTTupjeU3fRJ5Fn.jpg
226936,Aspirante vedovo,/e4Bc0uYEFOnFSFa88ZX0qmZqIbP.jpg
12994,The Nines,/AkIyPzbxBnR815XNCKH5D9T4RaE.jpg
9422,A Civil Action,/2AVF1cjRGOfaB4oteSzxvHiQ3hR.jpg
5852,Angel Eyes,/6ZeMoynnz4pRweKKZ9c2G1absMJ.jpg
122857,Universal Soldier: Day of Reckoning,/AjJdy7RdVkPm5yCK5apBJKCXf49.jpg
18502,The Stuff,/bT0PxmeePfzX8YrZHGaAXau9RLN.jpg
339987,The Exception,/nNCS7JdLFzLKaqtce4lzjtGfdp4.jpg
582885,Cuties,/ow3OA6OC0rjgbMVaLn2drwjvqZE.jpg
36095,Cure,/nLZ2AJFLtMoAAAD54mbT4exj1Wp.jpg
419635,Kodachrome,/mseyc8v3UD1DhaZ3kSdXs4Dj9Xf.jpg
254578,Phoenix,/wxjXlO1sHQZdOcJfFDKBYQthfoo.jpg
81440,"Good Luck Charlie, It's Christmas!",/ecuJMYZM3HQ96mnWtmyXoHb7s7T.jpg
20108,Au Hasard Balthazar,/3Bk993NFIepLyEyut1efwn1v4cb.jpg
317557,Queen of Katwe,/v2nt2peo2UcbXacAEID10fv8xgm.jpg
127373,What Maisie Knew,/1unkWKdT68ba6NdiSsPqzJeylxc.jpg
4923,Zardoz,/6qvQhJhvM7wWPB2LjVpivSNraIv.jpg
841755,Mortal Kombat Legends: Battle of the Realms,/ablrE8IbWcIrAxMmm4gnPn75AMS.jpg
11897,How the West Was Won,/8skxwfZEige3QdnlrHFi2Ls31iO.jpg
10407,Housesitter,/A9Ojij6kEwe8LSnMieiPyPCXShx.jpg
618353,Batman: Death in the Family,/k8Q9ulyRE8fkvZMkAM9LPYMKctb.jpg
912908,Strays,/n1hqbSCtyBAxaXEl1Dj3ipXJAJG.jpg
14736,Love & Basketball,/zNZWNX19FZ5QyedprVM0ldsXFiP.jpg
186992,Stranger by the Lake,/zXfcNpUkF44dDoMjE4CTelJPW8P.jpg
14125,Captivity,/diP1wQRnmvKHPFcHGoi0WkUSHXw.jpg
22051,Adam,/sSN5ec7llAzv0Up7wAQ9qeOM0lS.jpg
15596,Back to School,/bIQH3dptGaMBtwos7j9lEHt65BV.jpg
20762,The Substitute,/jlhe2SKWqW3F7BEQl3sOkgXLtkW.jpg
13321,Lifeboat,/2QXpzBMJJtmH7JvVf0ZzENvgc1o.jpg
427989,Poor but Rich,/mNhi8Xhtu2abtGqLCZqRxKzSVml.jpg
15206,The Mother of Tears,/4hbIr5LpeI6UdaGviMaxStldln1.jpg
3134,Baise-moi,/fYijiVwEyP2JsDuSenGOsFNXEbn.jpg
395814,Rememory,/qz3mvkpTOQOEqzxenvaaObOMarj.jpg
18896,The French Kissers,/ozs5DufKj2Rdj2MUYeGK7QcUL52.jpg
12540,Bring It On Again,/slevjvJcGRvFZ3vwfbDdRfdLHG1.jpg
427348,Carbone,/gbFYXClD52Axdvo5h9XRVLDsBY.jpg
438396,Unknown Origins,/vJHSParlylICnI7DuuI54nfTPRR.jpg
211067,The Sacrament,/thdioQOYqqusDUfT6trgwMIoNaQ.jpg
571495,The Ruthless,/tlm4Jtl8WJfoW2jg52f5ewKQWym.jpg
21629,Stir Crazy,/ehCdQewg9SxjhnimJrKwNKbr80C.jpg
458109,Spinning Man,/lb73nmpv97C4C5WXoxTE0DD7ptU.jpg
36728,Naruto Shippuden the Movie: The Will of Fire,/pZzdFmztwmg0FUOVCMa7vReHhQN.jpg
979924,On the Line,/jVmWI8PqoVTHCnrLYAcyrclzeY0.jpg
11446,Welcome to the Dollhouse,/yrbj1UCLH0oNqWuR9NHuNEdtDF8.jpg
38780,Rampage,/a6N8QCsdWxAQvdob3oCHcsVyLvc.jpg
52067,Cedar Rapids,/udHprtPPfDHdcR1ijoY24mt9OB1.jpg
68637,Ducoboo,/piVjl9Xhd6xeYxJnm7ifJaURjHd.jpg
33997,Desert Flower,/xjeWO3QLyFZGnM7phfkOMINZ8Is.jpg
12657,Soul Plane,/b5Rzb5JUwPinllWGYUYER3OV14F.jpg
328720,Ma che bella sorpresa,/8Jlc8ljGnx2cHCrlTI4aNElUsmS.jpg
661791,La Abuela (The Grandmother),/ri3KIjGp3Ek6iKUsTzMigmxTvdw.jpg
41592,StreetDance 3D,/oqWSenAtDQsWjMLVTMEDvcCtafU.jpg
2117,Sophie Scholl: The Final Days,/84HWRlRwpOjZ4cYlmFZjDGyvB5q.jpg
439998,Omicidio all'italiana,/yMajbhnmtiXT5bfZU8Q06FRGg06.jpg
158445,Miracle in Cell No. 7,/wHh4Or1RVzgX2GSYYfEN5HcO6xQ.jpg
694254,Baggio: The Divine Ponytail,/i0NOqrnE4FhXrk9cHm6DQeRo1Zm.jpg
56831,The Sunset Limited,/8cwqylJVbCfMflcjXQ71CwsXdpf.jpg
8130,Desperately Seeking Susan,/5vLHhO05KEBYVrCmp1bvI06r32t.jpg
340674,Dark Crimes,/bEwK1r4pmJ9huEjqrZf73NXJvFy.jpg
63831,The Kid with a Bike,/5uRiWyYSAYYScTRe9HP7BHpOQvr.jpg
1553,The Beat That My Heart Skipped,/tGH2kEVM78VsdXPX4TnhHq7Qdxa.jpg
369523,The Tale,/aguq47xq3qhN807rSyz4lJyhAkX.jpg
8675,Orgazmo,/irvFBOc33CHsioU6hqcu8ExymEa.jpg
606566,The Best Years,/FYekXUC4QMYIBc06JiBHS5Zpbp.jpg
509730,The Queen's Corgi,/xcl4vYTqqzwn3ihUpjCQz0jqhV3.jpg
28422,Love Exposure,/plOE700tNSs3PjDrmoyVmzFb0oZ.jpg
37609,The Cheetah Girls 2,/5bMZVzQ6RaRb21kM8wsn4QZvbyh.jpg
610120,Anima,/xCBOjFAzsz8d2kABIPfwIAOeJ5t.jpg
11502,Knife in the Water,/tkdeCwZhy9hzzVjZFjw0RPGWUIg.jpg
864959,The Curse of Bridge Hollow,/t6P9l6tcVnWLS1ADUAfkUCGQhm0.jpg
433422,Fairy Tail: Dragon Cry,/4CtvjdvuRj3iPlvtpvFomhTxjXR.jpg
332794,The Odyssey,/oerzjTh9x226CJUJluIVqgYcOH9.jpg
301348,Elvis & Nixon,/e4BoHyGQtdTK1ysypLnFlJcnhW5.jpg
11305,Mystery Train,/f11xq7dBGhz9UDc3dabldAGeXVH.jpg
426865,UFO,/jdy1GTdaAXqhsCVOpIXokifYdCh.jpg
364067,A Very Murray Christmas,/2ir2DjNNXmMePsyc4inFa8oI23r.jpg
4271,Life Is a Long Quiet River,/nYLueszPL3jydtdyXY0f6rNeFA5.jpg
530081,The Man Who Killed Hitler and Then the Bigfoot,/kQNeWBT1VqtSMtgfEn3zFjRogyH.jpg
9263,Now and Then,/q31Ks8oAmM4Nq2CcGjyYYpdBAmh.jpg
763788,Dangerous,/vTtkQGC7qKlSRQJZYtAWAmYdH0A.jpg
14624,The Ultimate Gift,/8BdVk1u110lwHFELTEO9HrPrIDa.jpg
9715,Hope Floats,/6PRFM09xjGSWpXObW87CT5JELGJ.jpg
30974,High Lane,/sbZEfldNNGOBxEs81LFoUwLh8LV.jpg
833339,Speak No Evil,/ng4lnPnTK43dOWT3dGvOuIiLJKT.jpg
2360,Saving Grace,/ml8XwUomPfisNsKmluP8TIZOR89.jpg
205724,Welcome to the Jungle,/wRHaPGBBmQhUVgYofPoaqTEdUWq.jpg
2750,24 Hour Party People,/8f50NQ1wz6hdxfCISCPV8XQ6DII.jpg
265010,The Canal,/5c4FFLSUx4ZBqcS2rq5CLVJdY9E.jpg
458302,"Remi, Nobody's Boy",/mQYXlxlUTmOP4FWt52qkZZb8JNM.jpg
85735,Love Lasts Three Years,/eO8O5SwT1bQMHtW6kqEPteMVeiX.jpg
12902,Scooby-Doo! and the Loch Ness Monster,/hmeJnofknkSnczzN3J7Wvfn7OGI.jpg
168055,Love Is in the Air,/46jTvszYJJMRXWQV8YISrJVUUi8.jpg
359784,Maudie,/wu9RPdV0uEemFEewJQ6fWwJ9ZcU.jpg
582186,"Oh, Ramona!",/mscdZrk8k6VTVOgbVF5IpsaA8sK.jpg
750253,My Son,/8d4q6bf1PS6OX6F3syWnfBzFZg9.jpg
351145,Retribution,/s8L5mN9USLpuSM9Pl7c5UC9unYj.jpg
730154,Your Eyes Tell,/cVn8E3Fxbi8HzYYtaSfsblYC4gl.jpg
437670,Suck Me Shakespeer 3,/ywCWnSOndFqq9nhE563hm15YQe0.jpg
56812,The Last Circus,/rbpp2G4cpGG8jqCqhEBwvjQ0Y6C.jpg
541305,Kajillionaire,/fkqJJDb4u9rEyJu8Jm8H1P2mux4.jpg
74944,War of the Buttons,/mLU5ZYsjaQYtWqxtNFUQ8H1q5zy.jpg
21832,Neon Genesis Evangelion: Death and Rebirth,/lXBjqzo6c4NyLuJtqOiH39kswji.jpg
877183,The Simpsons in Plusaversary,/p5jzbffrXuBTjsiwrQ3aOMTrvCj.jpg
115210,Stitches,/krlOnkMBDYp4zgLivd4WORBnQm0.jpg
1619,The Way of the Gun,/wrjMMdgn1a4ChlaBmlzKnb78nr6.jpg
45284,Outrage,/s6VVl5WKuGIDlSAm8hgvTsrzODK.jpg
765119,The Bubble,/edYk5TSowZIDv138bCpF5ls3XI5.jpg
20271,Divorce Italian Style,/vZbdSpUFyFiDBBTY0AiSrN9f303.jpg
379088,Attack on Titan: Crimson Bow and Arrow,/k4E04qJvSTQYUPOpYp5YYvdrdcc.jpg
24795,Angels in the Outfield,/hhJ9e2m4xxnB5tuXwaQivVNypxh.jpg
271185,Ask Me Anything,/u0rEtOp6jI7oU6u3m7v1aAOJNQr.jpg
369883,Middle School: The Worst Years of My Life,/3rlcvuGlLETfGCq0aaVD526Emlc.jpg
11141,Laws of Attraction,/6aqR0xwmK0mPOIVShDlT88Vo5W0.jpg
253161,Madame Bovary,/jW0CRLVYOQm0HOh6fZXnW2JKxwF.jpg
15413,Don't Tell Mom the Babysitter's Dead,/gx8EHsDkNxuY28qP2497QvUQMnL.jpg
79694,The Apparition,/jO45nIEQMWHE0I68aGls3mRJR8M.jpg
12834,Leaves of Grass,/9OKhPNN3vNqXHJfNKW1YndyyzkK.jpg
469876,Adios Freakin’ Monsters from Venus,/6ACERZQZWcWoKzsEoozXJ8DAXki.jpg
664574,Silent Night,/bfUO1SBTfgcK77em3lOuRFY2uLc.jpg
20726,Little Giants,/AkfXNOeKgJSOD08StGd0599auiZ.jpg
333663,War on Everyone,/oGOBakBS4rIIqPMilrKHVGc5LCY.jpg
4965,Impostor,/7Uy4JbalP0mEyKnFW2IorQDmbBa.jpg
820446,Downton Abbey: A New Era,/r5n4CLoIjUcnT3shWDi6MHdJ25a.jpg
457962,Shimmer Lake,/bQHhpTHiys0CZRrdDRKvXBmM5KL.jpg
11456,Domestic Disturbance,/3yAhZB2fsaD1H69Vsro02ucvDO.jpg
13975,In the Electric Mist,/gsyUJovik2t5vzPyXL5tq5VWLym.jpg
10944,In the Cut,/c8Xg0yc8UQwDXooffBNLLs2BvQH.jpg
101669,Mother's Day,/wjKmtce2WFoOyoiYGVx0nUSzGxT.jpg
14370,Real Genius,/5mVimQD1XOMLzbO2Qug0JQxh70S.jpg
28384,Husbands and Wives,/mb6Hmns0PP2Me9TYpLE9M3GHt7v.jpg
433244,Clinical,/uFRyXUPqoZ7uORGtV2y8eSdJHuA.jpg
19933,The Brave Little Toaster,/mEZcPMNRqTcotOZSttN5MtmJbu1.jpg
674607,The Decline,/sIPNjDEf1iXOqULOXiRhqprllbz.jpg
12089,The Tall Blond Man with One Black Shoe,/x7LSP7cMxkjNP5fOAjj5WmjUAql.jpg
15854,Kung Fu Panda: Secrets of the Furious Five,/3HENPRM1tGRswyjgiIbP9b4sult.jpg
174323,G.B.F.,/f4fR1WMgSv7K93ZPoJlPyvaApdE.jpg
320006,Taxi,/pZf8wgEZOpTKte43MFwH44tb2x8.jpg
611605,1BR,/aiYLasUoJXqOgJ9pnahDMELC9wf.jpg
9843,Big Nothing,/nBqD9k5UECzHRwuc0Gt9SgkI1YN.jpg
13995,Captain America,/vdHrLFfHcJX9nlvUfG3LK2a2hq4.jpg
28089,The Messenger,/p4fJyH7mMbasiFYwiw2nE7D6pMY.jpg
352161,The Clan,/m6iPqGhtIAgGRQcfqxSYbRrlK3F.jpg
428045,Iron Mask,/nM6Mf4UIp8Uw6Jgw40WlY9OnQOS.jpg
10389,The Eye,/cTtgcKrRWI0HNoHTwHF67x17Kk1.jpg
475888,Tell It to the Bees,/Rj6zpHhMU1zFW3v28U4PSRSRgP.jpg
17681,Scooby-Doo! and the Witch's Ghost,/ljEEGImypBFGoXU7eZSTo4vE9nC.jpg
109099,Passion,/o9DoB4Rsuc8wdkSZCJWB6fq9QPP.jpg
483983,Balloon,/nRs8A0zp0jU211j8Zay3ApIzlpx.jpg
524216,The Mortuary Collection,/5WXeYnezavNI6hXH74aQYv6yFzj.jpg
351964,The Escort,/f0UUAhIBecyfUTjn3C3sw1UioUx.jpg
46441,Mirrors 2,/gDr5TaM129kUNwXkUUZ7Cha2CNn.jpg
21159,The Last Man on Earth,/k67d5rPPwqfgIhVPor4GyOFrZer.jpg
9713,Holy Man,/sfJBsOdSbgLLarO6GIS0dWzFcCv.jpg
4193,Evil Under the Sun,/znZFHfCYD3FbfxBfwsbTV4yoEsO.jpg
615177,Coffee & Kareem,/jFzPMOJrjZfwCxllm3IIEKN7ceF.jpg
11054,Hairspray,/n78VVWG1jsEpMCtcye13wy1RiAx.jpg
13665,Arthur,/l8bPNKEuXJmaxkwVp8JpYiNQJWI.jpg
360606,Adventures in Babysitting,/xuCPo0krpAcK2s1uMCZs93turdk.jpg
63710,Honey 2,/qQnWrF7khfYvpWdEeKhSuoDCGA5.jpg
479040,Acts of Violence,/pK9CugRd3DIP0THBH8WlGrvk5vy.jpg
643550,Nocturne,/zJNFiWBGYSMbfTAk6Ygqdj6Rahq.jpg
613099,The Legacy of the Bones,/3sXHjTQGnlLJEVGxpmOa29Rr53O.jpg
10264,Hamlet,/ycM8gwwyOLXW4qxkcu6nhLlfgcA.jpg
12614,Victor/Victoria,/u1aMgr6pcMJ486IgEXRY3YYsHIK.jpg
15019,I Could Never Be Your Woman,/xNTnlokpkAww47QwVCNXge1likN.jpg
348537,Spanish Affair 2,/2qij5OgMFg2A9eRasFAHZSTWMCl.jpg
42801,"Yesterday, Today and Tomorrow",/dTYi1VK6ROM9tBiyIijFTHjuRnL.jpg
17917,Oliver!,/1XJgoaOWKrqxkKeBKWLKSigqG8c.jpg
24589,Dug's Special Mission,/qvK30UQ5cPxGH7ZBVpUhO6DPIM5.jpg
66195,The Perfect Host,/tYqk1u5d3eARg5gV8cF4RZFZKKQ.jpg
2274,The Seeker: The Dark Is Rising,/65oKWdrQRwtkOolnCQMUQkvUryS.jpg
340101,Their Finest,/tF0dhJfxzOjvkybJVfNPuuj5ClH.jpg
565413,Moschettieri del Re - La penultima missione,/dR249tNy0JNAMvG3P3oSSWTPhTq.jpg
13537,Shattered Glass,/1KHHNkrf8t15sXXF9d9TGq1T9jv.jpg
617762,The Electrical Life of Louis Wain,/xfP1vRNKvyOvWNjnd0o7kD6b2RR.jpg
38594,Dragon Ball: Yo! Son Goku and His Friends Return!!,/97jw5YTgPgFBuJAnM6LiqxSsx5X.jpg
44716,In a Better World,/dJpPpgf2z5lNw6xVxvfWm0lexNH.jpg
43904,L'Atalante,/sDkQyZnFvHdnp5ZP21RG4teLiDy.jpg
520360,King of Thieves,/rtfS7y2XQ0vjTrm6khq508N0Ehk.jpg
663558,New Gods: Nezha Reborn,/sezNkk9HifNJW3pC5SU2XqMKgSJ.jpg
475094,The Captain,/jdUSP7svZ3DOgCnB0upT1yiueUY.jpg
39053,Cyrus,/94Adp61ssiAloSC4vxfCHpub9HO.jpg
30159,I Confess,/5IYyJetEctAypFYIffqx55PXTPT.jpg
785539,Resort to Love,/7w4gX4zRlONqThjhmjdxw93FAXt.jpg
325358,Superfast!,/iuIWl90qCpoxv6g775JB6Kg0m86.jpg
433627,7 Days in Entebbe,/nrC63ikbK4jDp3knvBqxPoWYEMM.jpg
315880,Correspondence,/juvp46Hjpz0FksOXvV28pYM11BK.jpg
71883,Redline,/yUkH0y9OsY7J08Dvfzi1P0di559.jpg
79113,A Princess for Christmas,/8B0GaAebFRWek6tGSqWAeyJOIp6.jpg
9828,Unknown,/99cjPBQdNN9dJwfzfJYrtI1O4ZR.jpg
10390,For Love of the Game,/vkeKxoSXE1qMArcFNTNBBH8TjKZ.jpg
590869,Hammamet,/l6uLqpGkxBfmdS1qZLWukgmysOX.jpg
400411,Satanic,/mBcVVf4AoCO8rn97H335UIjQgmI.jpg
491926,Resistance,/toVGHUTezvXXtceq0rqrDyjb5Su.jpg
11591,The Man with Two Brains,/jSnGiPE17sgicRyTPrE6UB0pnEU.jpg
369894,Wakefield,/1SOw7s1g429ZnbJyKxGIXalSywR.jpg
27346,Maniac,/aKIBqbUZAEwOML4oMMjZS7m4Gvj.jpg
30588,Monsieur Verdoux,/mUPXIinTQsBdLlDaWiSl7GwQXVs.jpg
218425,Frequencies,/dDF11WTsDVY1i25VNPbwBjPk6t1.jpg
9545,Sniper,/bfx0mLLJVS5XlhCnn1xbQk4ooii.jpg
10388,The Limey,/efAnFInZYrenNvBlLIXN2oLYyNc.jpg
12521,Shocker,/8e6L3fkhO5Lg4APDMd8ZGHMGgdu.jpg
347126,God's Not Dead 2,/l0Di5mvlFhIxTn8VPGhcrYE0MCT.jpg
9694,One Missed Call,/8ujSEEePCVMyi7Mt1RQMXd6SWmy.jpg
3549,After the Wedding,/29t5x0Aj4cQJJC9jNR3VWS7l3JL.jpg
54518,Justin Bieber: Never Say Never,/dGNMD5XTBQN3teIth21ohKOCJcR.jpg
70586,Setup,/h74bol6GYG6eyXIAZVGmQBraI8c.jpg
18925,Facing the Giants,/33gkfCURxgBBpiAnrWua4Txmrvs.jpg
286987,How to Build a Better Boy,/ivo09vYN76w3epqAv9jS9BEXi5N.jpg
12500,American Ninja,/5fPN6EZHEeJtl1Nh9ZsyG4CSf8V.jpg
105077,Battlestar Galactica: The Plan,/fvQRnihUOYmsb7PiGY7HCPw3sSb.jpg
18331,The Nutty Professor,/a3lzU19j7WGfyXVDfPMdh8DAkru.jpg
10617,Once Upon a Time in China,/dkBQC0jmkmTOJJMgwsBdgkzZ6Ry.jpg
134375,Home Alone: The Holiday Heist,/6JPrRC0JPM06y17pUXD6w1xMvKi.jpg
11773,Village of the Damned,/qcpXud1UjQzlSe9A062w8Wqgira.jpg
5552,Immortal,/ryCZBW1iGlW70LGCswawI26AcBE.jpg
12600,Pokémon 4Ever,/4Vafl9UF5oCiZYOl9q1hh1uZosR.jpg
9839,Beyond Borders,/j7Upm2AtGuTzCs2Asq0GyBIMAxX.jpg
339530,Tremors 5: Bloodlines,/dlSOgB0UcsU6pr3ttGrYsytDJfC.jpg
37767,Fun Is Beautiful,/bm51SNYlcohegsZOy9thxy1JtOg.jpg
15392,Crossroads,/2sMo7gwZ8L7KttiW210T0ueJ2eX.jpg
610461,"Veinteañera, Divorciada y Fantástica",/oSbCdDI0SAAOdywGe0YVO2iDdV9.jpg
26914,Troll 2,/uOz99nhZ5PEZuXhx9XBZqsi7Dep.jpg
785516,Stuck Together,/bvK9AMUvh0TzjSmWwv74CgBEfg2.jpg
672322,Rurouni Kenshin: The Beginning,/rODS466qSdrwMlGdbUwPENhDN2c.jpg
383709,Wonderstruck,/yjDAt9K3FKU1itABgIXl6YvLsVE.jpg
255,Stolen Kisses,/5qHh1Vp2TOOX5IaTVt4wyT8OTnR.jpg
175291,Cheap Thrills,/cnGzB8L2Y4oEyAZ4VvLxAwTRA3N.jpg
13689,Peaceful Warrior,/r4VQCZe3aSo7TmmsxcyLqaoMR1l.jpg
11867,Barb Wire,/jW5TLptY7PL1Mllq1g1uMjwXLXT.jpg
816904,Mummies,/qVdrYN8qu7xUtsdEFeGiIVIaYd.jpg
874,A Man for All Seasons,/fKdIMxsxt2PQlHGqmnl8uSS2C54.jpg
18890,We're Back! A Dinosaur's Story,/iyFmhYlioe3PDZjSKWtcIhu5R02.jpg
415010,Ravenous,/4VHUwd7GXHRi6m4exxJNEZdESwD.jpg
75233,"Oslo, August 31st",/bgfbFhwhnpumz6MU3py1DwMm12.jpg
335777,The Nut Job 2: Nutty by Nature,/xOfdQHNF9TlrdujyAjiKfUhxSXy.jpg
23049,My Life in Ruins,/u9UXXbGeUlgBOvUVxASVnFdvuLD.jpg
36599,Prom Night,/r2Ew7wUP96PsePEZseK6JqcPWY9.jpg
755339,Just Another Christmas,/pv4e8yKGMJAaZihYPFUjYHsG8Ob.jpg
10711,French Connection II,/mef0hcVIOQfDUubjdTwvuafO1dj.jpg
10295,Miami Supercops,/j0zfJkOfQr4DfcxjjeCVFjirKpu.jpg
180296,They Came Together,/ifvKTtvmPYOGed2hP9ogPq98In7.jpg
47760,Restless,/cv0AonfuCDrt1sfR8HRopODEbul.jpg
595148,Irresistible,/hUpYDriYa5YkwwxeafUsowTweBg.jpg
74461,Knights of Badassdom,/7TP8E4nTqT0SFkwlj2kYRfMRwfH.jpg
10447,No Escape,/jRwMdEb5bxwVARU2VmOADTflLfZ.jpg
2882,Hunting & Gathering,/dNgTyFxp84SWeOkgdWeZDiXsADG.jpg
9997,Gabriel,/pH5ieqe5s2ZuZeEhloJZk9WeCTL.jpg
43645,The Little Devil,/9VbFCWoLJ8w97fr7Pb2AyjBJ1Na.jpg
119278,Smiley,/rO8jANmASmul1tWi53mudn1V9IA.jpg
44918,Titanic II,/3m12UeP1DMfhYZyvpLftaJGsyp3.jpg
737568,The Doorman,/pklyUbh4k1DbHdnsOMASyw7C6NH.jpg
9448,The Big Hit,/aYDC6E9wi6vUmqnJtHsYJfMhFo2.jpg
787428,Two Distant Strangers,/goTRnLgLjr3hdlBHVcFg1VS9eMI.jpg
13493,College Road Trip,/322poolColDysdWIA6XCCZQy9B6.jpg
53399,The Solitude of Prime Numbers,/m0gus7fk5eAZHS0OOAHa70Rqu9F.jpg
460059,Burn Out,/3LeFOvzjZuIC7cQiXDeSIy1ym7a.jpg
965,The Magnificent Ambersons,/4QvsFW2cRY20GVpMQNcG406YVxP.jpg
2153,The Driver,/eaPcjoGR3ZzHTNTeHGqmihOyLN7.jpg
12609,Help! I'm a Fish,/s9yFQD19xJqXEnAnUAZFUan25DJ.jpg
9669,Ring 2,/HREqYQWkGnH2viRQEXupCSX7ID.jpg
14709,Varsity Blues,/pc0h46SD8ONe1yE8TkFyXdgfYDT.jpg
14283,The Red Violin,/dnU8nB2NffHJtMT0vqmrBxruH9n.jpg
10442,So I Married an Axe Murderer,/wMr6ZjfOnCHOA9Qm3jvo0e7nzfx.jpg
747687,The Catholic School,/WTTXAtuyQY93oe1yetWYMGbO7K.jpg
222461,Wer,/AeoCw3ItN1LELfJvTQnXagADL0F.jpg
159121,Paulette,/vrOmk9UVy5MW1fMpwVAMMlmCdWk.jpg
869626,Marcel the Shell with Shoes On,/jaYmP4Ct8YLnxWAW2oYkUjeXtzm.jpg
308529,Kickboxer: Vengeance,/9suFyXDE1MhZ8I8tuhmTd0fJ7G8.jpg
11071,Them!,/tP352STF6BvSROi8K3CMM799TVo.jpg
1689,Little Buddha,/xy70xtdoKZ3PxlKkakwdhL3UFDQ.jpg
644092,Finding ʻOhana,/tTWl37oAYRXS3D5mEHmjveXXyrN.jpg
2054,Mr. Holland's Opus,/kBmwWeSN3ajnYHZ3dSybEobxEPI.jpg
813258,Monster Pets: A Hotel Transylvania Short,/dkokENeY5Ka30BFgWAqk14mbnGs.jpg
10127,Critters 2,/5rR3dVJXnXskkBBWKbLg5EDKWtT.jpg
458131,The Best of Enemies,/4pA9318BY7CSnXVi3xKBtPYMe1T.jpg
16300,Down to Earth,/w2XM4YCfBOOWEL4a0abQji7QxwI.jpg
38285,Il ragazzo di campagna,/A7Krc9fQqTQSKXpgldSOjvNBg89.jpg
9789,My Brother Is an Only Child,/rSOjjhIY9OidNPqgJcguGfHeTg.jpg
2058,Addicted to Love,/sRfuSc6E9GvVaOHdPv4vG3ywfMw.jpg
11337,Stardust Memories,/y1EHgpL2hMVRcr6tIOy7VGLxaPs.jpg
626393,The Sleepover,/9iEc34Qje2V3FZnrSXKfZsbiHjW.jpg
6081,Revenge of the Pink Panther,/pvFiI8Kkq6JIf9uxDUU5FEvet7f.jpg
33602,Temple Grandin,/gQhQ6yEkUkDDo1zugpq46PJN8xZ.jpg
785533,The Princess Switch 3: Romancing the Star,/d42eVP0SdHEKUoUnaFpF2eMz4hZ.jpg
1908,Inherit the Wind,/7oaHcF0gCOt2lKaT2zajhajP0Zo.jpg
12211,Highlander: Endgame,/pFgdn4kwtgLjd73lXFtif7G2GWs.jpg
653598,Spree,/kaYi1XKLqM5k3eC5wQFLVDxqQ52.jpg
212167,Patema Inverted,/1ZpDVSY15o0TWVj7qbvFf5BU8jE.jpg
486070,Blessed Madness,/4UaxYbbv204sRpCL5Io4oGUDhJ4.jpg
94380,Bad Ass,/d3b6f3OBRKTN6sOULUCQGNlIfBp.jpg
47796,Mamma Roma,/gA4TiFDgmKMsorIMIaNwi1FRNOA.jpg
496704,Tremors: A Cold Day in Hell,/aFOdiHaRjeTmHG67e5B7md2Q1cq.jpg
527,Once Were Warriors,/1nd4SsytVc96hy92g8NNVPD3mzf.jpg
10869,Herbie Rides Again,/1k14PPykkUQfhjn3xXDrc55lfHl.jpg
466,Klute,/tVyINAsNGSgD1OIstqwCcs7wyGH.jpg
9873,F/X,/dxqWgIQkwFVCSkB64EjD3fc1lwG.jpg
285733,Barbie and the Secret Door,/i4BIMP1KZmERVwt4BFXKeBBIDvJ.jpg
3088,My Darling Clementine,/o7G5klSt9i8LQZdUNvrWUJbbxAO.jpg
30943,The Deep End of the Ocean,/4Q8g9CfW7EiwxRCpLSDpOmcaEZb.jpg
11457,Life as a House,/sfZBVzDemE0N8KUZ8Pc5JZfqG45.jpg
49367,Two Sons of Francisco,/ub8vYfI1zgW4WItWDQ5mT6q5tzQ.jpg
801058,Seaspiracy,/iFNri0fwn1WfCoxf3H3v1z8dCm4.jpg
520901,Doom: Annihilation,/7EGElXVSNnqcPjuhXPd6UVUX1rD.jpg
10032,Van Wilder 2: The Rise of Taj,/irk5J6IPY4YV4WKrzhwNap8WESn.jpg
452773,"Tad, the Lost Explorer, and the Secret of King Midas",/7WtFoWtGp45PLNmajM8iGtjAA7B.jpg
85373,StreetDance 2,/bwg8qnQKAbT3EJubK8qyWfi9hTl.jpg
20414,"Grande, grosso e Verdone",/q1uFyN8W9xvC2BcGNZRGc545ZeD.jpg
652837,"Josee, the Tiger and the Fish",/xAbSLi61npWyVs5M0yxin3dKcGO.jpg
21610,Nighthawks,/rRqBtpqsDU2sEunsUzbfmChgX89.jpg
780382,The Wolf and the Lion,/aSRvK4kLJORBrVdlFn2wrGx8XPv.jpg
838330,Not Okay,/x1q3FkqFHBkMeKnHiS6GYgdLvUs.jpg
101731,The Magic of Belle Isle,/250tjGWyt5PiL4b2Tevi0hhnRfI.jpg
160139,Night Train to Lisbon,/b8dsGEWUFFErKaOFxjrWjiBfQCq.jpg
19236,Santa Sangre,/6VTra0NR4ygRnq3bD922I4rU0Mq.jpg
42994,Memories,/2e3rs7ZZxf6ENkWcxkOYnq0xuXf.jpg
26596,Johnny Guitar,/bap37yOCwcR9x4YDsNUaSo9nIp9.jpg
8953,Steamboy,/qYZUDELDUKYAhEw71ipeCtOFewc.jpg
27431,The Cat o' Nine Tails,/vVfylUKX9Lz3Idpu0J3ds7vGXoF.jpg
92182,Silent House,/60WudxF93hMVntbOmQHpIsy9Aqq.jpg
9838,King Solomon's Mines,/kO5o42Nln0Y3syiv46TrE22lJdM.jpg
9781,Detroit Rock City,/jedOctnsD20K4IvOeh5jG811B8L.jpg
13378,Mickey's Twice Upon a Christmas,/8RTPZ3i7sGWFg4rD6KFptkbniLJ.jpg
11384,The Hard Way,/c6u5p9A6dfbyFArkNM5Y6kHdTQw.jpg
500860,The Mustang,/sXQzQcjNAYYosymYPVaXh1nYKaJ.jpg
516043,Here Come the Teachers,/mBc8UOa5VxdgLfY5qYWZvuboJKq.jpg
2084,Birthday Girl,/Au2Cyrm4VXiNZRm9CA1lwrxREal.jpg
24100,The Little Vampire,/zBGfZGKX3KJnljxsX6r24lzRe0i.jpg
1140066,Paradise,/yGz88hNPcHUJkUx7MPm0Ue6GZt7.jpg
31007,Welcome to the Rileys,/tt9pBPoXjFu36rPqObwrgkYCY3t.jpg
11049,Interstella 5555,/AsvPgdcSlHocAbMp3yGZXjPiKKF.jpg
536841,Diego Maradona,/3eBZxi0xcXBnEYq4m4YTVf0eHWX.jpg
10571,Boys and Girls,/9zmvYVgcdoXPZQE44gN7nKHScD4.jpg
13166,Freddy Got Fingered,/gVmSZgxiT7ynyRLsEgg8Xs8ZVWX.jpg
8094,The Magdalene Sisters,/akOnyPsfzcDvCwP3lzY35i2NIha.jpg
70868,I Don't Know How She Does It,/zQoXlm7NXKrBL4jcbIw3urMHHgs.jpg
968051,The Nun II,/c9kVD7W8CT5xe4O3hQ7bFWwk68U.jpg
16899,Easy Virtue,/1VO09so985ZSbEj0JnuebHMqTip.jpg
335791,When the Bough Breaks,/mHNAzwNJmEllFa5Lt1RjyyXoGMS.jpg
12178,Miss Pettigrew Lives for a Day,/A8ylf9VH21E9uxcl7vslJpPXnwQ.jpg
411999,OtherLife,/stSDsKsb4fS6NPzuHwfAWD2jim8.jpg
693113,Midnight in the Switchgrass,/1OTSuh2HNcTRfme8caU8DjgJ39K.jpg
67884,Chinese Take-Away,/wSrMT1YrcMH4NdzH7IdJaQzgzJc.jpg
23637,"Ciao, Professore!",/b4wZkB4FNUi7SK46Tw9kxT5oW8M.jpg
14055,Starter for 10,/6aWJUGF0kYiglt8u5QWgP7dUQxv.jpg
850018,Windfall,/njBc0nNdl9QbsfMwyRqJkmW4NQO.jpg
340481,The Unknown Girl,/owxEl8EMMTwiy73L5n5zM9jaTws.jpg
8222,High Heels,/xUpMr3ma8XMpdDhM27s4EuFxdyC.jpg
392553,Minimalism: A Documentary About the Important Things,/2QXHf52RxGbw1PYrCtbD99iZdBV.jpg
11986,Betty Blue,/dGkxgj2ozlD4yRtsJL35EUXegFv.jpg
575322,Project Gemini,/rFljUdOozFEv6HDHIFpFvcYW0ec.jpg
16113,The Delta Force,/lW94s7xxkdOzYcueaqGJwcVVvjt.jpg
13997,Black Sheep,/bV9SCk4QXCi9p1kdDBiYejcMQwK.jpg
11841,The 36th Chamber of Shaolin,/hv29eb8g7iCDr0WgAcDdwZinuoY.jpg
581644,The Misfits,/dPOyYnCkRbWAEem85N3VFpQODf5.jpg
13980,Sword of the Stranger,/lMsUYZq5ITW3rAqF3tB7v74KEnH.jpg
632632,Given,/3trPz7muDOv4AHjDZiD3MLGls2Q.jpg
73532,Le Havre,/zCoGiKr8hn9fPYnxECjUhpaP8TI.jpg
502422,Thunder Road,/ynljTdiGVUCJJ6THSZi22SBoQAR.jpg
16085,Funny Girl,/rXFRIv35SgcmaUqRjmGniwSopRW.jpg
63700,My Babysitter's a Vampire,/gDnn0tBmuFPRiSwvBl6GBqiHAZz.jpg
426962,Room(h)ates,/1oytADs4loq93v7lS3UjNoDRLBg.jpg
4722,Body Snatchers,/s8WdtuOBvfEsuPtbQVpNfEgd5aR.jpg
21786,Cold Prey,/sxYjsslcs5FSsAkEfjr50gAQWNo.jpg
2453,Harley Davidson and the Marlboro Man,/4WRdrjHyLuHRwep2UJWBoIn6KTW.jpg
364111,The Anthem of the Heart,/7bJHM6t6j3YLjDNTwe4hyghKqSr.jpg
377897,Barbie: Spy Squad,/uxdvJHE5V844dTlK2EmqRQCTYDb.jpg
4484,La Cage aux Folles,/bpyfF9nJ7ajondRO1Vyr9j2hURC.jpg
416160,The Vault,/eMXA8Mbl9P9kNVGhMKqwr5Xni8C.jpg
79697,Butter,/1rYC8s3fjg8zzh38yjFMsumvfF8.jpg
615453,Ne Zha,/phM9bb6s9c60LA8qwsdk7U1N2cS.jpg
11223,Coma,/hNvRSP149tERwJhPGECidST9tdy.jpg
120475,Dragon Ball: Episode of Bardock,/gvBKarJi4ACMD2AS0kb26albJy0.jpg
9711,Species III,/gaZYFFw1RlEIubcmGUFZbhjtH2p.jpg
210908,All Cheerleaders Die,/dfIMRacF91TKR7BxlxFuMjelRv7.jpg
266639,Jem and the Holograms,/7UiDWxXzpZSh8e3EJKYWyM88qb6.jpg
1001865,Scrooge: A Christmas Carol,/oyGb5JpEYMEqDDjfJKLEvPTVSjK.jpg
166076,Superman: Unbound,/nnZKtmVSnueWd4pjk1BekLJxXRL.jpg
432618,Coexister,/lTXjPswcvDIqI72m4nuwEg12oPI.jpg
317744,Careful What You Wish For,/7TCNLuxwzsU9IXYvzzYQdwJe19v.jpg
860159,Crush,/hayr56csDzCSADaejgrRMVPHyDy.jpg
14092,Ghost in the Shell 2.0,/4Vzlmvb9EyTnr5kN8mFVCMs8f3I.jpg
10253,Dragon Wars: D-War,/rEpvqWGu08coDLUpcpiz4sMoDYo.jpg
414770,Antiporno,/1hL1OlEHPuqZAK2QXR8tCHCGMZR.jpg
172106,Jappeloup,/bXwcbKp9kCEYXNtWGWssjrmZ8FE.jpg
616803,Breaking Surface,/zlOvKg5WkXcwcmqy2KaiXoXLAky.jpg
573164,An Egg Rescue,/7he8glf7j41d3amgf4Nbpt3HVq1.jpg
11194,Touching the Void,/fsydA5H8FSDaYlYWddfMpMpDUX.jpg
679989,Simply Black,/8OLWi8MzvjqBzeuHRmo915GWGPe.jpg
19597,The Hedgehog,/dGV6PP3m871ur8pUFWR3NUysTi2.jpg
464737,The End?,/3CkfgStUa71puqG2S5NTRqArbf9.jpg
276624,I Am a Hero,/4RnmHtCLtbBHD9jagVlcSzJTWX6.jpg
52345,Lisbela and the Prisoner,/nUM3SPRziINfGbh576EnGV1mWqz.jpg
50270,Paprika,/A2VdIkrwBtfbZphrzxpIvEfetjl.jpg
9417,Wrongfully Accused,/6FG3aldS4eVD4baKwmAi9P8kdRS.jpg
1249,Hollywoodland,/iHSbYI7l9ID1vuH3PiM4CWek38g.jpg
575813,Better Days,/csVZ2ZQCj98XdZoCuW1aixMYJ0W.jpg
589524,The Champion,/jUaxotl1o4caOM9aG540ZymAdhs.jpg
10426,Friday After Next,/sxHFGPKLWj9e3aaA6wGVxghoiPE.jpg
184341,Hands of Stone,/rpAYkkc7ltnxnMXOZLPuI9A6cuB.jpg
634544,Uncle Frank,/u3yozs3oGY0ubwf4cKQKOMWqNx3.jpg
667257,Impossible Things,/t2Ew8NZ8Ci2kqmoecZUNQUFDJnQ.jpg
458005,Zoe,/hagf4LA3FRD2o1wI3LhNzl0t5vo.jpg
369781,Public Friends,/4DcYje54hmBsH3HK06PmMXp4fAu.jpg
586333,Who Would You Take to a Deserted Island?,/19yUi8HkQbyKLjdt9ab2U9ZUFmk.jpg
48303,Certified Copy,/soBvtCR33Gv1j6gXwXOIc3JTlNc.jpg
2148,The Cotton Club,/jgCsLhIRLKlvUy1p1iImCi0nPnX.jpg
11620,Quo Vadis,/205q2KznSETw5MeUHupvusQGXDC.jpg
360365,Tini: The New Life of Violetta,/iH1d41fxNGPZ53kvQ6GRUFNwp0F.jpg
272692,The Possession of Michael King,/r1LrvbUsQHn8ByJIOoeI76F6jR0.jpg
11379,The Adventures of Buckaroo Banzai Across the 8th Dimension,/a7K5OcylQbWtCbrUzegfi31yaSs.jpg
764835,The Desperate Hour,/u6Pg9eTklhg6Aa7kXaxrfdE1Chi.jpg
450179,Problemos,/12KzS7zZ2Kj4p556lvR7UtJsQoT.jpg
665828,Bigbug,/jDJOojbuqgnNVGmKgmuYzBpaIgP.jpg
43200,Basilicata Coast to Coast,/1jFrV9DPPS38jgYgyUFJXukMsAt.jpg
16136,Juice,/fLOB1MdIf2jWexxOzq441lNTIpW.jpg
2998,Zabriskie Point,/qjPeWUyBcAgM2OZSgk0icNExtWT.jpg
2457,Children of Paradise,/yiy9stl1jjVhW44ypkWMFDT8Ix3.jpg
17845,Loft,/gbFwIV5cxwMD3qUPiU91kfALTjN.jpg
16672,Woman in the Dunes,/f0JpsMQ9oEjKBD66Ky3qK3z7LGT.jpg
41413,Sorry if I Want to Marry You,/cxnAuMCLp359pffU14TAhmqGgKv.jpg
114606,Cockneys vs Zombies,/xZPIZb81NSlF1zJhWqne4dKwtxC.jpg
11647,Infernal Affairs II,/q9MCjc4CMXju59slJEzYEtr7F3W.jpg
19004,The Land Before Time III: The Time of the Great Giving,/abcJUBDHi6hxibSgm2bxYK1wAZK.jpg
24873,Death Wish 3,/5NW09xV5sZCHVkVdTP1BilW2CCq.jpg
348657,Woman at War,/9IwRoLxbYF1Vu1KxHt0aLbyeS5u.jpg
28043,Black Sabbath,/vrMcn6CKrLjWAtHHMFL7cj8A5au.jpg
680593,The Dark and the Wicked,/4DB9VFVTp0IQEWFEIf9f3f2z3t5.jpg
520736,Loro 2,/alZtZ2cOmSen1CCitIsEA0OMVHz.jpg
356298,Don't Think Twice,/f8PuoewhI3qeROdfXSw2Utjf1On.jpg
118412,Berserk: The Golden Age Arc II - The Battle for Doldrey,/gzVQQaDazukAcmiFx6l9WLj1kwo.jpg
48492,Detective Dee and the Mystery of the Phantom Flame,/qWOBV05kNeLyaiA31DFkZlMpta5.jpg
10862,Bounce,/w7X4M14WV7KrkkvXd64lcLh79sR.jpg
535356,Elisa & Marcela,/9MqfsvfleJc0h3vRkEj1C6FsqLX.jpg
842675,The Wandering Earth II,/pR858ihc6Ls9xohpdRJVjV787ml.jpg
36897,Pokémon: Mewtwo Returns,/zIYljUBF2rXzB0yYZVEPY1l8zHp.jpg
2690,Irma la Douce,/feA0zc2A10gxY0aof4sPk07oDrc.jpg
11577,Pat Garrett & Billy the Kid,/vRDvPypWsjGs7spo7G5bz1cSacC.jpg
10480,Nurse Betty,/1OCHR9z9k7go669AsShOkTj4CFb.jpg
464502,Acrimony,/upURIW6jeEcTJKpaJeoNw5jbcr1.jpg
1818,Shoot the Piano Player,/9hFy8LJshKYvW5vzguEhvgphIHJ.jpg
146229,Kristy,/5sT3ZsWbX6VOlgqslJ1l7eWZJqq.jpg
365045,Heidi,/kxnhHaPOvh0cqMOAx5k0NnqhDqS.jpg
11018,Year of the Dragon,/c8SfIgwR5mfu0c0qTBKbsvBfecJ.jpg
12626,Broadcast News,/8YhpZz85umXsa4cH5U7a0hJ2Vuu.jpg
33914,Frankenweenie,/qksCxopJh0xhMwU2va5nnTqFwwp.jpg
65215,Stewie Griffin: The Untold Story,/mro2I5vlcwn2XHwgSDwk1DvhanM.jpg
364051,The Innocents,/8ZSPkyzq80jBVezRlC80kvV6QZr.jpg
31359,Would I Lie to You? 2,/3RiKoJZH66N1oF4bH3lLsZvwiik.jpg
39345,Casper Meets Wendy,/zYJWQvee9CN6nc9En2KUWewHGHr.jpg
394374,At the End of the Tunnel,/z6qrI5irqqDS7Pt1WjNVe6vbYHG.jpg
10077,A Sound of Thunder,/xJ1BVHMOywEF55nCZC6g57CIJho.jpg
36968,Life-Size,/52ZLTvJJ3JZu8wmmOMizuNc4r7a.jpg
12707,Orca,/uSascD0pN3n5d6BlyFdce0hRVzz.jpg
309302,Wolf Totem,/WHE5b5pO3lLyStt5cA2vMLYPI4.jpg
39356,Boy,/jOcwOnCwTbCvJm7jAbeSo4Jgv0H.jpg
13968,Jump In!,/bC15nPOGIOXohhqzC2GTg0DlqIy.jpg
10859,Stakeout,/zclBzn3FBzF4i774z0mZjFQw66q.jpg
8288,A Midsummer Night's Sex Comedy,/ohL4bIBXXCXc5WRT1eHESq0OQeW.jpg
10484,The ComDads,/rkFslveTXi5vIIGX0Icys8Hz8Zc.jpg
523936,Meander,/gDNHgbbDgLcl67Q0Ges9R3qvwUU.jpg
27813,Basket Case,/ciyzEBzJ1TnafkgGXr6DqEVh1wk.jpg
12658,Someone Like You...,/j6lr8jE8hDgx75GeRRL1greDmkz.jpg
21788,Trouble at Timpetill,/fpM57XnYSWwUk4Xvkx8KLBJ0ESR.jpg
77561,EVA,/9GH6VRhwI5SrD178aqPCI1Xpf4P.jpg
13973,Choke,/7osy71os3YLiFpNYn567koOnAKZ.jpg
758330,"Good Luck to You, Leo Grande",/5wQydIQYho2wz1suPOoPoNgMzCm.jpg
906221,Magic Mike's Last Dance,/9a9pyJZRhUWUSBT8BQqWihtqbI8.jpg
12476,The Hidden,/pCoFtULUIebq13EU9glcZjfdC1a.jpg
311667,Manhattan Night,/d40J0y6Ha1eakPrmfyEHoKFQrSB.jpg
381890,The Mermaid,/8YVB8VxQqx3J1FtOVvoHybBKNPS.jpg
16441,The Beastmaster,/vVW1SEyQTKOZeGJ1WyMLwAKWGOU.jpg
11059,House of the Dead,/lI6UBnxwHztggSq8PhLibdOe2Nd.jpg
373072,Tickled,/qxUbPwyhzNEyUZYOZm6t8yYSQf.jpg
736769,They Cloned Tyrone,/omSa3oafsV7i5776FLFoOBI2Ho9.jpg
28468,The Key,/e6g2geNLgFzMbriH6EvSJZD78nx.jpg
7341,The Rage: Carrie 2,/jJmIf22gwwQPAFJfZ6Tr1MwSpRg.jpg
20558,Scooby-Doo! in Where's My Mummy?,/svtAzhRb4ueCLXZX8r3whHrE5x3.jpg
508018,The Warning,/vpiXfao6p0JonETFaLVhrpIkPTy.jpg
20992,Brother,/dxeVQdd227B367xQxvabkYTfz0b.jpg
302150,The Hunter's Prayer,/d5MEdS2Q1HpZyqaRZ54VrzHfq4G.jpg
72432,Puncture,/sQD8NLW8ZsKHZMx9n7dLHSDgseH.jpg
38093,Just Wright,/qx1SumoTQYtB9VyxQ7irlfE2e7L.jpg
542417,Skin,/7ryH8Noh6VKE4L42yhpR5jqIGsF.jpg
12596,Pushing Tin,/61FWajJNKeS27DO4KgvS5LUgcHh.jpg
10217,The Sweet Hereafter,/gJy7LMq4b5qO5fsSUSoBgm24BHf.jpg
12187,Heart and Souls,/6MwnrMeuqqoc1Fg03mfU332xbyK.jpg
843906,Straight Outta Nowhere: Scooby-Doo! Meets Courage the Cowardly Dog,/rlQJnQfPgaSGQtyMw35VOIqoIsj.jpg
753453,V/H/S/94,/9fSogEkqDfJQTuGHsTFloQz3Tw8.jpg
21705,The Barbie Diaries,/yRlB6Mu1NLccp2UP6QHAxJ1ulwl.jpg
12151,Ruthless People,/fA3f8bsXoVbIALq4EdiAwptF1ws.jpg
9413,Picture Perfect,/vlypjFdSxUVqxHc4TjjW2jvXDiO.jpg
451995,Faces Places,/1NX6NTj9FiiJwEgRUmEifSzE7Na.jpg
34069,Cargo,/cZRLGCW5MkMJiuVOdXBcIsUMhFA.jpg
399031,Happy End,/tAHzP9O0MOswvWFv5jtWGTyMYXl.jpg
36950,You Don't Know Jack,/xl4x8aILt9v91TUOKXHIVDZwkXy.jpg
11367,Odds and Evens,/ankqh5ykTnjXiDizWtnbKRu8LPo.jpg
69315,Battlestar Galactica: Razor,/tO3EoFJj0FJjKelDW5SUtquDIy2.jpg
621151,Spell,/4rjHhj1BAREc9zNFU8FheLJQdFf.jpg
41664,Fantozzi Retires,/i9FTwNcdWQX5xzoIVtYUQHSR99p.jpg
24124,The Burning,/d8as1GtCAhlc5rirarnUUd85gJA.jpg
103269,Superman vs. The Elite,/kozJARWRoGHlOu6UVCdVPD4n8Jm.jpg
52505,The Other Woman,/kKzKxip6Qezdw5pSR9ozib0RB2F.jpg
57243,The Women on the 6th Floor,/xCGGKmAXqVZIHYNT1e1FEUlvu1R.jpg
10726,American Psycho II: All American Girl,/x4bYbE78GONxAWqke5rmhpKfR7e.jpg
59421,Bedevilled,/uqvG28xhk34ExPZYu2wRGmKB34h.jpg
40817,Kiss Me Again,/7rU1NwjibQvYl48H3Z1rLHyAckY.jpg
4954,Drop Zone,/bbveyfmq6pGrzKL0l4waeA2WHHp.jpg
433471,Lou,/zAQmOmQPWyvU34B3gcK163P4jmH.jpg
35052,Cracks,/pSVWV04CAWfswP6rqiKJWv0XWzE.jpg
425980,Brad's Status,/uXiNpvig7EMq18VyNBUTlWrmN0q.jpg
34588,If I Were You,/6ZQCy9TSZr1lhJqLtt6hSEDaxH6.jpg
41668,Fantozzi The Return,/sL0Ay3GQZRup2xOPkL63qujgzgh.jpg
280002,The Remaining,/z0HOfkCxd3QhEUfC3tR0s6U4ajp.jpg
266082,Girlhood,/qZ52DlSVguX0WHYoiOD464IIONd.jpg
334522,Alone in Berlin,/8BuRgEY3dMw8usxelybUS1K3NMd.jpg
10349,The Dark Half,/olTd9a407z9EPrqszt64ZZZWbgq.jpg
5595,Fermat's Room,/qfcbdLZu0U0sIaUX3o7zkocPeCX.jpg
390989,Sharknado 4: The 4th Awakens,/xUbN2ww2T3y3kaW6lf3c5DabE5O.jpg
2212,Nightwatch,/2ueCI9QX9AGa4SzJgrvK1fONCa5.jpg
14456,Shrooms,/pU4lcKfjf0U8pM036FHyoVGLev7.jpg
11056,Darkness,/exr5xYRHbj200Y3SxMDGfcT6zla.jpg
10818,Water Lilies,/oNrs9disgGDtOORToDt5dIqYFBi.jpg
10874,Muppet Treasure Island,/k4KW2CUkzDKaCy4H4cS02cO8gvV.jpg
244539,Infinitely Polar Bear,/knQuQkoqNLXKvdwcjgGpY1gzmJa.jpg
5335,Theorem,/k7rEBaYUTgdxVqYl9aZm5ZcoB41.jpg
360638,The Student and Mister Henri,/vcwKqfw1bQeDz4tS96ca1mHZqLV.jpg
54540,Beverly Hills Chihuahua 2,/k3IHj3utp8m0X1KpNHyfOIsypE1.jpg
13384,Kes,/r1FMq75irhsQBVGjXhPU4xA9SDo.jpg
912598,Bubble,/kk28Lk8oQBGjoHRGUCN2vxKb4O2.jpg
592863,Respect,/iUtPwOBZJc8uJnDqlCXTibdgxKz.jpg
12185,Heaven Can Wait,/8rq1hQDOSZbU9J3EHlHnp12Rl3w.jpg
8696,Calendar Girls,/yy2cPwrnUquMCmShrf8TbYu6emd.jpg
478860,Proxima,/RiZB4x1alTwsJHTAVk5zC2p6TS.jpg
335360,My Little Pony: The Movie,/8FAkwIBnd5eGlSJBrJfJVMWAbhI.jpg
29005,McCabe & Mrs. Miller,/eQ9hDaTNpZ4wb7FWdqoJcOCJBve.jpg
9491,Blue Steel,/mPUrodB3k8NYcvr4WPwtjSe1Mv9.jpg
59981,Legends of Oz: Dorothy's Return,/mpMX4avGjpQ0LSgDUTebxdTD81T.jpg
9275,Death to Smoochy,/wrwwuNLITsA5N5cVnA3ftvHFqHj.jpg
36040,Walkabout,/24vooYt5StgtgcQObVr1GHuM5gy.jpg
18238,Lesbian Vampire Killers,/3IROnPMgDnI1TYQ4PZBB0nn6CwX.jpg
6058,The Patriot,/5lmW1yBXAHkOc533wRDEqp3jlCV.jpg
429210,Bingo: The King of the Mornings,/1ddIxZW72MjnPA2cls8gCGMPp5d.jpg
43920,Dog Pound,/uyV9XhPpOE5MsvpTAd9FU585oIx.jpg
417466,Monos,/oxxIOWDP6beG37VG3jMxE77pRwC.jpg
182127,Ip Man: The Final Fight,/8iBLQor9xFiT9d9b4f8v2W3X5jj.jpg
228108,The Road Within,/1lkp87orcl6IjrdJJTJPnY2gEoc.jpg
1088,Whale Rider,/1ZQSkyEDRJdk6TCAThBojB5hJcK.jpg
5801,Pather Panchali,/frZj5djlU9hFEjMcL21RJZVuG5O.jpg
18086,Fright Night Part 2,/gsYuT5o9ORqKqmct1xgKfb8dLH9.jpg
27793,The NeverEnding Story III,/o75HHfr23sgeqIeUPwjKY0V9Ppi.jpg
209189,Life of Crime,/apO5xGmcEHpdIBc3Zreax7MXl2m.jpg
6639,Love in the Time of Cholera,/7y5VuS218Nqc8eVdeuOrlYWWD0D.jpg
341744,Truman,/p4MFl06ePJGKMIF7zFCJhex95Vi.jpg
451877,I Think We're Alone Now,/9sNsmC8FKgr4hTfnGCS49WY20k4.jpg
14684,School Ties,/r7Etv0A2y0Y8YIKb5MVHAUiyPZX.jpg
717980,Sharper,/tq8x5F17q95T1j0up5rpzXFAylN.jpg
43266,How Green Was My Valley,/8N7OmxBqjRVUrqergUduGgr6exy.jpg
3309,Mildred Pierce,/iSXi0xvPUPwEI2xxWZrcKJXpUYc.jpg
352173,Drishyam,/gIClWRv5OSe8rl5Koi0AeUcCZ9Z.jpg
359790,Blackway,/e1ThQ0GGQ2IQ3bwSTR7mB406QV5.jpg
874300,South Park: Post COVID: The Return of COVID,/xD88mrJ8hsqYVqQ6kinNNGQLdg1.jpg
10339,Moby Dick,/7JXcm3RyWlGsRCZ0YlOliWr6TNv.jpg
4283,Primeval,/5ou56J8FIxbIFusR9zIA9GW7zwt.jpg
143049,Adult World,/gI3AmarNB7eJXG0Qe8DzWiYjBWv.jpg
241771,Beyond the Lights,/5Di9UXTa2bDec68WOFcZzgB1ot3.jpg
14070,Ghajini,/cPLzHxPFRjzNvoyncdtDGBAxjp.jpg
34463,Three Little Pigs,/aPmSY3y4A2xMSkF24tdIfDQNKJy.jpg
16241,The Boys from Brazil,/w7IZT1HJNmWcEj3Axwlwhya02OX.jpg
343173,The Rezort,/oXeDhUJaOxUs1n6fHRhWVuuVBju.jpg
412547,Killing Gunther,/5jm2l2qRq8jEzXzOZgD2wEgFznq.jpg
351809,To Steal from a Thief,/elEaCDGOymaTePaM7oL41WaT0aC.jpg
9028,The Great Silence,/3kpxS7SZMyYSXvhDnmxQXOOxiTM.jpg
652722,In the Arms of an Assassin,/iqRUOtbDunNq7gTux3zXz25Krwp.jpg
715123,Books of Blood,/bXLVZGgLgd7OwbfP6fC5GCfrxuD.jpg
438747,Tangled: Before Ever After,/zj82L9maBSW6CAVZltBoFBSuTk1.jpg
9438,Mr. Magoo,/p24cXStOcsO8DH5ew5Rdf2lQYCa.jpg
13373,Millions,/xKbnBopSedOmsKU94OD2vsrtcnf.jpg
24452,The Little Shop of Horrors,/8wukZauAXzmtG5uIsJwk4TO1yvo.jpg
1845,2 Days in Paris,/uqxkuGxV1zLw4kJXj9XMx4oFQgE.jpg
44009,Another Year,/zrkQcAatfBox5x9KZjaYGnKoqu6.jpg
436,Maria Full of Grace,/30CImATfvHWLXy6a3KmHXnYXB6c.jpg
15602,Grumpier Old Men,/1FSXpj5e8l4KH6nVFO5SPUeraOt.jpg
248933,The Dark Valley,/8s59L4YCmDNyQAkSrlkvc3Vc3fp.jpg
12912,Chaos Theory,/iP4DJqTeMMQJ3J0eyt2RjRH6NZH.jpg
501633,The Invisibles,/kn0uHQLJ7YdlBbRfOSMYSqXvYW4.jpg
3121,Nashville,/4oU5hkhdWVLQ6gXhZQvWZX74dZx.jpg
15171,Charlotte's Web,/eLq5bed09bkNVjUfknlbSil2cfR.jpg
430528,If I Were a Boy,/szCUtLRTN10N5Zjl8ZGoJOYmRrC.jpg
699102,A Week Away,/htTS07IvYv3rv57ftzNEprefwSq.jpg
341392,Lolo,/eqwW3WwOPks9vnf17EXkuYDbASB.jpg
66125,Red Dog,/cbLh0tVqjqcDnob7w79XkIQ7gGI.jpg
48769,Gramps Is in the Resistance,/78e34omriZjSPPnw6dph3nc67YY.jpg
341689,How to Talk to Girls at Parties,/v6mPfyGshwXd1R6kQlMEyZ8Zu2s.jpg
15916,Angel's Egg,/dcEUGvckbePFzPKhGXnS9T3kZMG.jpg
595985,Cold Blood,/uGMIxhhMvQEE0mNlATXpEAG4mgl.jpg
640923,Kidz,/w5hEwTG2P9YKn0SYpaxjeLei28h.jpg
169020,Vive la France,/uzOTJOOLrLhr2r8YHCmdahvVkF.jpg
326425,Extraction,/96FQG1MyR9mJFcvPBZAdfsVqaMO.jpg
459616,The Brand New Adventures of Aladin,/gpnX6hMtnqsi9wQJNLC9XzhCtha.jpg
9625,The Glimmer Man,/fMXc2nf3iZFsVbNNmJ5MCtjcwlk.jpg
7511,The Last Kiss,/9NVvNUQ0OkaRmvTss0IxbhdErIe.jpg
10836,Dagon,/8S648eMKObi8ERFS7cSYDocxSaZ.jpg
533514,Violet Evergarden: The Movie,/s5sC5iWYCEeJwCLOMm1Z10Oso3d.jpg
8272,The Savages,/nY54gSmTOmSXlQpWDB7DWp4u8a7.jpg
21683,Batman: Mystery of the Batwoman,/mlmhpUArJdpRPO211v3lETe3uzg.jpg
273169,French Women,/1rPxRkVfqEbQSJNj7nSPchMfcxM.jpg
820609,No One Will Save You,/ehGIDAMaYy6Eg0o8ga0oqflDjqW.jpg
94047,My Way,/3moPqIC1EBFilLI3YJNa5Nfel3e.jpg
621707,The Vigil,/xNX2hN50YFBMYIZy5UkQxNoE9o3.jpg
16342,The Children,/vTyc2ahe0qq7BVBlPD3L4zAl7WU.jpg
18129,The Grifters,/zMpGfkiDIdg5bB7WGcAT3Fdrfpt.jpg
15014,Bianca,/g8fzVIq6FWwyu0EqKBaGN6AXelY.jpg
10741,Bobby,/ea6aSTUFQopOW7kWFZB9AvMYnbs.jpg
641790,Trauma Center,/8K73wvCTBA3XKgZTtOZWgENUnis.jpg
43939,I'm Still Here,/h8c53OPv2miF6vzpVXQZX8jw1pJ.jpg
652004,The Wolf of Snow Hollow,/nXeTSXR5ryFwxrlpmD9hhXJTAuc.jpg
1721,All the Way Boys,/cWhBysh8ejHqKBcv5cGaA5FCCcq.jpg
216,Ali: Fear Eats the Soul,/ce4l56CCzZTiXa9vFbBVi8Jam16.jpg
514277,Mara,/gQDmXAef1Oc1SXci5mui2x5DJwt.jpg
747688,Yara,/gcVFI8t5QAvXGzQRKA82glDdOr3.jpg
10839,Cross of Iron,/fR6pqh5aFn0fawsn7sR2zC15swx.jpg
592336,Don't Stop Me Now,/bvkz0vDtvE18G3OzKEWk1Cpimjk.jpg
28162,A Matter of Life and Death,/H74LWKnhOeIFSk9gNjBcPjIov3.jpg
116440,"Maggie Simpson in ""The Longest Daycare""",/muCMEJrYw6B06Zttn879nYtCGvS.jpg
11832,Babette's Feast,/3ibptSbnAHd0SUBnOKapNZQBpCl.jpg
312669,Maggie's Plan,/aKU7hEGXVi4Up18w0DCnQ2wj8kA.jpg
28055,Blood and Black Lace,/siEti5iNAbN91Q3AR2XRPfJ1E6O.jpg
559401,Sibyl,/mYQFYtws1kQs4zsRuevMuA4b2BY.jpg
10337,Bugsy,/qD2fidSLPvRqmd6bsC4HK29BapB.jpg
2290,Jakob the Liar,/djpm1Va3XDRYubtAtUV9ArX4FOE.jpg
15265,The Red Balloon,/3XrEggEOEnKGi8hTOau44vcvbmV.jpg
489245,The Kill Team,/wLRZbtrbV51oQuvqNeK6vhb6btV.jpg
16520,The King and I,/wUfaP0lLaMpZzp5CrHyII5Vd7cp.jpg
259954,5 to 7,/sQM9OKpj876pDWFbkfRIrpQG6fZ.jpg
308453,The Bronze,/Ah2nD3Kml59svErVsz6DUsxlJ8.jpg
11854,Kuch Kuch Hota Hai,/5FmtHHDGPofW5Zjns1EM1D8503c.jpg
14638,The Killers,/uXnuc6pW01s1MDwb6QwBWg2JQeX.jpg
14061,The Edge of Love,/uo7ZDvipL2OZu6G44hDP0sjDZ9n.jpg
678580,El mesero,/zvGC5jX5wQmU1GgPc0VGZz7Mtcs.jpg
5951,The Jane Austen Book Club,/9O8LgoBqOGrKXpYFQXVHOxoRNg2.jpg
28665,Fame,/hm7f9a0BdjV9OLOJ5wFWQq55Jfd.jpg
12900,Conspiracy,/Onqn8XXyhANuy1LIL7AIN6unQk.jpg
408381,Monolith,/9zwQXSTUNPyxUYqh87PvcKIAz67.jpg
33107,And Soon the Darkness,/jucoq5jnIwS44ykgLEgCdYD3B0K.jpg
5458,Cruel Intentions 2,/pm0y9yZItfm4EHlGo7oQ0wq1Agk.jpg
287689,7 Days in Hell,/fyY19vwlKaJfPJHunvc7fjQczI1.jpg
11060,Internal Affairs,/A4pH8DiNFEf2AgXkM4zk3ZpblV.jpg
11342,Warlock,/1QHjr4lBd3vBN4kEqdDFlnJbsa7.jpg
125490,Antiviral,/liMrNCgwWPARiiDoTJRRSAPq05Z.jpg
114478,Starship Troopers: Invasion,/xJJY16XSazUgDvbWEXQ1ulLiz8q.jpg
359246,Hell House LLC,/iTFbPYm50DQvMUCufSRlUzdHd7O.jpg
10994,White Oleander,/oGJDrJ9gMSs87iwE0sRZrG6EBhf.jpg
495673,Belleville Cop,/6lY1GnJcZeZq3PXsoEwrF3izufJ.jpg
41665,Fantozzi in Heaven,/mcwJGvwToICufgjjXAGcVwmYVtd.jpg
475946,Blade Runner: Black Out 2022,/zzRjnUOVXyjp2WudgT7KxJLYh9D.jpg
244516,Indovina chi viene a Natale?,/bfMmQA4wlbEqDeWWdKkuFLlIJPJ.jpg
8208,The Man Who Knew Too Much,/cUOHl4PaAEs1e74mO5AUMgis3xT.jpg
400608,Bo Burnham: Make Happy,/1RqDE7X2rGjxKOklweUFd2U7Vn0.jpg
846433,The Enforcer,/pXC8JJbfnRWtbD8i2yKFqqWEO4X.jpg
6076,Rabbit Without Ears,/4b7dPkUYGoU52xFgVnvUoJhOc8i.jpg
4710,Masculin Féminin,/wyKlcABhH1amSzqJWoYHGuICTMZ.jpg
39371,L'allenatore nel pallone,/j319RVjxJ0bZS4LDJGF8da7HHTG.jpg
57825,Bride & Prejudice,/nzFzSV7ctoGjUajiRs4JXugHCnw.jpg
13353,"It's the Great Pumpkin, Charlie Brown",/59wp9OWexYsxlSPHYmVLsl5xlFt.jpg
814800,Goodnight Mommy,/oHhD5jD4S5ElPNNFCDKXJAzMZ5h.jpg
20530,Late Spring,/iNtRSY2AGjW1VDXDR79bKsNUdus.jpg
733156,Sightless,/leCkJsZbQDULb0x5EocYs0JEloF.jpg
18764,Twin Dragons,/86oeSmgXXIoCjXXyzYq5cl5BijO.jpg
28794,The House by the Cemetery,/9cX9N5ny8XtpVDfJu3Xlaap9cAA.jpg
235271,Addicted,/fAERrD6vvmznDoL99wlgjhSfPcH.jpg
19766,Inspector Gadget 2,/6g5L4lpsQ1jYDJpMn1XGYOGzlar.jpg
68684,Detention,/wLuMoe16Z27DH96B2vg4FQNiAjj.jpg
34106,You Can't Take It with You,/9JltqbDyWstYW6gnvqDO6L5bOrx.jpg
414453,Columbus,/3ZE5Wl3CdfUH4BkWRmyMKPHkWHx.jpg
77941,I soliti idioti,/bHlUku0S8WKJdQxDnUj8aAXsMbv.jpg
403431,Brigsby Bear,/xIPgbuGcorPbOs2l3dVyaQbDboW.jpg
272548,Moonwalkers,/wFIZ1QgnegnfNNM64GA0Sa3JDiK.jpg
10425,The Death and Life of Bobby Z,/sgIthxRLUBTbaetVXvXwQEmbfn2.jpg
12920,Dreamer: Inspired By a True Story,/7Z5FuLTrP5myJ2Dl9VzDRa6q0CG.jpg
500904,A Vigilante,/53QtZhtuw0aKu14DukYTtVtcrES.jpg
142320,Viva l'Italia,/xVK4lKK0p5qxhWVsQt8EqL3f6jB.jpg
11205,Wheels on Meals,/i5iZVBfOqlRs4g50dm2G6YGfhYD.jpg
13613,Day of the Dead,/cbXPsWuQykgaRy9lsIfxRszRUXg.jpg
1077280,Die Hart,/1EnBjTJ5utgT1OXYBZ8YwByRCzP.jpg
809107,Z-O-M-B-I-E-S 3,/2QxbpQgzmTQjezu9YOeBk8JFzKg.jpg
6440,The Shipping News,/wlF7mpS9z2lYWRzxxdqdryueVg7.jpg
5857,I Know Who Killed Me,/7hz8jYHGNsNsnF0FPngxQEEVyR6.jpg
79643,Anche se è amore non si vede,/bHuGKnQZaHIleA024yGS8CBR1qh.jpg
10606,The Philadelphia Experiment,/3RbnRoVSgrvmUk8cjfZ3Jw6HzUr.jpg
2370,Topaz,/8u7vxykCVZoaxNocLbpstv3IFNK.jpg
10671,Airport,/6iOKluJfyiU1SLZbGYrY7Z0i6k0.jpg
622420,The Jack in the Box,/vDlWN81KSiOfffHlzbAgZJF8Keq.jpg
255157,The Forger,/x6wsmaVgIhtOwbMyIzOyfmZZSqf.jpg
14429,Drive Me Crazy,/qq2jbAOw5yWTaSPJIRHxvTf0bND.jpg
71677,Assassination Games,/quJ0kXiQmP7rOg1m6WGmallQiJQ.jpg
426338,Holy Camp!,/4JTf3ze7IipC66a9cqJtZZt19fy.jpg
22504,The King and the Mockingbird,/yDbfVUrb9b0Dkm1TptWtzkujXBk.jpg
595586,Causeway,/bUzKIqFIS05Ss31zRTfZfHJIgDP.jpg
347945,Synchronicity,/h7tiNyuUlvgZ2W5BR3ryWdOg3K8.jpg
11042,The Barbarian Invasions,/ekmFbyMgm3SPklSlDUW1wZ33yMP.jpg
9442,Dead Men Don't Wear Plaid,/cwYwZBEE73PakUWzbICzxYKlXAz.jpg
10765,Private Benjamin,/maIiPNXddZXKHQCi0HyULd5kces.jpg
121826,Quartet,/tatgMbBCw7iB0kHHCNCXlovVwlb.jpg
400,Things to Do in Denver When You're Dead,/oPp6Gbrasox66WyMvPS0k8OakQf.jpg
594328,Phineas and Ferb: The Movie: Candace Against the Universe,/n6hptKS7Y0ZjkYwbqKOK3jz9XAC.jpg
56825,Compagni di scuola,/yi8QUpo6U3nmYn6fStNG2nvANEL.jpg
1859,Ninotchka,/v4MkgNqZyodYwBDNbZ64MF9tVEL.jpg
451184,Wasp Network,/fzjbeyEwmlpxu5CMzmFz8IDVELm.jpg
3763,Onibaba,/xyPLG53OodhJtvfQEfcmC43l16O.jpg
785534,Paper Lives,/cmru6N6Hnw2pJwuo1ctH1CxKqKZ.jpg
10476,Hustle & Flow,/9skOqw9sld2MKKqkKKU78e0Jw7W.jpg
8954,Reservation Road,/pZaYofgshgEkeW4Huo3o6tEX89C.jpg
20187,The Eiger Sanction,/8654SvWhTdWQZ84C4NlidPqMBTB.jpg
30596,Bodyguards and Assassins,/hEqqA5pSm62IcJ4YJAuMByme3zr.jpg
17707,Brokedown Palace,/pWxoggA0KCS5oMPDOjIDYZYzryE.jpg
16328,Johnny Got His Gun,/ryIY3FPmTtXu9g6W4I69qCdkxKj.jpg
14819,Heavyweights,/uN65XQzyPknLZs2R6koZ2Cu6eGC.jpg
720755,The Kid Detective,/2WrT8AZUcDicvf5m8KVgspQEHK3.jpg
928381,Restless,/9MP21x0OPv0R72obd63tMHssmGt.jpg
11157,She-Devil,/jWYAXtdYF804aT1muO0G6FuR2Fa.jpg
18457,Dead Weight,/hlbQnAfvGJxKpDqstKsal6tuoDb.jpg
445030,"No Game, No Life: Zero",/cCBB6BGRj5nCTaEgogDtkHfjOLK.jpg
171540,Big Bad Wolves,/7SEdoH6qBIYNhIV7H9cFSRe3wO1.jpg
253835,Los Bandoleros,/zSVaO9FVHBXeeQFFct4Utv6ompl.jpg
2016,Days of Glory,/d78c7G8wDVGUTWH95tpuEGiK6IZ.jpg
14285,The Thin Blue Line,/4w4BJk3l8y9gYwPPLRs6uPHOmGL.jpg
3602,I'll Always Know What You Did Last Summer,/ip4DPTH7uLd8RVEor472WyvlFTY.jpg
13555,The Funhouse,/9eFgNrkTbXk1TBPuzxdOEjutNoC.jpg
4254,Kal Ho Naa Ho,/zhMI6I0kSLnewTMwE0A8Tz3Cj2f.jpg
384371,Roommates Wanted,/i2QtYt63B8halyr66Uon9PgyAut.jpg
1049,Sommersby,/tAgQKLv0GK97Tr0bvdI66oXlEVb.jpg
9416,Money Talks,/bN57Rl003E9pYred5kw9Rp8h9Np.jpg
8512,Devil in a Blue Dress,/5lcJhwKGavLbPva17QkTBhLfqEk.jpg
24920,City of the Living Dead,/8ymAiDW9ct2GSywWkqATEiKE8OB.jpg
490448,Our Happy Holiday,/2QhiQaZIA5dxPZA0zFv7EpydyGW.jpg
12622,Violent Cop,/9MmLBW1xFlSBu0xcv5KZOKp89OC.jpg
1665,Last Days,/btbp47CHXgLhw30kyDoVfNFLB3g.jpg
419639,The Thinning,/1vgtCoBbBzeoW78g8fHT4EekoM2.jpg
339405,Christine,/enZy6Yx6sjdOXxcnQVC200RjeKM.jpg
437626,Stockholm,/ko3AS33BLNEBcp1CO4FvdRltTxr.jpg
38288,I corti,/9uZhgmOAH7eW4uWGL49HgIA0JtE.jpg
377154,Being 17,/hC5cEEXTFg0pYvuqAfckP8EWR6G.jpg
458342,Private Life,/ljym9jQlw1HypwZxlfsjuWcjQV8.jpg
258193,Alien Abduction,/h4Ny82lizNTdTH2MFLjjyOVDWtk.jpg
7091,Vampire's Kiss,/lQbe9dFP9vskM3sFtj2H7iQFbhH.jpg
354857,Regular Show: The Movie,/p44RoW4naoE1nlSGOqqT0J2pc09.jpg
318044,"What Happened, Miss Simone?",/8XpM91NVq6IyCnDkiWf4xjHpewK.jpg
730769,Some Like It Rare,/p8phJ1JPAe0xSNBRwLyXE6KgKzX.jpg
9431,Bordello of Blood,/hOpYJoAuEmYBbRWpdWP8iRxl30b.jpg
11217,Club Dread,/9slWyVotwxZNthMcKoeFaK3tgNz.jpg
13403,Hedwig and the Angry Inch,/jafIFAW8sHQkzWPGoMDR4892dFI.jpg
13009,Zombie Strippers!,/iQcOzXCpewM9pbEwLoIrHLjpMvB.jpg
518896,Warriors of Future,/2l9LbxBSkJseoxYcIJjclnmxyq.jpg
346681,Wilson,/m63h5MxevYrKn3720hVgKZAx86S.jpg
16237,Teen Titans: Trouble in Tokyo,/4wMlDE1HzkVyYeDKuY1oDOWQlN2.jpg
11198,City Hunter,/aGJZv8h0cJWkZB1N8P2TXJycPgN.jpg
231001,All Hallows' Eve,/bSe8CBqK8HkbP6sqZWzcJfQV9Ci.jpg
30163,The Fugitives,/kJD3aDqXJs8RZI6LnpscqkSBH5R.jpg
9623,The Juror,/i1EXzLNc4c9Xd0xjCmGavb0Hz9k.jpg
25673,A Place in the Sun,/3tKYbChwIRYCwFrMUDBkbZyDIoN.jpg
391714,On Chesil Beach,/7uRdd5NawI9iTQ5oWIKYjqNkyc1.jpg
15600,Missing,/z8K4EIb8wxHaHnfU4MXywkZ6VYO.jpg
37777,Soap and Water,/yvT8NykVhVqJ06IIuB9KPJ0REmv.jpg
37265,All Ladies Do It,/u4QZQ0QU2jf5H5qaBRRdGrz7dmy.jpg
19997,Niagara,/m9ftjuwaaKHR4iv5SgMpXA5pIGN.jpg
1420,Breakfast on Pluto,/14tmdb1PiLNDZf3VD29S2nUKVV0.jpg
12277,Undercover Brother,/93RGRbodTcLYbkTXbx4QhvRqZUZ.jpg
14197,My Sassy Girl,/2et1Cqn1UMax63jSGBNAtt7LCGO.jpg
20701,Tales from the Darkside: The Movie,/5q8WK4gW45Knxhpb29IVOCbbfI7.jpg
309304,Grandma,/4LW20TF4NfQgHj5rZs0d0cgxRjV.jpg
673595,"Maggie Simpson in ""Playdate with Destiny""",/k6fgOq7wPKujibXGWYlcIBgkcwQ.jpg
581577,Persian Lessons,/ppReRGszmdZC2194keN4cGoLIPQ.jpg
10384,Supernova,/AmHGUjhgXnOYRYrF2ZYMtzfwxPe.jpg
500006,Utøya: July 22,/bpa91Opnvl4XxUCycyNGvhwRWqC.jpg
19186,The Parent Trap,/jaZFWy6ZAvQoMW2mo9xP5gx4URo.jpg
10063,The Breed,/7o3W290glYDaW4d79pdo1LXdxSc.jpg
774372,"ariana grande: excuse me, i love you",/cvBVd5DwAwYOakF0U1qsYdysQ08.jpg
12662,Psycho III,/yYY0a3IAitmF8Gg6n98gqxcUREq.jpg
259761,Lights Out,/1VzEIaYWO9HFIp6lgjfbLRJRKSF.jpg
17711,The Adventures of Rocky & Bullwinkle,/xCFSsftt2rglC81I6QLWcZSTCBM.jpg
190469,Redirected,/vz3QKzeAZYmJPoxrY4KmXmDpAuA.jpg
39386,The Corsican File,/aeYtaowpQTgp5OvIsimvsFHyNzG.jpg
462148,Love Addict,/mPH90rwEdjxQhujwRxre6Xnt6Ng.jpg
771077,Rise,/ue6GyiX9dLSpmmAze1pPYcIlUrf.jpg
299847,Happily Mixed Up,/5xDDVnfrSDTMXgdnH5m9kY8qE09.jpg
461053,S.W.A.T.: Under Siege,/sGcDltZ2aUgLV7oFxGlpO1oGmc0.jpg
12651,Memphis Belle,/epsraI4swsSu9Fyefj7vPPhsOHK.jpg
502,Fail Safe,/qrsj5hort5xkLOKw9NyraGMnlVP.jpg
11215,Baby Boom,/4Jy5U4HITJWUDYJc1NGgJLIjbWz.jpg
15919,Marty,/8tnGO5VoAQII4DbE3hozWKhV4BY.jpg
2210,Earth Girls Are Easy,/pO9Edq8mgp9kD3N6EkCGYLnIVaA.jpg
18030,Kiss Me Deadly,/z7me91nrpWLHY1mZOB2v20cK0zY.jpg
340402,Almost Christmas,/dsMxMbapp5pmTVaFOD0YL4DQXS3.jpg
13727,Disco,/6P7UjF09cp9r13sh6OA6FbiAcsr.jpg
494974,Red Joan,/uTQWDi31W4RpxviHGyiwEYHXDDA.jpg
339792,David Brent: Life on the Road,/lhUKeZj7VlWAtavAzTLwClDWSpI.jpg
28739,Cabin Fever 2: Spring Fever,/RmQpuArPv71IuDLn8CP710fNgk.jpg
26039,Point Blank,/5wzZipiC0THdgPpViVV5OqDj3Xr.jpg
3543,Bagdad Cafe,/zeEa3jVkLE8C0KjOiiKqMbhHgaL.jpg
61630,Suddenly Paradise,/sdLPKJ7wEGFDBNibDpNpUg1QhFm.jpg
11899,The Muppets Take Manhattan,/tUKxUiMXlfzMh4QvX8byJ7HRz1C.jpg
43919,Hatchet II,/a8Hh6DIOjPE73Hw5ZihDr3k1JDw.jpg
5781,That Obscure Object of Desire,/9iUdC4dftkjYSBUJq5DAxC6WqB9.jpg
899405,Anonymously Yours,/kQu9rNkiB0nSSRGQX0B6u9sxwfw.jpg
11068,Singles,/cNM5YW9DgMv5vmLPE1uos1VCI2I.jpg
19556,Miss March,/cWjaFmJ2pjMcWeKh00PJ3zOBMOq.jpg
5121,The Sugarland Express,/csahjHhtJ9NzFKcxVcw7S4Pyfj.jpg
370964,I Am Dragon,/hbrsGRFwlnpy86GJTz5PgcvAGdO.jpg
916740,Brazen,/7e4n1GfC9iky9VQzH3cDQz9wYpO.jpg
73624,The Man from the Future,/zWJvHrWK8p8gvVyqEukIejc4JIE.jpg
332704,Backtrack,/8L4jifugHPASkrssmOUVdQxn3WN.jpg
27040,Meshes of the Afternoon,/yHjEjRU81RcxKFNU5hhiPYMzlsu.jpg
12412,Miracle at St. Anna,/7PqmgaQBuD0Zp9pDIkkEjkhCJUj.jpg
231474,The Hunters,/ubR6x50z4aLflgzJcw7X7HflKKr.jpg
9544,FearDotCom,/phcd5AJvA1S45JMKYoNLhTzFwsE.jpg
361931,Ronaldo,/qdr6Jx39KErvSeQFVREjxeEK4lk.jpg
38528,Horse Fever,/zprLOtwwjjTF84YOGIZxakRu9Mc.jpg
22345,Baby Geniuses,/70EpKntF6KrN2X38oVLCL9e8WBQ.jpg
831827,Far from the Tree,/39oaQUS0KxyXL6KYJ2o2u03PpHz.jpg
236399,Flowers in the Attic,/owzDkkxL2DogC2mq1fgIvrlDcux.jpg
31522,A Woman Is a Woman,/xrZu21hriGJQY3qY8nifh2smVHu.jpg
423087,6 Below: Miracle on the Mountain,/wgHFllRwPp5CUVbWNmQGX6lRBWt.jpg
500475,SuperFly,/gGk9H5PVpWzbsYkmnBeKevQkwwf.jpg
8324,Fast Food Nation,/vcRgWIj4p6FtezgZTl4YoxYbSJ7.jpg
22307,Sisters,/hqxzpgJse54AcX1Mt1c6raXS290.jpg
12618,Random Hearts,/k7LoKDWDesvYD7DXDh9Ewlxtcx8.jpg
302349,Iron Sky: The Coming Race,/l5t2Nf1F7iQUKTrODg93xmQzZLj.jpg
284289,Beyond the Reach,/t6m6ICEG7KrnyYQpROISURkuCD5.jpg
10433,Mad Dog and Glory,/wmgmTe9uQ5mtudN6e4IVEGvSqg1.jpg
391698,The Beatles: Eight Days a Week - The Touring Years,/A6q7Jy4vXgXXoCoHX4lpCaKvcMV.jpg
566221,The Edge of Democracy,/mIbPkZelgguJMPOx9vvCb5oqMxI.jpg
168903,Barbie in the Pink Shoes,/4HSPgeq04YUghXbSO5tSPP0jZ4k.jpg
473072,2036: Nexus Dawn,/qPci3811kFmPPEevGrnjeKWokD4.jpg
383785,Kung Fu Yoga,/rL6XM4fsr1cM5mN2flEhQ8jQter.jpg
11498,Dead Again,/irEnDVtxox6gnRJuwtEZuxvl2vZ.jpg
10490,Drop Dead Gorgeous,/s4nHRCB5GqWyWiqweVf6UUv8GWt.jpg
7012,The Day After,/6ZISRUN27tpAEstCuGRKsH7Wwxe.jpg
9953,A Love Song for Bobby Long,/7HoqdnUpIcK1CnFDNNONPZ9PBoi.jpg
46332,Of Gods and Men,/fgrC0w62MCc7Fn77l5RVY0WKv0t.jpg
2075,Prizzi's Honor,/5azGfZXuUFYjYfz6etYOdlyLXwL.jpg
20410,Scooby-Doo and the Alien Invaders,/sr3j6B3fLrZKnOvembNERKSayCv.jpg
25670,Foreign Correspondent,/A8WhuO1fnY4N65JRDTDvDUPHTlf.jpg
269650,Appleseed Alpha,/yISvzOlV0x1D667oRcUBxxDR0LZ.jpg
9096,Medicine Man,/9Qa1pgBSMPq6KIWmkZFbzP0DpD4.jpg
430,"One, Two, Three",/yWQE227ub1frfnjP5HZy0wLF0wu.jpg
317952,Cartel Land,/bNNP8IYV1VZKsS5CRavRpRDWV06.jpg
170657,Journey to the West: Conquering the Demons,/XcFMQQfx1gMlh1RyEednP6frNC.jpg
13763,Purple Rain,/vkQmzaSuDj8QyXmwNhCceCAmwUe.jpg
9588,Quigley Down Under,/zaWZMk9t12lvb23hRrDmlmWgFKF.jpg
26594,The Secret,/zLcm3V8tjybWZVbE0MIwJfvmv0g.jpg
396810,The Last Word,/zvwBd0nsW5OqTs4ndEJLQY62leF.jpg
283564,SlugTerra: Return of the Elementals,/ApN2lteDsoIU5dDHJXeqVD13vpd.jpg
739990,Nightbooks,/ysJte1iqN8pFQ470tumnViB1wHP.jpg
17187,The Emperor's Club,/s7BRKAq0DNcXe8Bphm6Wd5KnvlF.jpg
10705,Henry V,/ikB1oZb2EijrIEzHB3gH5P38ZWX.jpg
123229,Porn in the Hood,/cUW7NUzXJbvsZyM0LAAo5ftgov6.jpg
140222,Love and Honor,/9QWC9cluFEf7TM6fNU8q1VClhJT.jpg
227735,Dolphin Tale 2,/uBCyWQzqq6I60owpC9qCE5XAO1N.jpg
11169,Spartan,/wIaihDzXF0ie3oALucbUZmvGRBu.jpg
17918,Swamp Thing,/7BGaE9A7UeyxH29aeFbQfzEmIi0.jpg
356842,The Ones Below,/vEWYRhI1Q3AcrnS9MB5zoogo69c.jpg
328595,Parallels,/fqUallsX9KSSey1tw7AbujlOmOa.jpg
654895,Run to You,/vWgcIHKARoGFtbEPP9Ut7y2fmoP.jpg
472454,Ayla: The Daughter of War,/dETDsjBNtWyzdrqi0DFSielMWk5.jpg
340684,Those People,/f3OXph1b1QZ9IUvLrd9yjgRqBPW.jpg
30689,Four Flies on Grey Velvet,/hEFlF2M4nJ9OszjZaJ2oaRt9lr0.jpg
810873,Single All the Way,/bfZPNzAwUQZ6FZQi1d136KLr3wl.jpg
1776,Jesus Camp,/6ueSRBYaicEYvR2sFHVvptKNaxI.jpg
820722,The Good Boss,/x1OgeRKB8AoOYKt3DzxJelLLpLA.jpg
6949,"What's Up, Doc?",/d5WwZxneeAH2Kj2SeDV6oUY2oW0.jpg
121606,Resolution,/gTZTCMmU7N0qTWJrSUOVBI70ZlA.jpg
10544,Ned Kelly,/xmGQsMbXKELzD4n78uMoCsgJPi4.jpg
20532,Sansho the Bailiff,/rSlZ8iM4vRM0sZrrJNmjln4kZir.jpg
11536,The Misfits,/pjWlNZeoT5ZcVutOAHkFK7Z22Sb.jpg
13825,The Lazarus Project,/qxf1AkFJskLrBM2WGwf8FpGcbiu.jpg
463319,Shadow,/qVXFyASEt1kLpZv9EYze0S0mZe4.jpg
22373,Saturn in Opposition,/cu0Y0007RsF0Iudsm5eD21TpUUq.jpg
820067,The Quintessential Quintuplets Movie,/sg7klpt1xwK1IJirBI9EHaqQwJ5.jpg
855823,Schumacher,/anML75BmiZ8jg4C9UsbMpmSD4Ct.jpg
10550,Ballistic: Ecks vs. Sever,/7Jcb486hN7hQRZTsb0RybFGeDOQ.jpg
362826,Wildling,/wZQR6hKRUBqHRL4lfECFES68zGF.jpg
534072,Great White,/2wEVked59Y00NKK4Vj0FgzUzdPH.jpg
469721,The Cured,/qheJcFjQ3hAMroE8y6FpCg6jNeN.jpg
10210,A Midsummer Night's Dream,/5KTYh2gXmsHUzsRsrstBGy0QfXf.jpg
101179,Truth or Dare,/e5FcN0P7YcSJUbnosxyU4GEG4br.jpg
14794,if....,/3yOtehzchZobaMVth4gutUHmKc6.jpg
33908,Three… Extremes,/et67QHZlzgbPwU4zC7o2iwRIrcz.jpg
980,The Ox-Bow Incident,/mAiDUTELbMUJKOTroJLrbYMBk3i.jpg
145221,Monsters: Dark Continent,/sQ3uSRb0wrgJf9sWc8LxYbnqltC.jpg
12281,Mean Creek,/47icHsfwq7qpfPTuGwZxAtQ0olJ.jpg
13641,The Air I Breathe,/hx89b5sinoXmkMNyK1PUgwjWQX4.jpg
51447,Trophy Wife,/lYpRCoyo3rAv4ljqKsVJQoJmah2.jpg
429460,Muse,/vlDFEhlBon98itV43QOPCk7r0I7.jpg
30959,Kwaidan,/cfcIjq4V8GxtMN6GU3WnufTM9cD.jpg
10379,Drop Dead Fred,/v2kadCRcRdq8a0aRbQg4yVk3Xmd.jpg
12121,Made in America,/2frB553lKEm1q4dds5PUqLNQA3z.jpg
298582,Full Out,/e9c2JOwJlWUfIZRaxIWE2BZt5GV.jpg
209262,Parkland,/3slcSL2i9oub4SUT8oF28npx9z5.jpg
370978,"Kiki, Love to Love",/16LZn5Z6QZ1gWmLQQn4EcdnV9q6.jpg
28053,City Island,/t7LJY2LCcGRLP9E4QbwBkLpZ2W7.jpg
12775,Flesh + Blood,/bjUYC4uC82oASTMPkb6iGCYOO2e.jpg
8884,Franklyn,/5yns10om8I19j4OHy1zoVRilAnw.jpg
538225,Deadwood: The Movie,/fCQ13cqd02dop7Chkov0fPl4r3t.jpg
100271,A Letter to Momo,/zDCinQ7NkgicoFtDisTZ3FYG0cL.jpg
253331,Black or White,/hOxxudUwgh5KGC7LtxDCkkwn1YP.jpg
21943,I Want You,/cFGEqTIz82FjZbSY1U4M8O7WLhM.jpg
422715,The Bride,/aKKanGgtgHxrdb1e7OKxbvpio04.jpg
9536,Bio-Dome,/pkL8rqpO0EryTV1DLJJdrhOZ7sL.jpg
5139,The Fox and the Child,/eBpc03hS9A7QPv0k6AZfDCdKURt.jpg
17710,Hey Arnold! The Movie,/etxcq4qiFNi5p0q71APw8MNzPPT.jpg
28176,Tucker: The Man and His Dream,/uph7wz8WASLHwHyC5SYfQgqaoV7.jpg
14211,Prey,/8wm53EpaTLzQuJ3F19H5AwG3Fhl.jpg
4886,And Then There Were None,/maV1jQZ58NZIjwRbdtmRcaW3fZo.jpg
9686,New York Stories,/wu4VK8e3T7AkcGcOmAWRkZGTAkh.jpg
15577,Crossing Over,/6A4WdvbWHJoIN4Y9Q5HXG8R1VYV.jpg
10824,Candyman: Farewell to the Flesh,/2scgM9dFaHEppWb3tS99gCAh8KX.jpg
499631,Fabrizio De André: Principe libero,/vPBLQRH0k05xiV6ciblrUBkRFbH.jpg
256474,In the Blood,/zLqmFJWiXnkhKFmx1dbsARwNWgu.jpg
123377,Pietà,/cI9SXHxBsEF0cgUTZKDDaPC0ozT.jpg
433945,Tokyo Ghoul,/tMs8ZJ2dNJ0fExF7ISXJvOov4Y6.jpg
14846,Little Black Book,/c6TD54dLIryqhQAOdGExy8Lie1l.jpg
763329,Red Rocket,/345gLhiNpItU1ICx8OxJQwjgPmH.jpg
14554,Bad Day at Black Rock,/8EnhHjU0DyCckmZRtn46s3WXeEf.jpg
11506,The Silence,/jN2qIyZGfb3Q9UN8RSfpVrsZI6V.jpg
479626,Avicii: True Stories,/52Q4HLe2U79O1QkskIy2JdEyeEv.jpg
10946,Earth,/xybnXW6E28W9agiwUeGLbTYS454.jpg
86812,Sound of My Voice,/6wStc532wuBrW2NZM3TicEWDmaL.jpg
347629,Thank You for Your Service,/z8OKWw6DAZAOyz8F421euawr3Hs.jpg
10951,Gorgeous,/vzY0zAdfnLZaVQrQcivasBDTmm4.jpg
11653,The Myth,/iBDFnLkTZZxQlbb6IIeYkufnPCY.jpg
55292,Shaolin,/stvd0u2Pmy2VjdZHbFIEvCwDzRV.jpg
13704,License to Drive,/dDVgFqDA8l0ZWV4ZYVpfNp6ztby.jpg
6917,The Gate,/nl673OVQl4VZTDnugzCpDuOKQcC.jpg
258363,Desierto,/67Ue5or6ZPScqkagC3EJSOYuzyR.jpg
37770,Fantozzi to the Rescue,/jJWsCKzOtDHqoRQlW6S8j5a29eX.jpg
16910,Naruto the Movie: Legend of the Stone of Gelel,/itKMldwL6uhUZYO3X78NOFU4zzO.jpg
313943,Revolt,/eM2zipCkAXhp0BZF2noDp7bRFgV.jpg
174321,The English Teacher,/mF14chZNzgDRZffs8Wk8lPwdNQA.jpg
615952,Armageddon Time,/d0fkTMTN91f0tehqVKG9D9JMsDR.jpg
520725,The Lost Prince,/iFcSfoMu9hQIX4t0CxIkDJKgIES.jpg
852438,Final Cut,/hBUdnylt2a84PwGIPQcZDkCVB5M.jpg
793998,Happening,/f2lTAmLYpWpd8JxtJrMXFFGV9gZ.jpg
336845,Cleveland Abduction,/xSfHS7KnZWJrMf6l54UU7yKAsAI.jpg
20123,Time of the Gypsies,/fF9kWNMjiXC6f4YrdVFA0ScnWgQ.jpg
14903,Pooh's Grand Adventure: The Search for Christopher Robin,/x0VfdebBXlgfLN5lSoapwvXdtMz.jpg
10169,Men at Work,/6bd0rOeZtTmVJObOAXHXBMurvyt.jpg
11942,Bring Me the Head of Alfredo Garcia,/gRWVf3InNlIlFT3WB9MnFdOwcYQ.jpg
117691,Gangs of Wasseypur - Part 1,/yd7ltAY4j2tRrLAFpVVqh9EhahC.jpg
334304,Belle and Sebastian: The Adventure Continues,/ma4p0CbGvAXDqKBLPI5VNFRbzSg.jpg
12702,Critters 3,/frjklbq23pRgBjhekEq6drQkrZm.jpg
280391,Animal Kingdom: Let's Go Ape,/7qccdwXUMazLqkMKm4ZJ7lAnzUF.jpg
202575,The House of Magic,/3R13g2XgblynIrQGF8geFZJPNvR.jpg
13803,Amusement,/1XosEzjwTxL4NrVhn7ldunA3kfr.jpg
38368,Uncle Boonmee Who Can Recall His Past Lives,/iZinYNVaBLg3pj4e8IXwvfXAtrI.jpg
808023,The Virtuoso,/vXHzO26mJaOt4VO7ZFiM6No5ScT.jpg
75622,Rampart,/wUlYwDmkytszsDvyIPn66pdqgZe.jpg
416186,Godard Mon Amour,/JfAE5Pj1Qqv7Ij5DaUG0QoZC97.jpg
128136,My Awkward Sexual Adventure,/r5dIFu5i71Ffm0beknmcFyIvfla.jpg
12538,Senseless,/rqy7OFHWy1NMjmgjyI8XYcl0VU5.jpg
18462,Night of the Comet,/xQIBwbwwKVjdkHurv3r82BUdNSq.jpg
59457,Womb,/w98sx8jPYWeRZORdmgkmDMcBFuH.jpg
56020,Radiofreccia,/w2AO7FzSsWholgjwTx2MUTV8M9v.jpg
269258,Head Full of Honey,/82T8Yax4blLICBPRcdzeJ6tZzxa.jpg
696157,Whitney Houston: I Wanna Dance with Somebody,/oodPJ3Op1pWBhnEFyw5fampRCWf.jpg
573171,A Frozen Rooster,/Qotf3QgDqUZEW6pfQl2BPxZCRn.jpg
9616,The Order,/7kj4TffoKCt4gIrNupr2oqmir69.jpg
909,Meet Me in St. Louis,/ekVeUvG81pidsv2LMtWf5yYcNbq.jpg
293771,Dead Rising: Watchtower,/95gMn5GwR6rPHmmHfDyEs0pO2U7.jpg
295011,Patient Zero,/5jOqatpfh0aKYhl6fN83RK69UtC.jpg
547258,Play,/cBJDYlzDnt0BcVzzusFvMI7RWDP.jpg
206296,The Last Five Years,/dxTLKSTyGb5IXB64iNgU9AWAsXT.jpg
476764,The Front Runner,/9QKzd31H1bCjMAJ8HoaASWqbHfY.jpg
25468,My Dinner with Andre,/nTZFiK3fPlBkaAfQxNreRKXogVh.jpg
13199,American Me,/eeoK2gRfAxZyYn9SiBgAlzfTiBI.jpg
49361,Don't Torture a Duckling,/l6OXiP8RNc1xdqmycBdX0NBsnMS.jpg
300153,Life,/aT6joQI1aOHDFvQst7gFJkIhN6N.jpg
13691,Piglet's Big Movie,/cytspPjtacOInHroA6h2dIekDrp.jpg
628914,Queenpins,/55uYpBNnlsUE9fCb3Eibx7F4zps.jpg
20606,Doghouse,/8XBd0TLZRcnSpbeEyoYRxxDCafJ.jpg
9283,Beautiful Girls,/sHcx1fBmrtZYvFmUywU0d5cvIFd.jpg
14030,"Hello, Dolly!",/aPZOt9BR3gnk1RyX924ySq81S4P.jpg
659986,The Owners,/zMUpzTRF4f4MkScDkUZM030H2t0.jpg
492355,Just Believe,/3hnr3B6soLkTVzwjEAvGbEW1Fxn.jpg
24476,Beethoven's 3rd,/1se0w1IwJj7APH94qwbnmgnHjI.jpg
5486,A Bay of Blood,/i0FKCvEypCO8ZUkIeHQhuUMvARN.jpg
413658,The Warriors Gate,/tordvGaBjmoANX6nMpeDdgvy4g3.jpg
11590,Slap Shot,/k5dvEA7ajd90mf3KrF6m6LnYXOv.jpg
539651,Don't Let Go,/uNHueGo5TYCTLzoGULse65GC32Q.jpg
17058,Scarlet Street,/eGEDor1BWSQGaLtOntPHUSqNzRC.jpg
457232,Lamborghini: The Man Behind the Legend,/RKgnYLhCNGCUkrhiCRrs40rEHe.jpg
50472,Anplagghed al cinema,/eUese3BGFCRFPV8riDw8qBy8ea4.jpg
372754,Dou kyu sei – Classmates,/cIfRCA5wEvj9tApca4UDUagQEiM.jpg
13754,Tekkonkinkreet,/e2x1YDuZPpQiaQS25Ego7xMZYOI.jpg
315872,Mia madre,/fkTsusFtFE5qvYkzFIben1aKsTn.jpg
301728,Infini,/uDxbsPqH2451rlG8aRjUQCWh5gN.jpg
18900,In Cold Blood,/aFbLcPT3DXMyUywvqBxNbE1R8Jp.jpg
17894,The Beautician and the Beast,/s2RaTrqoPvD4eYEaZCyF0zFbbpV.jpg
11429,Beyond Re-Animator,/6R5s28jsY5rdxiYApbMX2bh3VNL.jpg
10167,Half Past Dead,/fJhudecoqyoZLoCwAZvqNPd7MK5.jpg
216156,Still Life,/zLBEfSaNiFF5Hzoe1ir5ZYclnjt.jpg
180894,Ninja: Shadow of a Tear,/teoMsHkF3fhWgl6dIbX673nckyq.jpg
748853,In the Earth,/lzzUkcZyHbXJayCw8yNAPezdBhq.jpg
3033,Gods and Monsters,/awvJH3NtXoStsjAtXKr99hfuVaG.jpg
1450,Blood: The Last Vampire,/uzuYpbdFkNYqnBdOvhWqZxhHa5C.jpg
14289,Fire Down Below,/nflONy2WMEui7uCGCAtkD1r9vnl.jpg
12253,Biker Boyz,/frb2Tk7DTBshZ61Or0D3M1kslWL.jpg
429422,Capone,/75gDv38UgRtAukSxNXcjatyQmEa.jpg
320028,An Italian Name,/fhFHceoTCjVa8vVt4NqEaNjSd8d.jpg
57331,Largo Winch II,/cS7v9W2OeOQFkTWA9PbeTrXoCEy.jpg
654299,Out of the Clear Blue Sky,/xg6QZdlHrq2dtSK8cfnQQMnmpeY.jpg
509598,Mr. Jones,/vpCKOsAmKLD67mwugN6hrPvdPZl.jpg
10945,Jumpin' Jack Flash,/znVUM7RUBwQ16Q9lTmuMpaWJ7so.jpg
121674,Great Expectations,/SGSFzLWqpu7c3A2JMZyE8dkXbf.jpg
264729,Off Course,/mhZWzcIvU5ind2q56qDDoDwKZv1.jpg
11109,Vera Drake,/uzmqruEqR3Q1cwLF6AhaocoC5jt.jpg
463843,Sweetheart,/xyPPBPkGbZxfS6UM4PjR5bnVfwR.jpg
167575,Hatchet III,/xQPHO8QVE7U3XuPRxqVmqpA4Csq.jpg
19200,Shadows and Fog,/5q7ibBZO5uKhkdP9Eeqrc6ypF5u.jpg
30923,Alice in Wonderland,/kpXmXjqeyuSYCtNuGMytWQLdKX.jpg
604605,Hello World,/vmizP4G4EWsxNf6PLOvGNaFJ89Y.jpg
593691,Homecoming: A Film by Beyoncé,/nKdP4K3Bj3qnjtDCq9lTg7UOHVy.jpg
29425,The Crazies,/lSSeSQfcJ9qogBLKEFknxRnOwWi.jpg
41498,One Piece: Strong World,/gz8ZSM9WpG9M3JtGqRTvJbyFKnm.jpg
11633,Appleseed,/mtSmeCDTexb0uWhVedouJ4SeD6c.jpg
57283,Häxan,/6uke82EziPVJuzm7NQvQj5f9uy7.jpg
10729,Quick Change,/8q0VQYwOhhuRFMsyzdZ5JoB676g.jpg
250066,American Heist,/526uxanwv4mMK0YTxjVrsmMXXo2.jpg
2990,Pacific Heights,/9iHD6xIrGSuuMEFWhwSVGXSddY2.jpg
774741,Diary of a Wimpy Kid,/obg6lWuNaZkoSlwrVG4VVk4SmT.jpg
11229,Freeway,/m0pAARUq3foDWFsrUmlYDHtNPE9.jpg
29154,Stand and Deliver,/A9pfzwk02iNl6i9wyk8lNcBkvc.jpg
8016,"Germany, Year Zero",/sdxegsjrrvujXvv2GLPENyDlWDI.jpg
27414,"Silent Night, Deadly Night",/ypj2JwAN4vWcc4zSqFCTgUwMbJV.jpg
10886,The Unknown Woman,/piBn5ydvdfCHSfys6N1A7LNwQft.jpg
419511,Mister Happiness,/rdBwgbZOjWcrMKiXdkLTutOyUsw.jpg
1252,Lonely Hearts,/qnQK4JUwEUFDKt7dSMY2fJmhv2f.jpg
505707,Waiting for the Barbarians,/k50gYFDfpAyxcIGjWjnXAaOM81e.jpg
575479,An Easy Girl,/eV4HVz2m27fJ2VqZwzZd4Yf8Tli.jpg
9407,Red Corner,/xsIbKOO1CacqTagyJmEGGf4kOnn.jpg
14522,Black Beauty,/5uH60FBDPQoyAnc4uvU0fIB8JXv.jpg
413471,The Late Bloomer,/al9PDW3lxsDGNnphpVWdO9GvSGU.jpg
20850,Ilsa: She Wolf of the SS,/u0N1LnpRSR5sLmiLMgRv0mlTXk9.jpg
445793,Husband & Wife,/4DOI8zRChA2x7tBQowLfintVQ9s.jpg
219572,Police Story: Lockdown,/q5i3Qkid4bAxhO11UeTclZbGhIX.jpg
9099,Sgt. Bilko,/14XWD0g88S0EAV6DeIOk8p4CmJS.jpg
15723,The Big Kahuna,/sMhWWdW6V3HXFanELFA1oHdvboS.jpg
12611,The Fury,/cQCxG3TDaFi34HdKgaa1lhv8wXJ.jpg
46221,The Tunnel,/7DVbNEtDE2ov26E4Qgh4JsMIX36.jpg
42441,Tifosi,/awnJNb0CqcTDLkrY9lWT56sXKfk.jpg
4539,Hearts of Darkness: A Filmmaker's Apocalypse,/nVMCtL3r2nj4fySihDDvamaVkfx.jpg
13061,Your Friend the Rat,/a61VT01BuR6WEKB9HGiRgNZm29l.jpg
31056,A Short Film About Love,/2sdDzstQtN0eMOtmqVmtUyknKeH.jpg
456048,The Humanity Bureau,/2qf4wJoaYAXwY0Lov4OfBhSGbTQ.jpg
10534,White Squall,/muhTVa52IufjTaqNseXFQUAEuyG.jpg
9584,Convoy,/fhjLa7wysN5kII0AaWmbM6SbUpL.jpg
16070,This Film Is Not Yet Rated,/nXo26FkBBdiEaEDzOPkrSFZC7zO.jpg
91417,Dragons: Gift of the Night Fury,/tieHyFlHwnU4gdKY9vBNCW7U5iw.jpg
144288,Berserk: The Golden Age Arc III - The Advent,/bnUFAGt3i6YqDGgNe7q6Jw26QvS.jpg
10452,Queen Margot,/8uGkhBLiJMIkwohGPo3iB9AuwDg.jpg
23832,For Love and Gold,/SObRXKlirfDasmA6hdr9IMFNYt.jpg
574074,Kitbull,/mwKO3cZbxipgd9QAPboJVTDLPiN.jpg
250766,Life Itself,/nK4cYTEO2eHLMgMII0Ux0kBOGhG.jpg
602654,Horizon Line,/vWGkIHeCLw9wWvPXnPTOM9d5GiK.jpg
11330,Pusher 3,/8E2LGgDRI8N6P3u0ng10cXfyLPu.jpg
428495,The Nile Hilton Incident,/fcQOeSQV6flz28ybZCkcmCsdqkR.jpg
461928,Anna and the Apocalypse,/jVyqqMzDVRjUMeIoaJKSUpRnB9Y.jpg
10855,Naked Weapon,/8vskGnZJbQ8jk6VT8ysUMXe8ugD.jpg
329712,The Measure of a Man,/fMsOEBcAeBL74xWMUj6hgDv4l1y.jpg
54445,S.W.A.T.: Firefight,/hDeBVLKDeyavwHRPy8z5yBynNj4.jpg
454283,Action Point,/5lqJx0uNKrD1cEKgaqF1LBsLAoi.jpg
470401,Abducted in Plain Sight,/licfKJMCnGFgFDATHeUZuy047RB.jpg
42446,Vacanze di Natale 2000,/kmbJ3894zEHEYKVygDLKMZj35gK.jpg
9424,Disturbing Behavior,/uAhvaueOUUQ6ORCRdsJr1WXz1w0.jpg
46655,The Little Bather,/scxiE4uHetFNXLsdSycWG7Elb2Y.jpg
48035,Ordet,/e3oh96Zrqdaku8DoD10pXZHLZoU.jpg
94562,Turkish for Beginners,/zBXmRTj3z8URoXZsMpKOTsagT2u.jpg
948276,Lost Bullet 2,/uAeZI1JJbLPq7Bu5dziH7emHeu7.jpg
9519,Chopper,/IvoftTE67DCTfZDMoS2cSNXpnu.jpg
9842,School for Scoundrels,/6SPeiQfuECcdQeKUh4ahMjtW0tZ.jpg
56415,A Gang Story,/nN3osmlYWNZZtg8vtXrt8c5t8ET.jpg
298614,Do Not Disturb,/d5csriJUa3Evyv8r2IJANnuJlE.jpg
120605,The Punisher: Dirty Laundry,/5o5uPBWe0pYj7nHmE7V8yoNlLQb.jpg
10858,Nixon,/cz2MTGr2wpDZLirgV2rGHBdA2t3.jpg
2576,The Diary of Anne Frank,/sQiRryyzOtEkT1zLjc5SXOMQKKT.jpg
481762,"Neuilly sa mère, sa mère !",/jIP32EgEP98PZOBuq9A0xsu7nqM.jpg
232679,When the Game Stands Tall,/ffVhh4sBLpJCu875v6hwLJN5VNR.jpg
41110,I Am Love,/ss57QaZX5OE3YxoTZeKW5Y6U83S.jpg
25050,Still Walking,/FWJbhAPdwiwKhUaAyz841jpYa1.jpg
81401,The Turin Horse,/2kSElneXSKmMsGL55k0CbPGqLbu.jpg
455551,The Recall,/yq2DGzM0kNWtGwkplGAcEEM4eSH.jpg
286873,Northmen: A Viking Saga,/bx70ZCmLlzu0kALPGoiBezGPG7o.jpg
33875,Pokémon Heroes,/qHcZJ3MkTay6XCzgb8BPy22qHPR.jpg
12700,Dominion: Prequel to The Exorcist,/3jIQOCB8ghrxvfWzSjzNv41LR9P.jpg
31767,The Devils,/y1k7eiOFc6fzm8XeTa1kNGx6JIs.jpg
50838,Wrecked,/vlMaBNaC7FATlWq5lq9LmWijBOe.jpg
337154,The Meddler,/rzj9ZSleGgsKkY3q6sDDoAxjSu0.jpg
11632,Vanity Fair,/6GCjrrd1XIl8VSwjKo8c94LTwtd.jpg
86868,Would I Lie to You? 3,/3cIzGJeIJUmWn7g7jW6qP2ERjiL.jpg
242076,The Bag Man,/iWVuYsgZYhtDVroaxu6zCF5FA63.jpg
24160,My Friends Act II,/41SuhxZJHPMT1heh6zxi6AjeC4M.jpg
46919,Daisies,/8sxMhdn3i1Pn8OlGCBBjr9rjP1y.jpg
785538,7 Prisoners,/5svMKCGnR6Yvj8wxldvDvgUi0Jk.jpg
13922,The Great Raid,/k5Q76tzV2T4RtDdYwNj64c1qQ16.jpg
276905,Norm of the North,/ouaoVSV7aOSWTNnQ9iDA1jw0pgg.jpg
17182,Eye for an Eye,/y2lZSdJ1o0VvLegTw3ad6KFtxra.jpg
37347,Fort Apache,/5PqKsWVlyIFuMeV1UkK6Q9Q8y9k.jpg
13742,Satan,/rYdoMFMBbG7tzurtHrYNc1zcqQz.jpg
10560,Center Stage,/95Et0t08Nv6S8FD593HpXyvcRt8.jpg
610892,Violet Evergarden: Eternity and the Auto Memory Doll,/zjaSw6Ok0MhXjrruPrA27VHyUYC.jpg
9264,Poison Ivy,/igwGf0qNka1qH1HPijgbABfUfB4.jpg
25284,The Last Seduction,/kK8IiJDkz2Tv6DwaK60vJVHKH85.jpg
72213,Courageous,/CkwRzUmxvMZvkzzGE45nqLGTm8.jpg
11583,The First Great Train Robbery,/4LqLUNoCwoPQNmrRuDZa0zC3hT8.jpg
20367,Detour,/gJb9HRAs1V4bA0VKsWpT6mhv2RT.jpg
75736,Catch.44,/mbDQA2a3H9CbEHr7bDkaqxAGDO1.jpg
38360,The Cranes Are Flying,/foXYOdXEJ0rvtTDo4LLnsUnvPLB.jpg
482,Shaft,/yJChPuu2V339IiDPQDHeIh1SYpA.jpg
629015,Shut In,/b5ug4LyLQFeR6azAJyIPBQz5ur9.jpg
728118,"Quo Vadis, Aida?",/vwZhw2hqKYCijfnkPJYPsM7aTEr.jpg
510388,Villains,/Arefq9eI1z94Jtrbbuqzg9p5mf8.jpg
15587,Safari,/4AH9tfPHnbBg9a7sdQilCOvpKql.jpg
188070,Dream 9 Toriko & One Piece & Dragon Ball Z Super Collaboration Special!!,/1azUShBxKqHUUJf61BIpnJTtAWO.jpg
415086,What the Health,/sz9cPeSmiGLA1EDUPszlrWfSrId.jpg
270938,Falcon Rising,/4wnfTO8mvqcTU62YMkUeKq49VMT.jpg
19164,The Land Before Time IV: Journey Through the Mists,/sqBhPAvSwPCZq4Kg79CvxGrU7nj.jpg
55960,"Toto, Peppino, and the Hussy",/rHsc35TLPliJAvbnmu8dvddiu96.jpg
797394,Secret Magic Control Agency,/4ZSzEDVdxWVMVO4oZDvoodQOEfr.jpg
463602,Slumber,/fYbShpy94q0kbr2wqlZ0KmpcQy7.jpg
40823,The Man Who Copied,/8si8hwcxLiqa9M3zUGuvgxNQNwC.jpg
772272,Tall Girl 2,/eyKkLdst2vFRjCC89C3NqGCLpNE.jpg
614488,Street Flow,/rhOFpiEDA9S2rmuz5990KBjLgcP.jpg
489927,The Kindergarten Teacher,/pwavkdZb2xNRh5Y9MHhkZJ2UaHT.jpg
11082,The Seventh Sign,/vAgVzkPmfe2pcgzkpoz8cZ9i9wm.jpg
10424,Jennifer Eight,/vFqDqRhNwCLZ9pAJUnwrMP7Y66B.jpg
461992,Hostile,/xnvFRg5TxGYIMKQJjA41lv0RNcg.jpg
892515,Masquerade,/31KgCTaOuLJsUm2cGN2OffripeD.jpg
86555,Take This Waltz,/tjE6XUPNNaG6VGPyq1SdCghoMos.jpg
46169,Twitches Too,/70aurzbqFMuJnwhIVW2aXeyzBAp.jpg
14168,3:10 to Yuma,/emYeJVZrpl2WfndJlhbls1e7lzQ.jpg
920394,My Father's Violin,/bwvoSRyXRRqtpvoHYhySQk2U4EM.jpg
63493,The Ledge,/cTaDS6CTIfZ5MH189ub6oE1FATk.jpg
354979,Dog Eat Dog,/2oWwyYAu3JZSXXaU7rrbz27hPLn.jpg
408439,Hounds of Love,/b4niGo8hpxIpmAZsGkpZK4mXiDo.jpg
42691,Oedipus Rex,/7R3yPlLdiNhpGzasB8SDCT6Kwy.jpg
9024,For Love or Money,/x1twBUsthHeA7FwOxPpQWtJb9zy.jpg
9400,Set It Off,/wpiARyUqTfabzakAXHMIUY6Tl1A.jpg
55823,The Great War,/aDvKsUb5y7GMNMz2HHNtuGww5t8.jpg
28941,Chopping Mall,/lQEbDGEOl4EPCbSzYLgs2T8t7Pu.jpg
13536,City by the Sea,/vpjKtnE5SGTfmdw4YtJsnrfFJs0.jpg
46429,Gallowwalkers,/cGBmTiNomYCk6Lr4Gkhbssg0m82.jpg
14551,Winchester '73,/rqRgjWqSmK9oI6duvigPmn49aVG.jpg
414191,Our House,/u1Qt0HtO4ZYY2qcgM42XUd8xgtA.jpg
490445,Dumped,/utb73E9kvYGeYawkH1BG8lEENS6.jpg
613090,"Live Twice, Love Once",/AhxpEQ0C1UGqMWHBucw0Fj7S3mD.jpg
14609,Ultimate Avengers: The Movie,/fKQqZEDmvKMCXEQztvMJHGou9dO.jpg
6396,SLC Punk,/7u3IZPuIOPjICi55K7cJgzV3e3B.jpg
52744,Falling in Love,/c8Ti4tOwAmY6RhUxV9JsXl2W4l7.jpg
74777,Absentia,/6i9mtDV67tRAEYhCsZPNtiwMGN6.jpg
9503,Pope Joan,/cYeodvtw9wlo5DWUVwoTiqjvfLJ.jpg
27621,The Cheetah Girls: One World,/aIxBQvA3h6WbD3LJtXspWL8GOw3.jpg
849869,Kill Boksoon,/7QKkvGgwMCvYrdkyNFgxfLESBtx.jpg
367412,Whiplash,/dd0MyXqrgIi6s3CqFBMURXjUCEQ.jpg
2487,Lady Snowblood,/wkcbaqCoYEXDUnSQ6NTnB2C7H05.jpg
19223,A Pure Formality,/yBIc2Mc0Ds5HiYD1YOXGD3xTTUI.jpg
14886,The Last Detail,/zQoNkO99qfaBjh5aoA0pKau1prp.jpg
13972,The Women,/iFQrK0NHA4OMAvzyJVW4DA0kAFz.jpg
203793,Stalingrad,/pk2d5ahR9g4R3YDlhNA5m1vHhFv.jpg
8428,Pump Up the Volume,/s1SyKrARJG2R7FyS4zkNdaekLAW.jpg
1024530,Grimcutty,/qvg75YJMfbHeDNirUrrgBMQImRn.jpg
11933,Nothing but Trouble,/j2LblPvgkQaRmJh9QflBOTtzABA.jpg
5718,King of California,/zLoa3oJ83zo9g3mV9LNCHbqO7jH.jpg
8079,Om Shanti Om,/hQrwdiacMM5XDUkKdv3pCS6VFt8.jpg
333386,The Duel,/qF7PKbM4KpjF7e6KOUoluoz78fl.jpg
10694,The Chase,/lEmGW4Fc9wMRLIKq6NRojZnTbdp.jpg
736732,Broker,/ulGCgWnidH9LJTRL9rMV23cLtQb.jpg
1884,The Ewok Adventure,/lP7FIxojVrgWsam9efElk5ba3I5.jpg
802217,8-Bit Christmas,/5YwaISdOwp8Zu6O7kwBeUn8a7Pu.jpg
244610,The Den,/kvPuyivI5Ku7BM0v5GViEoCc88a.jpg
382517,Open Season: Scared Silly,/tFD3HdVIXVbvVixIGhNmJBaqyAI.jpg
50037,Beyond the Black Rainbow,/uhomcCTQ3lO8L6mLhkCMypsnroO.jpg
24192,The Gospel According to Matthew,/oifi2CQkKbb6Y2x6J5K6CjaKab9.jpg
26842,The Message,/qVCBMg4ZuLPnWhIWJHD9IP4nIuY.jpg
3877,Things We Lost in the Fire,/zhTZ6axHENYh8AfTzbViDKPcGCr.jpg
342672,4th Man Out,/74CtR9ZNIyWM9zSHEib2OSnaETv.jpg
12145,Fierce Creatures,/w9ukrspXhjBoPvei47J1VLnF293.jpg
116811,Berberian Sound Studio,/sCrLZYF7TU32Vk5bOIJneVAcoKE.jpg
800345,Carter,/uzAh3Ub2YttCz13cnyB9PvhpmIL.jpg
2144,One Night at McCool's,/uGx1MdP4m4nurfB0HAwahaHMIU3.jpg
334298,Monster Hunt,/csMASFudtPSyVEFl4qq2Sm5lflM.jpg
663866,Censor,/1FOEEtGFPp5cgpLfPQVMB0UNVpI.jpg
2577,Code 46,/ijayvLrCAwOVizi9OY8LZWq5SRW.jpg
93289,Now Where Did the Seventh Company Get to?,/clSsWDMsUJ49ptNkhJ0yLWyPXlU.jpg
929170,Honor Society,/61CZ4JxyaI462sFfLPhtyzRg4vv.jpg
454699,Monster Family,/gjDbd43e7o2Ssn7P1l50Bv0rtIl.jpg
500916,Primal,/v0Air5GTsfgtjsnZyji2lH6r2b8.jpg
10870,Lucky Luke and the Daltons,/mWQR9eGbf9dTiceypaGKmVXzRVE.jpg
780154,All My Friends Are Dead,/4GGF9oW3b8qqjvig3n8Qftl4P1Q.jpg
1067282,Demon Slayer: Kimetsu no Yaiba -To the Swordsmith Village-,/hEhGrcST85vMd63PBDgPBqih2tR.jpg
752505,The Old Ways,/jYnedFgdnN62QXE8HAPVtQKNFFm.jpg
10409,Strictly Ballroom,/usXL7s72m1NlcROo42Y0hpbeEdO.jpg
14881,Joe Kidd,/tnXDeoHlv3q9qoqjKe5iHO8LKvM.jpg
570661,The Collini Case,/crfpuX2d6TAGxQl3lnV2t3FIWmx.jpg
532620,Let's Dance,/x38vQCzCpWZWlWJhSVPFWhmTadu.jpg
16187,Buzz Lightyear of Star Command: The Adventure Begins,/3IXeVITL3FJ9CKpBK7lzULuw8Ts.jpg
298115,Dragons: Dawn of the Dragon Racers,/sgOXOQyPIjeMi1bnWu1r0CzLsZD.jpg
30508,Berlin Calling,/biR1lfcq0FeSfv9vLWR7PRHnuV2.jpg
47854,Legend of the Fist: The Return of Chen Zhen,/qT6KI2jNiskkB4VuNz4uN0ng4Ro.jpg
42425,A Walk in Time,/qjKAa92Ule0aAiO0t1fs8tSJavr.jpg
16235,Amityville II: The Possession,/tmSdu5bKUQUbO5kZxeUooXuuQpk.jpg
276,The Edukators,/3Z0R46cuFWB6gxZwEBf8ekVxgZ0.jpg
16367,Kinky Boots,/8EzwkItfERGB05BOKNJTJFo93Z.jpg
14854,Lone Wolf McQuade,/dTUTDPilI2Ozi5GeoBRczidQTaZ.jpg
10744,The Cooler,/gq3cZxo7SS6HAXdaxObLIyw9N1r.jpg
354110,Forsaken,/fbTpSiqGn6ImqSAyawHlLf7goat.jpg
23966,Deadgirl,/ff00BtvdnSHO8qoblBhiXmJKvCm.jpg
526702,Black Beauty,/5ZjMNJJabwBEnGVQoR2yoMEL9um.jpg
13190,Dead Space: Downfall,/w8KNXRQF9UzplokFlDrNMt0FkW7.jpg
853588,Prey,/6D7nfhHI7b9ZvW3m7wVMtBSbC9U.jpg
168138,The Last Days,/iRKybTUmEy3ZHS2o2ZDUCGyRAAn.jpg
13909,She Wore a Yellow Ribbon,/u6vBfRXAUfoNfQ7RT2vDBP71XUe.jpg
10935,Heaven's Gate,/kW4Vk31nhtKPKGuYMaVATq3wcHC.jpg
509874,Lying and Stealing,/4YrVrPfMEqtFsLmN4HdzERjbveo.jpg
9827,Phantoms,/aWkmnhNBlQNIPNNz4r0PGksXgT1.jpg
10754,A Short Film About Killing,/k7sk4yNdoXY7iwp1M9QTZuBDiJS.jpg
273153,Summertime,/ugqdTcTEiIl37jv0QiSUlpplEke.jpg
63310,Bullhead,/j9XzaLtFAJIozDH4MQwxaR2aDvJ.jpg
21845,Rookie of the Year,/9If8XnhBdEbQ2Q0ggAQC92CptjU.jpg
7182,Venom,/hCMTpv1I9KK90ApxXDyaf8SwJcf.jpg
588182,Compartment No. 6,/3KUsYQmQXVCMrnGnQIoqkj5MJUP.jpg
9403,Private Parts,/8nCc9fhXCVvetlqpxkrCTc9NwOz.jpg
39148,Dragon Ball: The Path to Power,/wuW7jeE7pX7glnZpCcJZGfC0YSr.jpg
585378,After Yang,/qjEuDeKOhA7JqaaqhLSfoS9titb.jpg
468219,Dead in a Week (Or Your Money Back),/f4ANVEuEaGy2oP5M0Y2P1dwxUNn.jpg
18519,Free Willy 3: The Rescue,/7HlfEpCaZ93o9XFbBKbSDERIijY.jpg
393717,The Crew,/zq4QUvbPS2bf6mesCPW04awrBoJ.jpg
31411,The Cameraman,/prhMP7VVxpQTzOFIPsbnr41IDTN.jpg
14943,Crows Zero,/aZTuM2I9YuyQCCdCuIFtI069OYa.jpg
9660,Operation Petticoat,/pIsm8JvpFZidVxKexv5UgoCjwpZ.jpg
47735,Summer with Monika,/82hLsn67V9TjgrLOZCFL7247pJd.jpg
340584,Lavender,/tAPvkv0XTeLFqlvMgtlFB8mqk3L.jpg
39227,When in Rome,/jjnk4BLLtvMI1eDzqTTqd6BGeFK.jpg
537059,Justice League vs. the Fatal Five,/9F4yd1lnTKFHZkme1nuPWmH1hbl.jpg
56231,The Working Class Goes to Heaven,/gulAszCUPjuBtDd6NudgLTBu3i5.jpg
525460,Welcome Home,/fMhJQoMitAh0pN0fLlD7iUGcBp0.jpg
10691,Crazy/Beautiful,/x6ZIwp7pXpIoJKc7S9MXpM3TOVv.jpg
680813,Flee,/vlMIbqOpYG553J1kOJXA7mwQvE6.jpg
109417,Battle of the Year,/klOquwqD8LtTvm9pWc1vJH143Zb.jpg
253414,Rock the Kasbah,/jGNOsJjpsJ4yWe3InuiXgYk8VuW.jpg
10604,Zorba the Greek,/jAYOY38TRDprIgu7vgES0FFJJSl.jpg
377799,One Man and his Cow,/vkEvayLdaQFO34cPnwjGw9LAr0T.jpg
553608,DJ Cinderella,/rhEMGSlmtfvUYdGuE3M1dB0SmOA.jpg
814338,Lady Chatterley's Lover,/aSgl2DxPG3DuQXoaHr500KeULmT.jpg
19405,Recess: School's Out,/yLdsXdgB2VJ2uBQvYaEB5xPELlq.jpg
11209,The Alamo,/54KNQfJnYZwhI3sPYyjXtptWGfg.jpg
37534,The New Daughter,/wCzQlgMkp9KkX3eviWDr5Qp5beh.jpg
613377,30 Days Max,/okepE7ytt7bWyFdD77Et273sAtt.jpg
5172,The Astronaut Farmer,/19uGc8wW3Ert1QvMYxvnReQkFMc.jpg
987,The Front Page,/3kUbSnIq5k28eobX9HxSVldmJub.jpg
708577,Like a Cat on a Highway 2,/2dQ7CILvIXl1Yw0ZXtq5XYqjeqy.jpg
50217,From Prada to Nada,/nWV6RncsN8Q86JplEl8AFlV5h6A.jpg
13937,Raising Cain,/5vRn138vnZeUNFe32qTuPGKkVLR.jpg
174733,Metro,/cMjZvw40XeP021vZNdahaqbpbv4.jpg
7501,Knockaround Guys,/oYqsIxxIfJMRHiNEMLzgG81brkY.jpg
458,Sissi: The Young Empress,/fuEBUAwK754IZRgyib2Xe6ZyDYt.jpg
24807,Mr. Deeds Goes to Town,/9xBuHtiB4CwtEciWdUd28VvhkJO.jpg
160885,Tel chi el telùn,/cr4zdQlqAaybwKTNnmVUWcs1cCU.jpg
433630,Inconceivable,/ubGjD2DK6Fi4IC5xRc3aEDwVD9i.jpg
10631,All of Me,/psPV28pJfFXN3RNxPe2CPkZwUMl.jpg
12584,The Shootist,/kDkPT4fPQA70eRdWel6G4VGtHSG.jpg
476968,"Paul, Apostle of Christ",/2NUXG94dGMKYgJL1BkJGKynMb3l.jpg
4917,A Boy and His Dog,/dMbkoFzD5sEQvEaqRsIh4pTBJVq.jpg
26748,Lone Star,/lBxY8znsRoqa9Dy2NCe8I6GPsRm.jpg
513268,Body Cam,/akmjfKPlxBAdXi4G1TZOirty8Ia.jpg
348060,Antigang,/7KWC949VoqodWVSt88XUOEDzoCP.jpg
71325,With Every Heartbeat,/3Y3JMMYYvwZmMWHQRehztndToFR.jpg
13562,My Man Godfrey,/wtfOW7fIxBZWY78rvUoPpWhMSiR.jpg
1999,In the Bedroom,/4FIlOw7P2Yusdl7TqHFvKC1eMQ4.jpg
20620,Seconds,/5G3q3OvulFTnFdiouaZdD8wjtIc.jpg
31900,Gainsbourg: A Heroic Life,/e1zGOGjIVxzRudOq0SQteQQKfmr.jpg
4495,The Spirit of the Beehive,/p2wx4EWasQaPGxnbS2IsW74ewVN.jpg
525686,Mi prima la sexóloga,/3UfXZouuFMKlo39qXCOBEhXKKCv.jpg
4507,Jamon Jamon,/wAucj0pm9eGaC8nx01pbdyvK4VS.jpg
732450,Batman: Soul of the Dragon,/uDhnTtSxU5a8DtZdbbin3aZmkmU.jpg
575428,The Wild Goose Lake,/w49o4vmNFpCt4VFJp7ip6tjHh3x.jpg
670428,Psycho Goreman,/foQnDv051kQ7satMQkbkPsUxzkD.jpg
665399,BTS World Tour: Love Yourself - Japan Edition,/dA0MVEjNOP3GmWigu6Cs3I399Zt.jpg
84355,Your Sister's Sister,/1lci6xrim3IQYVUZTk4N7M6Pndw.jpg
3780,Red Beard,/fo800fRcWtl3Zhs6tPHfXP4KBak.jpg
1010821,Groot Takes a Bath,/sN7FJP06TsNNtK9Jr77dc25yI82.jpg
569814,Rebels,/gqzP89ceaMH12yczBNeVUDckuMA.jpg
6106,Salvador,/c5JgUmzN7syTFy9suwoHF3vhNsN.jpg
576004,Porno,/1X6BxBlHqA8VdFrLwmeSiNSEpEB.jpg
6641,Love and Other Disasters,/A0bXqv83sOVBnDyFGQCDeEWb0Os.jpg
306523,Ogni maledetto Natale,/1kyavAu1kUgkEKTOD8xmsUNiKUZ.jpg
1961,My Name Is Bruce,/et2f1JBW533ZzYiCEA2T7nwzcs1.jpg
525554,The Bouncer,/w7rFgyr7rujNYRex9oxzG26Zq6z.jpg
61202,Zindagi Na Milegi Dobara,/hKO9O715wYxjkQSEv47giCYcyO8.jpg
19824,Van Wilder: Freshman Year,/tjDH8REu8bqgW9zXDIOy6C8FNtH.jpg
11246,Hellraiser: Hellseeker,/nFo3rx8pNCRGQkLjBSWxQ6hNL9t.jpg
20139,The Children's Hour,/goyEWixvULM2IRN4KsKibyrJE4J.jpg
11540,Arsène Lupin,/qWx7MN0fvqXPUO2Ebc1r3f0MMc8.jpg
11129,Human Traffic,/cHwnYGZh1fVuVWqT28GpCN0usYF.jpg
15674,Sabrina the Teenage Witch,/mpWf9g1B1PGhoatOBcC5r9RglEM.jpg
15158,Phantasm II,/jTgJhIXdIOsAsFm2p1LjxCoLs1H.jpg
26953,Puppet Master,/kixZHMQmGcRUwgollFcCr4WZ49A.jpg
9959,Freedomland,/fM9MYcI7BHJ2YqEtcr8JKPE8nDB.jpg
10449,When a Man Loves a Woman,/cA1uMNX3sdWAWfMZbsgm1VIJYSY.jpg
555561,The Invisible Witness,/jOOufDIpEo2HEU0OqxUHBEp1WYf.jpg
87368,17 Girls,/sej5qgyMyDnYk0Wl1gzwLH48lS0.jpg
2260,Capturing the Friedmans,/qWdMQj0HN7QxKxEkm0tk04nuAQ2.jpg
258284,Every Secret Thing,/jR3rrAtFhK6MufgJIlNYoo0Iyfd.jpg
34942,Balto III: Wings of Change,/3tKVHAMFTajrSLfU6gUgdubiXBG.jpg
10511,In America,/cUhMjWQyyApA0pFinogCsE2wy8g.jpg
57447,The House with Laughing Windows,/zBUJ8pXxnaTalLoX8ElFIxdeAVk.jpg
459,Sissi: The Fateful Years of an Empress,/6LQaN8KGQcakpRHkGac2FqWfLxQ.jpg
18861,Naruto the Movie: Guardians of the Crescent Moon Kingdom,/uHOlbIt1s90TL3JHI3JXwBBQOP6.jpg
146721,Carne,/75JBeB88mj1BWDzzTSd7Y93fRDl.jpg
10213,From Dusk Till Dawn 3: The Hangman's Daughter,/io5lQ7VRJGBCg2kTJ6BRWRclqJE.jpg
620249,The Legend of Hei,/aLv87NgRJUPkQ6sVLP72IisDdt4.jpg
15867,Interiors,/sTPy6Kfa1FRED1eaZdVex8b2MdB.jpg
14353,Repo! The Genetic Opera,/o4a7JkeSF2yItXz9Dj1HWNsfyfh.jpg
619930,Narvik,/gU4mmINWUF294Wzi8mqRvi6peMe.jpg
78049,The Scorpion King 3: Battle for Redemption,/z1fab9fVsIV35K21ictA4GYTicI.jpg
11235,Local Hero,/jqxD0H9a1rg5bXftsm6gsNOjt4n.jpg
18585,The Ramen Girl,/sK7hW0quKwlYxP2urLirsDFPabD.jpg
517302,Hatching,/jgJACjJIpcbFfEEmEglinfQWQPO.jpg
17687,The Public Enemy,/vVxdaRMprQO2DM4AFyJ6C4qZSFO.jpg
20077,The Batman vs. Dracula,/8uKIqZBXfxhflenI2LkNZIHUp7I.jpg
669664,"My Donkey, My Lover & I",/hHU3tev4ujbaElfI6cHlwMqsM5J.jpg
11052,Yu-Gi-Oh! The Movie,/3VD5QDTu0rQgRvERBMXtAvg0oIC.jpg
41517,Ra.One,/mXlS41qbd0bzhO44iPDtJqYtQt8.jpg
507,Killing Zoe,/k3UEKMVnkljOlsO5sLmz87YGlaG.jpg
13637,Sukiyaki Western Django,/bTScqie2wryohh4uZDPazdce2rC.jpg
97690,We Are Legion: The Story of the Hacktivists,/6h3KVwIyPCh1pzS4mchjuUBgZ17.jpg
9582,A Guy Thing,/lpv86hQftikE2ecb1OPYFFMr98r.jpg
37498,Knock Off,/hK7hKDA51FCbtFCuXZNiQ6gPq3S.jpg
133919,Scenes from a Marriage,/ArKEdvJesIktFX8OAhcdKAOLl6I.jpg
48714,The Big Shave,/nh3PnPvXeVJrYXWdcx6TciRy2gi.jpg
17159,Eddie Murphy Raw,/irVU3PHIdg36Rh8tSKnKCdmHLEO.jpg
431819,Fireworks,/ifm8CdFjYMfEq0bLT7XwJxjZmjO.jpg
19562,The Magnificent One,/uIGYrhZY3DOXNJAoWQHSiqs9W7S.jpg
11222,The American Friend,/jHVe5EHDFj9ac2F2aU86sWTGKnn.jpg
43554,Paparazzi,/in8v1bGSrF8K3UUw00wb0h2dYiZ.jpg
1010818,Groot's First Steps,/1ifiV9ZJD4tC3tRYcnLIzH0meaB.jpg
568332,Taylor Swift: Reputation Stadium Tour,/u6oXUTtOuJRPdUgUuPAVVJPSKCo.jpg
943930,Tin & Tina,/iIrXgFnYbrybAu9h3tUgPbnhBqo.jpg
340176,Tag,/1xqQv9PoOIVX4nHlKVQELaAHyvG.jpg
3059,Intolerance: Love's Struggle Throughout the Ages,/lJCabs4TMOsKfnl0BmA5Hf16Ezb.jpg
299,Ocean's Eleven,/A4R6u7SidBPVXMVzGSysCiRGTRz.jpg
10728,Faust,/rN703hMFxmkZfyEzsXvFtuFhkXE.jpg
1987,Benny's Video,/4mWNkjnsd1tjb26x3Q1IdOwD8Cj.jpg
53172,Henry's Crime,/1i1sDWOZecbUZ4Yp9DG5UiTBBRl.jpg
803114,The Requin,/i0z8g2VRZP3dhVvvSMilbOZMKqR.jpg
372519,The Ten Commandments: The Movie,/yctfYDrHAPcJP54D2BCH9R5GTY2.jpg
8279,Paris,/bcJAgm2N0FW0PkCew9A1yv8r6zF.jpg
529983,The Poison Rose,/gSzyUmg719TgAxarFZYWjLLMqvS.jpg
9973,Air Buddies,/7eRiBonjI6PxlXIMGkzxtL2pvU6.jpg
269173,The Anomaly,/zqeHMxO2UZmrRiRJLLxyGog3PdC.jpg
6,Judgment Night,/3rvvpS9YPM5HB2f4HYiNiJVtdam.jpg
617708,La Llorona,/2AmTEIwxy1VkcZe32Fs34S37qJ2.jpg
9770,Mad City,/wXb9KGqxyrAHNygRRI1HW1BhcU.jpg
653744,Sergio,/tABtj9BwYVDCM69h7AK38MDgw64.jpg
248390,Le crocodile du Botswanga,/hur2WyJDF37HqbmA6NCxPqd3BTy.jpg
934756,Love in the Villa,/t92CXfEP5aWBATeOomcF0wF9NsM.jpg
668640,Official Competition,/xvsiRSy1kIwlySogzOxkCFrJWYx.jpg
35626,Return to Sleepaway Camp,/p6V97pjGwN0fENR6mlBeUoAT73z.jpg
9555,Rabbit-Proof Fence,/mHnGyTMwzLFEhZOKqs7kAOACKbe.jpg
3086,The Lady Eve,/lJYD3CMgKtv12hazSHc7xt3i2uq.jpg
826749,Fortress,/vQxtoPJVfpHgL7DCg9hQFZKDWJa.jpg
543343,Guava Island,/oQ5OnvNNGUYOPh3iTjmqx6GPsdc.jpg
10342,Teaching Mrs. Tingle,/hHKiifRFrC0IM7Ba2HX3sAjnSBr.jpg
293572,The Houses October Built,/yGTHvZE1ggog8w06kqg1HyTANjT.jpg
308024,The Overnight,/3XsGz8FbapcT8TsIeeTZrknJ2O8.jpg
130739,A Coffee in Berlin,/gy58pmCztFrpxaRM9rGhv93LgCP.jpg
316002,Accidental Love,/znPsDmQVKW0BuBnaErIAPo49X3i.jpg
13675,Frosty the Snowman,/gw7ie4W3iW8nefnZ4kuw8dgYNM2.jpg
24271,The Maiden Heist,/vrp0dqlp74A02YaUiwNpLElgTR0.jpg
479718,The Outlaws,/pUd1FYQb5r55RqXpx08dnCbP1fs.jpg
7233,Rebound,/4l0Q1lAf4aV3h1LJQ00EpxVQefr.jpg
20068,The Manual of Love,/A01c5gorpOBwrSPJU2JrBMAVTZj.jpg
2728,Postal,/2U91KS7t6HA1dI6YMiA6TpPRVqU.jpg
11962,Joe's Apartment,/7OBbURUtU37ucxHGUVkD598f6t3.jpg
20803,Ivan Vasilyevich Changes His Profession,/6f7vhvnma8sbO6821ShE5ViA3r8.jpg
778106,Along for the Ride,/d5spmLeGR9kxBRQ6qxCFad1ljvT.jpg
591278,Game of Thrones: The Last Watch,/tVyKpOYDtKzs4SOYCbZn4YNFWHI.jpg
204553,Cold Eyes,/77Srq9bAJkB1RE1GBAyBA9Y6ivN.jpg
10937,Barfly,/1TDhyo38sHKU9WSwdVV0AtTrmTS.jpg
10900,Surveillance,/8CYX53rLeRonQjJOKyHkwAwBIWD.jpg
127521,6 Bullets,/tniFHeiQU55feNik7X0mHlEe9DE.jpg
243442,Un fantastico via vai,/xUAabAY6cPvFDbtZ5tD8WJjvpQX.jpg
457041,Elizabeth Harvest,/oiwY0z17ZqCPVSK1plvL11rSKuK.jpg
40016,Birdemic: Shock and Terror,/gqmcAVNNUosB55RliecFYnkWT4M.jpg
391710,A Futile and Stupid Gesture,/kyHBeRgbbhs7kVrZYblVj9u2Xbd.jpg
11564,Class of 1984,/zaPeoSMiWM23g2M8qVMfNJdEeQa.jpg
811072,Two,/5P7QwmoYl70tsRZ8e0VnI9RI1MF.jpg
123103,Aftershock,/jbPqPMbJbhFttJy2joNVsO7a7Po.jpg
11163,Fellini Satyricon,/dOHaWx5M18TXLJ5Z8ju9AfbspMb.jpg
921785,Mixed by Erry,/tCTqW2YLxx6gqrPFTlMswvDunuQ.jpg
183662,Crush,/zhkznv0Xt6g3dXYWMB8VT0GYOSb.jpg
258099,Just Before I Go,/rEwXZIOh3CLVA5JJmxT5kaYY6ff.jpg
768520,A California Christmas,/caCbdsdGHDJNMjSiA5X4mgIfe61.jpg
14517,MirrorMask,/itIJU3NKbdgScA1WPIxXzOlm0Uj.jpg
542917,Twin Murders: The Silence of the White City,/xOA4MbyJZVJHGZ38wC4LPpruBBX.jpg
56906,Husk,/eSZfVXa9cDbc0FbkQ0tnSuPRMM9.jpg
9927,The Ringer,/zJkHJZ7GRB3JKah9bQlkuvXI4hl.jpg
348765,Alaska,/diEuFQLGlbIWz1JqXw9sfSEZI60.jpg
1951,Manderlay,/gVR6gQ7j0ffPa27xj4OxbH5fzHW.jpg
4351,Bordertown,/c0AR36VzvB5ileCoMfSlV9bFsVn.jpg
186161,The Gilded Cage,/rts29kBtuw1xAlNeWMFuZN4WZRe.jpg
438970,Sharknado 5: Global Swarming,/jmWFQBtJseHSIloxW20doRCXGgZ.jpg
12311,Mutiny on the Bounty,/GD98ozz6F6tSu8BWGulpseEKhv.jpg
964,The Phantom of the Opera,/mvaYpAYj957C2tlq3vVJPSzGJXK.jpg
30017,Close-Up,/m9HG2N9ZKCmNN9qOHJTNyy18wn3.jpg
21583,Management,/roum0tVUqDWRbxBPlvdBzrxjMpK.jpg
304372,The Perfect Guy,/k1U3ROFFCVbu9H63lKYMbXEHeJI.jpg
12535,High Anxiety,/urIufjhs9cnkvR0p2oZCYp6VX1e.jpg
201086,Cuban Fury,/io0LZoCtq63hUWd6d3x5FoalgDj.jpg
12501,The Big Country,/aTjIUBmo7qbiu5FuvSoBA0UONWk.jpg
14138,Black Water,/7hd6iyViluCMOqIJz5TsiyBFqp9.jpg
17136,The Woman in the Window,/i8jDpAWByVYaQZJXbsg8XqDOF5y.jpg
11959,UHF,/wxx5YQLKVH1WMSRXQAUnC76r4iY.jpg
791155,Secret Headquarters,/1vWUX8n6sZ1P0BFpfzwtMgIPdfj.jpg
15917,Devdas,/n853Gvyy5tGz6BujE6jeuVqjXKM.jpg
787298,Squared Love,/qeRCXsOitUdtDXc5sSVgwYGTZyg.jpg
522098,Babyteeth,/aINpljdt3VVMrCLtJW4BektwYOp.jpg
11197,Evil,/gruXA29fquPuRHbam75kXQMaGju.jpg
373226,Belzebuth,/em79Vu871uUVZEpBY6qkO5O6psP.jpg
27726,Q,/hm5mvCN7IMAFjtkQwL4U1qwoJ4c.jpg
664280,David Attenborough: A Life on Our Planet,/zSKwyUDKDHiFU5syTTvQRDcGBPS.jpg
802443,Deadly Illusions,/wj0PpS8cvXCNB3Wvhe6w5k0Nnke.jpg
157823,Night Moves,/cGJXNb3kOt9a4YPlGu4Twt0qq0o.jpg
13189,A Christmas Carol,/kGmpIkjVRWHQ97AiEXC0pLt5VtY.jpg
14003,Fullmetal Alchemist the Movie: Conqueror of Shamballa,/rcfZPWcj5pE1CHeIrcUlqFkmeOw.jpg
22171,Ms .45,/9ulPP8hcBjIrWRqeXsZVjL0uX3E.jpg
13751,Akeelah and the Bee,/oyIAupl1jqjuVVFXYtfoUgNsDdE.jpg
407890,Lean on Pete,/7SuPHSo9Uw8GACkP2oPst512Qhl.jpg
11707,Tightrope,/3TozQxUUX291sM68PlwsucoGatw.jpg
774,Workers Leaving the Lumière Factory,/cT2sefAXgEoICJUCEM6UfxXfuDM.jpg
335788,Renegades,/hx4nxhesaagsvJNhRw2fTobg8o.jpg
250225,The Duke of Burgundy,/fSb1VpuvaDbidlH7Q13OU4aDpj0.jpg
9045,Amen.,/3PEl3VbuMcZDMa1lUQGL4a7lMNI.jpg
33954,The Hawks and the Sparrows,/aQiV5CX94SDMGucAIZ8act7VdL1.jpg
801071,The Jack in the Box: Awakening,/3Ib8vlWTrAKRrTWUrTrZPOMW4jp.jpg
291264,The Family Fang,/kvockIEuXR3cRxuOvoHSw6gDqA6.jpg
539617,Big Time Adolescence,/bFjhHlHjiWouLmJWxGMHGn1MQKX.jpg
23685,Monkeybone,/lgH7Wej9922C1MQv0wciAfesKH8.jpg
59490,Cave of Forgotten Dreams,/7qBfQ2x3FnbB7uRaHQOBjfWFBpc.jpg
884971,Goliath,/o4ZgQIkABKtT0K9Y6XYSqyarmZu.jpg
25642,Ben 10 Alien Swarm,/dGVzHqLKDdYoZRLZHftZVQ5GoRc.jpg
25736,The Postman Always Rings Twice,/3qdX948vUXi4q8raUUOHHlbP9q8.jpg
592480,Alice and the Mayor,/i6dlspGA6PS7eM2lOj4BMY65ndS.jpg
24750,Time After Time,/A4SXZxQempzTUReRlQiFaYc6KaC.jpg
2087,The Getaway,/4tWvZ4BQu3ICmtUL8lXHa9OgkoF.jpg
10763,Dr. T & the Women,/vBtKoV5YU4lStxXyBQLvAdYgGej.jpg
10733,The Alamo,/aZrWYkxCCwSPKp4VjVvn46uHbIX.jpg
50393,Kung Fu Panda Holiday,/vJv3pI8pyS13rLjy0ok7a3BiE0a.jpg
516700,Gundala,/wZCo5qUz3IdIhs6466B9PpFglXU.jpg
352490,This Beautiful Fantastic,/22b9jLGJ8OVzlEnWzqF0yRy5Na3.jpg
41610,Fracchia The Human Beast,/zfPQ5dbixmDdlGTy8qPFITthhw3.jpg
19165,The Land Before Time V: The Mysterious Island,/nlsJfYQ3dwzvr6kwG60P0nh59Sa.jpg
18898,Looking for Eric,/fTHUY0E1FYMFKiQ8UDKx793LtW0.jpg
16248,D.A.R.Y.L.,/2cORBji66CreRT90gmrCiOxkpr9.jpg
16562,The Cutting Edge,/f46oRkJXQgcfKsab7nWMG6Gjc6b.jpg
68341,Cold Fish,/669GmEZsyMlPliURX5myHTStslv.jpg
749004,Petite Maman,/3TPkB08SMeLbg5WwC0lkw1b1DyG.jpg
256569,Trespass Against Us,/soAl3j6UkSVycQ2TSRrMIfhMuFN.jpg
368940,Robinson Crusoe,/7diAAfF2nsdy6Z5E2TOFfGomrvT.jpg
1063422,The Strays,/3OKBFYRVSKkBVJ7WpKogTVQfUqC.jpg
658777,Freaks – You're One of Us,/6xzEwXNllYKxhRFCtWzRaYdA6gD.jpg
550201,The Pool,/qmND84lMjMx32E40LID5f7WJB7u.jpg
6173,Read My Lips,/1YIkOan9JzbBVAQRvq5fIjHHBAP.jpg
39414,Paper Man,/BKaXYV4lujFxmzhwpLrMLGsYx6.jpg
401478,Death Race: Beyond Anarchy,/1PrlKvPUbDQAqFQBCyyt68hLLl.jpg
43003,F for Fake,/fVeIDxS73CrosoeVOaefQuCUGZg.jpg
11307,The World According to Garp,/9ItRFdSCb7Sz3AC9LRxAzbH73kG.jpg
39312,Restrepo,/62DCMBMJU1ZVezVEawyatpFoJwI.jpg
437425,You Choose!,/d82mQYgcbld4l0FkURk5jJvdOyJ.jpg
11144,They Called Him Bulldozer,/qVaw72xh9ViQ5GHoegAbzcmBQb.jpg
175116,Out of the Blue,/i3ZB3GVSJQQYpVgJBDFpDrsaC3Q.jpg
374671,After the Storm,/uwpBfqI1xPkSWD5PYlwypoBIkpz.jpg
299551,The Atticus Institute,/43dvapnp9DvDvc8JbLCdq63h3zq.jpg
36970,Oceans,/amdtSKEESxhst5Q2XOUvqdG3Q86.jpg
575446,New Order,/cQB2cp4bW2LqvtmaQ4DBivffWEK.jpg
320048,Ratter,/vSwYyxa12OqcrVnW6qPGqIBFyh2.jpg
11830,Tampopo,/2XLDb3RDQmtlxt5Snnig9W4moq4.jpg
13701,Immortal Beloved,/lkqz2R5pjXeDaiIjR3Z6JTGjtg6.jpg
124470,Exists,/m3BteJOJcbEI3pDgrZ1Fguy0ndV.jpg
35854,Flash Point,/kGhdfgVzFH9kO5UpVM4TzS0IdtB.jpg
207686,The House at the End of Time,/88keS5TaMqlbuqCZIgwwusmv4tu.jpg
712454,The Summit of the Gods,/iowz7MwaTWMYlfLUE6GeM0m3Hze.jpg
60556,Natale in Sudafrica,/6ePKo8IRbu8eSnVDXvMv8w2cXkn.jpg
14807,The Long Good Friday,/pXS667me5Jfoj1b0xuxgjEMKunF.jpg
9456,The Crow: Salvation,/zIaYOfyMlBbfZzPQRv8gUuDqa2R.jpg
689700,Clean,/kRpKJstAW7DsoPAEBW2Kk1uD9Q6.jpg
344041,Standoff,/adlwQTs3zEo8EL2ta1IZebhoVPE.jpg
318,The Million Dollar Hotel,/iGRyPsZF0lfIL3IadmBdoAsYzyn.jpg
10208,Muppets from Space,/Aww9cF4uMsbald9ddhCYFoP4gBi.jpg
18912,Angst,/biC5etj540m9qNj3w9zETQZpsN6.jpg
486103,My Big Gay Italian Wedding,/hs9V84bQB8SYFzOGjM0KOLRRVLJ.jpg
255718,Barbie: The Pearl Princess,/zA4csIbIKzPOd6DwN5rKxHkVCu6.jpg
329004,The Survivalist,/hd491WgKPxeQus2LnvFbYmyUFmt.jpg
11851,The Presidio,/pHYtq4wFaUy5Rfa8lRi24QMUwRY.jpg
16227,Dark Passage,/2J6CyAsDcIBxSimCIosZalbqOyp.jpg
83186,Wrong,/k6IvmVvfsoIL8HNVusb4oAQr6Rk.jpg
307103,SK1,/h4IU1VPMj2g4WkeiF1Nm8dFxCBM.jpg
19576,One Piece: The Movie,/6QOrTYafoqzXPWLnR2K8129jTHH.jpg
482981,Wild Rose,/79THplH9WM7y3gRPYM4dcC0IRPw.jpg
34205,Halloweentown II: Kalabar's Revenge,/uDnp52aGXxnfU4vqnnc6YpfzjHb.jpg
544404,Who You Think I Am,/woZuI9pSg9mmaaILkVubbrbJmmP.jpg
14830,Doctor Strange,/7ygcpWXsWmEc83j7zE8P0lvC0Q.jpg
516850,The Mermaid: Lake of the Dead,/gGFZ84plg0TPM737j8ccpseh96l.jpg
2436,Double Dragon,/9ZTYSD8ZesYMKqLRbmVfZUW1FiE.jpg
217316,1,/nIHvkb3M1B9TnaiaABsfTzmFMYP.jpg
27995,She's Gotta Have It,/qiJuXvPONqTSSnzhbCBqE7EotV.jpg
24913,April Fool's Day,/fxQG0oItdJxn8r43TyKV9ZmcBwW.jpg
496743,Aniara,/pEpEJe8NTmwWL0hwYkZguTzEqzt.jpg
267999,White God,/jT9IjPwA5aIYlgvC55VxJOLc0sI.jpg
492719,Godzilla: City on the Edge of Battle,/8y1YhD6niL3aMfeEPhStHMWdPxH.jpg
11121,Tess,/xejUFnoAVxzvU95o2jlzG2USmY.jpg
25602,Ninja,/tKjH1IQVeUmHOlxZinQdjFHkFVG.jpg
484747,Little Tickles,/h3oNso475RURIBQmrVkyEfwrWOS.jpg
1988,A Mighty Heart,/z5f7KPg8vqqYXtaF0wUkSWryDIg.jpg
928344,Weird: The Al Yankovic Story,/qcj2z13G0KjaIgc01ifiUKu7W07.jpg
1662,State of Grace,/dNMeRLY3MeY2FFeh639plHai3F1.jpg
1382,Me and You and Everyone We Know,/tDRTtvEJs4L8wj35GKiczUQXCSR.jpg
303483,Once in a Lifetime,/dHGRwKIDyrMjudTp1BlBKxe4Gvq.jpg
415132,Ares,/sVKz7eKtSkVGjKaSWo065XTkWk9.jpg
11306,Extreme Measures,/fFpA6zm0QGA2oz5yk6pgGeUFfhv.jpg
18988,The Lion in Winter,/wOeavbzqkciFGxPD9UJYzPMlVAW.jpg
549514,Fatale,/tGFXEyESXIuei5tZWXRkSRSFSxi.jpg
363579,The Age of Shadows,/kHiBkgmMY8QJQo2r5yXRhJ7P7k.jpg
311539,A Christmas Horror Story,/qdzzFho1wZFvrDFcdg2r3wwMUSJ.jpg
18254,Reds,/3jOs4aWI7XSVIEaF8KMojNre7A7.jpg
868,Tsotsi,/fvPGF7NYuZJACYVRAAF3FXicVf0.jpg
18377,200 Pounds Beauty,/AnyJmyOQQGiqR9DLIiQ9aejIbkx.jpg
11067,Major League II,/vP1UnkIG5oBAWdTZho3yeDmPH00.jpg
8703,Three Wishes for Cinderella,/g38es1ofNJdgyTdfoEK4IQ8y0Z7.jpg
340487,Certain Women,/1A5cWPvPnw7vY1Dfg3DSyLG0k96.jpg
17169,Any Which Way You Can,/fGP1rB0MapjDyR0lCjYa6AhjQ1i.jpg
345067,Torno indietro e cambio vita,/eScmIS1SGWnpT3aMGbDpMdZslqh.jpg
158907,Breathe In,/iunsn1F4jeWcVPMauVkRmqYZPjr.jpg
440918,Teen Spirit,/aFPqJZ9vOcH7QroNxXV5wefX2qe.jpg
10064,Edison,/rWPdo3ji7GwbuvmO7Ue1oPwRSOm.jpg
22201,Gunfight at the O.K. Corral,/71AQUFbw49ALCNtKZ69flFmbRhF.jpg
307931,The Wolfpack,/gr0hihtD5wxvsH8N4HB66XKfnAo.jpg
46837,Kaboom,/vIbX9X6lMdbdqYfuxxsHvi9n01v.jpg
666750,Dragonheart: Vengeance,/qs6gz6atyQcAvqC6qZaslOjliUG.jpg
487004,The Full House,/fE5eOWDf110gx7iobA1iXMQPBS6.jpg
517093,Balkan Line,/okiB4NUriKKbGjAtVSzveicPTtu.jpg
346651,Pandemic,/m0OCqNmVudMtbGlv4iTcyYrbp9m.jpg
938008,The Killer,/5IQqdtTq1wH5YJynx86Ysi4sDVt.jpg
36355,Flipper,/kbsePEyGVpbf3R3vn7yLVnB2lTO.jpg
205022,Chennai Express,/9LZgpUyFEvqHaDVuveE002mhgTi.jpg
5889,Azumi,/3pnMViIDP6whWXnTBq7ibQipSyS.jpg
69778,A Good Old Fashioned Orgy,/1lyMNAAaKb3pZHoVXVDQExCmzVI.jpg
12684,Sabotage,/A6cyOt9mhmvWA2uHcVsGkcCaHCz.jpg
64956,Inception: The Cobol Job,/sNxqwtyHMNQwKWoFYDqcYTui5Ok.jpg
10872,The Ref,/bxMjOeECQxHPf6QvkBChdxaOxVh.jpg
517148,Beanpole,/nKVrJm1dOwALdr2KHxNFhkbTSZc.jpg
13243,Meet Bill,/u5EqwPmzc40qIyUUSMvoaWVsSMc.jpg
127501,Barfi!,/8lVuWmArvr41CvyvpgI3elD5iB1.jpg
10178,The Caine Mutiny,/vuO4Z3wOWVlhq35MS9asZeT9rVp.jpg
485504,El Camino Christmas,/74FjQrZ9SSkfh3rts4PXm9wArqd.jpg
444090,The Ash Lad: In the Hall of the Mountain King,/uyJEfpAflLCkqn6PFHu9EHxmbI6.jpg
491473,Gloria Bell,/oTfAWQXUceUszmifA4AwkIsDccQ.jpg
340382,Attack on Titan II: End of the World,/l9cJ5PKEkVJb6YUCiURtcMbTQ5D.jpg
258893,Scooby-Doo! WrestleMania Mystery,/vgnxicD1qvhTrh4db9F7hJLoOaa.jpg
186929,Borgman,/FrmwUEeIoBuKJIlYMPc52SfJGd.jpg
18095,Dragon Ball GT: A Hero's Legacy,/vjqcrp7nQGUVkVWeJR3HUAj0AyR.jpg
103112,Olé,/bYomOfi50vsrxfQmPeKubLO6ZhX.jpg
21956,Scooby-Doo! and the Monster of Mexico,/fv4e6pGhl4fDUdRt2WIDLDgEq7e.jpg
276902,Cut Bank,/hP5N3R8qqe7JT4N3esgh23GOpCN.jpg
225745,Steins;Gate: The Movie - Load Region of Déjà Vu,/bXhogkZCR0aOQ077rfMULYbDmtH.jpg
371560,The Eyes of My Mother,/hoR1TAxIkO1rRHu3F7cWzKZqxq.jpg
297596,Dying of the Light,/gL6riNxQeyPXT5YsgqE2aWhl1zi.jpg
13926,Red's Dream,/ebPNnYqoEYntnrGdwtmppvBRHpu.jpg
16219,Gladiator,/24eDtuux6l0Mgl8sX8fSxa20HEh.jpg
11465,Great Balls of Fire!,/cb0zpDUnHBj8PxWQG5L96m3rxrk.jpg
168615,Billy and Buddy,/zBDw96kEEPgbfAjGpALsefLsjiU.jpg
2791,The Chronicles of Riddick: Dark Fury,/rfNOl21lDRyqTeORYp4PiBlsW1t.jpg
550385,Christmas with a View,/jzDSyPq80DPRzTryh9qBOiJQI8o.jpg
11123,Earthquake,/6hJorsInxNpj1dIekh6dK6Kh9S6.jpg
5353,The Hunting Party,/ujBOMuVWKGwk9z9RjxV21ttKYBz.jpg
17037,I'll Be Home for Christmas,/vzxvMRJtXfqdiwBYzDJXDSIOYWi.jpg
498402,Aline,/9FC1wqVpaWvaIcAbu6bIYgFDu1z.jpg
36208,A Dog's Life,/41vqtliesQrsJQ9iTJh5nFYQgBg.jpg
733317,Monsters of Man,/1f3qspv64L5FXrRy0MF8X92ieuw.jpg
12593,Fritz the Cat,/aZgHOb5QHvLLn4kxxBTVb0BNqW.jpg
157827,Louder Than Bombs,/26hoecTKEAXswDwk4nUE4SEcPg2.jpg
24341,Dolls,/rKjmcL7hJoKm1V9FKlgqGZXoxVz.jpg
318922,Kill Your Friends,/o1UCbfINkQsI2kGEIT3Y4GwHTnq.jpg
11617,Rio Grande,/zYoK2RkBCmyhIV6UUb6EZLqxmZq.jpg
103758,Reality,/bl2Hy8yyHXmTSDLz3NMxIe9wgIo.jpg
25768,"Steamboat Bill, Jr.",/zygJMsmXxeyDc1N67OCZc8xtq4I.jpg
276488,Let Us Prey,/7X5VhHwDaSLkrDoifRbfvGZJxFP.jpg
51917,A Whole Life Ahead,/kmoSWKB2pgnUyN1E9RP5ETU0q20.jpg
13741,2 Alone in Paris,/11DqLXRUsARo7GIxoUETLhaBDCh.jpg
17455,Hellraiser: Deader,/7G7npapXYc2o4anYtJM11Aki0Sn.jpg
8866,The Truth About Cats & Dogs,/5V10mg1rAbwWYNF6IjnEYokIR8f.jpg
475759,2048: Nowhere to Run,/1z8Lph4DctAtkY7ZIxbklJc1rdH.jpg
420707,Cage Dive,/3uUO9eDxHeDREIX77BaQiI88ajp.jpg
730840,Trollhunters: Rise of the Titans,/zvUNFeTz0Sssb210wSiIiHRjA4W.jpg
374465,Things to Come,/aOIdDXpum2Oot0uZqrHRU87YoX2.jpg
15251,Eddie Murphy: Delirious,/qnNXoflFXeUg692kulMKVJVRzYf.jpg
49964,Where Is My Friend's House?,/aU9WdjwfKTiBsiIh9Vgjr4onhnD.jpg
154441,Till Luck Do Us Part,/xAd1DeclHsJ0lnrizw4bTYivFqB.jpg
469056,A New Girl In Paris!,/1uGVfubxwE1YfBDaWAxdKA0PlUr.jpg
26648,The Night Porter,/zTUYhMdh2Jwk5s9jbrU4mCH3CY4.jpg
50275,TPB AFK: The Pirate Bay - Away from Keyboard,/3W2PYp6alnzCqhAzGt9Xs4iMkK4.jpg
616251,The Broken Hearts Gallery,/wGkr4r1e8nubmSNKJpv3HL6sFrA.jpg
23210,Six Degrees of Separation,/bROsFCnsHr0e09M7VA0aCcNF432.jpg
352186,Good Kids,/9R3hZnqFNyFmG10qwKzaUntlUbg.jpg
71524,Ace of Aces,/kuQb63zXvgHMOZYmC8D2NfnDe5w.jpg
440642,The Spacewalker,/hDNVRmrprxI9NQ0zc2Uu03p65Fw.jpg
919,Blood: The Last Vampire,/2yysSRyqa4ubIDpQcQpG8SuYcl6.jpg
736918,The Noel Diary,/f6mMqxJfAD2Ao4sto7kOq6a7tWg.jpg
340357,April and the Extraordinary World,/cenqAhHFJRGf08L8rgvHTlFrLuL.jpg
13679,Kirikou and the Wild Beasts,/ixTVgA2TtUCnYLy9VMhRzkdopUe.jpg
7839,Wedding Daze,/pDqYrYciP76wfzmAqB8SLO5j6f.jpg
23160,Werckmeister Harmonies,/fzG0xks6HNSnQg6atlF98brHvIT.jpg
20714,12,/7bl0aH8u7oBcd4QK9Fml01IN8KU.jpg
12502,Silkwood,/7Piz5R5dB6d7v1OWNaIn9GB4qZg.jpg
11558,Silver Streak,/gY1a4k9dalGx83D7TJ2C76xBprS.jpg
95516,Cleanskin,/dgHAFprnEkdD8vFZTFnjoWgmucP.jpg
467482,A Man in a Hurry,/uzQHGId6xMUCtpz9UXykbue8SHU.jpg
2107,L.A. Story,/At97val6UZyQoQtmH1b2Pe7bWqG.jpg
10451,Eat Drink Man Woman,/olhIWtIBFg6VWK59DEd4lAvgVgz.jpg
17281,Gigi,/v4jPy20pdYIFiqtsNvrek7l6ALl.jpg
45202,The Housemaid,/tx1aeNr7GGChRrcZ9lMV2DwEvgo.jpg
618253,Chiara Ferragni: Unposted,/aJaJrgexnUjL1dEGMJQoLIvBjuu.jpg
14320,Great Expectations,/ynaFuVvW2jaG06pMV67dOhzMYfJ.jpg
890541,7 Women and a Murder,/iz2tpJJgSDBS646VYhmNkUmot4l.jpg
5653,Luther,/5Z3wlA8sKdd3tPTZW8N1q3YEd5f.jpg
37211,Scooby-Doo! and the Reluctant Werewolf,/cXUQuHnNBxFSZAmYfogMfrcvMk7.jpg
347688,Scooby-Doo! and KISS: Rock and Roll Mystery,/nTkQZPXZl9yx3tfPS9TSDZBdhHC.jpg
14392,The Warlords,/9sAWyaASakMW9f3LSXK8Br3RCED.jpg
704264,Primal: Tales of Savagery,/9NBBkdxH0TjQEBSN2AzeE1sgsF9.jpg
9095,Mary Reilly,/eAOPWQdwytdRaLK3VXi7JFJFqmj.jpg
12219,12 Angry Men,/whDdYx3lh1LHTN0VlPFt51fX29g.jpg
27275,G.O.R.A.,/e73adWbjLnPW2rzmG7lLYv1qxvp.jpg
10427,Red Rock West,/ewofUEqU3Gpr7WSgSz3TEVPIfBg.jpg
441829,Team Thor: Part 2,/2jmP71A5Un0jDNqBesDPQSN8hjJ.jpg
522039,The Last Black Man in San Francisco,/ow9zjibNrz5TYVZ6cqwmvCR1YX1.jpg
8080,Suspect Zero,/h2eTBSstudTj1hrQx3kA3jDjtVi.jpg
11468,The Salton Sea,/i3InMSlLUNBEdQTKazMdyVP1ryX.jpg
295832,Unique Brothers,/qXKqml7CaEpUQT7dlia5rXNilfA.jpg
718840,A Nice Girl Like You,/qVFfofTQCaoru8oiaOGW0G4YSwQ.jpg
12771,Serving Sara,/uCVpsb5LxlfYShF3TXBo1mu8GeZ.jpg
8973,Lord of Illusions,/miQREwapDUNwfInokjeVLt8BiNM.jpg
38842,Middle Men,/l56cv8FczzEk4pe3W8BHiRNCC05.jpg
510452,All Inclusive,/tFvwfaHpm8AJ9oWz1q3EVZfa7Rg.jpg
732670,LEGO Star Wars Holiday Special,/zyzJSI7UZZzz5Toj10rYGF5689z.jpg
24924,Night of the Demons,/gPLs4LRu85CBir22j57lXoWAawm.jpg
14163,Chak De! India,/mmFMgEsTRCAGAtwffGpuo3mJsxN.jpg
11300,Something Wild,/344lhBozqFWKxBb4fp6azYQMLEy.jpg
14140,Herbie Goes to Monte Carlo,/t6rzY3AP9rXZKi3kyKXdIvLXen6.jpg
31216,I Can't Think Straight,/cC33ZIJnoeC8J8C7fDoXpCXkyA3.jpg
924482,The Ledge,/S99eCSnRFfeZJmDaIGIZF58H7w.jpg
26170,Coogan's Bluff,/A0dObkaXai6q46sIMSRI1MCcN7E.jpg
531735,Ibiza,/ml0RD4YEycTKAGiHuFyaMd96FYn.jpg
6071,Kiss of Death,/h9E0Sz9VCVTwPEIsg9pr7hnFJ9w.jpg
20649,Clockers,/c79uqLJleho2a7OQayfrW5Ypphf.jpg
10247,He Was a Quiet Man,/iNchxsjU0zkOnkPQnRItkRNVvRF.jpg
133790,Clear History,/AtzfH2YCWVjyk3XjQqzLtUuZXEG.jpg
203665,Paris or Perish,/l0TqmtksDVWgEO6J5XtW4yHFfGV.jpg
392011,Kedi,/o7SB4YELcuVGUMIXeunWZ8rbx4h.jpg
272435,Gemma Bovery,/1enbnYkVjfvZIJ8JNLRaIX3RkL4.jpg
2020,The Bachelor,/lhDn0yzCDkVCzHEtoLdASSLDHxn.jpg
1071806,Hunger,/rNYHsKHFP3AY2PIDZgz3AuY7QoC.jpg
469916,Downrange,/ekkOoPnYB8MfDn6gsM1GoMLEhoi.jpg
326215,Ooops! Noah Is Gone...,/gEJXHgpiKh89Vwjc4XUY5CIgUdB.jpg
114955,Let It Shine,/kuVKuMxyDLBYKsqMgOCf0zNtzV6.jpg
39346,Casper: A Spirited Beginning,/qq3K8HnVa8VEdFWUun0ngvfa19h.jpg
54004,Passport to Paris,/qwSUZWucryjWJ4ZLjDhy94MHev5.jpg
43555,Body Guards - Guardie del corpo,/nfVuyuYz1D7SjVZM8JywVHx8xZL.jpg
574376,Eye for an Eye,/3WEJAWFusNeZIJDNYxeIPytuZ1g.jpg
6472,Guarding Tess,/80dL2Kg5zjEIFAhSrlqHsIF3O3d.jpg
11541,The Year of Living Dangerously,/9Nxy4ZGOq43rXqyMXIft1ruemN3.jpg
18573,House of Wax,/5Di30K5NzAtYMjBSAABwgZHV0Ro.jpg
21946,Counter Investigation,/huswFtH8wSaezEtGEs4AmgvhVw8.jpg
413730,Summertime,/uoqQnRX7WQJoGlOWCXJasvWtBhv.jpg
13573,The United States of Leland,/60B0kXNSy3isCSZtM3vl2GWeKdE.jpg
10875,The Fabulous Baker Boys,/1nS8AxnoYE2Y1ANMpVKZnm8iLxP.jpg
28501,The Pit and the Pendulum,/dSdDtWebN6NwUM3D2bejPRCKcDT.jpg
8653,The Isle,/zl8QGUiyjkdS7JNoPeXB7HLzYJR.jpg
12220,The Story of Us,/sHRS5yf6JH2ORDohUcX0KlspksG.jpg
4235,The Sicilian Clan,/uVBbDPbm1H4Z9M7uZ976KFaAjDR.jpg
485811,Redcon-1,/vVPrWngVJ2cfYAncBedQty69Dlf.jpg
557940,My Boyfriend's Meds,/hVSOXCBuPXw8yXqbNfwU9ogIp88.jpg
17127,The Object of My Affection,/7LlWOHxcDu0Qsf70LnKwMYV63kb.jpg
779047,Us Again,/zKnenwvQB6xA4mxc8zxL2S8qVbR.jpg
300155,A Royal Night Out,/9B92oiFTAnfRlvrAodNIUG2ysCM.jpg
11477,Common Wealth,/pKa0hUAoudwjMLlUDdyplpNols9.jpg
11710,The Enigma of Kaspar Hauser,/z1rBBE8NWociDQClr8y6Onv1X62.jpg
381262,In Her Name,/lVYfYQBBvs6yb7pChIBJ6R4vsrK.jpg
525657,Daughter of the Wolf,/ghoNQkJX9Hk1m8GxTsBg4Xez1gn.jpg
773975,End of the Road,/2mxnDbKCoR1M9e5szzc6Ku3Nfmv.jpg
152259,Phantom,/o67fuhbwvAZ26PwnOj5v8uyqy5x.jpg
19286,Leprechaun 3,/z9NT2smK66pYOjBtmZuKFFTZ478.jpg
657644,Minnal Murali,/5jHnykugFB3awLTwDM5LQ93TIzs.jpg
27725,High Sierra,/fkP6yy25Wja6Sn3AIlZ4F1BWsy0.jpg
27475,The Slumber Party Massacre,/rh65oDy8CNJoEAOf7oudhIt3DM6.jpg
10929,Willard,/hRVP8Ud9ehv7tp5WWQ4CHk2XNus.jpg
27554,The Panic in Needle Park,/rhJ8Dnl6Z9KR9R2zskBKIfrFeFs.jpg
58451,The Adventures of Pinocchio,/xjoYc9umKoZHTVr2B0uBbn3bCXj.jpg
502897,Leto,/4rOkRmIhoPoyKUa5kDrIPizcglk.jpg
399790,Churchill,/zdDthGLJxzEYOCb9IHHjLmSqoRx.jpg
736790,Chupa,/ra3xm8KFAkwK0CdbPRkfYADJYTB.jpg
12699,Hellraiser: Hellworld,/nc2KcfOWhugGP4HeiqUyt0Swyl3.jpg
42987,The Servant,/pRa4og93BeOoMCt6oWuPCwu5Coo.jpg
157424,Cabin Fever: Patient Zero,/5A4wV8k9Kv2OY3XjI9WDA5qsAkD.jpg
25934,"To Sir, with Love",/xMaVwTfgETmPs5yp3lNK5SeWCtB.jpg
103327,Ducoboo 2: Crazy Vacation,/jl6Ze8DRXsm3vCgwajJ0cpRsjh3.jpg
19955,I Do,/jfeJwdtZpsAR6ap9kSrBg7c3bSL.jpg
31578,Body Bags,/xRwna1sWDByZs9hsnlabt16INHl.jpg
74536,The Son of No One,/koxJAJTPTKzMxKu3vVhPvoZc4w6.jpg
10750,Toy Soldiers,/nL3ccvqU1Wq1j31feHWAydzpbr2.jpg
9666,Ju-on: The Grudge 2,/y5ASudUs59uweNDkjWPCO2ebR5o.jpg
25155,The Stepfather,/r5CKg3VJQjYvSWTRojK2tE7LpM0.jpg
9501,Crying Freeman,/8vkvIlExu2a8ZJRdbw5rywmeaQX.jpg
585077,Children of the Sea,/2QKNREj8xPHShu993QAySoGDCwu.jpg
448194,Pyewacket,/aNwifemsozrfsEjF5YTC8Uz7MBB.jpg
30618,Bunraku,/6VG9XFig4djqZEEot3PGGWeIpkf.jpg
36298,"Me, Them and Lara",/bu5KsogttEN2K5UlDeBiseD478W.jpg
367544,The Spirit of Christmas,/ynWcaW8ZrtBeuzgUyEXR30A2TAT.jpg
303867,World of Tomorrow,/5s7DSOek7Bk2CvcG1zX01bJzJ0x.jpg
286521,5 Flights Up,/2WI5oq2QswLB0kJFOcL7ZA5ndKr.jpg
182,The Good German,/3LjHC2CWDkzoiPehf3GViujws0.jpg
25189,The Mirror Has Two Faces,/ekk8MKMp3tlJjcMuhOgKsMCRrvR.jpg
89673,Love is in the Air,/p73kxTk46Dm4ZbWNzIGvNqyPJra.jpg
50135,Animals United,/gUCLetZNa3rZknSmLc2gGUdxWH7.jpg
156547,Us in the U.S.,/iVYyqfYz77ZU3BciMdGG1DtpedD.jpg
183,The Wizard,/dtgNNq3TBbpBX6RXHLt5gAMdwPV.jpg
11326,Tommy,/xyOZI8GHUwkbublxRmtmZp8zJsD.jpg
18298,The Three Kings,/6OZpUpAsC7AfLl5vLsCLghsRna5.jpg
4107,Bloody Sunday,/oqdQMDJucR7R0ol0LFvzmqcDyEb.jpg
40751,Ashes of Time,/1I5EksYqL87d1dxvpci1YX95CS6.jpg
13713,Jean-Philippe,/2ItX0Pueg1a4tWAJx0jigYkYkHa.jpg
828853,Jackass 4.5,/bl686OSeMQOvs90IQAgt8QipCsB.jpg
517412,Tesla,/v0guO0krvyz8IfKGxEje04LVM9d.jpg
95608,The Only Living Boy in New York,/8e6Q7N2qJ7utBrf6pyf3EiLADja.jpg
15765,What's Love Got to Do with It,/oFAgqsmjPmwRP4dZqbe51HlpPIi.jpg
698508,Redeeming Love,/z8VpsTdIjBhdeGeNEsHFwz6MJXp.jpg
11575,The Great Race,/9rL8GWuFdO3fLXcNV9rZRHskoOn.jpg
11372,The Eagle Has Landed,/dxLuj7VIv0ZRdvaIB6eY5fApONF.jpg
376166,From the Land of the Moon,/6TDhHR8nTJnMfZRi9XSEdutYzcW.jpg
284305,Shrew's Nest,/7rgorbW4vCzZZHW5sEEczSjNqza.jpg
10183,Frozen River,/qZRcN4JLwYQWTxKlycZPLQb37mO.jpg
296271,The Devil Conspiracy,/2lUYbD2C3XSuwqMUbDVDQuz9mqz.jpg
337676,"Mektoub, My Love: Canto Uno",/nLi9qBnNZGP9BksErLWFBQKMRWj.jpg
10881,Avalon,/xm8byLTLqscSae3vFJDDggNeH1j.jpg
574861,No Filter,/fzXjaN6CpJ9qD4nBcGYrfSlOIoH.jpg
1027014,Entergalactic,/cfXbwPWwlmMhC45asWxCWq3Utwa.jpg
1890,Children of a Lesser God,/yAiJlASIXC306qpqe5NZX2GgVlQ.jpg
19971,The Little Girl Who Lives Down the Lane,/lkKmgF5Z4app9E9svOtTQh3DpNs.jpg
11950,Cannonball Run II,/8AYKhcZyGSOiGXGHhMVKLYC2Gyl.jpg
10410,Hoffa,/aMGhaSkhkFwz33hKEsBrJ3ptx3g.jpg
78480,Monsieur Lazhar,/qcSXbOP1iv859kgQgqZ4Ib9yqKG.jpg
508664,Danger Close: The Battle of Long Tan,/aB1rCWGMsM2mm1kBDleaPkqUCFo.jpg
30074,Scooby-Doo! and the Legend of the Vampire,/x8GJ7evV6YBISijuBuGLQjvckYA.jpg
15709,Changing Sides,/sl0HSc0Jd6CGkHM0unDSJn3lSHy.jpg
15774,Swades,/yUSL24kpHc9Nls4Pohia4shgcIM.jpg
315,"Faster, Pussycat! Kill! Kill!",/4mld2L1vWqgqFQmKa7KU4HzLKPi.jpg
570132,Battle of the Classes,/mHIeGGpbSbtW2pVuap4vdewyhvQ.jpg
263281,Our Summer in Provence,/lQPr7SXQosEeoT0ownuAONtszHT.jpg
18444,Swiss Family Robinson,/3ZItm1RcdwNuPnCaaqEFGrbVlcO.jpg
336890,Goon: Last of the Enforcers,/emio9KDrLXqqX4wXa4YTacBQXG.jpg
328429,Approaching the Unknown,/zubKPqGvXog7LWMyVVZChCo4E8L.jpg
26973,Pretty Baby,/bmfgwqcM6Z9qbEED2Z2O1i2s1OF.jpg
193726,ABCs of Death 2,/9oijbrQPBjBerEa8yJtrCaV0emz.jpg
38327,My Best Enemy,/gI5kiWur7p2TcdFXB741Cl1xnqR.jpg
489243,The Hummingbird Project,/cx7CuTtcJvjZAP6ZFWoxylCXKFP.jpg
806368,The Son,/hYR2doH3arnX0Y6WULuBPbtaLjN.jpg
13376,Eight Crazy Nights,/pfQrbZxTv4BVf1XRQnCngZ3wQg8.jpg
13830,Shottas,/chh2xSTVtMCFyFePm1zRbBmtqaX.jpg
325173,Close Range,/6Zc07HWRtcdd6opwNKKjYIWllil.jpg
673174,Offering to the Storm,/bLZeYC5XBi3SuJFhyNFpAGGneQH.jpg
489471,The Dawn Wall,/bZQCNGb1II5eWASBhEgJBGxOPUM.jpg
372822,Vacanze ai Caraibi - Il film di Natale,/7JgB4F9eyGT98DpRH4eoUXr64H8.jpg
77499,Barbie: A Perfect Christmas,/u14NrsyD9h505ZXs5Ofm7Tv3AuM.jpg
300666,Bravetown,/1XQvhq0bM9Odwr1Nf1fY6QsWOMM.jpg
10243,The Flight of the Phoenix,/zrzLl7NWdjwGhVE7bqpOAxMVtF.jpg
14831,Help!,/nLvgIB3bVb8jyhls5W6B74Xt4Ei.jpg
870,Dolls,/qBbrk4xKnhGHnYEPDkfqnoEIIU3.jpg
613349,A Good Doctor,/7wx7VMj4eoJUXR4ZVdYVDzFStNd.jpg
4482,French Twist,/xlLnHizshGBwMiNrnop2kg2nYzE.jpg
9278,Freejack,/3n9wCzxIkH2at50XiUWbL5W8aHS.jpg
18917,Alice,/3EcTuXjJT6PnAcJDJYI4WbiupCV.jpg
13696,Angels with Dirty Faces,/k23E4UAcow8eczLRmVCMdukL4Mx.jpg
19366,Josie and the Pussycats,/mHOix87RdBO3YQuyvFFZAZxpt5P.jpg
91010,Game Change,/wPBlDukp2N5JvW2GqEVF4GjwxV6.jpg
3,Shadows in Paradise,/nj01hspawPof0mJmlgfjuLyJuRN.jpg
38448,Ondine,/rQSQisWjIjXnGGenrpjG1GlQcRf.jpg
6715,The Cure,/3WN1H5NzLOjhY9AP848v8WPc9uu.jpg
10399,Mansfield Park,/8wmitt5MhUovjDzxhVfWIifnnnV.jpg
435366,Fabricated City,/8tE4MhhuWHize6pNyxAtakUyNZc.jpg
267463,The 10 Year Plan,/8Kv6HuaEXUuKgiD9qB3LXENxhHP.jpg
530079,Ride Your Wave,/byoY2stdullEcVjlaWs1ENXyrDm.jpg
425373,The Miracle Season,/cIVYjwi8QcZ9AQk4WRYgW4iUmXb.jpg
18009,Leprechaun 2,/5AcxkGHBRPV9KhFvrVSU4psLegS.jpg
571785,Time to Hunt,/bkuuvDoPkOJpg0ZDzHkUWt8ZG5A.jpg
16000,Ben 10: Race Against Time,/fXGAMKFtm74TICGaSTCLGTvyBk4.jpg
330127,Back in Time,/yx564Sa6KUgzKmgcv4wUCefzEzI.jpg
508101,Plus One,/4w3bCp5UkLeemdq8MBNlyA3Zl2J.jpg
30238,Earthlings,/vwVvVeXc8AIhhWUago0uwM3eSmA.jpg
11791,The Hound of the Baskervilles,/gJNscfPsBnQRdIjjdrTIHVCRwvY.jpg
15028,Clockstoppers,/9OvKOi7sHJMqNAy4PQBx13ix4Zi.jpg
196254,Barbie Mariposa & the Fairy Princess,/aUVd4itaF4mDFgld99wMIihjUK7.jpg
758879,A Castle for Christmas,/xhRbfdGRcEv6RUiAfWnER2pOCcU.jpg
42892,Happy Family,/pWrfIvygxbJTOrqMVqUDWvv1Ato.jpg
20106,Bullit & Riper,/8GHEMJvfKNZMq9MJMMG7c2dXS4s.jpg
348089,Grease Live,/ygzNOhZ4yAbA3QYqFjIFzI6ctwP.jpg
464889,Sniper: Ultimate Kill,/pi16aubY3qFKJWAh4npvm03ERkH.jpg
11905,The Company of Wolves,/2g2YPws1MiEWTodUE8u3qOf78XS.jpg
187022,A Touch of Sin,/6I6XVBrUYBWPDPMdk647VvTSNqx.jpg
11718,Who's Harry Crumb?,/6cLX9c12I6X1Fmg8y7fN3AFwDWF.jpg
612368,In the Name of the Land,/4n4Mrn3StPtzWu8IOBII4k1T127.jpg
714869,Serial (Bad) Weddings 3,/hQfCJjbAAyk4IwRR8IqdCzPOJE4.jpg
1802,La Ceremonie,/mveftMFUZ7FQLJWT8WgDSeoE6yd.jpg
18147,Unaccompanied Minors,/7yhaXxwxs1fIOyuPv3YuE2fea0t.jpg
11779,Buena Vista Social Club,/xMEebcZYw8TZl7HZFQQs1EirC7G.jpg
18299,Love in the Afternoon,/jCHVviBhRQ7OkJFQfziO2N2ZJmh.jpg
241875,Never on the First Night,/1GWYmch5Amwr5CJ84h1m9e59D5P.jpg
25704,Post Grad,/yM1QcAtEGkzAM3HFznXj8kvjyDk.jpg
718400,The Vanished,/bYePSWEmMw9PQ9hNwMzgW1rQUtI.jpg
413992,Sweet Virginia,/qTch1l0ZMU4MiOBDEJ14jVmANVC.jpg
19698,Porky's II: The Next Day,/6ubklp2Zyyw02hDt32psGEirXHr.jpg
25132,Shorts,/bKnQostymQJY6l3nrdQZ4iIhLSk.jpg
20483,Catch That Kid,/vNZTtrzrIsIAHzqH3143oWIzFjG.jpg
23410,The Thaw,/6oxJ75L6rB88TeSspcnPA7JqjWw.jpg
13393,My Father and My Son,/dcKY23xowYTU9B1cagUdHQwsxOB.jpg
400020,The Young Karl Marx,/4VwBXiCzXKJyHfRdVBb843m23dx.jpg
14871,Make It Happen,/dB19WsdFSap1hL8GX3vxneMjHrE.jpg
4911,Dark Blue,/9RTiJx3oD1s3RAMtjSo7ThZmcxw.jpg
284537,Welcome to Me,/pGZV5m7T8NzNC4V2gk304W5SpVX.jpg
10258,The Madagascar Penguins in a Christmas Caper,/gOVdfrRfzQjYwezOxIap13j05d8.jpg
11530,The Discord,/lQ3IUf65maoUtVIhfHurD0KzduD.jpg
13350,Scooby-Doo and the Ghoul School,/duMdoHLQvnzRDZm2CD66DT4PvS5.jpg
9440,Primary Colors,/sURY7Uf2dAv5h46L2oBTAJXU7Xw.jpg
18093,Northanger Abbey,/1hbqwa4vhxNum4A6wgS6XUvxSkX.jpg
735697,Incredible But True,/yBLlwTXweDzBKgEbYz5ZVTRQaZX.jpg
51980,Germinal,/cizv23RUxcpTrQt4kcOz7Sv6YJl.jpg
11333,Super Fuzz,/8kSgFV7nvzLVJhmVkq8n4k2VoC0.jpg
495193,Benji,/79pacM3h5FoETnfuRC6O2qPfzn4.jpg
360605,Invisible Sister,/seWQvVIzb5xBjHW0Y1h4jvokxZN.jpg
8942,Wendy and Lucy,/cSe2AuFL6hL7EYd3jFAdsPtoaqS.jpg
346709,Line of Duty,/wMszdTo0UuGcAEEDHsQL9dmwLIG.jpg
642208,Supernova,/xpLi04zHu36TH8nuvFAwAF3LUkq.jpg
9300,Orlando,/nTJNWBDhqucCYA3I0eeSyaZoag8.jpg
18197,Running on Empty,/47qkFT7CruXUmCVCUg1iKxIoX2h.jpg
11598,The Kentucky Fried Movie,/qk0iXBQgP6b4xfS2bIUNBSENJAn.jpg
20306,Swimming with Sharks,/eMRiIJIEyMLjWjktIqjNfzs9jGX.jpg
26900,The Bandit,/44KTRoayojxpzti2okBZGKmjEGM.jpg
15742,Taxidermia,/w0i4ilJ6hzDbBsTTdGad7YR7ila.jpg
99579,"Farewell, My Queen",/iKPFwAzaTjh4fwKMyvZM8T1asDK.jpg
15859,A Moment to Remember,/s9ulpxLbkeJTTYxqLVUl6PreLGN.jpg
228,The Blue Angel,/3FStCU5ipNGmwASfHVP282IO39z.jpg
536115,Godzilla: The Planet Eater,/fOA44BITFth0u4hMSOUgpK0kM6t.jpg
419499,What’s the Big Deal,/mYEjHwYKVUAMJYS6FJwcZyUaCw9.jpg
545237,The Nest,/mSTrRgXGzu2t1jVhTexIqwSHlk7.jpg
597316,My Little Pony: A New Generation,/uvbj8puRj37Pc8FS4rIfVeReYFF.jpg
199661,Josephine,/v3CZVPMl1nvBPSlz5S7fHrUwEVW.jpg
12509,Pollock,/azsBSw2zw2uNHiCjTnbe9TJVEDB.jpg
461955,Rakka,/4wVeP9BHsQul7CRgdrfiUt1Rds1.jpg
457601,Everything You Want,/1FOuI1i7jWb4MNfPgIERrsUGYrM.jpg
33680,Grand Hotel,/2j7dxqIlGHdTaaUW9s4Z5zfp9qS.jpg
506281,The World to Come,/j64CnpmbaKB90Cpprk5hM9kHyJI.jpg
73108,Teen Spirit,/8mmxoEBzTMX4ziYgveeEx35ltNY.jpg
84200,"For a Good Time, Call...",/9eIlVo8lvk9fmfP05JGFKlPha80.jpg
174316,A Case of You,/xcwJEDjoglNg2pPbtiD0AR9SHtv.jpg
24869,Ink,/9vYyX7c8gZtxuqd6SiRukRb4gRd.jpg
25137,Beyond a Reasonable Doubt,/uZvWmX3fhjnlIbiou5ziR6aVN7b.jpg
38262,Department Store,/88oliB90XlJ2IjKWjQ9W4RokSYd.jpg
146381,Justin and the Knights of Valour,/z6GrOTKOazrLnHQWVrN1pA082qi.jpg
10640,Futureworld,/r0P4m8a2kNFoPBB5q38E9aWgIm6.jpg
9546,Ricochet,/5isHYEcUY0nE90uMhkGrs1nnal.jpg
10770,The Sheriff and the Satellite Kid,/hQKM2cefRD80N21NMFeztk3PnAk.jpg
160070,Apartment 1303 3D,/zTANZaCUwG6prdRygximOdWKV6U.jpg
4034,That Man from Rio,/rYagiP1TfTpHITL5tXTFiqfsyQl.jpg
24679,Bird,/rTCp6M98RQAxRl0x0guU9GlH7HS.jpg
81446,The Baytown Outlaws,/oevsox25ZnoUBms45KARDs8epmg.jpg
10361,Ginger Snaps 2: Unleashed,/nTtyzQ1qFDJXLWvXX4wvOu0nYun.jpg
19173,Diary of a Nymphomaniac,/yVYTeiFv7oQsSQF9OBRngg7ZqLg.jpg
9812,Thursday,/pbfBCMSzmKlAHZUDwsrtmG7GZP3.jpg
255456,Sotto una buona stella,/4JXtUrAKrfdiZa8dSZwuKWzTadS.jpg
654754,Billie Eilish: The World's a Little Blurry,/bDQ95W5LPHW9FHlPj3QX3jvM9Z7.jpg
703745,Deep Blue Sea 3,/bKthjUmxjHjvJK8FktFfQdmwP12.jpg
14863,Anaconda 3: Offspring,/ce2z5H6gS6mc54kpnFj9G0xjH4G.jpg
36691,Solitary Man,/5Dpm8QDoL3w3ZOwVl6rgvjRWxrj.jpg
9534,The Ferpect Crime,/1wOWudCNA550cLNk3JFoqhxLOGB.jpg
413052,Hacker,/gpYwKrP6s749b5Nzgm2174jKrpf.jpg
17965,The Abominable Dr. Phibes,/pvwUNuxBAtUKvxW3oEt2tjbZs8N.jpg
876792,That Time I Got Reincarnated as a Slime the Movie: Scarlet Bond,/xITip9n9uMAUA0TU6niMXU2tbh0.jpg
16161,Baby Boy,/d9b5sDAY2q2u2fWFYZPmt0Cl2p7.jpg
4226,Shriek If You Know What I Did Last Friday the Thirteenth,/m0jr23r30h8DUrX3kIu7rO3NIQp.jpg
11537,Snake in the Eagle's Shadow,/oCt4990zVSNILSU0Q6DStmdbpIA.jpg
27569,Extraordinary Measures,/3KoxLZ2yeGSIHgQdE0PUU8Z6J7w.jpg
536176,Brexit: The Uncivil War,/fKfYKQQMNARXOgyf5ieVeGWlNQU.jpg
33518,Alligator,/bWANAIIeNPzwEmrYUvZFECTbBX6.jpg
209185,The Grand Seduction,/sVXFM0Lt4eVP6bX3UNCnF62WTK2.jpg
6936,Ben X,/azxAJ9DlfhpvlKd6jSP3cLqOM99.jpg
8194,A Guide to Recognizing Your Saints,/bGmqGYglMDNN15uGPpeTMWNml1s.jpg
28145,"They Shoot Horses, Don't They?",/gzzJDBx66nTk60jhME5OwRAefQ0.jpg
12554,Citizen X,/mr3lIjSRhXGVP2o9HY3P9PX2KsH.jpg
9085,Harlem Nights,/PLr00Pv1DpQ3vMssBkjgAPS1Fy.jpg
2767,The Lovers on the Bridge,/un81oln6mAv66sqnkgPSpWONUqP.jpg
1978,Stage Fright,/l43OTqhib8do1WwXig8JI8Y68Fd.jpg
70584,Hellraiser: Revelations,/m1uUFFpoEagIsyR7kUhxM5zrjqC.jpg
44268,Superfantozzi,/rS6SZB9cIlVT6mxSGH9ZyEuLhhP.jpg
319340,I Kissed a Girl,/s0L9olKKjcUOiU4JOuq8fJuXTNH.jpg
14275,Hoop Dreams,/gLzHl2XBtVwycl8DxdOXRHPm8G3.jpg
515333,Amateur,/nWUvlNxKSMdegAoY5eMOqPwMKIb.jpg
19120,Juliet of the Spirits,/p27vgTv3KD1S5tZT7iHm9DzFB8I.jpg
80304,Casa De Mi Padre,/71pKGrwzk99CpIy2ncpgKHn5248.jpg
360030,Lo and Behold: Reveries of the Connected World,/pGyoC29ZsepNvuqnV3iLBBYku6G.jpg
14621,Lean On Me,/jU7wPjF0UP2MaA0ZXiCAJhyshJH.jpg
16061,Tokyo Gore Police,/smQV5DgyUVho8d1R67XnU1BkJAV.jpg
252680,Moms' Night Out,/gP97yU8YrVZY2yLxTwsicS8KuSe.jpg
582206,The Best Is Yet to Come,/A3aI1wH2lIeKZ5ML4AO0IevACv0.jpg
370665,Dilwale,/pYgPu6hhOr61knwbestTx4vSdMb.jpg
359364,Human,/vdZgH8cr73DJTLwvyzFpmm9l3xV.jpg
33624,Double zéro,/vCPKGHTiuxg3y7JsWfN0ScoWAQ4.jpg
659067,Earth and Blood,/23S0NEXXOMhhXhF566Pw5sx7hnZ.jpg
20694,Rugrats Go Wild,/9MXNNYArZ5q5gUaHPuRgqZpVOIL.jpg
1956,Gerry,/jzuPVECdfWuHoBIqQEFajbSwwpa.jpg
823461,Good on Paper,/hkU2FQNWUEQFgLrDGrpZQ7Y17zx.jpg
215379,Young Ones,/6Vbhvo9d4Bv65rEzqFJR7TUD2ve.jpg
42661,The Vikings,/19iHfAoEyB3Ug3HCmaymLQkW67t.jpg
235260,Son of God,/7xWa1p2qMn4rxGIvRDDebJrXMiI.jpg
169607,Finding Vivian Maier,/yaj9mpHNpns5j4ODP4352PgDWJM.jpg
1888,The Fortune Cookie,/tGZc0sRoXgGzRDhHaCRmqxNSKVZ.jpg
209355,The French Minister,/7uXxAaZudlNEg1Lwu7GDEWbK3dV.jpg
33583,The Decameron,/iL5mmuIL6fqFSWJeHE417WWrocz.jpg
208763,Forbidden Empire,/q0o9JQDp6PHY4zK0Aw1NHpyQyeo.jpg
289153,"Sex, Love & Therapy",/AcYKnGq1TxNhoAVdr2ME9CzWyNp.jpg
39144,Dragon Ball: Curse of the Blood Rubies,/dZCWRFJnwyxYOhzAhf7Xyru4moB.jpg
746957,You've Got This,/wpY2ZhxqsHYXjaaFUHzQ0nmIjYs.jpg
253687,Smart Ass,/b8DvyG3ueUcxEkyIB2i2vnnBiHu.jpg
88284,Barbara,/lEPjw1DIJF83U9owddeyjex30Wk.jpg
9104,Buffalo Soldiers,/qNl4T8xxC0xDeX8JFJVCBzH4Kg8.jpg
11310,City Slickers II: The Legend of Curly's Gold,/gh0lsyJARglhpbKmnY8i8M7V5bI.jpg
475220,In Fabric,/puGJX5Ko9KUMWM5cGqPZ5nyxa8c.jpg
50848,The Names of Love,/qnUyni6Cc5bQbgyvvof6yNwoIUd.jpg
412546,Antrum,/20de4Rcmy4B0L5zyOc3Nc5F7c0D.jpg
567410,System Crasher,/YqbeGd7ojtxRukKhvoq6Bgf4t8.jpg
48186,The Boy Who Cried Werewolf,/i7lny9FF2ylyPDwdF70ImmSbOv3.jpg
602518,Il signor Diavolo,/nRmPaVH1wuKWk2A66xYORVr3Y7.jpg
10075,Blood and Chocolate,/5fjyqkMly7L00CsWqoKtFtdeKyW.jpg
33282,Natale a Beverly Hills,/1XkhgSNga06JO5JFcbkn2KT9mRg.jpg
10443,Fearless,/yiCAa85nJJDFiq0LmZ2Fgvu4RgY.jpg
5000,Forbidden Games,/nby91GNVXQAv1NmKvqlpEEdhcMQ.jpg
560192,Grand Isle,/8mcXb3km7hZ8aJKpxxgnvvxt9gW.jpg
34560,Halloweentown High,/dJsmptwkTWbxk1NwLAKeoYtcTuJ.jpg
73936,Retreat,/ttQYNoyqsntARma6EdIDWMSTBGR.jpg
9526,A Prairie Home Companion,/asMi90blB9dYIpeW1qEVDfiNEa.jpg
9310,American Dreamz,/8d4kXc6jGF078Nsw3qhvnwe5n58.jpg
649394,Worth,/xMFKTgRRCxfZGmFQVxBsQYAQufo.jpg
13127,SPL: Kill Zone,/9Zv5ekjWAKbFhz0VlzQVVcXTWCq.jpg
19703,A Wednesday!,/gVUSxtJM3arL5VIUIRNYde20EF0.jpg
43316,All That Heaven Allows,/wlSmIk6iQ8yQhBG795UOOBUs4gF.jpg
35138,Little Big Soldier,/uCSQnopQPIw58RKTfzoRYxq9It5.jpg
37916,Swept Away,/8bkEUeQWVFBk3HE4qhluDarTMDj.jpg
334527,Criminal Activities,/tMygAfhHPUtvAADosZDH9XMQxuN.jpg
561362,Rust Creek,/lrsPIRkKZWTKbd3C0sSj7a3lMES.jpg
489412,It's Such a Beautiful Day,/g32I6v8Td9Z19mnNPV022Mw7Vtc.jpg
34067,Pokémon: Lucario and the Mystery of Mew,/612lsEOZvsn3ELh07OGGGKCeEVj.jpg
413857,Tragedy Girls,/3UgRc3vpOiW9HOAD7oBa16xQ21E.jpg
12496,The Twilight Samurai,/bB2M8UF8wc9flfGWkcgkTTf8Mzr.jpg
5126,Martian Child,/jO1NIBhz3YApOCGW1nTyNldVb1y.jpg
520765,Go!,/tOLC9552jBvymwsgHc3ri2SyuyD.jpg
32761,The Seventh Continent,/hPwtcwwmOnW7Mqr1s170LHxa74A.jpg
56832,Gantz,/g3PZqiBBFPLZkT44hUMKA1WK1aM.jpg
28118,The Gruffalo,/bB1kAXPFwF63WW6SgHsqluEBVPR.jpg
86130,Pixie Hollow Games,/c962jDNYejdctu7pb8zqS2Miey9.jpg
1779,Roger & Me,/m5XzsqhbLg8eHqcSNHo6gt4QU6H.jpg
25853,Dahmer,/gZPrXBXYf2s4VztHdQpd0441jF6.jpg
12223,The Stepford Wives,/eGJMm2OUfgt8DDKeHlWQWDcaCl7.jpg
16761,A Movie of Eggs,/sWl9Qhv8PZyq6gviDeT88kBU3tI.jpg
3482,The Train,/bzgPLB7efMohled42PIn6CcOTnO.jpg
244403,Rudderless,/4ONoY4ElKF1lrRDBgkFDROXQPpS.jpg
9809,Let's Go to Prison,/qjol2ENVwkR6UTIrOtf2gkol3AE.jpg
624963,A Babysitter's Guide to Monster Hunting,/bkld8Me0WiLWipLORRNfF1yIPHu.jpg
7515,London,/gCxDOdb9LnL1i3d53vV6DjaembV.jpg
226140,See No Evil 2,/jGLfL5zg5mt3GXtJtEsk7kqTP93.jpg
589982,Spread Your Wings,/y6GqD6MabPjvPrJeTmRmgd896Py.jpg
17680,The Girlfriend Experience,/rDxSasCAEdXpaeEo3GsBt8i9wkr.jpg
15671,Picture This,/f0Mc2OzARakkTmnm8sihEQSoVaI.jpg
441393,Ash Is Purest White,/l6UkF23uWkO25x7UEMnT0H4R5GR.jpg
519253,Forgive Us Our Debts,/6b1XcIAYrxITFuLBbhxttPmwpyM.jpg
384500,Tiramisù,/E0FyP2H9ob982nFYHCEWg8XtpD.jpg
14034,What's the Worst That Could Happen?,/roVPa80bjfbToshzapT8pTfHH91.jpg
10629,Veronica Guerin,/14RnhkH9ArHZ8viDAej4TnVl4Jg.jpg
85870,My Way,/upwipxKFnuasyfcdLB4M32annwG.jpg
8429,Paisan,/r5IGAFASCXmp8m51vUbER3WwVcB.jpg
594530,Lamp Life,/mJ95RnlammhYb6ZvBbQFLq8Jqnl.jpg
740937,Simone: Woman of the Century,/yyN4d1pz2kd5TNSOKjdTU7aSn2e.jpg
47909,Poetry,/dcefUQ0AIgRvkh9DS76tvetzxc2.jpg
9849,My Favorite Martian,/pOp4xriDEFUy2uN0BfnHJcjzqWt.jpg
548544,Invisible Life,/dHmy5vHcEfeBfy72sWxAdeSBLmn.jpg
5991,The Last Laugh,/7Y6Dxr3oYt1w7ew70YNdLLDYEjk.jpg
1362,The Hobbit,/2ohvyMPhvjftLrM6S6Ljr6QrL0u.jpg
10804,King Ralph,/fRHq4KerVgNRLaDwwuYpCAHIQJX.jpg
257440,Term Life,/9oAVYDh7RHW3wzQWbGsRB7RFE6J.jpg
355111,Barbie in Rock 'N Royals,/aCKWWQpEijagMEfIOz0vW0aTDmv.jpg
1162,The Miracle Worker,/3dI6UVM5W1sz3MU9gNK5nVDcAyQ.jpg
54113,The Swan Princess: Escape from Castle Mountain,/baMeQSxukVdPVQUSGhtKe6fA4aR.jpg
871964,Nobody Sleeps in the Woods Tonight 2,/6QvepemlDGIiiYsVs0Y1ieFuG7N.jpg
15804,A Brighter Summer Day,/3l8fOAwiN3N5n3hHnZ51eog7Zu2.jpg
22172,Street Trash,/hSTIN9v4Xh0dKQEtKnYq0j8cGHu.jpg
408266,Birth of the Dragon,/a7HY9butbuO8XwB3uBxQ98MBxd4.jpg
585759,The Coldest Game,/7YRO2Jamqb6ck5vJqrwWgMFWuPW.jpg
1483,Begotten,/qYJh4HESlOyZll77erHcVAKqrbt.jpg
16229,Prozac Nation,/4QB1h6mxlmQVM8BtYMybTwL2foc.jpg
10364,Catch-22,/eSB3i3vvFiRTszmZVawWqROzM6p.jpg
14365,Killing Me Softly,/pgfFJw7mqAmJdZizrJ6oOK0ejOZ.jpg
333667,Rock Dog,/7RXi2afiNJGU8EB79SD8HYoSz4O.jpg
452970,Mazinger Z: Infinity,/muN1Gf5SnGz8Il2ViqsIX4pkfxA.jpg
185460,Willow Creek,/8pP4tEeM7R6G4MSyxhFblwCja1P.jpg
660833,Multiverse,/jMhWb00KXwnYbneENxImQslRzUs.jpg
2014,The Edge of Heaven,/oyJTRfxvbjz223626iMuDlZo4b8.jpg
461615,MFKZ,/oSMIKsznGYzGfdl611kgEJF889.jpg
46138,Made in Dagenham,/vzLlaNmzzhYFLAOn6ELiCUKubl9.jpg
21506,Noroi: The Curse,/yjXTmyLaOqljI5pFNbrEZ213dSW.jpg
25319,The Masque of the Red Death,/x52MGrgytAwkePmGcwrC932hDCF.jpg
37910,Voices of a Distant Star,/mvRqW2z4iBws3CDkCNmojksyr4V.jpg
9065,Europa,/pyFtuYQReoSmhNs55kRJedA5wEJ.jpg
13564,Return to House on Haunted Hill,/ipBiyifbFqY0ZduO3R9OPBjc2pH.jpg
7294,The Man Without a Past,/9tBepCujkyNg1qM52MsaJfDkIRw.jpg
362637,Opposites Attract,/7oMIl4u1lZ4upHIJssKb7HTj9Yp.jpg
14310,Infernal Affairs III,/6Uo3UK5qgusrOtamSWBQNavQ99Q.jpg
13006,Split Second,/5apfUgprFLY6jseOkD1DtDVOe0T.jpg
41171,Noel,/pPYlVwLF8mRFxCiXFxHeFN0d4ON.jpg
78215,Into the White,/glnBVGMFpwFfdtKbqZRBUrouJmU.jpg
567690,Dear Evan Hansen,/hKjBQhsnCMt86kPKpPwV4meeFPo.jpg
58129,The Phantom Carriage,/vmhMEj2d8JnKS5jzqJf4kYypKWN.jpg
437375,Looking Glass,/6zSzaUmoUCwII2pGTqX1jaX8F0p.jpg
960875,The Chalk Line,/ifxAT8LVbSCxAi290VplTwbEQNh.jpg
714375,Fatal Affair,/f4EAJ6PXNbxBb2xrdTrT2SlJlCH.jpg
19413,"Ugly, Dirty and Bad",/fnq2BD4VKESBTT0kNf8JTPk1Myo.jpg
493099,RBG,/vIenhDe9DuvxODJOIpMjBheYlcS.jpg
463088,The Game Changers,/eufF3xEif5EZ1gTjdubw3KWh9xU.jpg
25431,Adam's Rib,/k9gT6d2sDT9Jd4dvzHowTt3l6Zg.jpg
10278,Return to Paradise,/pyG7kAIF7KLddn7G1jOXOgvM2rG.jpg
336445,Army of One,/9XKBJovNQyNRQo382uQ7woFVJ5G.jpg
14623,Thunderbirds,/5PodVCY585XsAiAZYGalL9kNOtB.jpg
140212,Confession of Murder,/aA2WdIhq7e3grXFg6FZemRvbAIM.jpg
446131,Madame,/o4FuZqB6cQVMpulY5BcqyoCCm7d.jpg
136911,The Factory,/qFyWoSJNOZlTRhGEYsd6hv1gGRO.jpg
5729,L'Âge d'or,/q3OH9Yk3hOE5uYEK55ASjEtsPfE.jpg
1717,All the King's Men,/j7vfi9M0GwOvn5bywzheF7oQ7w.jpg
14295,You Can Count on Me,/7mGFmij1FZD5eUnNwvUjmpqrDl6.jpg
59387,The Powerpuff Girls Movie,/qWiiB9RFKQSF4tpG2NWnZ0gjB9Q.jpg
20069,The Manual of Love 2,/2mDPqJ8HQNs9oyziI88EelJCzoO.jpg
45752,Scooby-Doo! Camp Scare,/zurVOCpOLwLTBknYlgcXHWE0xvu.jpg
433150,The Invisible Boy: Second Generation,/oi6CgVTaDQAuCRbQqXjevlpa8kk.jpg
10128,Alien Nation,/2wEyQkFXX6ReyW44YQa1kLQYkCg.jpg
15767,Godzilla: Final Wars,/21lWA4YyYppVnwAPOiBkGrt2FGr.jpg
3080,Top Hat,/qoPBiN6PBs2NsP7BNOJGCnmwruG.jpg
282848,Doctor Who: The Time of the Doctor,/7blrzLLfj34vV45HYmPccvhNSRZ.jpg
481157,In Her Hands,/wnNCB5tmQAb21gD7khJY8r8Y2IY.jpg
12598,Jo,/oO916dKqqKIWcQjUnbWjEcLF47Y.jpg
362057,Martyrs,/pkBWgdlFClVrr39iLpUTdzqvgz8.jpg
532814,The Bad Seed,/1m10QitDjpbZgFP1syXgVOv2pH7.jpg
520946,100% Wolf,/2VrvxK4yxNCU6KVgo5TADJeBEQu.jpg
283726,The New Girlfriend,/b4mtntqoAiaf3xm6fElAEcTHo47.jpg
82825,Kahaani,/shsN1B7IPAQG1NLF6WVVi3X89lM.jpg
564427,Minha Vida em Marte,/5jFmp5RmaBAY0LoEYZb4KDp0GZc.jpg
624932,Dave Chappelle: Sticks & Stones,/hsyPTPoFDhUw5aGcj7dxAx3i1Qp.jpg
669,Nanook of the North,/9WAboi1QbKu41WkyGxQVNpXwwxx.jpg
580532,Crisis,/15e2VcMTtk3pqgGlHWxisvygFAw.jpg
593660,My Brother Chases Dinosaurs,/jWdaKaodaBxYEIv31xJ5J7pf8rn.jpg
580630,Girl on the Third Floor,/qeEptluyFULHQLRFnVPKgp8ecLb.jpg
447665,Kickboxer: Retaliation,/oMWP4cAoy8WBauuKZAVTIfuY3Fw.jpg
429199,The Other Side of Hope,/o7Vv7QOQEuHZNadsxEja07X86gM.jpg
514619,Nobody's Fool,/2VTHRTwLlnFDlNUxc8MEeFwCQTm.jpg
13924,The Adventures of André and Wally B.,/vynPRSjD78EWQpWbvEimlU55Ke.jpg
18176,Assassination of a High School President,/pFhPBogzWlpEbqUXTpUv6sJOeFu.jpg
683340,Vengeance,/n1SlTeEv3dNJB3gF9AHAVElQ6LO.jpg
14035,Meatballs,/9YA2erSNcca9NWd0xePC9ArFWnx.jpg
334394,Baskin,/oNiinNDzPUH0I3K4puCwrJa7Hn1.jpg
411626,Gangsterdam,/ew4ThBsYb5xHIDIVXKRKgH10uln.jpg
409421,BLAME!,/oSAlpVXRXcj6Fj6c9guA7PzOkTV.jpg
330081,Attack on Titan: Wings of Freedom,/7PzZ3amc7hNJi0CiMcwC4BhoWKL.jpg
20875,Operation Y and Other Shurik's Adventures,/di0OpDXkIj53Fv2wy6f5As8AbNA.jpg
24748,Hud,/A168bF52vmAIGkC2Qafj7M2EmaE.jpg
10612,The Englishman Who Went Up a Hill But Came Down a Mountain,/dnatrgiXFf6BLfb2IKHVmg9tCi7.jpg
375327,Submergence,/sPwANB5cMjJLfRru45sc7Mnkjrq.jpg
325346,The Hollars,/9ybRAn6AoSuyMjfqbhgosdye2R5.jpg
11858,Renaissance Man,/iPRtaSfN8gNWFclgrcg5oD3V41i.jpg
221667,Saint Laurent,/xDXKPeCyKuWJIKfFSAYsppKWsgW.jpg
10799,Empire of the Wolves,/AkX5I7NF3OcFvxwWm2VzsRgZ1yb.jpg
290555,Wolves,/zY6ObzQfCp6RO4ONqP4snfVVSdH.jpg
13396,The Snowman,/b3CMolkeXrPaVvd5vTsssMKfZZo.jpg
597094,First Love,/vUt2cKOVPUwXJr07TiCqJuTysfD.jpg
9005,The Ice Harvest,/8N2X2u6nPoPEwRLIZbKacJw1xrC.jpg
76696,Sidewalls,/rpGopOQg2QGZI85QgFwOpKZnND1.jpg
31439,To Live,/jw21RZTfliZIjTWx3Z2i5Zb6jH6.jpg
14219,Skinwalkers,/3wHzoF0C6taZ9gLz6NRnHdfpzTn.jpg
501395,True History of the Kelly Gang,/eVyESHnWiTY1el8DEWbYMVW3K5k.jpg
538207,We Die Young,/dB0Dl2nDRmvplaJLeHSfkppJXHs.jpg
694919,Money Plane,/6CoRTJTmijhBLJTUNoVSUNxZMEI.jpg
1098110,Blood & Gold,/xayG1dbIjJkmvimekx6TNrMOXmA.jpg
531593,Reprisal,/qBsQUK5QSeZjRPLFUVgSGHxj2PI.jpg
48946,Chatroom,/71wg5xa3ASAdM3PCLNrDlqD9sTl.jpg
377587,Meet the Blacks,/4pemUf5lKEzgxGebxxMVKL5NHSW.jpg
44754,Margaret,/zqBao8uRH6TQAJd13tqC22vPB76.jpg
110354,Side by Side,/qeeQ7rfTAXNYh4EqqdolFLkNwKM.jpg
58007,Poverty and Nobility,/yOwn3agwatgzHtEGJ8Dda9hANGj.jpg
206821,The Longest Week,/nXWsjQefKVsJdQQsu5NZT1Zk1rv.jpg
431185,He's Out There,/pi9Zo4uIATSe8cQ96cCOWJ1qdGw.jpg
14324,Virgin Territory,/bPdE1CbdP8Bf1NMg9PF4QkPR9oZ.jpg
10908,Inferno,/dFlI0Vb4JOsRXG1JSS2Ufs6Sp8k.jpg
401698,Hidden Kisses,/rDsTnB3GH1vyD3nTUDGiROuOrfH.jpg
626872,Emergency Declaration,/h7kaQG5MbraSLibOuTpo0gtMxRz.jpg
445583,It's All About Karma,/3PQ3CXBQce5OPBD3cPRis58XxqA.jpg
520777,Behind the Curve,/mOJrtSMmUpfFytvxlUEA8hej2At.jpg
795607,Green Snake,/1zs5zsQDP5KuWwxIg9EUULLFEV.jpg
11489,Rosetta,/zdWX3mNm9rzEU9f363y0NPehFrS.jpg
12528,Southern Comfort,/3tE2tnk3iSXftJkRN5fkwqcRAiV.jpg
379873,L'abbiamo fatta grossa,/addAIA6JTAGxPH6EEHQPMumI4R6.jpg
9968,The Big White,/cdBbDH4eqN9CvRmkjkUQxszPArF.jpg
11037,Iron Eagle,/8NJrLRX1RdKUNU4mhRQ8nLr6bMX.jpg
11607,DeepStar Six,/lggoI5H7Dgmdz0Arfi07eOGxXVu.jpg
12517,Calvaire,/opcj7nv96MwCjC25VJMgAxrYDOk.jpg
10397,Angela's Ashes,/3Zzcys11nAPP14sKW9l97fIHhkK.jpg
11593,Nobody's Fool,/xyAXFy6mOfgZcVWbceCeuTYadeq.jpg
10938,Beautiful Thing,/34fPI0phWQ189lc5O7aNf12jWPm.jpg
554133,The Legend of the Christmas Witch,/9IHvprxYZ0ZVDfQbyMd5OHtGA6s.jpg
9393,Before the Fall,/dhTTscZkiQefuq6OeYp9rnvhCBW.jpg
11148,XXY,/zrR2w32pwI6T7HPGJoimmLOlDXF.jpg
12171,The Deaths of Ian Stone,/bRmfZY37iw7ygf6tFmyC5SWtW0d.jpg
41669,Fantozzi 2000 - The Cloning,/4L3RIGmtmucY2cYRHu2ThsIlIiv.jpg
19543,Anacondas: Trail of Blood,/rCp9VYqvBphiETtC86fGZFSXc63.jpg
438145,Black '47,/6L8tyaM4IEZP3TtZBkIeDKrAz1Q.jpg
258152,Party Central,/whqMDEZq4TYv0zU0UV0iw4i2qi8.jpg
3111,A Star Is Born,/zpg2SzpYhZk1D1seDfIIlwaqAxT.jpg
452015,Psychokinesis,/tyTAYYWHyfDcAXYmNa0ifm1JrD.jpg
77496,Matrimonio alle Bahamas,/947K0bAMHKKh7anZpygSaS9Ha5p.jpg
38939,Tales from the Crypt,/gVY5oWR9id9ugnCAurChhssEsCP.jpg
13105,Mr. Mom,/x5X1X20BsyQgMHymQtLkfCfqMSU.jpg
407447,The Extraordinary Journey of the Fakir,/40ZAC1HMDL8knY9r7uJ7uwj5udy.jpg
10411,The Distinguished Gentleman,/ny722xPMhsY6JlRmQQjLZs7JP0S.jpg
10348,Thunderbolt,/81D5xBlnTAdJs19dbkfw8eK0oWA.jpg
26719,House of Games,/4i27Ut4cIoLbcNpW7aeuUQErEPE.jpg
15163,Amazing Grace,/zr48JEuwxcYM03NcdJU6qWMHPtq.jpg
26715,Bitch Slap,/uwpDERT9drTPhvoV8cWzuV6xhdt.jpg
930921,Strangeness,/gtIhBUq4lnJrZyjuAkshXxW6Txi.jpg
946,Letter from an Unknown Woman,/gRGRW7DKyK8qBtKJTWguULMGbHG.jpg
492999,Attack on Titan: The Roar of Awakening,/tLkdCvfmTOvxirrpSaaOBJD7qsU.jpg
390669,One Kiss,/6zSWvPyAUkGyzbrJ9yqx3HBs13c.jpg
511817,Wendell & Wild,/s7XxXJ7ponaLAkxiySRxox2Ssc4.jpg
43646,The Comics,/7bd4nNtxNMlsJc2ysEJMJ01HY36.jpg
20156,Exotica,/pWcJdcIHjL3P6NaEJKeV6ONfAMV.jpg
823855,I Am All Girls,/voQLcqp0ehF3md93hMpELCRxTDv.jpg
14098,100 Feet,/ryocnetNNLWs0Oefkqkea6HccqV.jpg
514266,Io sono Tempesta,/qlYY3pk7JJ3iDkXzyCU4OvgFhCV.jpg
7916,Far Cry,/neo9UJbh6mMxpxPggY905BDAZzT.jpg
12579,The Woman Next Door,/nxBf3Y7Q9XVuKvUl0df8MW2IsQ7.jpg
811634,The Monkey King: Reborn,/67YXOoKGODyGvJXfXzVmgHNXYh8.jpg
112160,Sexual Chronicles of a French Family,/qNc91oPy8ffEXOqLVwpegITC7Yd.jpg
11085,Mutiny on the Bounty,/caxk06SANEacvycZFiApv1LA6Kl.jpg
560204,Arkansas,/ieNGttYsxunAANK9LRZa4LdkEqi.jpg
94901,About Cherry,/gl6Q7GwDnwHDNd1emmQBoyUKiwB.jpg
10655,Gettysburg,/566AVv5fwoQTdFy37JXc8QcyDSy.jpg
18885,3 Ninjas Kick Back,/kXuh3c0DyvqSGo0DBatoemBwEtz.jpg
9585,Not Without My Daughter,/9EwpERBZ6urOSUokGqiLq8hYRxC.jpg
244268,Love Is Strange,/snuFND1d6eB5iJtXHEdMxve5XTw.jpg
760099,Living,/ftUdaxguhUoPAtwTkSLNglAaqfd.jpg
89636,Dragon Ball Z: Plan to Eradicate the Super Saiyans,/vkZJ7MIa9XG6N6kaCCWGom5fKQv.jpg
17467,Riki-Oh: The Story of Ricky,/uPkIU5EptkWth21qAlthpiyVsoY.jpg
80591,W.E.,/natLuO7NcStRln1vFWLqIYUKGwX.jpg
654905,The Beast,/4zbKISdp5UBgWY2a28dfJY8ouIK.jpg
84165,2 Days in New York,/kkP3yg0Y1v0PdxgDtMDJ9obZizt.jpg
514575,A Twelve-Year Night,/k1SEABHjk34flsBQigm9ygMuUM4.jpg
12716,My Father's Glory,/4zwgcaKqIJ5GB6kCPpyMLZuNyoi.jpg
8198,The Quiet American,/eaSU6IiBWq8mS1KZqHhRhhJ1NeN.jpg
453191,The Big Bad Fox and Other Tales,/3Nib5a3p2O7yPFSTTNwChp0cnsh.jpg
101519,A Fantastic Fear of Everything,/sMZyKSo8b47VW1h2zjjGUZIefV1.jpg
541524,Passing,/jXp6ERnrFdG04Gli3d34GtANsuw.jpg
101267,Katy Perry: Part of Me,/yPW5Lmptt7z8rCYtVYjkpyjI3SY.jpg
22292,The Ghost and Mrs. Muir,/idoD3cwfwj86BPvVoWVgWhnT2xq.jpg
16121,The Big Red One,/h0VcqQ3z1RroKk7WtiW0E6DDho2.jpg
874299,South Park: Post COVID,/abDxPtElhJnLnnJxgMqJ1N2H8yl.jpg
124157,The Thieves,/eYJihoMqME80tp9uJIpIlRF9RI0.jpg
1627,The Wild Child,/ivIyyc2VgefJK9LdAogl1BEgmeH.jpg
11443,Dead Presidents,/wRLepMZoUCwjLFb1WSbuUT6uVWR.jpg
575088,Baba Yaga: Terror of the Dark Forest,/8m5HTXzwewlfXhtZtLlLts53YTW.jpg
463906,The Saint,/n8tsrPLem70exhXHfSausV7FlPx.jpg
23439,House of Usher,/jEzZOrGSWpl0jKOIXoY3OnEabLQ.jpg
51482,Death Note Relight 1: Visions of a God,/bB22CJM8arCCRvjFedmH5qtsbHb.jpg
449415,Classe Z,/ksfBMwIQVq7fxrOAHYTYWPeKFyc.jpg
553141,The Head Hunter,/ol0DSLOIN8Rq1BcWDTsk6NNwas6.jpg
10050,Get Over It,/saVWvLE0haJTrH1c1YS68VTDKyC.jpg
397415,Vengeance: A Love Story,/kPUFcGPI9FChybFHIJJBZZLiIlg.jpg
438259,Journey's End,/5gGkt84bCPt7XRo35FcsrOeer78.jpg
14012,Flicka,/nhJlXSmiHnlVxea5J5l3wfuATwY.jpg
369780,"Josephine, Pregnant & Fabulous",/b4YYy5OfYOEgo9JQPEb1RkSdNrx.jpg
157829,The Disappearance of Eleanor Rigby: Them,/rFBfW5RJbjgOYufLvu2DP4A71JW.jpg
9066,The Brady Bunch Movie,/1ThgYlBzcPy1Svy3DFOq53YBDtz.jpg
484638,15 Minutes of War,/mHXzqCiAmgVhhJscGJIQH94vac0.jpg
363757,Loving Only You,/9vB90zBKopkkqLDCt9mB4Q7HHnz.jpg
614587,Lupin III: The First,/dnTuIOzW5TOgTIfFz9oGUgC1vO2.jpg
423453,Sahara,/9p8SQYNazWavpMzhN0OIuZm0HgI.jpg
85056,Vacanze di Natale a Cortina,/bkDVaEbFzrvjM1ZxiM1u0euyTWd.jpg
492565,The Kid,/8zWFMU70cFbKZ45QWQnsfxV1RPz.jpg
10970,Silent Movie,/AeaoOSqEU3elkpDAlKbIWcdKLJ8.jpg
13824,Superstar,/vfBUCPe6wgt3SwNP7dKlqh8xeyO.jpg
451499,School of Life,/rBjy3aR5EvKVvbuwfiZyK3w7vvJ.jpg
509853,The Fanatic,/nojx83s8JWyYpI9oeKdQXniWMu6.jpg
53486,The Family Friend,/4GErGIgZuhRbwMH9fYSQcZTeShT.jpg
740460,The Wannabes,/7MdTly7XxHhSgnlHuJcqzrj7Uso.jpg
24163,As Tears Go By,/2ePFbsguw4d9UZ3hA61vCUQOBhh.jpg
17494,Unlawful Entry,/sKUk1ca6gHaIopi8VqE8GoxJq6J.jpg
468362,The Angel,/d5vBixJD1coOvHvr8N2pbyffxFU.jpg
419472,The Polka King,/wJXC652ZGCnpDSn94kcucdplKYC.jpg
10473,DragonHeart: A New Beginning,/yTRf0eiLAFCSRfiboiUFUloRc3l.jpg
11334,"S.P.Q.R.: 2,000 and a Half Years Ago",/tzRo3DbGDtCMEmi5ZOzlCSZThoL.jpg
363869,Belli di papà,/ilX68Cl2Jtxb1cT3cQpHUdyf5Os.jpg
2149,Body of Evidence,/rGDfwZHRMpY5R0ZkmaiHHvpYQKB.jpg
676701,"Tad, the Lost Explorer and the Emerald Tablet",/jvIVl8zdNSOAJImw1elQEzxStMN.jpg
113148,Prince Avalanche,/nQpSyYxDCtBZ1v4Kc8GFEiEcfpe.jpg
5227,Hercules in New York,/2Rad0CXcWSyjp6vidmz08QriYNZ.jpg
24548,Just One of the Guys,/7ffvsRv8ueYYK0H3zocmNRPd8yN.jpg
680531,The Mad Women's Ball,/A8KeSPmFDxqHKwNzyiuwUvPIrw0.jpg
532321,Re:ZERO -Starting Life in Another World- Memory Snow,/y7XwmyE5ue9hjk65fEWpO2hGU2B.jpg
655187,Coven,/lyB3yoQbGO3LiCVuSOD2g17Hr6p.jpg
23479,The Bad News Bears,/kJNXMni0ObOXLth6v9xpUhWbtrp.jpg
14695,Havoc,/r4yMNUroIjxDz8T7zOZWUobQtta.jpg
139651,Haute Cuisine,/aEXtMSaAIsHMKBKqKh1OKKnaHdy.jpg
532953,Purl,/A8to7TlVMBwMuDgi2DJ9rVJsobE.jpg
438146,Birds of Passage,/fUXD9HrnDqZKnw6p1iZnyeQYShd.jpg
19625,Munna Bhai M.B.B.S.,/nZNUTxGsSB4nLEC9Bpa2xfu81qV.jpg
429238,Coin Heist,/6xnUDsQT2PoIdmdmh8jngh5Wacj.jpg
2185,Big Trouble,/h844gBztdYMLrroUen6qbsomrGx.jpg
62592,Revenge of the Bridesmaids,/vcyDjVn6wDqdjDXuKoJn6GItlE2.jpg
14900,The Great Muppet Caper,/qn6YXcrP8RuJChJr7sP8Ajp7jee.jpg
492616,Luce,/uxig1ZvVddzXVRYNOAQ6hKtea80.jpg
17952,In The Mix,/xtsT8pOGo5VZhQobpsVsPHRE0dz.jpg
680860,I Want You Back,/AtCGLuDaft5PuELnxaFJf2gxbBd.jpg
851303,Waiting for Bojangles,/x7pOnu6IfkTFkkOguXPKK81ME4g.jpg
11696,The Exchange Student,/pKT8yojNA0CpoRgVKMmZiaJ0maW.jpg
13059,The Signal,/qRs8osQJZLItwQER2bzuuK9A0sp.jpg
67748,Snowtown,/3Vg3FleDGEX72uipj7fwG3fJRcu.jpg
14361,Captain Ron,/otnKFXvqFH2swlrNf2sNiXpnIsR.jpg
432836,Memoir of a Murderer,/nnaBFDUCiv6BjWaVHNsIqsh4UCi.jpg
11422,Midway,/vCzGV28YFmWubUn1jh8ytagYocR.jpg
13188,Scrooge,/nRfg4wpCxOICed4o89KLy5NhLWY.jpg
12780,Iron Monkey,/gLELnixQLunQOTm9PCpNRxrhU58.jpg
9568,The Dentist,/4jKZXQy0OJW3B0tt8AdQ8epI9sU.jpg
990691,Loving Adults,/mNSqObjKszcxr55buQafQF9ARiC.jpg
2926,The Three Musketeers,/6qjW1e31k2XhcWpzGz6lgHcRt5W.jpg
11510,Repossessed,/jDTP5KgWwvuKfOyJ2PJfTqVYnxJ.jpg
9756,Half Light,/awyAxbPqKuOmQmuXSB214KObsPR.jpg
11035,Roma,/rqK75R3tTz2iWU0AQ6tLz3KMOU1.jpg
367147,Buster's Mal Heart,/3FHmgpH9K8wNP1bWJM2U6lfkHHt.jpg
960258,Shark Bait,/bVUgMgVozyFScDM3quP412kXrT.jpg
411144,We Have Always Lived in the Castle,/2xg0n31TXPULoNuSeRNWPEHIcjF.jpg
379019,My Blind Date with Life,/mCzny6egV7NPV7bR6rOzYpZg41F.jpg
15247,The Ipcress File,/iCNRK7NVhBvNpiyMRmCpTBFNoLO.jpg
312791,GirlHouse,/4zR3QYWoeY2mTwVWnVxUQQptqdM.jpg
52338,Waiting for Forever,/2NQpYb0AnMD0PY9UY90u9ifAFsL.jpg
30368,Stray Dog,/riBzUgeYawBDi2q9PjARjHrQM7Z.jpg
546630,100 Things,/yTfpEmMitPaOOmzRZ3NGvLhamz6.jpg
288171,Blue Mountain State: The Rise of Thadland,/rZz8AmDvFqUY4tBcD69ou3OfiWx.jpg
35885,Amore 14,/vuZtANSpQdIgy30YKTgvOYWSegU.jpg
589984,A Very Bad Friend,/634H8xK3oPkMusUEZ6g9oePKKfT.jpg
2,Ariel,/ojDg0PGvs6R9xYFodRct2kdI6wC.jpg
797840,Dry,/uP7MMaH1pF9y9DmoqoJMPPC6FZu.jpg
890656,Fistful of Vengeance,/3cccEF9QZgV9bLWyupJO41HSrOV.jpg
13908,The Master of Disguise,/nuP4Ym7vFRj40doQZWwnrsbiCbX.jpg
352157,Marguerite,/lfIleyisIzYfvUNXTLIfJjHiJz6.jpg
547388,New Biz in the Hood,/27QHJCNRRjyZGmvvCEDRlVx3435.jpg
1713,Jungle Fever,/pw7cOdwCylBuiv6rvosBSkcgKEe.jpg
890825,14 Peaks: Nothing Is Impossible,/saGMNCD6ayFqmOb9mX2MkkMmW7w.jpg
962232,Beyond the Universe,/AlAP6WRSBuf5cP8OgpHTF45BPUp.jpg
927855,Love Tactics,/8RyASTsrKKRnQ9xSGJDuImD8cjX.jpg
285423,Jarhead 2: Field of Fire,/s3LkjkwmmhECqQyCuJLG1t009Qq.jpg
429662,Viceroy's House,/qKd2pxSsJBPxotVEtpb8qeQblVs.jpg
459670,Monica and Friends: Bonds,/1ksQfIiWmyu9x4FbNBW5aNclVqu.jpg
253279,The Trials of Cate McCall,/jk0NsJqXvJw4pfa386fEEC5RpIj.jpg
25472,Merry Madagascar,/s5nELMHR1L2agJXVIPiWxu6dWl8.jpg
242606,Keep Watching,/65UjzcdXlLcDzZQEidMN58BsFzg.jpg
32390,Royal Palace,/hBosGHhilFo9KVvIaBRxwPx9nAV.jpg
392140,Ma famille t’adore déjà !,/t57LIV16tfqo0rNaqoAx5X5IaHs.jpg
11859,Fair Game,/qcxsWOzBaF7MZNNThtRQWQ9Wrdk.jpg
881462,Still Time,/gGtzr9huoZFm0SoQmXYAAcwO4ty.jpg
613868,Cousins,/2o0pzmuQKFhuPnz4hvpfjd3BlNR.jpg
437311,Orbiter 9,/z2FaAR9Ztmu8ykwoxvVvsWwfxVI.jpg
521127,Kingdoms,/ntauOubYAPmGjTe7Kj7tSjr2iPt.jpg
39057,Pokémon: Arceus and the Jewel of Life,/u5dybbTyhgJ3Trof4QZvfN5UoOP.jpg
672208,A Hero,/5VBPRWW13OJoiLA6suLofnjLKou.jpg
14022,Slacker,/uNtzrTiQQMHwabGr0aAi8TvuII9.jpg
381518,Mindhorn,/1cg6oZo7C7iqYTZgbfOvscAFiP2.jpg
157375,The Lifeguard,/ecArdkI6uDNBZ59482pv7lDqVzY.jpg
613093,Valley of the Dead,/avokvOwhjVR9GgISsSSgb2A343G.jpg
63578,The Trip,/qCHuQI3kchgaX29WBDVGnwrkIJs.jpg
624479,Superman II: The Richard Donner Cut,/3YBiNR15YyEnqN6zlc6GUCEa1Ia.jpg
54551,Banana,/AnmIMKAQjXLjD2DI0ba4D9DpkHv.jpg
15616,Private Valentine: Blonde & Dangerous,/ExnJ2YhKdpwq7FUXNmDJQ42cBH.jpg
551238,D-Railed,/24GnXIwhkK95Kdz0KkTWeepA6El.jpg
13652,Ca$h,/4Lwmsz1qQ0fNBLf5KBBrlzsozee.jpg
842,The Assassination of Richard Nixon,/5jOOvAVvP0XtwC5yYQpQCy4cjq1.jpg
401546,The Dinner,/8rhlkQo3fqPlC9MH8wOHCu4XQjN.jpg
193613,Metallica: Through the Never,/wBdTTq4755yi4GtWS4ahKtBmIkv.jpg
12499,Fathers' Day,/834wRxQRbbctFupf8AES7CCeTSM.jpg
14675,The Awful Truth,/2VtsJoxvjpcMpwh0gweS8IMfHxO.jpg
371492,Tomorrow,/h6GBWqZXrZyXwGzY5O4mUc3rAjB.jpg
8494,Weekend at Bernie's II,/23hRj34VyPNr8MyV8rKC2hd7JB1.jpg
17339,Force 10 from Navarone,/3bFRwivCZuXx7fHWt4SpYaiHkNL.jpg
35025,Le Mac,/mqnpiF48drc55uf0BJuhH14RiOD.jpg
22383,The Professionals,/sH4Clw7QrtH23xl9o4sOpHNkRIz.jpg
283591,The Secret Scripture,/iVoZqwvGAwxvGVbYV5y04wpiBob.jpg
54441,Angel of Evil,/gy3999DHePSXUR64OSz67PrW07s.jpg
14628,Fletch Lives,/A30iCFQVKXvQzGHEE4hyVC0QtrD.jpg
11463,Battle of Britain,/panUqfhNEuLaQlACSjzRvtVWRsb.jpg
588009,Adú,/tigbVfTJ4mJccucmov2UThgOQbJ.jpg
29787,Monkey Shines,/zbxrAWN2Ss5RXK1uDvMW82xFh0n.jpg
28696,The Wild One,/ne8nuvqjczy4xPMMpYwNLuSp0ka.jpg
13757,Melody Time,/pKR4iRyDdIX1T13z1Vs5jBERXni.jpg
523931,Megalodon,/hES2eVAbVt08JJTqgu3jmI34Yxx.jpg
402693,100 Meters,/3tSFaWi4CGnwBMYD429ocKVeoIM.jpg
44718,Get Low,/evNXQIY4lXBZCZIQE9QhdBjmAGF.jpg
47653,The Immigrant,/f4xP9DvXKqpYKo0Fth5tKyZY8ej.jpg
32042,Night Moves,/o6ZYabmfGPiuyTyUEXDsZOq90mR.jpg
139455,Silent Night,/89xmDaISJ3igcAm582itRReuePq.jpg
583903,Our Friend,/vg9C5LttsKBqoLuqeQvOXaeBGiD.jpg
10697,The Taste of Others,/k9R6Omadvp57EoQ4x9nNneig1Nv.jpg
513223,Perdida,/6V5rUvf4wqqkqsJGPIleOAx7Qn2.jpg
427033,This Crazy Heart,/5URz6UQ9ZjKc0rEQsckcsMjO1jK.jpg
17365,The Parallax View,/5ClPRox438lwK2Eze7X5xySDaYC.jpg
799379,Project Wolf Hunting,/dniWicB6fa7NvpGbguxWlNPMc5f.jpg
56648,The Toy,/o4X5KTSqAvelfw49Gx5BZDUEYCm.jpg
613096,"I Love You, Stupid",/u3o9zubROS6F3JOMbRzx4Y81JWS.jpg
467824,Illang: The Wolf Brigade,/71JMWqNDRz2Au59JYosfn5W8nuS.jpg
36801,Cemetery Junction,/x5ItIOSRFzi2huaT3ceNJLK6M1w.jpg
355020,Winter on Fire: Ukraine's Fight for Freedom,/kttSZkzoR13kNtZVLmhNsl9oOti.jpg
8217,Alice,/q2m2Nwh5ROkS4zMpWdOUvNFpjc3.jpg
19064,Once Bitten,/eK3dxRrMQGpZ1kLD9wdyOI8urFZ.jpg
10988,Diabolique,/zSW4A35r7Vpz0ainYJGb2QVwCh0.jpg
504631,Mermaid Down,/m0cgUI2EhNcFS4PlUHccdnJ9HTo.jpg
14611,Ultimate Avengers 2: Rise of the Panther,/h1PKqtjuTifmTU0EqM4W0Br2pHX.jpg
10491,Enigma,/7gBFkDYBqvSzrPOWlpGTXRp97NQ.jpg
406785,Inner Workings,/vUZqG2SvTkAlMVlzARXaMNCYMuk.jpg
27274,Frankenhooker,/s8Oubzkc2pPdOdj4D23ljZSKRbg.jpg
549,Basquiat,/gFfVhN8BbgHhMb3ZNQRAH5xc7kq.jpg
8748,Eagle vs Shark,/bHGHxXX8jOLV33r8rf1wjBkIdgr.jpg
605735,10 Days Without Mum,/xEbSztKAAwIljX8A537HeZDKXUS.jpg
1029119,Minions & More 1,/wCQBzTOigP5eCyBAjQGlWYNo5DR.jpg
658751,Rising High,/6r83qslpsERzHzCroFSp6X4eUse.jpg
134350,Why Don't You Play in Hell?,/uYUkYp4HShuCZpvhfPQxLbbYb76.jpg
9685,Igby Goes Down,/uZnVVsdbR0fUkME4JFlfcchePS2.jpg
762430,Retribution,/oUmmY7QWWn7OhKlcPOnirHJpP1F.jpg
384664,Goodbye Berlin,/fMXPFsNFWgxi6NCmttI6GJq8pa8.jpg
527400,Come Away,/vwa0DgR2tHMouIDTJWje2k7Pp30.jpg
10170,The Russia House,/yKSW5346x1rBi2h9EbWAbyi4jks.jpg
369770,The Sense of Wonder,/jyZgRInIz636h66AViMIvmYJnQJ.jpg
9776,Head of State,/oh0FLmUdfSjLpPOD3siKh3NGbOG.jpg
359871,My Scientology Movie,/mTAZFb79cum6bfU41C96DwMCp6Y.jpg
312827,The Nightmare,/ldof0L20WKBt4H6GKQ6aSHSmsk5.jpg
32646,Safe,/2O71QsBkbqdLqQdx2yuNpJ4pFPq.jpg
10391,Bless the Child,/s1RGEF8xIA6ecF8W4do8CaWI0yE.jpg
333354,Extortion,/nmIHFblhZ2uBGepSYzvKYFDfvhp.jpg
706972,Narco Sub,/7p0O4mKYLIhU2E5Zcq9Z3vOZ4e9.jpg
788752,Viking Wolf,/abBDzmy35A3Nkupn6wK2DKyFamd.jpg
475928,School's Out,/2aaIB3qOIe1QucA1qO1TbhJ7veS.jpg
214597,Fright Night 2: New Blood,/cp2959zvia5B3wgsv4pOurHndvb.jpg
10668,Suicide Kings,/rQ2Sidqubi7XiHDScFe1faIz3Uv.jpg
59722,2012: Ice Age,/axj9DrtSXe3yxXogoeU0BL40nN5.jpg
15927,A Passage to India,/rvBWlGRKte2U6qElHV13h6JvmSe.jpg
317198,Bad Hair Day,/8gsWYYYOCVWFy2JyMD7HRg6KfyC.jpg
126250,Love Is All You Need,/nKeCYHHG8LCv2RuOpgS8jkRyihT.jpg
18615,Fur: An Imaginary Portrait of Diane Arbus,/gSd9TtEPrdz39N7WO4Mrfg6eT1z.jpg
7227,Airport '77,/m9b3frZR0Wu8I3ayN3QPrxfZMvC.jpg
3079,The Curse of Frankenstein,/r9PDkqKhzdo54aqnOL88wUJY49B.jpg
17941,Hush,/8MYep3CqMoPZPbuISXPqzIEpuPv.jpg
3073,Bud Abbott and Lou Costello Meet Frankenstein,/ooeceWULFxBqvny6Plvj7K6bnIp.jpg
208277,Wetlands,/6Pp5vgemIgO4YB9nNmUJ0zjXrd3.jpg
236028,Castello Cavalcanti,/r9fak8veiE9FGLuh7cJfPWkdhac.jpg
291413,Within,/wfOaPl9lfzRuMjbnJZ8joBHG1h2.jpg
12706,Croupier,/uaWqZXnXe5agLUjAqS0Cg8dq3Rw.jpg
567971,Vampires vs. the Bronx,/rcdBUbbYNccz8q9LOuBEKC1avMA.jpg
13998,Margot at the Wedding,/IH7wAdM6QoumtWB9CVKg4fUwYl.jpg
119698,The Dinosaur Project,/qmMoPP8hSFbxzLn3Tt9UonPsma9.jpg
17264,The Black Stallion,/uZtNc31LR5Ik3ZVo2jxwOvhkNRC.jpg
542921,While at War,/pbuMcrQBXngZS7wMOTKRCmQAjCN.jpg
137145,247 Degrees Fahrenheit,/1lkaFSVU0tN3z21CJV98P9dseMe.jpg
5203,Wild Orchid,/cCKelDaBa9gEzl0E7hmHiQxB76Q.jpg
13191,"War, Inc.",/nlGsWWYC9n4lkbIoTXmI42dkJqb.jpg
43650,The Legend of Sleepy Hollow,/6bt8qmhxVsgbxFLQCoAcekdCFiw.jpg
586451,Blow the Man Down,/AgxDU9Vp0R6RIV6jpmQ4JrTcZzv.jpg
523077,Running with the Devil,/qJ2H94PpXxZgiGGUNkyLSKZzm8u.jpg
467952,The Catcher Was a Spy,/3aBv9Oln0aoBrEbkMabHIVat6CY.jpg
13703,Less Than Zero,/8pFMuyJJwJLqOJ3Ljq3M5BFGbTF.jpg
15213,Everyone's Hero,/qFHXmKtS4GBoovYNTjtvUOgdRdE.jpg
468225,The Starling,/gPkaPGNbjZCeRurSYGi0JD63DBa.jpg
16164,Killshot,/ckUhio8KhGDcvFV7g34kYjVLEEW.jpg
400547,Hurricane Bianca,/7M8LfBYqERvwD9MzZ5pMTiRHY5E.jpg
746131,"Paris, 13th District",/kSXPsrausCYVsDnQaJfhzqR9fV7.jpg
18971,Rosencrantz & Guildenstern Are Dead,/6RI9sYpRxIdqlmsF6kBOiF7Bxug.jpg
828613,About Fate,/fabZkaVHYJ67KbZx7oFoitauX34.jpg
15276,Barely Legal,/onmAHliMDEWTwksC7pAUpyVRZti.jpg
671295,Blue Miracle,/xBdP9Z0oVAx25tM2gUOtq298jxR.jpg
34335,Nine Dead,/3zAYW3q6gawnV68XdXtkBNBgUEX.jpg
19384,Dark Angel,/jRL2OxZXsGWFVbfoyk4Y0LeI9WS.jpg
967585,Alibi.com 2,/9gteYoeW0wOvYHnnvXJpq0RiGV8.jpg
618416,Penguin Bloom,/iUn7594Rwfstu5njA8hf9WQIcFi.jpg
500849,Boys Cry,/rZpkx4mEqglDaOEQvJMJ6hBKIUF.jpg
347123,All the Way,/j4AEurmnYoRsA1nHhRK9AE4j2CL.jpg
321769,Deep Web,/cHuh9nIPSNQQzcGmuTd9lqnfvY6.jpg
11972,Don Camillo,/bDbzuBgsgZ5VVljMHNni3gJK9Qx.jpg
13702,A Dirty Shame,/j8gvaNlQ6XgllEtSEPcVtcAfk2i.jpg
43557,Merry Christmas,/jNK5WEGYYKXio2DFsGHNlpEo0sU.jpg
89455,360,/w2JD7hy0kZvEAX81yHHpHyjldGK.jpg
486078,Il vegetale,/mI383Fhgvko8WzgjSDlplDHmro8.jpg
34729,Our Lips Are Sealed,/40gZ2WhqpZVv8woW0fCH8bMFzx8.jpg
97795,Apartment 143,/hAXqjMVgF6TS8oa40TIRfrNix5d.jpg
968739,Dangerous Liaisons,/opTwqTgREzvP67ERVrqt0ApXbeV.jpg
772071,Cuando Sea Joven,/6gIJuFHh5Lj4dNaPG3TzIMl7L68.jpg
576712,Everybody’s Everything,/wbMkjkNX8VylPVLmQ2Dp6i5iayY.jpg
919573,The Innocent,/e0Hhtzg2bffy1PxzM1Wv8VF4ca9.jpg
16222,Whatever It Takes,/u9UtZNMj2m7dtOP6RcMAeRfqmnF.jpg
10162,Waking Ned,/bsxiOOKC40HlhdIJYCUE2BkpJv0.jpg
921655,Rescued by Ruby,/tPlJEodEn0SSV4avo8KSawtlTlN.jpg
10372,Ewoks: The Battle for Endor,/ai9bRMzcvPZa9lAUB7OdaftnLA.jpg
371307,Il professor Cenerentolo,/3Do8W9l3457fJO2iOvAfgIdesVw.jpg
38438,Buffet Froid,/bFqksOyHGMRlcUI5NtHDp9LqOUq.jpg
384737,Precious Cargo,/dOQv2PDBu9bBCZRLeRp6QQYJDr3.jpg
17835,Threads,/e2axZ7BkKQ2mCuBhSiYt3ZbSNvR.jpg
319337,13 Minutes,/dSaDHmmDWLdoJnCnwJQToFkXJp5.jpg
464595,Poveri ma ricchissimi,/z3oIKWTybECmYTtnqDtgF6gfFCA.jpg
158990,Wrong Cops,/oTGY0n5MFueHv7GP1P9aPhuR11I.jpg
16729,Don't Move,/o5kErZoLG5eAQ5IqZxUoIzNmlJ1.jpg
13203,Son in Law,/mCCa5AV51JHtCYWTB62Un8HM7Aw.jpg
17908,My Dog Skip,/A3TafOveMdmc1mzjCrmMBNa3oQ2.jpg
529531,Hannah Gadsby: Nanette,/xyDapdXEqic7pkLFvvvEW5dI3or.jpg
8289,Gorky Park,/jRUUE2ehADlwMhb33s8UskYhTXS.jpg
515911,Lady J,/bMws6ZcTwEynkst5PU3Z8OD9wiH.jpg
414001,The Mercy,/51qWwl16Mb0hqorgffCtyENwTPP.jpg
2760,The Lodger: A Story of the London Fog,/tD84zwFeFRf3zG98x558N3PBMV.jpg
4985,The Longest Yard,/fejSpoFU4sq2g6n1JA2NY3KjRxW.jpg
898,Birdman of Alcatraz,/6EODLN11HTX4l2cmakAhWIoJLF.jpg
16873,Battle for Terra,/iAcPYIsYwFqAyY7KctWkkdkJGhI.jpg
31587,Scarecrow,/pwAbwfxCyM1ic3aBPYDxRL7D5cz.jpg
13949,Persuasion,/p0SAkCFD02wj2gekOvFilMjzs3j.jpg
646593,Wander,/2AwPvNHphpZBJDqjZKVuMAbvS0v.jpg
619278,Inside Man: Most Wanted,/kxvxcgRHwV7T3PR4jNFDdQTLPm.jpg
282631,The Admiral: Roaring Currents,/uucS3l4VCulOCsI9wDQit8sImdQ.jpg
632666,Unpregnant,/1BqjLXnPkGzIFR5CRBTYfXdu2DV.jpg
911129,No Limit,/fUdeneiMUQkE1Yb3Qx7dML0HVf.jpg
467062,Spielberg,/2AAvIR2PHoxNITgLDOkXXlWLlua.jpg
17630,Ugly Melanie,/8CTgOjpunlDhGbp8sRqd4XNgZQG.jpg
650783,The Comeback Trail,/ublJIJbc2NZ30ptXj4O2d2apo1t.jpg
201749,Mr. Morgan's Last Love,/i1bNPyhp5aBb6Bw8bc4ex87KVOC.jpg
195269,12 Rounds 2: Reloaded,/btThjvVC4lOqE95F9iVK118kpj2.jpg
13490,Welcome Home Roscoe Jenkins,/1VzS2bkQHVcIxSeBJifOx65oxHK.jpg
407531,Bedeviled,/nj41nDNmpRNQSaHithu8VmOGUDG.jpg
238751,Best of the Best,/jB1I9LihBFKzJlRhpOPzbEXdgKc.jpg
541660,Loro,/yAogxeovs5HpzhD4UbrDsSybtp7.jpg
374458,Graduation,/oHczUfmNQIWgByK1GwyhA3H3ZbC.jpg
341077,Tiger House,/heqehuEfbg2283Z9hFmsVuv3UE3.jpg
772515,Huesera: The Bone Woman,/7NhG3NClQ1xrc3kEwTiwFht5Y3L.jpg
6499,Turbo: A Power Rangers Movie,/deaDBDldND9PzCZ3mmsF0FxVq3P.jpg
477510,Dog Days,/4wQcFJwj4tsHjWCXMpwb9OqNR9Y.jpg
661804,De Gaulle,/riglPR73CUgNdnNqZ47LWKmad7r.jpg
8056,Train of Life,/anUwgyVrC7kUwN5OliazbC5qBfr.jpg
26263,Death Wish 4: The Crackdown,/r8HwJQJyKRyJ2JypwiVR5p0ZV84.jpg
600184,The Nest,/f3DNmm0VXlwaPkTuKgznQdrDveD.jpg
12619,Cherry Falls,/hIvskDmQKbvOBpeGaH2OkRg495M.jpg
7343,City of Men,/8x7C0WF0oJDnfdeWkuaaHj4BbqL.jpg
121835,Lore,/aHoKFpj0dCYlRyGQTBoVk4wpInh.jpg
233639,Windstorm,/dshXuNNZHSLH25WPKcIKIs0OoJj.jpg
11703,Kiss of the Spider Woman,/5wXHJjPOSBPsI6JAt3AU2N26kit.jpg
24655,The Car,/90hQGHxPccXAUXJEAxjO9LDZLHC.jpg
306650,Kajaki,/csL2D3ZbcxSoqoWyhYz4lDjdmk2.jpg
421473,Above Suspicion,/kpZ2SfwLHjuf2HmgaFko32cPgbl.jpg
24102,The Land Before Time VII: The Stone of Cold Fire,/waUASz6cHXXDVIUomIIwqsGGjzM.jpg
1698,Anatomy,/hZgnRhrOkmjjod5u3umbw4y08kX.jpg
13079,The Life Before Her Eyes,/1Kmy4EfYegTyQNQeHZomTWvmFPe.jpg
130267,Seal Team Six: The Raid on Osama Bin Laden,/hau6iHAIWJmlnaaZ0QRYZu9T6B1.jpg
616584,K-12,/nVi0yBBPj5Z96JgGWVIg94kv7bR.jpg
45324,Casino Jack,/3Dpicp6VEtCSj39XBG5mnbe5TQ9.jpg
67675,Glee: The Concert Movie,/y5NCu183zREb4XmHSB6QP3K7TH2.jpg
340442,Pilgrimage,/lR5ilnIzIonItxL5mQPAPzXpwPJ.jpg
20455,Digimon: The Movie,/tiH1muonzAWzlLjPhjAcAYVAjzm.jpg
29095,Waxwork,/48RXt1Zu8iNL0mgCojydmqBsjsC.jpg
25565,Transformers: Beginnings,/q61s5H2DRHSJYx75adOtTL3aFuY.jpg
336222,Rams,/pk75njhxcxTJAl0FJ1V2ROGIEy1.jpg
382518,Last Call for Nowhere,/h0QB2TGtfnl7GxPsWDCLzFKlVDS.jpg
38718,Reversal of Fortune,/5Ws7t7uKaPDOKBJYVW1kuyvAna7.jpg
11309,Hardware,/29WnkQ9wlvPCWEuWl7d2gtSZHQX.jpg
138038,Girl vs. Monster,/9CMRe7lE9bZxgz9cEwkPHmF8yc3.jpg
22599,Star,/zslEgrYEg6EDzOYrr8EfDoQK8j1.jpg
23730,C.H.U.D.,/8BVw5RIDBTZwdMAR1VKpAkwrMjj.jpg
446170,Black Tide,/6lPw8H108VLDrU3yNisgWRv045o.jpg
32613,Horror Express,/fGFWmLSauvRDX45hqk8QHISep5Y.jpg
157843,Queen of the Desert,/9WrxqWttzNiEgKGIm3mDteu6jmq.jpg
583029,Ordinary Happiness,/uqYPDfYz92p6oj3fcbYaEMcGGjy.jpg
398588,Dismissed,/rMVslLnNSDkIPDnOmPr2CTaqd3J.jpg
27740,A Return to Salem's Lot,/sc3jWWodUIaofc176PlYUQzUslj.jpg
31608,Three Fugitives,/d6Gy5Hg88lKJUumBwY0FZzwU5oD.jpg
17474,The Man in the Moon,/57r0TXlqV5GIn4h0Htgh81OZou9.jpg
86703,2-Headed Shark Attack,/elKZZhpc6fVFgMFPZaVAC4l1JdM.jpg
8223,Kika,/jUEBKaMqcvrz0HHF8Cei8asjRWr.jpg
8216,Meet the Feebles,/9XfSGndoBPy8JStOjJ3gFMAQVsj.jpg
310137,Bound to Vengeance,/oVVJSRhG9dcAdzTp83AUD1nBlIc.jpg
437036,The Motive,/bwLvSiKT3pQS5ZTGFH6A5QKtY6Z.jpg
362045,Bajirao Mastani,/a3kM4CBTSI4NC8KYeSRJCh55liV.jpg
422615,The Clapper,/vsm2gxPoZDzG3ocTArrK8ak7go4.jpg
86000,Always,/7PaCGnjY87sc9088zxFf34Tamcz.jpg
161545,Everything Everything Nothing Nothing,/aFJziKZUFZGVSqsPGRuu56Q6PFG.jpg
13990,The Wackness,/kqB5KMBeZtKys0MtypKD04Jfm8r.jpg
29987,Facing Windows,/1yeh5uQ6KgvxnInUYE0SYSUWd22.jpg
133931,Zambezia,/7aJl440TlbyqthklVrvCnSbjKYe.jpg
10081,The Principal,/kwwDruwoHwNMY6tV7KOdVGcEusT.jpg
2748,Journey to Italy,/tjli2Rjwkn8fivuynxwthnnEzeo.jpg
286519,Boychoir,/jh2xStYNXhSK5JYFUApMEqgn0yT.jpg
397517,Be Somebody,/KYATn1yL1MzXnOEOYScX3QcpEI.jpg
1680,King Kong vs. Godzilla,/dmCfyzUl0Ylk8Rpi6dYyWuBrnNr.jpg
209361,One Chance,/v7J3MW82NXvothqsN7gBizljnVj.jpg
440626,Sobibor,/dnexT2if0lRTp8jsGSOY4JVAnnj.jpg
665251,Altered Carbon: Resleeved,/vlIYzx7cc4Wvaoh7ShjF2HZG45.jpg
504827,The Bob's Burgers Movie,/AvV2nHEDQMWuRqAUrpcx2fB97CB.jpg
5558,The Phantom of Liberty,/f6cON5ebistPm6AS1XcZZMmKpIi.jpg
14424,Sex and Death 101,/yLWdM3znzRCqEbxYWXpSJNNu3fe.jpg
12518,Honeymoon in Vegas,/b2HyG1tgaYxavfvjw1BG3PLr8Sk.jpg
401306,The Seventh Company Has Been Found,/6df3QdLZc5xCOvGekKn5gzPYNiY.jpg
14752,Dil Chahta Hai,/3Rwy4UjWBGEbD23xjyeBsL3OnXQ.jpg
309924,After the Ball,/wY4xxrH2Ue7FKifqMSFw9TYZDca.jpg
17337,The Land Before Time VI: The Secret of Saurus Rock,/fIh5CGs3QQ56cHd98YD01xPcesq.jpg
670429,Witch Hunt,/vHKlIci8f38GaAd361EW0VSx91k.jpg
13580,The Spy Who Came in from the Cold,/xroW2SrAAHwnel6yazC99xRW9R2.jpg
81857,Alps,/nF5A64lC0MuuEK6qNmOfQpY6mRv.jpg
525946,Troop Zero,/uYVMs9wUAmA0eW2WmHaxT0BaHdg.jpg
26255,Love Potion No. 9,/n0DYahGGueR96mhajPGGgZpFL4k.jpg
486520,Looking for Teddy,/9MgxYKp0U2lBLIxq2gjIA5cpTxV.jpg
9729,Where the Truth Lies,/4gWQoxAmSeBaugpccnWdlg5Ov6f.jpg
20825,I Hate Valentine's Day,/j0iHgzfThoAlrgoiuix7BS1ezao.jpg
11508,Addams Family Reunion,/XtfNBKnLDpg1waJhDF5FAd5OEX.jpg
44018,Vagabond,/2KFfwiPct1hwqi9dkKqoom0BenC.jpg
53174,Kokowääh,/s1xlGUJhPlqRa1FF6Uw73UXuEUS.jpg
64847,Belladonna of Sadness,/lsgaGlGVIRXLj9xRqPQgzvlcffP.jpg
64246,Colorful,/aSM1ki4WSEgvPYMZ9K28aylImFF.jpg
51994,The Deep Blue Sea,/tZAXsFxxYWWSpEy5XQtdBaETYoc.jpg
51822,Love Hurts,/eyhd9wLlyDTGOKl4jmzWy5sa90o.jpg
505914,A.I. Rising,/aXosp6MFBxYi4m6ZmE4u1auReHc.jpg
350499,Pokémon the Movie: Hoopa and the Clash of Ages,/ujLIgISIV6Fv6j509SZp2Tmq2ZJ.jpg
470918,Beast,/n86SlvPD5kgvuO1buOmyuUzlcPA.jpg
926393,The Equalizer 3,/b0Ej6fnXAP8fK75hlyi2jKqdhHz.jpg
5185,The Private Life of Sherlock Holmes,/vQSYu0DXkqTOEfWF21AzaqXxYCZ.jpg
522406,Flashback,/z8DPeAno9IT47gCQBrKqJ9czUyI.jpg
21349,Anywhere but Here,/2DNtxmXkotuaJexU57geTLIPnQf.jpg
12705,Smokey and the Bandit II,/5PWojpyIuPBIKPcqtTC6R3FpmMz.jpg
4170,Trade,/x2ckiEGoYz2AomOeviEPqnhrw7Q.jpg
730047,Cyrano,/e4koV8iC2cCM57bqUnEnIL2a2zH.jpg
10421,War of the Buttons,/tg3RwUclgnW3hM1ExHkMd71YQ0n.jpg
761898,Sword Art Online the Movie -Progressive- Aria of a Starless Night,/yD9RhgIVydQNBK7OLEbCWYcWMUd.jpg
14646,Family Resemblances,/eKGcispYwnZdC4FPctDAtFXLkyu.jpg
115929,Cool Kids Don't Cry,/Sjra8pU6vfnfEfy73MZdogfn5P.jpg
2182,Attack of the Killer Tomatoes!,/cpQFOXpi5OlUnX6g3hLIoe6L7MC.jpg
320302,Ever Been to the Moon?,/oeGGfRWek8NE5hJ1GShnWM8mQ0M.jpg
293982,Warsaw 44,/k9WOOkVur2Gwo93wuiKzJDm2mUK.jpg
513399,Super Crazy,/xKT9Mv1SB7pW9TLOcmhcm9BH4Pc.jpg
5146,The In-Laws,/uziAQLzimrP8eW3w37F8lo8CnD3.jpg
886,The Cincinnati Kid,/s4Apy8FcF6a0lR1Qay1atpfwAv9.jpg
11316,Macbeth,/35wNrDYuZjVCLurOmTZ5j490iuR.jpg
460790,Starship Troopers: Traitor of Mars,/dzqEq8Jbvb5SYGoYPqLyIRrt6Cm.jpg
811656,Monstrous,/ec3aX4DyjepEhPkpIUukaBxKpN3.jpg
24001,The Hills Run Red,/odPuG8mbDF12uMAQ5K4LuebtyUo.jpg
11365,Wilde,/41mm9zN1j6oE4vK7sDjxRqbEAgV.jpg
361380,Barbie & Her Sisters in the Great Puppy Adventure,/3ybjPWweUjPXXqIXFERgPnOQ5O3.jpg
411405,Small Crimes,/z7jmLmrs0pLlDU4GI6ItaJeqlET.jpg
759902,Hunter Hunter,/j52lKBGoHGmUJNUMsDV5kHOkMfC.jpg
46523,New Kids Turbo,/pL9Fe45TyDvOP28kBcS5YXVBuVS.jpg
91739,Much Ado About Nothing,/kDUEegV4P8odhUTjHE2e2kWMZo3.jpg
9071,Living in Oblivion,/b54xDk98oWtEtAso9sj1wjaZDDH.jpg
48831,My Night at Maud's,/8XKXkI6sR5W4JBG6AvgQH1LcKLa.jpg
613368,Ballsy Girl,/lGJgJBzCRPWnu4j8zCdLHvqpIbQ.jpg
633604,Yummy,/9U80sW0NNOenmfxWWlPoo8TokJ5.jpg
38310,Firefighters,/4o2pxQsGIgMw8lV3ElUCNFkpyaj.jpg
846867,Mad God,/sEULzxEZvrJvhz91wKxpbih25Sk.jpg
109520,After Porn Ends,/aPerSjt4viv7Ik8OEHL83AbrH6R.jpg
566213,Honeyland,/3IxGhQEzLWOxkZlcNMAIiYlOT8D.jpg
45523,Louis C.K.: Hilarious,/8mJMrrT4tkfZLMFvKQ0Hq6jlXbp.jpg
121873,Hannah Arendt,/kB4hUbhIYmx7Xdpo1DGn15pstO3.jpg
443319,Phoenix Forgotten,/q0BbjmTPSqF1QnZxHNc1GQ4JIHc.jpg
31602,The Chase,/lpX8szjdzaXqxKBiV8xfRVNzSiu.jpg
8446,Bugsy Malone,/nKPYDiYYxzOTdGrHgXDYSDjyg1E.jpg
53985,Mutant Pumpkins from Outer Space,/w3R9G8rqrrbMSOufl0QBaNAZPDC.jpg
15983,Invasion U.S.A.,/v8CiEn1tcg07de1EUwgg39f3CGr.jpg
79395,Ex 2: Still Friends,/4oHibOvv8snMlPe9De0GBChPlLO.jpg
424998,The Case for Christ,/hTKwkxMv5MCkN8vMXiEmMmAHafh.jpg
373889,The Most Beautiful Day,/6JPuec7js7lh8TTZkIbehewTXA.jpg
331190,Captive,/az9yxqEmHLFKuaLuDXcpm6lJ4pB.jpg
485166,Amanda,/eyebNlYE2iV3D0xLrjMTigTuHmN.jpg
271397,The Tribe,/itZcDkDN4HQ15f6HbriABjlIwoF.jpg
12779,Swept Away,/rAa3nTeDpwgLX6XxnT3wR86C5WE.jpg
353728,Closet Monster,/mJYAloVKf20Ko5OE9F9VSfAvmXY.jpg
57695,The Princess of Montpensier,/ozR4LwG9vjV9oFKtEYUO8VsYamf.jpg
13491,Arn: The Knight Templar,/kN8C9K9bSQ01lItuEqYzROYErAX.jpg
20329,Death Note: L Change the World,/aTV14kh4YVXafBZtyNjQ2GrWsNh.jpg
11521,Little Man Tate,/eXf4xhJEc9c2NElBrExmiWFe4Pz.jpg
576017,For Sama,/mDna51F8QfrJFZOgPGQUz3VKqsB.jpg
403509,Boy Missing,/iT4UuE0iJDjkOBVcKftEv7VXblh.jpg
534939,Your Son,/8EmuDLfSLg6kaWFj2wheBxXd8NL.jpg
267480,The Look of Silence,/7TakQLT8gyzIMG8hX8RLTd5qROQ.jpg
8765,Nirvana,/1UXk8P1qY3PadOdSj5qk1qBXWMy.jpg
116613,The Sweeney,/nwGo7AoYXG4C03wbyfdeYvcVbnV.jpg
10333,The Prince of Tides,/9XnfC64QRUp5HYPtSVasi7L9NGk.jpg
8986,Milk Money,/od8SCOMLDq4iRYaHNqihQVn1SNE.jpg
77221,Black Gold,/yQYnk6Pmbjd0jyMUugP5exn4ppX.jpg
608980,Three Floors,/59kVQe8wrHp845gBR9TDHzNwfeQ.jpg
8992,The Sure Thing,/a9cuohQn5kczi4htWZAZjEZvXkZ.jpg
14913,Boogeyman 2,/zPtDUBYzbbTnTsLXIfoOHGg8Gux.jpg
11338,Into the Night,/voqfHibbZVtl9o6D2MRcdQmN42i.jpg
552,Bread and Tulips,/vz0THk3uPmYip2U761UqB2D0hRl.jpg
143567,Just Like Brothers,/faimmushRwen8519t2vBBAWjrUr.jpg
999722,Old People,/nSguJmHeYv6cwTljOZduPJDTweS.jpg
451504,Joint Custody,/heGJlmfQUn7rqNsBUF04Jv3v8sw.jpg
15515,The 7th Voyage of Sinbad,/rK5ceoe5d3K8cTzEoOnuRNA6Xt9.jpg
4952,Pillow Talk,/ugvyj5nl9QmTYuaGUTefVYBDePE.jpg
52587,We Are the Night,/zNESCcM2PbynPPdzlEPUUHMaxqI.jpg
11062,City Hall,/tEpefYZtoDZsMflWrPIXbW0OSwN.jpg
525183,Paddleton,/gtssTSvNgY8132hPRtp1DbciYJ6.jpg
24478,Beethoven's 4th,/dvw8mJlEjxvBggoiAbiPkXfvbFO.jpg
8075,Weekend,/e9p8VdsAKXz1GoVXD36Lg5e3YKo.jpg
16436,North Face,/onTd66RoxdrLKUhtcS1IOwdvjCv.jpg
397442,Win It All,/aEc69JY0azD9PwYtwS2RFwoyFOT.jpg
869617,Friendzone,/eAijMbeJTjBbjnevbtRve4sWGxf.jpg
366672,Paws of Fury: The Legend of Hank,/vccE9bBa9mgghFpkWzU1fQqmOKB.jpg
2204,Alice in the Cities,/lw22wORmENkTZHGXI6bKmAIHxjO.jpg
560391,Downhill,/ruLqLb2bfWKykckxVlVZayuBOgW.jpg
78381,Twixt,/jSn7DVovIFeTSiwwoziSYpJFaaS.jpg
11511,Kazaam,/k6kXq27UVxf7zGCWSvygYYIp9eP.jpg
79433,Ronal the Barbarian,/vT8m9Ji4mrUExpuIX0LGjMPHEHX.jpg
8284,The Limits of Control,/5e4hjFt3V8LTUXPxvZ2plPpgGLk.jpg
209244,Are You Here,/v83MAkGH8jF8uNhJhKgADqw3Xup.jpg
29084,Le Corbeau,/rDt5e0YzgqtebYzQD53aSv15wMF.jpg
217923,Young Detective Dee: Rise of the Sea Dragon,/wsnioYKR2C2FlAYZxZTzihW2TVh.jpg
19673,Sexmission,/8zh3AuXBxGbgtebL5DpaDxJgMeW.jpg
13339,Three O'Clock High,/i6bUiRqrSZo8wcDwPtp43pVF2MC.jpg
16211,The Sons of Katie Elder,/n6ox5IniBxxx6ISTol5pm36WoFr.jpg
340611,Indignation,/lvdA0NAqOJRC5peafUDRPhP88yY.jpg
645689,The Duke,/vxqFcrVDPDfI60e8f1EKxpj0QvH.jpg
25389,Matinee,/AkRirG44JdKb4UKxqf92DOYeNEB.jpg
20497,Ballet Shoes,/9dppiby4n8XjNfM0JRvUJdNW9Lc.jpg
53596,Even the Rain,/nXjLFjC1nZUycdO273kV4sV3XqL.jpg
456508,Chris Brown: Welcome to My Life,/9nlaaWCBVEgm8dL2GuKGIb7P0g7.jpg
244316,Into the Grizzly Maze,/i5GbFCeZ0fG5xb2ta6B3yNgzIM7.jpg
1087040,Money Shot: The Pornhub Story,/kpTqWqLYcf1uErnx5VXLah4EWJZ.jpg
10292,Urban Legends: Bloody Mary,/o3u88kkMezNbgWH3FOgeU8tOGzL.jpg
25095,Wuthering Heights,/fYjS2FFChGZGhJI15sY78m0V9mu.jpg
73935,Vamps,/sW4MFTfW88Ii8TyZVD7oprzzhOU.jpg
10168,The Freshman,/2BWfpISXFso32Aokpmzw0ebaOLA.jpg
42733,Love Meetings,/olOuK4gkrYzgo7xJWR1EugZ2vdS.jpg
17,The Dark,/wZeBHVnCvaS2bwkb8jFQ0PwZwXq.jpg
25955,Pickup on South Street,/et4fY4BxLyAPwxvUFUbzCUrGsjR.jpg
13776,Diner,/2vKIdZ6JkFIzcQeaHg3xtdvOyRO.jpg
41662,3 Women,/uL5Yg8MEgHGXymTaJBYXn9g0xsH.jpg
4780,Obsession,/bkPgbZQPqQG0LMSu32SDhTQVGen.jpg
1045944,The Boss Baby: Christmas Bonus,/iMmMxF6f2OonUrXrHKBLSYAhXly.jpg
34148,Imitation of Life,/xt3cUn7lsjpaGuB279A4v8zAYRn.jpg
47218,Happythankyoumoreplease,/qWZwKkrPNoSa7LIvUTwClmFUjBn.jpg
38602,Little Lord Fauntleroy,/bU48UrBOoAbfzke2XRWdbxQ07aE.jpg
999644,You Are So Not Invited to My Bat Mitzvah,/ukpifWBW2xEmMtJX4bCpoNpWEr2.jpg
48916,Iznogoud,/6hjp24ZuxIo2EImYgFj2jkXYRLq.jpg
20873,The Diamond Arm,/iwVRDsZAuJmulnPKeYxhezzpr9A.jpg
13355,Scooby-Doo! Pirates Ahoy!,/t1xNRp1oqPAKxPJgJ1F90jvHMGr.jpg
34583,The Final,/3jPSvaW9veHVeaEll9DH7eoJ634.jpg
529784,A Faithful Man,/l1bHryDSFWgiDbEdTf2H7vQAKCp.jpg
21448,Mickey's Magical Christmas: Snowed in at the House of Mouse,/pjDGKPiaQ0R8wjO8ygZUdIdvZPK.jpg
537847,The Armadillo's Prophecy,/1dHaWQxkm8gmdTuuignUOg5kmx9.jpg
13168,Smiley Face,/g4tiLL7uVE9N8yOhu3iLQN8LUBy.jpg
13570,Tourist Trap,/b2QdPgcDXcKdPZv7GfBnFXhUcu7.jpg
26405,Wake in Fright,/kZ0XAZdokIHmjIWSqO53KjDeEQ7.jpg
5206,The Boss of It All,/rwEtK0YLHLzT13uPtXyXCHoWMwR.jpg
12717,My Mother's Castle,/hw8Ec4jFuxSNCMUZiUpBKOMl65G.jpg
9460,Black Mask,/eEmG43S9o5C6XeFschoFQU4Bcub.jpg
154030,The Tower,/puqjyTc3TYUARgHxzVjscKJkKX9.jpg
5001,Before Night Falls,/kb2dqj73cfmt6qHAh1ySIlVm6v0.jpg
244563,"Kumiko, the Treasure Hunter",/bREov5TqiAMxb2ZO1bAZdUuaesv.jpg
19403,The Mechanic,/hizE0MwFJOBlfLSFqFNKv7cSxkT.jpg
16889,Revenge of the Nerds II: Nerds in Paradise,/qTjDu2EF0m0txnXwy5KkkwmkZ5B.jpg
44741,Malicious,/s1ioOR6IZ6pRN59wEIYCPcY6vW8.jpg
81393,12 Dates of Christmas,/26X4Lldt6bwLnrX6kkLfUZTLojw.jpg
34070,Songs from the Second Floor,/heW06kNneH6nL59h4ZoaODYXFmY.jpg
468302,Love and Bullets,/gjgTPRxVWpqHBa1dNRSfaiVDxWp.jpg
14397,Whisper,/mxs3ox33B3IWs6jMAS3EZ0TckXm.jpg
31135,Mickey and the Beanstalk,/yJ5vx5U4Dj8iU3IcyyLzonNnmJT.jpg
16409,Last Chance Harvey,/er7IVSXCIxZt3RBOXqddePlRYua.jpg
1950,Lucky You,/eJIXWcW31erhRH8Hf3FrCNlvEa7.jpg
15713,The First Star,/iYwiHAshgJbE6gzqjKYNoX0BnOO.jpg
71254,Arena,/fjudEycIJS3IOnYkI09u2tACms9.jpg
18671,Gun Crazy,/kC1IIitCJTZLwZyuQnKw4zaOaXc.jpg
73358,Page Eight,/cwKjDCIiVakMtr6BVYHr6m4tmly.jpg
30874,The New York Ripper,/bPkyLbyEupJZydJtSsMxHN5dXDE.jpg
5956,Joshua,/eujI63zJwdSCi2yzy7wpfjXQajt.jpg
39957,Burning Bright,/12IEFCxxYut4Yd7wKMt5Cndc4hu.jpg
12698,The Fog of War,/m1dEnkrdJGBSLeAyJepuGrU9sNI.jpg
18998,Darkman II: The Return of Durant,/fSI2DIvqidbUzfG04NAqnidC53f.jpg
13354,"Chill Out, Scooby-Doo!",/n1SgvnX4SJ6gZEpDSQEbcmQOslJ.jpg
19042,All Dogs Go to Heaven 2,/kNmIJILOW9qF2F1Z0qOXkadaS50.jpg
366668,Playmobil: The Movie,/zPQzLZnfVw9fbXyxxglyOsmQBlu.jpg
936074,Tenor,/14195Sv9rUHXJAuWbjFDtRQMUCf.jpg
606154,The Tunnel,/x2Nkkk0znwNDtqCdZKFQNA4Ayxg.jpg
411736,Batman: Return of the Caped Crusaders,/tHVnZuvVPeg6cVufF4hcNtCJsJK.jpg
36998,The Eighth Day,/cgpJTvFcd0NJyJRTKYaBoLMuqdW.jpg
33436,The Brain,/wCtaWDaOiGPVEoo7tiPBSH7sQx9.jpg
515741,Angel of Mine,/q8IxjDRqJ7jFtt5Fn0jcXjiRVoF.jpg
444149,Hellraiser: Judgment,/wDAvDtcvPhkBjGIrHRPhhkMnLuj.jpg
173847,Amiche da morire,/4rD3eOOyyzVmEPfk1dBadNMcRGN.jpg
22643,Mickey's House of Villains,/82qQAp7rcAwVnW12xbkVImp0unP.jpg
7006,White Noise 2: The Light,/7rp6W0Rj7BoopylLnIRsIScDu9W.jpg
79178,Savages,/75cmp0XY6NzH4aC6JUfw5CrBcFS.jpg
19592,Dead Birds,/xB1qpndocvnS23qIv0F7OqYZLpj.jpg
40342,Demons 2,/gAJGt3E6hoL9wRJodpoAKFaXHXd.jpg
70057,Dragon,/wnzIYs7NNJGC7AuQKfecEVStYAr.jpg
767499,The Manor,/eNf7Dp1m6eTKDY7p56iZdterZkL.jpg
754609,Mrs. Harris Goes to Paris,/2SV7RYEqiPr3LpTaI33eUtYn09c.jpg
16023,South Park: Imaginationland,/eENI0WN2AAuQWfPmQupzMD6G4gV.jpg
487611,Conviction,/aSiDOaB12twIXNN4tJWnCspwyys.jpg
24274,Dead & Buried,/9FySnJwRKtqf2TTuvG4ryNOzyU6.jpg
804435,Vanquish,/AoWY1gkcNzabh229Icboa1Ff0BM.jpg
157099,Better Living Through Chemistry,/9PpwTNDsXnuGHcwBdpgybVSwsFN.jpg
11671,Elegy,/ct1UoptpqBLJuCTftC7Z2yT2EM.jpg
11614,Bomber,/n82A7mfaWZHajDo2VhYyQpRbwvu.jpg
14072,Rab Ne Bana Di Jodi,/m8x6I2qf3R98HtF4DmJXcdxCU64.jpg
9455,The Corruptor,/ab5XxKzpBkpGkEFJq6t0SiQUWgw.jpg
4043,Law of Desire,/tAKaUaYGPCUStvlOaLwsJldrOJQ.jpg
858815,Photocopier,/wjNNm0eZKNZ40Fqlc9QewDxy0by.jpg
1032950,Hellhole,/y47wBamj9vdqBeGaLEFTrYEPTeC.jpg
520331,Let Me Introduce You To Sofia,/oL60cVFtOc15iM4PWFmI8Kd5fpL.jpg
814340,Cha Cha Real Smooth,/z8IPItbwRrJ3QWdCePOnWS1jueY.jpg
618219,Mosul,/dW1UNgDkVNreqYJk1YKo4ACa705.jpg
13850,Song of the South,/lFlWpfcw8TCmZ88jw6e943vEbtu.jpg
44977,Dhoom 3,/rUVTM5EQUQ2I0fcfE46AkvBYWae.jpg
754934,Son,/4fl6EdtMp6p0RKJgESdFti1J3dC.jpg
12764,Missing in Action 2: The Beginning,/vWfTOeaTi3Nm6x4OOI42VFOCmA9.jpg
345918,Come and Find Me,/iU5HQB70sL5nsa4JJuPplgqsFjk.jpg
455108,The Little Stranger,/izPtQ2relqT5LWflL7x4JLTbLxy.jpg
16992,The Boxer,/wsbNQWMQV4HwwqXtvQUoBfiBzK8.jpg
14325,The Express,/l4bOPaxwx1WebQXTeqXzXwf9n3M.jpg
1872,Rise: Blood Hunter,/h4QNqFITPXjRrWGELtbifg34T1V.jpg
10990,Mulholland Falls,/tT5rYDXloX5ZxISr8HdlRC9TBcP.jpg
19344,Loving Annabelle,/ezgUinJ6bH0xOWQTqPpb0b7qzE6.jpg
16638,El Cid,/a6DY3LDlXFUDuXm47zXTOfiisxP.jpg
24099,Dreamscape,/yTx46x6Aa2uNW8fRSyOnro7PISf.jpg
557946,Last Looks,/ud0XdA2xAghDR66j3I84DnNlC2g.jpg
9077,Tarantula,/gPjlVSys2CJP1aQKXnhj4kKDxrB.jpg
9450,Brassed Off,/kjE6w8PrT94qvOsJhsn40WqdixE.jpg
508138,Burn,/ifSMo5x7SDXpettRt8TWY9EOquM.jpg
25961,Pokémon: The Rise of Darkrai,/9TcvVXElhZ1e4J3n6JUIDKpZiTE.jpg
84341,Smashed,/zsntSuUeXrDCYtWK4io6uoMi4mY.jpg
20421,Rock-A-Doodle,/q5xSS8MNmrwR3em6VB6OC3992d6.jpg
455957,Domino,/4ExrDZRhhmZkveXMjUzywc6266q.jpg
8141,You Kill Me,/4C5VQVdE2YRBPhpZLnExk1XUzDZ.jpg
195,Trouble in Paradise,/FBxuoLRD3Biyul14unT5m3PYNS.jpg
410314,A Wish for Christmas,/9z81XnaxHJ7LYptef6augvgwake.jpg
740441,Unlocked,/s9DOGlKfXWlnxAdOJHQzP3aRqt0.jpg
337874,Goat,/kQBy81VxGA20wbwouOruNyucCnG.jpg
574093,Float,/mgwObpU1NCXfPqF7ZaTpi80mxsF.jpg
680028,Centigrade,/hTFs6T2k0kdQHFcC4gisT0UtNX8.jpg
14698,"Suddenly, Last Summer",/igma0zn9J5srRvOMDRnxyUDQXJL.jpg
28569,Splendor in the Grass,/n6Kw8Ui93SMhrk1MupCFwUg04vq.jpg
452068,Drone,/o1Zp7DBOkxDhGCg6fXhuaFaFwsN.jpg
355506,Siren,/dAEodQQODOtOlhiQQTW7n1eS9ft.jpg
29193,The Spanish Prisoner,/cwkWlWfFrvH6WW6ovX5gfGHo7ks.jpg
603519,Beats,/b8P13nIvkkizVBzd2RpegsRt5zP.jpg
228177,Till Luck Do Us Part 2,/eacRaUVzVbG40BbCw3RGhZyejbj.jpg
4972,The Green Butchers,/w9hCJ0JKftF8nX9Z2gNbVOtCFh1.jpg
889699,Holy Spider,/6ObJ4x7m1F5QRY06WzOxNJQHwGb.jpg
24767,Iron Will,/6Ujbtp0NklUoQ67s32HyW6R5540.jpg
741067,Welcome to Sudden Death,/elZ6JCzSEvFOq4gNjNeZsnRFsvj.jpg
636698,The Man Without Gravity,/f9Ppy5NfGmw25f6lWa1zJFRgXjX.jpg
567965,Misbehaviour,/o1SoYYvxG4bWTXp4wNWt5sKQf1E.jpg
22660,Old Yeller,/Xe7AB0ffhGPSdBZ4qJ9AKJfllL.jpg
25103,Night of the Demon,/ePAjGAhynpwEI5HbpIrB28ML6lg.jpg
9458,Desperate Measures,/oOUqXIOoIPMiTuTN7almDNb3ARk.jpg
579741,Words Bubble Up Like Soda Pop,/ooISQS2rzVqgkt2aq5HNoz8n2sa.jpg
285700,The Fool,/jJOuPUrkpUDETHqfZU0hXWvuWU0.jpg
36218,Pokémon: Jirachi - Wish Maker,/5TBXNazCYqi28PSqDVdeFnap3Wd.jpg
10105,Saints and Soldiers,/A4LgmMTiRpkEzC6pxRcxE28IDov.jpg
282296,My Old Lady,/hPLAUrmJkXdv1sEtIqk9EwXvmbH.jpg
741228,Locked Down,/svHelD0Hb3TXPAQoPsoBwdDMTvf.jpg
240483,Robot Overlords,/n9zyjUoTkcxWPC2osR2AdblPza1.jpg
127846,A Hijacking,/wstbZDlyvmsgXRfK7O7HeDrjc0s.jpg
37269,My Fake Fiance,/5DgZNoDd4rRyGo3sle0DBR0NEcO.jpg
53010,Second Chance,/19D673Z1ZlRUWsbqaHBtbzeaBI6.jpg
12172,Encounters at the End of the World,/yZPtXEszbDkpgfxTxuePn7HDXWt.jpg
592279,Kalashnikov AK-47,/ApfjrFsGunqLo5MKYGtFMTSTaMq.jpg
10905,The Man with One Red Shoe,/lD44uiCKnLVCKiEnB0urtqIR0nE.jpg
21183,Fluke,/k7BHqoTWJPpoSpfCzzUjAduuIbX.jpg
247645,Queen,/vKLp0X2RQOuA31R3AdaYtDdKIPK.jpg
43361,The White Sheik,/kyO9tTwiD4zsQKqMicP2AVxglww.jpg
10445,Shadowlands,/5jTWY1M2O4Zhid4rLOpftzazRGn.jpg
258322,Fasten Your Seatbelts,/8yDZUKQQLZQEPw1wRXS2ZNEsHqG.jpg
345925,Rupture,/41MCf9bzSpqhr7EAu95su0XdjVQ.jpg
4823,Final Analysis,/xR6T30U2nyyjygNnElQJpedbpck.jpg
51533,Let the Bullets Fly,/pkwBO3XkQLhgb31vl5ZwmGC5meT.jpg
28966,Wings,/kEl6KCBgdmT1Nex3ka0EIWAOmtm.jpg
396194,Ennio,/pNcFuARwXZ9r04Zoy5bviBmudZM.jpg
110410,Drug War,/2ndg350jismgWwag7RrDHb6zGo4.jpg
13341,Bad News Bears,/ja1yrgfYAGmwnridioMY3MV0GDm.jpg
24801,Cow Belles,/kA15KXpFHGKSqrRaJHAf0bhjQcT.jpg
10627,Taps,/6f4qOrzSMUqSc0iAODL6wnwJ7km.jpg
16985,Legally Blondes,/wZnEw0avASZwBWcJo5F1pdJnmO2.jpg
11822,Nekromantik,/uZZGYPcpRKg3zcdgF9Pua2pxKxI.jpg
848791,The Stranger,/ydbm5Ad1nyZq7eywWsw82Wxdsgg.jpg
172391,Khumba,/7RXXQxM4ZlmoiqQD053k8GFyegR.jpg
15300,Newsies,/5ajf5NllMaJFemM21WQDeNxZQ0F.jpg
29564,Smokin' Aces 2: Assassins' Ball,/4t8mSYKtaXGvaro48ci0ZMzVvbe.jpg
542,The Crime of Padre Amaro,/wqwt2DKcQV6EeSwXuYTk7pkLFii.jpg
9782,The Night Listener,/fNXIweKikMLedQl6Wks0PLGqn89.jpg
20616,Swimfan,/sHSRRxzBeUtxMosSqpCcBiGnPYI.jpg
3019,Dr. Jekyll and Mr. Hyde,/mZtQORzQWkCSqeeHApH6vJDA1D2.jpg
4641,Read It and Weep,/dyGWW7ch4GWPgdcShBnT7jnQ1uW.jpg
12524,Titus,/82mCeQoeT2C7h7vR6Ot9MQotE1R.jpg
128246,A Werewolf Boy,/r8nLI2052swGQ53p5eVVPuEzlAf.jpg
270919,Number One Fan,/rVBkZ5Crsk4SqN3fvtT4N7wiTOD.jpg
522417,The Scorpion King: Book of Souls,/mSviUMejPmerwoQxdj7wR4Ky1Fd.jpg
9709,My Summer of Love,/uVYbbw5hyxaU1yxa4cOokTC1HQ8.jpg
751237,Umma,/moLnqJmZ00i2opS0bzCVcaGC0iI.jpg
27130,I Walked with a Zombie,/uoyBR8XNxPQRojujtczfG1qJezY.jpg
176068,+1,/ve3e7AzvlfLDi2z3T05tCjYAT31.jpg
351454,Neruda,/uM7y94He4VCdKIVEoaaG8APFc1d.jpg
4772,Cul-de-sac,/vaKgOkt1O5rxCDnBqzlyq6rakDl.jpg
357786,Kizumonogatari Part 1: Tekketsu,/ebzbZbjGZodfs9Rcq8iaLDsthi8.jpg
327833,Skin Trade,/dfXB4ZKQRINdrY3xXMyLUJrXQai.jpg
785398,EO,/1MK86Vr2nf1GSYOtRd8pFvA5RM8.jpg
382595,Dalida,/fZx4PGZBXePgMmo0HyBcHPbidZU.jpg
3064,Chances Are,/8pnUGbQSXuYCffRCtkFaVA5SuVY.jpg
47955,White Dog,/2oU700G9pDwFt7px5GxOqDHFPfR.jpg
27899,Little Caesar,/1K3Q1tAHHA5Sdtja2pPALBQevA7.jpg
21712,Mind Game,/e5mV1iVcjg7nkpJrskQOnFCR4H9.jpg
12525,Critters 4,/w7AnAlh5wyR0ItcSg7CeFHDYONW.jpg
605373,The Influence,/xGUMfHIiEzuNVGeRAggLprzo1gG.jpg
50759,An Autumn Afternoon,/4RtWkqywkzxonlnGBwv4RpSw4Rb.jpg
1596,Population 436,/trEcuqgfXtIt06b7Tg1fkCnOHBY.jpg
42246,Tom and Jerry: The Fast and the Furry,/4pQhh5bU1KcUeXqPOteWsCkNZPK.jpg
17358,My Name Ain't Johnny,/mKDKutX0bCvg401k68U9Nt7EG0y.jpg
25523,The Ghost of Lord Farquaad,/6yyGjJ0Og9LrM9XQ35quIhZpZiQ.jpg
354279,Charming,/jBkQjdlA1EMD2zSX4WLHDbxs6vX.jpg
77365,Into the Abyss,/2ogmMOC3B7A9vSUseh3f5O4CGA9.jpg
257087,The Veil,/e9hB3QrBIUDSHCmwbceVxVgLRqv.jpg
528985,Assimilate,/jbMZEbL9FuhvHOS5Yivz5Vwbbhk.jpg
9917,Waist Deep,/xBshLPA17Sbq1AJEACpkDLnRvPd.jpg
21309,River's Edge,/bT68aKa9d7zDF7Z8MaskbWBRqzb.jpg
4180,Three Men and a Cradle,/3TfJL5jbyWFUOe1NB81iI8w7Gct.jpg
37606,Valmont,/1RMlSIehoSNpiieqoHv7GQwPYqT.jpg
671318,¿Y cómo es él?,/561TUe0s63tKVMMj9IZznGNoWLH.jpg
13020,Enron: The Smartest Guys in the Room,/zezeOElCxlPui9SFGj5ToZ4W1Nh.jpg
432527,Padmaavat,/qrvHfnVbx2FLCB5lfhOPnSzg6mS.jpg
11490,The Child,/dk7ZpsVKLt2nwjQZZIde0WP4oQV.jpg
259963,Boulevard,/pURqIgBlaYpU0gJkxyCkhSF9pri.jpg
16406,Dick,/dJrwdIBbidBeb5nvke3VRKyoLYj.jpg
177271,Lego Batman: The Movie - DC Super Heroes Unite,/7nezWm9gOsQPKfbHkUiB8R4SSZO.jpg
4997,Wonderland,/mfG8S7D4rYeVqvTzjc3D36PAK3R.jpg
433356,The Ottoman Lieutenant,/c5E8KTDuGNdF4Lmv3OhsQ0W1zPw.jpg
56589,The Seventh Company Outdoors,/uJ2K5ghTJHnD06EdmGhxEV1YuY.jpg
832277,Four to Dinner,/bVJLLHO7J6OiMC2LYujbF1N6fzP.jpg
886396,Batman and Superman: Battle of the Super Sons,/mvffaexT5kA3chOnGxwBSlRoshh.jpg
12259,Sholay,/ya9bwgqA4eNl5bQ9QqS0jcmRoBS.jpg
520720,Kim Possible,/t37Xa74GFO1R3kebocqSV4hFrPO.jpg
8583,Dangerous Beauty,/hex4XP7pkTCs5sLAV7q1HWfVDHl.jpg
351694,Monkey King: Hero Is Back,/lTaRCichc1Ogg63ZMbf6bVxVypk.jpg
177221,The Battery,/nI7lzx2t4UPfuqhunB5bEVymOOV.jpg
14059,Snow Buddies,/7eOFi6eVxbbVmkDg0f1lYsUO4O2.jpg
34065,Pokémon: Destiny Deoxys,/uEeLCGLIXH1ElS53hyUQInJB0Ub.jpg
380111,Flight Crew,/nL1WhzLiD2nZ7ixQcp5K0z4eEB7.jpg
502074,Disconnected,/zJl49fQt6sjzmQ7AfdEaS3Pcjqc.jpg
296523,Man Down,/xOJIhK0YJLxUIIj4FUniAqfLfb7.jpg
447061,Red Nose Day Actually,/m7gBvNIXFwvuZKXd0CdbX9vwj5B.jpg
7290,2001: A Space Travesty,/jNCvJuLbHjvXPvyOubbaa54ArvH.jpg
586764,Welcome Back Mr. President,/1UTKYM1MmcTPbcpBvxmpyNiN1Dk.jpg
282069,Parasyte: Part 1,/lNzCFguC8wEyJWP89ewQYK8d2nJ.jpg
505063,Await Further Instructions,/afvi5tVi5S3Ux9faZaI32SmPRkj.jpg
9511,Rabbit Without Ears 2,/78sJ71JewyFX50O0pSSEpmRPidR.jpg
604872,Skyfire,/dDf8M1yMwvBVe8VtOKxCpOog8CF.jpg
216919,Deseo,/5nnco1q2lZ1uc06TcHrTU4JVElu.jpg
15035,Fire and Ice,/iu3JlLPOk5RUXVJpifkxv9739oo.jpg
614427,Three Perfect Daughters,/7M9MRi2N5Pen1C7HX7Ii5l57bja.jpg
11681,The Two Missionaries,/v0Tp0mseXNrxWjGKLyI2Pm5hb1u.jpg
12639,Return of the Seven,/xO3cPFFzXa7zZ704dOwgws5duFK.jpg
795811,Wheel of Fortune and Fantasy,/5L9IPUqYZKXvM03XnUhM6OWenEH.jpg
109584,Broken,/cNeDPyJdeV4Gzs3TcVthM8AJYHW.jpg
16028,They,/nHG0VOW6o99tP5EACtKTMADqxJQ.jpg
338729,The Beauty Inside,/xlFdEcJs4a8YHHfY9s0mPBrLZZ.jpg
14849,Dead Like Me: Life After Death,/Ar7uTVlawrZRmLad0TrgkhxsTGP.jpg
15045,Fat Albert,/lvj7j4qppMRtizepOZgmZ9Td1BN.jpg
146304,The Best Man Holiday,/i4ecMHJQpclIEr4mh5uzjWr38GC.jpg
34746,Death Wish V: The Face of Death,/8Xa9unAVdyktjonPQpMVcvEZhye.jpg
110552,The Protector 2,/yViXclzp3OE3hWm4wJFkmiCsqxs.jpg
16390,Scooby-Doo! and the Samurai Sword,/qJ0UlWWrBn2fnAg4SifTJbDUuaf.jpg
14174,Lie with Me,/qG2KYlTxTZbKcXJHMe1OG7aI4un.jpg
457915,Superlopez,/7doCBDNnEITiRg4LPI7wK1jdb4p.jpg
12232,The Thief of Bagdad,/8Fs29JYTOkDluTXgbvLRIaps6PO.jpg
42442,Christmas Holidays,/gk7NPFDuWt3aiXBqu7CdAibSHxX.jpg
30421,A Chinese Ghost Story,/dZx4pIrvACgn3VeditbPHRoOEnr.jpg
141581,Nous York,/83W0Q8P6vzcJ6oKnVVKVfuxn5f3.jpg
339116,Maximum Ride,/9xMMUsqz7MxQUPToJqhfYAebQBo.jpg
52286,The Student,/tDx9zW0Edb83qh9PAGrgP3Zh9RP.jpg
164249,Santa Claus Is a Stinker,/h7O7kWl1MoSOFrnUAJqhgR8ZE19.jpg
9841,Rest Stop,/1qAQWKjfAgxQN4atIMWnssBWHOf.jpg
432301,Chappaquiddick,/kkTD7ufZd7AqAnZP5IMnrQXKRpM.jpg
12710,Big Business,/dxbXbR1P44caMUKtBdq7sX6aSgw.jpg
19178,The Trip Across Paris,/euq3YhkXJgsDlUxid5cTInsxnqh.jpg
13581,Dead of Night,/oVAlugIkLCkyyXufNDhtr5kl3yB.jpg
3084,Wuthering Heights,/tA3ZaItWqhoruqhvbnJM4WWrHfF.jpg
399725,Ideal Home,/bmXBT2uL4HQGimyfy5iu4ESnEaJ.jpg
10857,When the Wind Blows,/sQ7CgHdDcKnnzhCXA7wC2JVL7qq.jpg
916405,The Quiet Girl,/kc6GM4gThJpXHE28MuLofDOmRLJ.jpg
460555,Operation Red Sea,/6ctXBO0o5fKQvGdSJsPc8TAYCvp.jpg
893370,Virus:32,/wZiF79hbhLK1U2Pj9bF67NAKXQR.jpg
709629,War of Likes,/jpdWHOu6EJbYnLXLCA52h82nLEz.jpg
367999,The Last Will Be the Last,/weDnBRhQkI1OFMlBPtQhrJBAzmp.jpg
533992,When Angels Sleep,/zikvJ0XscL7vVeJln0ZagGXw5wY.jpg
1682,Mothra vs. Godzilla,/y49vvM03gpuyhpyMc1f55VrNkP3.jpg
9459,Woodstock,/8YrHSzR89PZxIhF1a1ZVhQX7OlJ.jpg
327040,Bang Gang (A Modern Love Story),/1F2SDyc8eZVqbZZo6kORJsfGcyT.jpg
73454,X,/nvU6uTwSpMpitM6mnuYXb1LgxxX.jpg
11065,O,/u8mFQU3YwNvZWcATncaAHUfEEMr.jpg
9057,Terminal Velocity,/jmxE6kKhXaqD2ZKJQO8FYDaLgQ5.jpg
592807,Papicha,/5SsvyPphkVkByyh0pfzLe00CC2S.jpg
13910,Death Defying Acts,/j8cw8NK9zAqH4dxbepBCgnHkc52.jpg
22728,L'amore è eterno finché dura,/ijW1rmBDMlhaSYR5iO25pPnbx6s.jpg
30127,The Invisible Woman,/kcmKSsjIJFHgvOmP0bkst8odCHX.jpg
452557,Wolf Warrior 2,/ophb3WpBZz5oNLoUbOTelvIzeku.jpg
14613,Next Avengers: Heroes of Tomorrow,/fpG1NDbcLV2a7c8X7LC4FPISBT7.jpg
73588,The Caller,/4xhuufxE28PhQrUUoUe1TYg6oeU.jpg
833326,Zero Fucks Given,/wLZ5jijVpOxHuBLmsICKLXwlldu.jpg
21301,Barbershop 2: Back in Business,/n4sOe401udZJWJEOvKvSs3peZcB.jpg
228202,Meu Passado Me Condena: O Filme,/gWakumkwCwcsnVvAW7I2gCgQpcT.jpg
396774,Bomb City,/kho48mWJ5xuiLn5bpuIvO6ZP7ep.jpg
534338,An Interview with God,/d9TeB8VLCgwSph2OSYK3lcHGf1f.jpg
206192,Perfect Sisters,/c7JoUa6DDoHkR5ubRdCgnpwGUE5.jpg
11420,The Corporation,/aN7LHIKHkq6x16a4pXlaiB7PHiP.jpg
1000492,All Your Faces,/ptJWIUOm3aA15rjz5SJJwS6WJU4.jpg
439152,"Like Mother, Like Daughter",/zfVl2DoBJV2ymoOF7iQ12eM4sUR.jpg
681580,Cross the Line,/pmHAw2vTYN3t5DezIAvIiZ7yJuZ.jpg
115283,A.C.O.D.,/iU5DZVXV8br0dnYl0ngu1Ih5WaS.jpg
698128,Dual,/wDEse2TQRiyfhdlusSXBdkDOQRj.jpg
28302,The Swan Princess: The Mystery of the Enchanted Kingdom,/wgz5mA3FCjWZUAxNuUI0UR69CqG.jpg
319995,The Club,/cSLJxkNyKLnfNtyR16bzlHKBQW7.jpg
8319,Chapter 27,/lfbG3mAb6mf0jlbMdYgkiDi2IqZ.jpg
11863,Jade,/lPkDrz6e5DWkKailsx3mIjtq0GF.jpg
13561,Murder Party,/gzwNjaoamQ8WMuD62WTfu7NWoA1.jpg
436459,Almost Friends,/uJMknKxZagbhAYiiMjEaFnsZzRR.jpg
22414,Postcards from the Edge,/uF7bO5UcenRgag0jpbVvKsGyfBK.jpg
759054,Rise,/p6FMYJSc9vhyqzMaYOC8yPS7aXQ.jpg
105965,Beverly Hills Chihuahua 3: Viva la Fiesta!,/fK3U8xulldz6lhMDuz3LFB7ngWH.jpg
776328,Marilyn's Eyes,/thHmfbg56EDMCTmjEuz6Xo5M8hV.jpg
292141,The Right of Youth,/h6vYk7wr6LchgVK4vdF4pdofVcK.jpg
778855,Chickenhare and the Hamster of Darkness,/2v6f1EqTo4FUxVT9MDXpF6158AX.jpg
553600,Promare,/cCVRivpiVUJ4Wn6gHm8pLXppXla.jpg
848,Dragonslayer,/dDRK8lbFSt2M3UVDvdG5kMSJUjt.jpg
44012,"Jeanne Dielman, 23, quai du Commerce, 1080 Bruxelles",/yeL8c24oBUQSdms8f7GmRvx3DIZ.jpg
9710,Allan Quatermain and the Lost City of Gold,/fz9QrK7OF4EoQbdSO8KSPgJWiZB.jpg
11834,Jabberwocky,/kprcqmFxWPU45L1ZnMXO5yPPMVA.jpg
557336,The Plagues of Breslau,/1m68XW6wipfFTRAjg8uELn6iqNX.jpg
42726,A Man and a Woman,/qly34Guu4FX8up8ZwQjxwPiDKfr.jpg
449674,Louis C.K. 2017,/RlENlbNxrqsWfdEDCSXGWWvWTd.jpg
301334,Una,/xvEhxYOHf7eKzLWeorlyrg3Dpru.jpg
13200,Red,/eCDOdRVL4SQcUJWA9SAOpTeggIx.jpg
411840,Surf's Up 2: WaveMania,/wdSX8enQ5uEvNLQ3yXTnAVGtrCy.jpg
25678,American Ninja 2: The Confrontation,/4a4pASHNv68ZhfKJESekI2b6Dse.jpg
1010819,The Little Guy,/lPzcizL8PdS2U1q0rfhlVn00b9l.jpg
25504,Shock Corridor,/7jFI7GdduTss2SdgApcsiWtU5gA.jpg
10845,2001 Maniacs,/y2jZOd7C5zWEcFKJWlYkmf5eUlE.jpg
13411,Malibu's Most Wanted,/bjYuoz2S8S1AED5QIMvmAi21drc.jpg
245846,Strangerland,/Aqx7cDELYw5ZEZkS4EhyjnXXBV0.jpg
23282,One Week,/43KTefZOLOaXw4Rbywn3uu8BiJn.jpg
10854,Wicked Little Things,/wXymWZpjkeHUIi0G2YZYdcO1OH0.jpg
767304,Redemption Day,/y1Tk1LUwS3nRlugiXnag6Bu1ToG.jpg
19268,So Happy Together,/2mR6ItN0WEGnpPmM3xFcgHkTypQ.jpg
366566,The Roommates Party,/7goX7rZQNX2cbYxXAiVM44fhVVZ.jpg
12663,Red Scorpion,/vzLQeJWGIKBQldk3HsAea5OFucI.jpg
12890,Smart People,/igIl4RKxOEYvhQGKCvM6vCRMiVm.jpg
701,Our Hospitality,/cAEdL6RzfDSbPO51izl01Njzikx.jpg
369202,Lake Bodom,/3PZThccJqH2rlkIqaiNWfZO3q2y.jpg
34311,Sleepaway Camp II: Unhappy Campers,/q0PoNzcPYX5FuMKqSUdAYHWsPSG.jpg
207769,Banshee Chapter,/oJ4L2pbH2Uxyi3g5yla22mM8NBg.jpg
72890,Girl Most Likely,/6chqhaNb2TwyaMeknbThUzziPWq.jpg
28761,"White Hunter, Black Heart",/6nGnHhGyaAfhkSH39gBHlFj3O4q.jpg
353066,The Vanishing of Sidney Hall,/e8SJJEliAK9g0EG5agPsbxWoWoI.jpg
1283,"Torrente, the Dumb Arm of the Law",/jKWm6eO4ixba1orKT7idx5FJLrK.jpg
18874,Ghost in the Shell: Stand Alone Complex – Solid State Society,/tExdDYmxqv30rtf2dMkTAVpzORf.jpg
14317,The Wild Thornberrys Movie,/nmWpcUQtWHC4kjVCygiFEDR1wCY.jpg
29514,Two Evil Eyes,/zVWaQfaSZ7AWE0XqbMT57szVmXo.jpg
12186,Defending Your Life,/pkNIdL0fOENFBq3DdTb0M8FB26t.jpg
80518,Fullmetal Alchemist the Movie: The Sacred Star of Milos,/7RvBQOTZGhCoPvLiF3Ugp2Q94Ux.jpg
20993,Brother 2,/t332zXLKACkURsmxglgoAvkUt6S.jpg
425148,Show Dogs,/2dvxCBUfDG2cAdkA921rERxhtcp.jpg
31662,Affliction,/hNu8ePwoRyXDQxhLY4iurCVXAQs.jpg
24016,The Sheltering Sky,/pXt5tuvnYrISsaNi5kEQOOJhTXn.jpg
877957,Drifting Home,/iNf1wC8cK6e8zgNyuMUqWFT7Din.jpg
50253,Saint Seiya Heaven Chapter: Overture,/h3z0ymRvVAFJRFg6SS8I725xoZm.jpg
14097,9th Company,/yKPr5DbUZRPsdT1gOhUnTVsnplg.jpg
14170,Funny Farm,/tW6LGDEZrJpLbvEGkHk51MyQqJC.jpg
62395,The Miracle of Marcelino,/nuG0fflMePgEZbdup0p8zcI3a4W.jpg
1994,The Most Dangerous Game,/3aNlOIFlGOnIzxqvAWpgm5Sly1H.jpg
9389,Renaissance,/btM2H1pXnudIALp4p6MnTBboRAN.jpg
12395,Thunderheart,/fuzcjMyvatISuSvvL4feBnWownl.jpg
164052,The Strange Thing About the Johnsons,/ac2GXs7rJ7eQBKcvjRA3VDSNxA4.jpg
27526,The Crossing Guard,/kogaCIIylHmWQo2gJrrdq8Br8b8.jpg
17496,Urban Cowboy,/2uKWi1Hb6yqkmOixRgKVwrzxljA.jpg
11588,The I Inside,/6uHG4HpORiTVq2PVT6s5nzvJGzh.jpg
60203,Il pesce innamorato,/xJcdQeK3TjDStQ4M8BO2pULA7KN.jpg
16820,F/X2,/dxfR8JnfabPi7YUg4PFsuAa7geW.jpg
504585,Little Joe,/q4VMyavCoXxN9U8AONE2YryQDVz.jpg
51191,Guardian Angels,/rrOC47OcekS7yJeunU308iY0tdH.jpg
74726,Juan of the Dead,/kjcDkfERqIjS0OlVXF4ZUfWTITS.jpg
262789,Ti ricordi di me?,/orh376dzcysjMyDcTFswYs5a03J.jpg
17774,Derailed,/fdSKmy4cfFsYNNFOrQYS4hxtj6.jpg
563741,Amici come prima,/5cgTrsEKJ0sn7C2Vw6YTg6HTGhw.jpg
684700,Athlete A,/jUVbqKcDgcLSS5s4UV82XUkMKlU.jpg
78571,Being Flynn,/wL16oLapLVGK9MDdnkvgM9BioXC.jpg
286538,Bokeh,/cedeEgSeKpsFZH9z9LgWbEqILlW.jpg
575463,Mama Weed,/ykXCevEZyEjiT8dMg8a8DDPrN3e.jpg
408238,The New Adventures of Cinderella,/DWGITJaKv6N2BVQFno5BDWlpuz.jpg
2610,Shopgirl,/mEpnYHytC1MuLECf4N0g4Xql2t8.jpg
15592,Beaches,/vol5TCGHDbi8r0yo0TrIGFiGxJ7.jpg
84226,The Day,/zNFCkFmgI4Dnv3UpC0lLM7jWhYU.jpg
198210,Evidence,/zzn5LpCBVz0f3zBnthFo67kRWS5.jpg
98622,9,/s2wFHOqAkR50O8AZmztNMLjiy8O.jpg
8266,Female Agents,/drOSLa0lNoitjRyku7wBgf6bNyu.jpg
624060,Back to School,/27YETuzpqIcfzlSZhvQbKPLxrTn.jpg
23954,Atlantic City,/vOc2B27bR7CtNKq7tL4RAsiF3WP.jpg
11936,City of Women,/hSX2YnpQebGlw5ljNlr1jnNSt5q.jpg
13963,The Last Waltz,/2K7CFH0AIHnGrA4yQjPCoIB5CmQ.jpg
395763,In the Shadow of Iris,/tzVLPSoLfs0U3JHeGW5RKvsRAO.jpg
16411,Initial D,/6UfOCbfmhyqdjP1zzRFmbiPCViE.jpg
26610,Insomnia,/k0inzQmt7kATmAGns0wdfjiFxSu.jpg
121828,Beyond Outrage,/z9nPRD7PIx7dE5BqbYZKVlQawHs.jpg
747059,Burrow,/zkQcHvMc7gVG6OWVotVLDeRkrRl.jpg
24106,The Black Cat,/QTH3dkeDGTBRBmsY0A7STpsNN4.jpg
560008,Minamata,/6g0EMgBSokRRhq51jMYPju0Kdrp.jpg
517764,The Farm,/7nPMR3QU5vl7cEmB1LE6O6yliCg.jpg
645856,The Seventh Day,/dtt2dfMdmlCcgaJZkPPQsIY5oR6.jpg
13633,Bad Boys,/5nHZ3wflOifKJMUcTCw0isKhmCv.jpg
11807,Jab We Met,/reEzvhfp85DTapHSPRzBULCXUuz.jpg
36727,A House of Your Dreams,/qEVaCeDjB4cLdkQ0tZegdPxMXg3.jpg
345637,Sanjay's Super Team,/mShcGzOctlq6zs33UdrCdAwZMGq.jpg
57120,Meek's Cutoff,/p9KtUAD6ltsTkKWeXuqF5GmX7f3.jpg
716594,No Man of God,/jJzmSlNorOu6yvHSjXoF0bBcx17.jpg
915931,Revoir Paris,/vlTaYOmHKr6r36lKkaHNumnFeOE.jpg
18410,Project X,/l8Kn2o7xjP2Zue5o2KCIcH0ZZio.jpg
371865,Slack Bay,/7P1fgJAuKxzFCgEU3B3YS9c4Oz.jpg
16723,Sugar & Spice,/3cW8rC0UF3rj4kC9C8C0g1a1Ii3.jpg
409502,I'm Not Ashamed,/P4bxuNq5XT0Wc3MYpoLP52e0P6.jpg
425703,How to Grow Up Despite Your Parents,/sZXTB2E1LGhBNXahaDee9IUqfXj.jpg
26517,Martin,/kZMyVazoLcwqF9hCX5nNjb453sd.jpg
11354,The Upside of Anger,/UdLPKVq6Cfw7ig1ancmDkclfZg.jpg
13715,At Close Range,/z4gAvuTvg7nyJR3PW6S86Z7Lrte.jpg
694256,Caught by a Wave,/j9O2WXJqF45ynkng4SAsZ1h0OCt.jpg
826769,Rosaline,/jQHrbzVy6ptopxqUohV6PcmmVcY.jpg
91550,Violet & Daisy,/aQawgKvHovftR0Ues1tlYrxLEWh.jpg
20283,Breaking Away,/k7b5GsVJK1hfdwoYqcczN9pBba6.jpg
118628,English Vinglish,/ccEVR8sf18psGH5daio9y7OGu93.jpg
258,Bed and Board,/s9R5wKbrB9SfOG1FzbICbOsssX8.jpg
611698,A Writer's Odyssey,/sMLOkezoaVuN08QiqJZ5aL8t73G.jpg
34996,The Addiction,/1Yy8H2tKQ16mffLFRfxcBHKBdyF.jpg
31414,Satantango,/y38z0v4HJ12MHiKddLEoFlvPiBt.jpg
659991,Made in Italy,/dKjD3DTZjRI3Ipkf7Oz5zAILnwD.jpg
17501,Don,/1d52h7aDRlc5IPUFno24XPNT6hA.jpg
67,Paradise Now,/qWZkYa8VdcDZk8uzRB2PfhpM9IL.jpg
594188,NiNoKuni,/ud6YOdHjRFFJInlpwpPRr9bFOFH.jpg
46326,Port of Shadows,/6uDVpuGN20qaBfGkP1qhnzB4CvX.jpg
844417,Marlowe,/vjAMj81oYBryzGBhJk4gcK0M636.jpg
273641,Jackass Presents: Bad Grandpa .5,/4FBfykfsiFHp3EPlG1rH7S5XwF3.jpg
527246,How to Get Over a Breakup,/ngKYg4hgBlVvjg3NF4Z4xqArT4Z.jpg
42979,Robot Chicken: Star Wars,/h44WN4mVJ6wEpJgLaaNoFjv0NAo.jpg
39266,Triumph of the Will,/hyXCugoQzJ85mdrdz4dboqP8FoX.jpg
592739,"Cetto c'è, senzadubbiamente",/iftgDEhIhgK78BfRvuO7UmtrUz.jpg
12520,The Last Supper,/oIgPiiM0qD1mCo1SYG3Sd0vmKTa.jpg
38884,Land and Freedom,/u5QRqW0vFYMHFzeQJ4oFgJtu5Xp.jpg
782760,COVID-21: Lethal Virus,/5z8wVwHtFXbRWP2dwVPTj9906HS.jpg
247182,El nino,/cOSAcaVdqQoyX7VDigjAy94mMaO.jpg
11240,My Beautiful Laundrette,/hfGWxrtbRnxg19ouEYBtQKtMZcN.jpg
566076,The United States vs. Billie Holiday,/vEzkxuE2sJcmHYjXQHM8xvR9ICH.jpg
671583,Upside-Down Magic,/h9vTJ78h0SASYUxg4jV0AQ00oF2.jpg
25649,Bad Guy,/2gI1b0kHperlUjC4EE34mKJBGI6.jpg
10263,Tamara,/qvwl9p8UOKeRqVZaVCukFKj9zkf.jpg
1010820,Groot's Pursuit,/z5AQHYTTx7DzG9CRd01ny9DtqNE.jpg
109729,The Canyons,/5tZR5o2KJXY6UGxoCsuCmZqROwO.jpg
667276,Legend Quest: The Origin,/fR49hZdFJ6ZtRS23JW79VYmZgI7.jpg
500634,6 Balloons,/aqSQCTtehs7bF8VhpnAtrP5yUo.jpg
8349,The Red Baron,/lUuryram6Aoa11dCgoXohR8avjU.jpg
330070,Terra Formars,/z1A7bajfwadBi5eAgXiWDMpY5i9.jpg
523849,The Last Sharknado: It's About Time,/uvMjNLot0dG7CX4HZPme2WDkMmE.jpg
10563,Three to Tango,/z2EhRgWvzNa2NgoX0uModV6mEb2.jpg
4251,Veer-Zaara,/7rc8qXMjMcemhVFjKP2JWCS1Wpz.jpg
629017,Run Hide Fight,/wlP25H14OvKoFORIwuKomZzioA5.jpg
291081,Red Riding: The Year of Our Lord 1974,/1MGUwUFkcAKawdsT2q88Sdo2vv6.jpg
472338,Victor Crowley,/lcZtqUStEvS9y0bFZrO80oIUhJk.jpg
12400,Redbelt,/tjLKe0QCGgSrvEd41Z4q2QpSoJF.jpg
760517,Love and Leashes,/A3QOfTfkNcGKn2UyUqHDDFyjDvi.jpg
712150,The Speech,/i2G0QrM10xCkrJmzgky53DlNjn2.jpg
40180,Fear Over the City,/8CcUL7PClY9anYKqth98ZMOtQiw.jpg
261375,Flying Home,/sgzekfyPgfdNxNpFZVcXec9FzcY.jpg
574097,Oh Mercy,/9cuwZeoUXKDTSgVMilco8UTIHNh.jpg
460071,Lizzie,/z2iuBcwznen3kC9z4LeOzBSz1BB.jpg
419504,Religious Place of Worship,/aQH5sSmieXLOmil1C6GbyNC1VAU.jpg
32593,Snow White: The Fairest of Them All,/xIjplbyfFDbHsN7ZK40klO5nnUw.jpg
503752,What Keeps You Alive,/iHrNKFoG3XOy5oPygR90TR5nfJt.jpg
411135,Future World,/kMA0IalnEEa0PaHRUzzjpTu5xXQ.jpg
518671,Shéhérazade,/zW8XIlWjND96WCMPwMZn1z9PG0K.jpg
300467,Dark Was the Night,/xSC7sWXbafOCa24itOHTpKXwOAV.jpg
436391,The Battleship Island,/7Pn9IK13JHhB7vS5TSgz79cdLra.jpg
44351,Rabbits,/7HAGwm3IoiEOx5pqG6acHymZgoy.jpg
38537,Nati stanchi,/9pfmKsjxgWSGflGuVDXXZn46hDp.jpg
21733,Dragons Forever,/1LC7DKzV3Q86hKkKqaK7w3YDULF.jpg
16084,Freaky Friday,/8kHZmN4Ao70LTgaiUti23Zl7fFq.jpg
14135,Bad Boy Bubby,/tiMSLPRmLPbpA9RnJvLQEwPcO8X.jpg
12583,Ginger Snaps Back: The Beginning,/tQ17krYhctcHnnslqq90zzGkhg7.jpg
595867,On a Magical Night,/l44RScRCr5AJJtonRatFgmOFRZ0.jpg
250,In China They Eat Dogs,/zuKjvs3IUvdNbMwqcfdHCGeyKt1.jpg
880841,Abandoned,/cO9ywQ2AMHM9EoBJsJGH1Gl9U5L.jpg
505,Johnny Handsome,/hdEIkpL17rvfZH0l34FJ8H9LAa.jpg
15668,Xanadu,/wVgCNOMJpffFrpkHL9E4BKD6atE.jpg
421471,Flower,/xYTI11qFnmx39LRhDOsGEabfqtp.jpg
9699,Trail of the Pink Panther,/l2Gv4I8CN28aflcqecPgb0NKh63.jpg
63555,Leap Year,/xTrMFL4WWaK0vWwlo8lnJbJsDaQ.jpg
11909,Bullet in the Head,/zavndxcuSfd7OmeqxloMkrl28Oa.jpg
328901,The Benefactor,/rvUazZEuj1UBK58TIxXEsla2Phy.jpg
567646,Extreme Job,/52oLgq2gEiZyDjpJ7tgkGruoQI0.jpg
220882,London Fields,/7OfQVm5GexlAREp8FoR4ILxp35T.jpg
79224,War of the Arrows,/1DKpK4W59NpZcZ2eK2BQLZr6emh.jpg
4789,The Garden of the Finzi-Continis,/1X9kYcsKvoI3jwINGYT3psebxgN.jpg
605286,Si vive una volta sola,/kwY02cxp1HnMkb0uCm1PKiYVgzc.jpg
10575,Heaven,/xPdtOuGtcQt655uRrmIdBkSRmVx.jpg
21521,Project A: Part II,/oY6wOuPmeeDoKjPdPlMwwmDCYmA.jpg
27932,Airport 1975,/8OTgJtvqoBsJRH7agyzi9ygyTCw.jpg
415214,Operation Mekong,/wghFabaZgRorsMQWuPtKUlzq4W1.jpg
300687,Same Kind of Different as Me,/bHh5W7YuMorc4orn8DQ6c8YEnBm.jpg
99367,Date and Switch,/ieLOyHzoJKyflqGdfj82S1MMm5A.jpg
252529,Another Me,/ryGdE6W9oMSKSRE0CSaHActo4oh.jpg
489939,Daphne & Velma,/zG2DHbo2GNxSmcFWqGkAPgS6hC8.jpg
339927,Kevin Hart: What Now?,/lFg4tx0jAYkgrcm1bPBlM0FbQvH.jpg
537681,Giant Little Ones,/j4U3nFK1JcvfCm9SyBta2g0eTwU.jpg
548537,I Am Jonas,/3UwFTMoxyOIbuzaxhB205bN2oxc.jpg
12235,Jagged Edge,/wHYjo3NLc293ZEXVSGhRIUr3Iqi.jpg
631132,Goblin Slayer -Goblin's Crown-,/oyDaF4za9C9GxfYSyZUmj2aZGJT.jpg
258086,The Damned,/jtTlnB7jOfEBiK5eVSLUMWR6aKg.jpg
261037,Miss Meadows,/fpYXvWGKPwk51UTk8hqo0qE13qk.jpg
355193,Devil's Gate,/t30xW4QF0MlFwiyVokwjZuZDRYe.jpg
45272,Country Strong,/rVxUlUXEXh4VQUqAUOpxTyzG9I6.jpg
23446,One Piece: Clockwork Island Adventure,/yVr6EHUIrYpxRHACWkJoJTsFJX.jpg
8854,Steel,/hbH8oXJZPwcYxaa1JrUMq4ogg7G.jpg
9092,Snow White: A Tale of Terror,/qoFccaw3SVzIFLRWAacFE3cyiig.jpg
32600,Seven Chances,/fH9woIxzqVtyv6S711vSVlS12eA.jpg
16559,The Picture of Dorian Gray,/mfvcsmAzdie8YuWI0JpO2u1uzfF.jpg
50845,The Clink of Ice,/tG0x1kQqtCeo2eQ6fr2GCenhY1m.jpg
18503,Caterina in the Big City,/20YWJFpf42UxcGUgXimyLrP6A5E.jpg
8988,Stop-Loss,/hsmZcNzPGnZwRgCKAfIr1JngYu5.jpg
255756,"Black Coal, Thin Ice",/3vVcDI8r2KOcsBFwu6Kyx6ntmqp.jpg
321494,The Man with the Iron Fists 2,/n1U7x2OMsyI28auLY3U9XB3udl7.jpg
79896,The Revenant,/bECzzYkRFlCZZAjQ9wboMGyWFcL.jpg
496967,Atlantics,/8lvXZaJ1Lq1RRxSxwkKo0uepvX7.jpg
515818,Yao,/h57d4pTIN4sWhbKz1mcIkW4PPmp.jpg
451646,My Son,/hKaaJ59TCJjvqChvyChcU8LktPM.jpg
408537,The Distinguished Citizen,/bH63pZizNIJoYCE6kkVoj1lzkK.jpg
18172,All the Right Moves,/nJb52AhNkctIzJWQc7IFYvyL2oe.jpg
8291,Poetic Justice,/6jE7Vzh3edBQtbbDcF4AC5gMX2g.jpg
454615,Black Water,/tIcZAB5AmRN8fIDXfDZ2aUok9qa.jpg
37793,Ghosts,/yR5XSYPx6paPLPWMcPUHJBm1Vpb.jpg
44933,C'era un cinese in coma,/hzFFl7CPRIpOhj8mxgG9KCvKD98.jpg
6346,The Chamber,/dHwB9Fn2uBEkxkMZZxWpxMGrhL3.jpg
2321,Married to the Mob,/3mHFwDuix9eyEAXsQRxgAqA1ZzX.jpg
15440,Cold Prey II,/bDLIGTF9gGbnyJOezqJJ7VO9dv9.jpg
41556,The Romantics,/cgyXubpBzHuXTGu8gnBQ1gUrcNY.jpg
10955,Ripley's Game,/1SoBJ38aCfvePgMAneeZYvmz9wB.jpg
34193,Magic,/edxr6rPbpLh1V6dTiMIiyHNKRi9.jpg
58626,The Hit List,/tR88diuLaMMdxl9rBVdAKERzIjo.jpg
977506,The Crime Is Mine,/hcvhE2JWsidOxHL7yXk3MXs4vyt.jpg
21752,If I Were You 2,/6s6rXeMG4OIoiAK1lHLgst3mHqW.jpg
571473,5 Is the Perfect Number,/4ogeHK6bHctmkJ4y2Bc1fAIEed9.jpg
14556,Anything for Her,/e8iom9xZi9bE2nN2TTYp3efyqvj.jpg
6948,The Woods,/lQWtLTy7xBxXx1l89sSQRfplHXm.jpg
20083,Shinjuku Incident,/8zWliijoTsk3kUdUJpbjqWgV617.jpg
595149,Death of Me,/8F9xUvb1JMWUMkFV2Yq3aiueAbq.jpg
360737,Center of My World,/6gXgSBF3baQsHqDuIcuEzWt71Gv.jpg
84336,Shadow Dancer,/ihkceEMJK4XtHXgw97ggsrE3ExP.jpg
369560,Drunk Parents,/AbcqkOVT4KrWWhoT18FzZZ73Puk.jpg
8816,My Life as a Dog,/eVg9IsX2HtR1BNYH0UAhF4JPHi7.jpg
31150,Intruder,/3yyhhC4JSwOduRTKX0XEyoWq7eL.jpg
51925,The Under-Gifted In Vacation,/a46lJ3NnGnfpZ98p7e2FcUqliQC.jpg
18094,Anvil! The Story of Anvil,/rDrMuFaWBKwjwEnw4C06Sm97huY.jpg
10187,Swing Vote,/590NPZbaL63cDkrRFwb5qOwAqqm.jpg
69335,Estômago: A Gastronomic Story,/rGflgw2phz4pTvTDsZPq80OXsgA.jpg
298722,Soap Opera,/iS3O48HOgusJogsh5d1dtvLG4bR.jpg
68818,Blackthorn,/3QtOCerjSPkS9fo8IBwDr7qAwoj.jpg
90125,Marley,/sL12SuW486PvLQIboVJOMx1AsmS.jpg
451751,American Satan,/hM9dOYWPh5pcQ3ruFXDayXsqgHw.jpg
425700,Un Natale al Sud,/zZMfOhwSUXNAU9x7GxVyRiXXUsu.jpg
470333,Hearts Beat Loud,/h1wKptD8iXJbtAUSz9OlXS3q4Co.jpg
88018,The Skeleton Dance,/mVqE5oefscQemNFojie8CvDzB6Y.jpg
570503,Tune in for Love,/3UPLFX5GFtSR61rdy1ck85lfbrV.jpg
10939,The Return of the Tall Blond Man with One Black Shoe,/vhcOXRmPcUJHcM21TuMWddCnu2j.jpg
298459,Next Time I'll Aim for the Heart,/dmmMRTzEBukaVpBSoda0FjMX6mk.jpg
27814,Brain Damage,/nNJbQXlut92RIpcnPyoICzdJvJs.jpg
38126,Return of the Fly,/a6w010kxAZfr0wsW7OiZgvkMwtN.jpg
31642,Heaven & Earth,/hvvR7Yf743pc2E2F1VJ2dfZl7OZ.jpg
310127,Ma tu di che segno 6?,/gbZsl8pMedwgTfZrxbKZ1zZTmuK.jpg
27064,Mishima: A Life in Four Chapters,/4kIXsE4SwUjO0eUqpolsHNO5GLH.jpg
27094,Lenny,/Avhk4pGdz3YQrzqLU65icjnE6vn.jpg
30685,Blood Creek,/y2kx7UlkSmwyGbyN1dzm60tLvsE.jpg
299582,A Royal Christmas,/qzPil48p1urFnJX0TY03rNuo0Rc.jpg
11662,Casshern,/naIjHWfQFge69GqeehgsekwDkbl.jpg
13764,Santa Claus: The Movie,/9yrlEzsdT1kzeg8Tf6wHK9brjAF.jpg
11483,Pirates,/kPHxXi5Dn89TLM7CsbZUC13OBtJ.jpg
166822,Big Ass Spider!,/uW4ayPN4B1mjrwb3OURRy0m9Hh7.jpg
15641,Vacancy 2: The First Cut,/qp0xpheiKwK2ASjX3YUwDPVOzHx.jpg
77878,The Lady,/nAtFlDKS7VP1EQ3nGs8Rv2GUuTP.jpg
10350,Wing Commander,/e3p2vkA4mnFaBlyAIntkZWkzOJW.jpg
17911,Mega Shark vs. Giant Octopus,/cQsfCkWxK8j9MLrA4ydSMWB2Cpb.jpg
42172,Hardcore,/g6m9xBTAzxXVhdJ624s9BLK9o6.jpg
127372,Emperor,/lKcRXcffQM2KxNruljrd7H3gUe5.jpg
201676,My Little Pony: Equestria Girls,/zT92hPXA5X6ppKjnjf9VfU51aR8.jpg
15712,Welcome,/iC6LqtvuVO3Cecsn5PD2KeJ9Dvs.jpg
574321,Only the Animals,/wpnufblMIm1xfAZiNhrx7qMQmHR.jpg
883083,You Won't Be Alone,/45W9ViL5ilurSLVzBEybYXHrxEJ.jpg
298583,All Roads Lead to Rome,/usBaQ6oqSBcooG36ClRuhC3W7dq.jpg
644089,Blue Bayou,/a4xykTie8BOSW0y6K5u1AcmW4HW.jpg
445605,Slam,/2BJV0Q5IhyLk2nwH9zt9klVGoa1.jpg
179111,A Field in England,/dKhMJr8yoHVyvxyUiAeIn2hKVdL.jpg
623520,Z,/r7U6HTvhFV6z9bvIyPydJeVI3Ao.jpg
185008,Yeh Jawaani Hai Deewani,/em39H81XLCDgXsI7V4IcBZseEO6.jpg
256,Antoine and Colette,/nfP8J7pv75KOAliIM3RG7h6Zos5.jpg
9034,The Banger Sisters,/bfXXqz4yvsHnQwwOSa23ASUaGXA.jpg
153738,Frankenstein's Army,/tBDuUfnAyN2OTHhyy4xyUrU8C2A.jpg
31586,North,/e4JEG7dstmurXMUPOW9Jy6UDR9F.jpg
521007,Superintelligence,/podzoGfamoxObotrMMoH2WIc8nj.jpg
377985,Fan,/ukMYsujfyWhSeIBAc9hGEFEkrJD.jpg
12634,The Big Bounce,/x03suj1pUhtafDDqeXc8cFkDQ7n.jpg
602609,Good Sam,/kRW319DZakOxr4QYjZlZDuAkvZO.jpg
579792,Cindy La Regia,/uxcuX1Rx0wQQDSozriasW3M61vI.jpg
803104,Sex Appeal,/mpwXOeSSQdBjUpyQqf6YHYbSTFO.jpg
18316,Black Dog,/8hvt4L3EXWq3ANutok32ODQIGwV.jpg
423988,Kill Switch,/8K6pfMcT3hiIlCFw2RrHoXLshxl.jpg
20777,The Killing Room,/ntBo3n4sz2T0JwTJX3GGZ2d2bfr.jpg
9941,Down and Out in Beverly Hills,/tjormmQTdqRr0CkqohP0hHu4oah.jpg
14626,Beau Travail,/m3FaQ55Ywk0oUBDrBVarHOcXZw6.jpg
12594,Wishmaster 2: Evil Never Dies,/g3FXNYaCDFoQILCbYqFdv6V01ep.jpg
346687,The Water Man,/krupbFlSTnnKIjpRryrg2CTdeIL.jpg
377151,Fire at Sea,/fKZCS6IBTyGX7Sl67eMLSGHFsQn.jpg
955991,The Offering,/tbaTFgGIaTL1Uhd0SMob6Dhi5cK.jpg
894169,Vendetta,/bvhmqU6GUkigo6SSYL3ttkBhNER.jpg
736500,Retirement Home,/lLrCA0MaLFZS518fkaeMUavJOGG.jpg
26180,Excess Baggage,/dfKaCA32iSkEQiu37drvIAZWZFz.jpg
300602,Capture the Flag,/vHzwrSVDnu6Uza6GL0WYzkeXHS1.jpg
547539,Sweetheart,/mYK4DAFJ4PMLXxFyMPwo32xdUGe.jpg
56975,I Thought It Was Love,/klLPGlWdJWqAeXJhfRyAJOYzeEd.jpg
31582,Flawless,/fkwkkUnaTmhaWt2OGBRepYr7yB5.jpg
467012,Satan's Slaves,/k16xOaI9x5fqepxVwBwUJAozsW8.jpg
444705,Dave Chappelle: The Age of Spin,/lFGP9COk4X3sBqrkUpbQ78GdnZm.jpg
62156,Head Over Heels,/8SNtshMPDMZhTcbiGtakOEJKljy.jpg
448916,2036 Origin Unknown,/v3StJTYXbU3OZ26Vh1PbczqfyCD.jpg
26629,RTT,/qB5yqRLiLvcspXVZ88l7QYpJeOZ.jpg
560066,Scooby-Doo! and the Curse of the 13th Ghost,/hKxlzUtwyEMZDmj58ijQqr5PoZn.jpg
10646,Tomcats,/LpIAhTgwyh22Y4BhYbEsZv0u9W.jpg
7010,The Wild Geese,/uMOiXuIdHaqbbtim6XaO1FbDoPo.jpg
14671,Summer School,/s1Ad6q0XnVS6u1yoaYghHw5dskv.jpg
37632,The Order,/xcs2taqwgKu2tDrcXd2k7XbtmLq.jpg
527776,Overcomer,/rVR3uN1yPRqYBBtNFSrEKCpRhaK.jpg
25968,Veronika Decides to Die,/oUo9CNSKz4ELnxAh4l3BPcXcxKq.jpg
318279,Meru,/oQsMMSTJnWneD9YwYbUbsJzbQ7f.jpg
691683,Cheaper by the Dozen,/qNRsouZh5zmhaE3n4QpLDXzy1gQ.jpg
27367,Mrs. Miniver,/fjPjx6FTaoTussbqoLj6OYTtUyi.jpg
12778,Greedy,/pj3UCLosqo45geXLGZhmH8GRFAw.jpg
25858,Drunken Angel,/wjMwAY50qB3Vc56O6fQf9QIFCJB.jpg
35588,Geronimo: An American Legend,/oW4IM0G5fCR68YalmemTGbPK15F.jpg
53932,The Ages of Lulu,/reyEwMbNZ88RjS9JP9FkY7vptp4.jpg
18305,A Better Tomorrow II,/e8352Dw1SeM4rNAGYDZVkQ0aenz.jpg
277432,Happy New Year,/irK5WgHuNKfuyKhUDOGD6HG7LCY.jpg
317182,Doctor Who: Last Christmas,/tpvZ4LxqBLIacWBMJueXPIbdlwP.jpg
192712,Kite,/dnbzXOrqQqlnklpIvQZM4qPzi5R.jpg
620881,The Perfect Secret,/ej8QuSK03YmF3VojH6h2pI7aJIf.jpg
608804,The Girl Who Killed Her Parents,/7gqZyGlLjNKXIk8RBswqAGJygVz.jpg
14577,Dirty Work,/btYKWL9SP12nhkcw8EkMG3aFtga.jpg
14396,Code Name: The Cleaner,/wSQkv51ygnds56lylNavYJzLmNZ.jpg
232175,Gimme Shelter,/mMrkYMy0FXYkfLGoJnhPjn8PedO.jpg
483306,Dear Basketball,/b3NGzWIhzgquYP263ZfAQNsi11Z.jpg
26860,White Zombie,/s5DnfWHGeCExlweIFF4JOHKyx3H.jpg
621876,Flora & Ulysses,/syobJCxZcIJl0OpjNroZSQKa1kW.jpg
242088,The Trip to Italy,/gbdN1MGJI2vIV9yKqDkAsazWQIT.jpg
11441,Madly in Love,/9Mo9IKxv7XOMJrdVpWY0iZqPMhe.jpg
9924,The Hard Corps,/jrFtbuUMDMnJtlSVg5DWHFhMMGp.jpg
376424,Beware the Slenderman,/f5W2nhbnzOR2aNa7vSpwWCzzAw2.jpg
48282,Ecce Bombo,/c7t4aNyvRkLFVAE4XiPiY2U6RpP.jpg
441,Human Nature,/8FlxH4q1plGzdoJmK2VHgap3Ly7.jpg
116322,The Legend of La Llorona,/vBiqoYfDIWKKzZTiQScqgCO09UD.jpg
324308,Steve Jobs: The Man in the Machine,/y8zA8Vdh5AQRULuDDp2xx08DNNx.jpg
132316,Jab Tak Hai Jaan,/1TlzJZrzUlaC95Noqt3oMoxQxCu.jpg
267863,Walking on Sunshine,/htU1F9o2yegoaGfIC2stIwIV8bs.jpg
795813,I'm Your Man,/v13p6KlgD7Y1Tas6X8GLJzv5zRe.jpg
82120,The Sprinkler Sprinkled,/rSZghvrFWTGqi4UecyG9jimzpEO.jpg
466876,Gnome Alone,/jWB0zhk1Rj1tIWUM98Wsh15gkiW.jpg
375742,The Lure,/mxdssWM8WyzBFq6pYwBHeTIJK1A.jpg
524288,Period. End of Sentence.,/pKYHYlujtTDS0kZM80MUX7l3T58.jpg
434775,The Third Murder,/xENc6UYviC3JfFqKA6kReHfT2Zt.jpg
19963,Bernie,/c5jNOFSbUttQZl4CesnpAe1LrPR.jpg
5204,Kontroll,/aDfRQXOicnTVzRMpiMf9mU5tDXJ.jpg
768331,The Inner Cage,/fT8cjGXzdSUe8CV2tnfY4wVT6zX.jpg
260001,Life Partners,/434samTfccB2N7zl0saWp9ev5pL.jpg
675319,Zone 414,/bJIq2UwwrrVP033Mk3G5paUwYnp.jpg
978870,Last Night of Amore,/dBp0REsZkZ1HK1PycwlLdBtYdsd.jpg
1022256,Selena Gomez: My Mind & Me,/oMpsswJv8x4vnOnIKqs4xJs2Kn3.jpg
35114,Destino,/6n58wbwNpD1d9zVWzMDRBG8MN8d.jpg
518880,Solo,/tBNhoYT3OUb9J09tc4vp4rjeGAD.jpg
14242,American Movie,/y8dJgWr1HeW0RRxwANDWvgIXdsF.jpg
842942,Bandit,/yph9PAbmjYPvyvbeZvdYIhCZHEu.jpg
19119,Night and the City,/2NBmzm8z5fd283eWeECkPrkwta8.jpg
19595,Shark Bait,/xmFSuoUfA1t4xsGKFR6i4kFvmWM.jpg
32040,The Killing of a Chinese Bookie,/clQgmbmBOxvA2NepvijoL7YUCvr.jpg
418472,The Wild Pear Tree,/9QNUj1e6MdyuRKxWg4v2riG97In.jpg
33521,Dracula,/1PpwPzMJGR4FmKunEYcB0kW0uAj.jpg
234567,Get a Horse!,/axVSbOZxa6Xp0ticSJA6faVeyDY.jpg
5482,Rabid Dogs,/a8dvGmzPGm8sciL4RmStzZpYKDa.jpg
10643,Godzilla 2000: Millennium,/aER55kapaLqHbrdfqebuVCORnpi.jpg
31646,Piranha II: The Spawning,/gOPhCh4Ko5crlsyQewPsq1sYLiA.jpg
9813,The Quiet,/lXIuHcRGCRk0YBOi41MCHMvGst5.jpg
65650,The Good Doctor,/fJSdqHzpMeCkXMrILYt1SdGN2sL.jpg
10373,Quadrophenia,/4sRR3pvrAZMG7GEvnR9XzqyHHfD.jpg
38289,Eccezzziunale... veramente,/e5spEevuXcY2NXPYbxPblUWNhNE.jpg
367735,John Mulaney: The Comeback Kid,/pzM9t33T2YUA7vaCb2GxaDrlTW1.jpg
343934,Staten Island Summer,/mAG2oqObFOR58bUI8A2DQCkRlcf.jpg
1010823,Magnum Opus,/8p8JsKokKbuNCn9yBirAg1oEwGd.jpg
22705,Cheeky,/1mtLSZSdgIUKgHZ44PK2gVPEfOn.jpg
4191,The Bride Wore Black,/iP7kuo3tMyR2hJfqBsssiPnEoik.jpg
21866,Bronco Billy,/qiWVmWUq4M9Hc2Ui4jPkAnX6oAz.jpg
455605,Haunted Hospital: Heilstatten,/6BjiB3kju34PRhTHiJD5MTJHTrk.jpg
195544,Crazy Me,/yTCD1SZpxgjFxoYhUlPEISw1aoF.jpg
22371,Minutemen,/2y00QZiT3XUGwIxQxY5WLvvd1Y6.jpg
23761,"Alice, Sweet Alice",/izawwwy80RH7U7YKkdV1OpdPohZ.jpg
470211,(Girl)Friend,/k1cKWy5uI0IDlqtxb7neOCzxEqy.jpg
56374,I laureati,/gOwl93yF25LPsos5PvRSzSCDmgP.jpg
42112,L'Argent,/yrtUuHSrA5TetFhxzChfQtiGRra.jpg
254188,At the Devil's Door,/veJ20fCOlKN60zWcNygmLkdu6EJ.jpg
22084,Dadnapped,/eoXXvbtVznGJlwIsgH2WUGmjNyz.jpg
1414,Lovers of the Arctic Circle,/3UNof5FTy9VlWl5egg7nsjsk30m.jpg
20222,Sex with Love,/ub91ikhfzCWF3bfmWLqwN8I4q1Z.jpg
13524,Battle of the Bulge,/vNEw6H6St25991C0a8r6AQKTdqi.jpg
35838,Tristana,/tuvyhS4zWDu2WhUEetuJOzI5y1E.jpg
57586,African Cats,/nERPMF2kHjc1slLHZYZGwcWX9kg.jpg
26338,Romance,/yJAs9KB0TpNuhhVSUOFVEWgoDCk.jpg
542928,The Endless Trench,/rgS3e3sTUHeVgKzKmFhIJcl9tVA.jpg
20778,Le Doulos,/et9771wHAjNCpOEhTOwadBmWfai.jpg
300803,Dragonheart 3: The Sorcerer's Curse,/mN6B5ITOFelW7OhR7tGd51VhXmH.jpg
372411,Absolutely Fabulous: The Movie,/bCAsi2XH5XNO0uGBp9FB400tzxY.jpg
14629,Woman on Top,/7SGpW51PI09uG8WxKQn8K5PEJDn.jpg
14148,The Flock,/nE68AUtN7QX2xieiqJTQlQecjft.jpg
14787,Tom and Jerry: The Magic Ring,/fF6I48WGKktHfGYYSVKPTVildWE.jpg
575299,Infidelity,/kDaRVADrrbwNSGzCvU4AroEa6h1.jpg
210047,Cold Comes the Night,/1b4O7zqjLVEvdbJcIeLUP77gOSF.jpg
40641,Lola,/f5q8vCdAv9JOxxKqnh7qONSIjAT.jpg
21724,Dance Flick,/zP4mmgmt0OzIz7Cjk4dgxG0SZJA.jpg
478159,Patrick,/zzo0rfLxgcbUPfjT3yjBYioFpv9.jpg
608654,The Banana Splits Movie,/vG9FY2wHVwOOQfqNlUt2LbRzRNl.jpg
473019,The Souvenir,/2Nj04HsZ0lNkv07JnfBZ0bAIECn.jpg
73262,Hell,/rJulOgsQxehjHhAdhIi9SgLLFHC.jpg
75948,The Sorcerer and the White Snake,/5Jfv3CtMULd41C5jpLR8PGAMgE3.jpg
554908,"Endings, Beginnings",/5yfJDjTp6n8QXN0M9aGCYpqahXZ.jpg
16769,Coal Miner's Daughter,/rHQZ71PutwD1WUXOZBlcXhV4KPD.jpg
43211,7 Kilos in 7 Days,/bSksLNTnqoiqdRMMjNqulUA9wAW.jpg
78854,Easy!,/RwyeBE6i44VVmr3QXR9zwL1G9b.jpg
274626,Animal,/jAWZHSV5C6EOPuG2zVG9fISO5tQ.jpg
14195,Cecil B. Demented,/gCXUA9BUOSDmOFVfkVBF4v15Td6.jpg
8997,Hollow Man II,/c6Ga1AUGPe3GwlpX3qDYrD9y3EZ.jpg
24008,Monkey Business,/2IVEO2NwhL6Qp5KPbzcXzK8Wh4R.jpg
13938,The Last Dragon,/r5QnLY30gXlZ8luiJE3quDs1WNF.jpg
4558,Orpheus,/wcUmMtipWBBx7lpsfpPsUM4Snh1.jpg
402331,Hard Target 2,/jO8C2AIIdFyi5ceI6whev0RYt0k.jpg
632309,The Assent,/bHVy3bKsfi8AbVwzelliNBt3SUG.jpg
926980,The Privilege,/qBLi3Nd5JMQGMiOmmfuPgLw5SzD.jpg
8691,Cannibal Ferox,/1Oa4NfUXM6bGr7hblzUqBSOKedb.jpg
449856,Lucky,/gb6Egp8z0g8KAT2GmdzKW3IWEZz.jpg
49763,Bad Moon,/1RobAQaPIYV2PBmkb4XISbsQZPe.jpg
22478,Another Woman,/a3gcc9JqrRqWRudAWBy5P3oLWMl.jpg
13479,A Charlie Brown Thanksgiving,/tY4cDYOffWb9FKgp8223DXPJznr.jpg
12903,Scooby-Doo! and the Goblin King,/tWBCvtJRlZo83Pn5kF8HNrOiZnE.jpg
664996,Apollo 10½:  A Space Age Childhood,/43EQZnWP9znGqTKfO4BsPALXVYa.jpg
159014,20 Feet from Stardom,/6iRxKxfE6SB586cQV3BH8NSMzoZ.jpg
20482,The Naked City,/rex4oaiSCD8UQg9204R6hQcFrX9.jpg
615115,The Secrets We Keep,/llH79Avl9IYYoHTKRv0iA8rzpuO.jpg
15590,The Prince & Me 2: The Royal Wedding,/grw6Z9fGAk8RpPjXWYxKPCyDInd.jpg
49084,Steak,/IugtyTSEBusqT9F8nIcc3tD6hN.jpg
24940,Head Over Heels,/AqUCPHv1hqQjhzFqMTiAaPxL43Q.jpg
10296,The Football Factory,/ja76eLRw7XSc1VdlNXEb8ufTIoW.jpg
467248,Bring It On: Worldwide #Cheersmack,/jNZnw3TXNFWv7KVhZIDOszZnUH9.jpg
13345,A Chinese Odyssey Part One: Pandora's Box,/p2TnX8MwCM6GUjcX0R6s3wDb9En.jpg
443398,Finding Momo,/uKOaQ3ZQGqRugW6XtBzEAbf1iir.jpg
469055,In the Game,/eqzCnu0Z05RtmB6m1NZnlnAoJHT.jpg
57276,Pina,/mKKtIJYtaGwcgpMfnVR2byYhfz9.jpg
40969,Terror Train,/jeDVKkeCk9U75a0TZ4mezylXy3j.jpg
449684,Girls with Balls,/hnJ8H5DvwHG5jktB9CA0n6rmYxs.jpg
250657,Fed Up,/tiS6NjxcMzui3AMgOanQFrQnYUA.jpg
340601,Delirium,/j2jIkjrASnjtwCmCNDwh9LDWvq9.jpg
979163,Beyond Infinity: Buzz and the Journey to Lightyear,/mnp0INIjyWt4AziWmTHgPk9IFoE.jpg
346134,Miss Stevens,/7pWcZa8ANeRCIlddbBZu8QconsU.jpg
9452,Bulworth,/aVZLgPn9LvkAkIQq0QhOcgetsgv.jpg
32916,Scooby-Doo! Abracadabra-Doo,/tr9gUlZXnCpZVhEgPIs8vzY70Ay.jpg
831223,Gone Mom: The Disappearance of Jennifer Dulos,/mzTNGnLG6LTHmrqrY0IADHDuyOJ.jpg
47292,Pokémon: Giratina and the Sky Warrior,/8dJxgyryI2XmheaTd3hrCkOabNu.jpg
43561,Christmas in Love,/fDoIhxy7Llz7M4mkAsgehO2h50s.jpg
79443,The Smurfs: A Christmas Carol,/1gjT65lS29BbclJlmGvtwnT7hya.jpg
20024,The End of the Affair,/71Q21MoOjRwbyaFFP5TKltmiTf6.jpg
436387,Cut Off,/927kgdzuNNHX6wubSbqi50kZse0.jpg
31516,On the Town,/lEU8QQmIayAtPZrCDf2czQgTjQ1.jpg
14134,Main Hoon Na,/iiZ8BgmAsxKUEyO6ux8z6GHiE6j.jpg
23383,Hamlet,/woO9SgU2vTRMZeG0YqOLeoIqlzC.jpg
571627,The Divine Fury,/9Z2qT9iZYLzzsCSYu7A4SEQsKX0.jpg
15198,"Mystery, Alaska",/bmg4sjOQswcrP5mPL9YzNom9cXx.jpg
10359,Resurrection,/2j6cMHN1Mx1u8S897VVhO7wSrce.jpg
206324,Bhaag Milkha Bhaag,/sBBPPAJ4Y5J3LuhFxFPWII46THZ.jpg
440249,After Porn Ends 2,/rfItXrtDGILwsCdmgVxX79phFuI.jpg
726429,Xtreme,/cwUhVcDeMYYeu8fq5q1OPOoSbZ7.jpg
305943,A Kind of Murder,/hEeuCjUnGFCPdHbHFUUGGsCIrNt.jpg
952701,Return to Seoul,/x0bOXCGMxHc4RHeeZQFFLIM6fZJ.jpg
43376,Diary of a Country Priest,/mft7ZJqHxUyFaLL3ZYXX1MN2Gro.jpg
497916,The Resistance Banker,/sqAJF2muVamUQfmGmrRK9w8s1KS.jpg
25562,Soapdish,/8iIHog4asUWOZS7Pc4t9ouYFc3N.jpg
76994,Box Office 3D - Il film dei film,/xzvzutgoXNPpTELdoH2DWx19oDz.jpg
22137,The Kingdom,/zfXVe3dSvkR3YAp3g6E5q2R5swy.jpg
26564,Crumb,/oJWGWzaYdYG4mkQK6sbus5Tenho.jpg
10553,Remo Williams: The Adventure Begins,/xTSrGyfmr3xbnnlT9d1SVYC4gtt.jpg
157351,The Truth About Emanuel,/z98jqAlVlnXyYnTlC95Na8FQXHF.jpg
31592,The Old Dark House,/gnpXV5KChckAdK7EocNoPuXcLD8.jpg
745611,Delicious,/pEYQgkcGsNZe6X76ZStGb62v1ad.jpg
257346,Avengers Confidential: Black Widow & Punisher,/hRBXP91ATK5j1u0ibvrQLbxQr8c.jpg
418333,Crush in Jaipur,/pqdl03Wz2U9P3BQpIyXJ61aqReQ.jpg
361777,Smoke & Mirrors,/zzUMz6XnEEbYvkDPrBORdcDYQ62.jpg
254193,Late Phases,/7ulbyPajXTNZkki9AtcLI9YYhc2.jpg
476631,Barbie: Dolphin Magic,/c8Bb9MnvkNTKstQSKixO4dWaUhL.jpg
760195,Separation,/lHbSC2Np17CRsRXIbaE0YY1Hora.jpg
408540,Feather,/hZTV7mQBbLSVj3eTe4O6j4yRnzR.jpg
40720,Twelve,/3OczJCk3OqcvJbQkFjp1pguTiuU.jpg
37530,House II: The Second Story,/m7oeP88diI9mUyaOX2vyoncBozB.jpg
9674,Ring 0,/nuhEWlaoMD00rTDCiYxdEc7d1tD.jpg
33278,Deadly Friend,/h2lmu6tNqL1LxWFJ73N9WZW7Uba.jpg
40377,Psycho IV: The Beginning,/vxWTkQRAvTvA6rbBhsdC4pdnHuq.jpg
47848,Scent of a Woman,/wEJotKZDpdHiWLQ463vqh7qA4Sz.jpg
26302,The Color of Pomegranates,/rMUbQf7RgsYgQ47AFf1wpoSt4dX.jpg
26030,Bob le Flambeur,/j6dZ99cnlABusiMV9Rn8quWfFG5.jpg
24961,The Wiz,/rgKukXAbkpIv8pYKwKaj8IDunPq.jpg
738215,Barbie: Princess Adventure,/AwkmMTKJBAatbeAVhTwhcU3Pyp4.jpg
741998,The Binding,/k8Oj2YlFKbwj1SNKZcb5Fw1Yosj.jpg
309581,Lila & Eve,/zGY41KlplvdPcUT0OeTu04ZPHke.jpg
10090,Reno 911!: Miami,/l9v3nqTU4Gj2zuASGDLJX4YD8ma.jpg
469052,Gaston Lagaffe,/3t3E8Lg4msV7ubKcVj2QkI8CPAG.jpg
130987,Plan de table,/x0aO18JZylSlGnghYeUYX164PGY.jpg
10472,Down to You,/ptvHDZtJxj9kj1unae6ryoXsmud.jpg
52264,A Cat in Paris,/oTAC9Htd7rAZuxrmkgTMIihtqMR.jpg
333357,Stephanie,/saH984W3ZGjRX0NMCEsuKh8VUP9.jpg
517468,The Truth,/ek5EWMRFIHXPB43axZcyJr2NBrJ.jpg
438446,Mommy Dead and Dearest,/6e2VqtP7XtJQ0QCc7NLrtTUaIN2.jpg
10971,A Night to Remember,/6fDhJAz6AuYWj3hAnvUL42Xlxfj.jpg
41586,K-911,/eYi2Kje8rfuoHzm5zkqa9nX5q8L.jpg
14864,The Hot Spot,/320b0P6ogWiz7MuUs8f06rUNpTC.jpg
10260,My New Partner,/kvILcin1mGcEyu0rrME8MlmD9b3.jpg
744742,The Last Rite,/1YAperQbfpJETfpPn6ezlWOm1sx.jpg
13496,American Outlaws,/bfHkHstHIBpDAokujviWZw3mL8M.jpg
390056,Rebel in the Rye,/fjmMtBIqg65MPOJXOtoLCKYjVUn.jpg
41608,God Forgives... I Don't!,/mEhoHmnwxpGeLdSOfqJHFGmcWqv.jpg
35265,The Embalmer,/pT9Maaop1epDYWiXEO11NcuR25R.jpg
585268,War,/7JeHrXR1FU57Y6b90YDpFJMhmVO.jpg
751741,Night at the Museum: Kahmunrah Rises Again,/rEy4VFXn3fukXRhx8TnSZtOnlcm.jpg
15708,Latter Days,/azmQxOHjmymWPv99e0XcH0i2WSj.jpg
132137,Werewolf: The Beast Among Us,/sPT0hkNMXwDDAbQhFV2mWSRrbpg.jpg
331588,The Great Gilly Hopkins,/jytUg1RkzYVfF4tzyXBRrAXRWII.jpg
409617,Killing Ground,/u7hkfmhQ1nohbXsZ7jIEZXqPI6n.jpg
375867,Paris Can Wait,/jLzfHNU1JldQpC5TNEvQMnWQxx6.jpg
97899,A Magnificent Haunting,/jgkbT5b0TNGRoRdVAww7mVTlkOo.jpg
9017,Outpost,/rwWEsWV1DNCqZudEiHvk1NPeUla.jpg
897429,All Too Well: The Short Film,/zfgHyodGNdtBxO8R7d0qmR2JSEz.jpg
12613,Street Fighter II: The Animated Movie,/wn3rvR0rAvClQJJDvd3ZbIsN11c.jpg
46315,Valerie and Her Week of Wonders,/x9fZJORCZS0DshbxLSdnzyvU94V.jpg
19142,The Return of Swamp Thing,/y6cuwwxzIMiu0dp8PuBSQfAtCpX.jpg
38970,"Remember Me, My Love",/3GcAGqAtaSfD8V2ULGV1v6CROPj.jpg
10299,"Hush... Hush, Sweet Charlotte",/hwVGNaVXFblluLwUjGcJ7RgW1rV.jpg
15741,Dorothy Mills,/oGPRhKj9XRVDGkYQkxmJo4qCL8t.jpg
39145,Dragon Ball: Sleeping Princess in Devil's Castle,/bPmA7dtMUoh6fK8XjauoKB4FcSu.jpg
364470,Game Therapy,/sflbkNKS9TWUc4VzUgMgqGjmFle.jpg
9401,2 Days in the Valley,/qKHZaEXK0Xb1v5BxehE3vaNIJiL.jpg
84178,Black Rock,/dkUDpTgP634Mt7fl2rR5N7P9HRS.jpg
127651,The Seasoning House,/xz3vquaTwR24e95SyGhlQDWAjKX.jpg
778810,Fireheart,/nmD0vZk8jQg1Suhs0iv9cj0xdtZ.jpg
673309,American Underdog,/u3iXpvLPG4DbmuNY9yPjn1Ei54.jpg
174188,Rapture-Palooza,/9yc5UCe3i5mrHuIWsGgsKfI37rd.jpg
369779,La Tour 2 Contrôle Infernale,/nIuTXKeLs4COxzRS0PzOuUnkTZO.jpg
32574,Meet John Doe,/dnBZbFE2OGlTGNGBVTn6t83tJtd.jpg
59474,Cazuza: Time Doesn't Stop,/ws9bdPeIE4Oq8JT4zsvC0BDmX9z.jpg
14851,The Escapist,/9eyKD0mvE0ZSbuxPzmm5wvQaNRr.jpg
11143,Tai-Chi Master,/jNa7iIiGLaXXkqRyB7Eq3XXldyp.jpg
26593,Rio Lobo,/2vlpjEE5GxJr7CiURQ4e2DWybkw.jpg
53700,Un'estate ai Caraibi,/3HVWYvCO5uSZrIDjghpXBJ0gbjQ.jpg
6498,Nightwatch,/oLBn0MUMMeC71udetLOa1lP7eFL.jpg
857702,LEGO Star Wars Terrifying Tales,/fYiaBZDjyXjvlY6EDZMAxIhBO1I.jpg
5767,Two for the Road,/f9GAaL5gXzSP8LhXJcAx8Remfy3.jpg
317144,Cyberbully,/q9IBBA6ypk0LEaOgDdutVK0NPzY.jpg
16448,Waiting for Guffman,/zuArI6EBpV6mExrvfnyidoOtzdf.jpg
13549,Burnt Offerings,/2ipG69lXOjGMX7F7qxJQzUoiUsd.jpg
15050,Brainstorm,/aulgB01Rad4XMksmJ7EZYgO981n.jpg
43469,Shoeshine,/lsXCNNbI15hZ3ATiWMx3o4hCK76.jpg
3587,Bogus,/pVrMGMgn9VHVoIAVPygFuACJhSJ.jpg
25126,Six Shooter,/hBJTJi0SH4avrBr7OQqBZuYPvmA.jpg
39434,The Stendhal Syndrome,/ttgMlgv76nbh3vwRl91P4JkgroA.jpg
576920,Silver Skates,/om51hNT54XocGVW3qONHXwMFBBW.jpg
1610,Fever Pitch,/xTpZGWVo5DDk1oQUrUJcRjqGzGg.jpg
28571,The Heiress,/zcut0Y6PfcjBJKIyOpc0QDFS9jK.jpg
119738,Thunderstruck,/lR1ssqRzslQx9WtTOKnfgqbNB1y.jpg
17663,Anne of Green Gables,/z1owlDzKO3DQpFKNFBnuQlPF891.jpg
571055,Down,/tWD5FXfXTRcYzXZLq0bg8hxmQrs.jpg
126172,Leprechaun: Origins,/yyZ7folrZTqEJFD7wUuGf84CmPK.jpg
3101,I Love You to Death,/8LdWJLUfEa5JeUJ7SljJQMIJikZ.jpg
842934,Poker Face,/uUeLr12fYHvVPyjI3Hjr2fZ7NaK.jpg
72660,I Don't Want to Go Back Alone,/zcTp4w9OzAqD1G4lugOtG8sqm3T.jpg
58833,"So Long, Stooge",/9WQ4QXzQZrihKe5wRBqggY7WdXo.jpg
487491,"Fala Sério, Mãe!",/p4YiseA6zPrXQMAJ7dj9GxCTHmo.jpg
27004,Ca$h,/e5B7nG6xREL6lNnS34ZoAvXbB9l.jpg
462650,Puss in Book: Trapped in an Epic Tale,/7oaCHEtTsPaFtL9rvlRbbiiz1bP.jpg
11414,The Defiant Ones,/tGGNyImEXgedDjrCORbC9cTJp0X.jpg
454693,The Silent Revolution,/yiir3WyRQaGY8HULN5lQlSf8qSI.jpg
477887,The White Crow,/5OF4zAdfQWKDTiiRpbZvZUsLioq.jpg
5923,The Sand Pebbles,/hbX0bBHTFThyChUel3INrvEZiFF.jpg
390555,Bonanza: The Return,/aOGanl6gCD9EFUYVYMcQscUooLT.jpg
20343,Make Mine Music,/1Mu98243emXAKy8iZfymUJDgTpS.jpg
12271,Factory Girl,/AnST5KCSSzUGGh7rbhtrqSkB70f.jpg
375846,Bad Sister,/jKrIlgfJPIWNeowaOZPBZuOPmq0.jpg
42426,A spasso nel tempo - L'avventura continua,/yHBUMD2xGA8GDN1WM1jOsvzfyqE.jpg
24787,Scooby-Doo! Meets the Boo Brothers,/2jKmHNGED3cUyXd6oge5uuHYh3f.jpg
2074,Flirting with Disaster,/sRRdVLuxk8OLCDRd4u4xDrDdwv7.jpg
15809,Green Street Hooligans 2,/6PSLy8Upgj9WhWgoVD5IUtm1sck.jpg
14313,Feast of Love,/6Uyl94M1Yi8U0o6GddMRqAfa466.jpg
8996,Europa Europa,/hkh3GzBHquwB5nkdEeQUbFSo5Ju.jpg
16279,The Great Buck Howard,/9x5EajLkxeS3vqWaQTVO0gQ2lMP.jpg
31289,The Caiman,/z7T4Fubxit7jqkSN8Z6SML8G1es.jpg
14073,Jodhaa Akbar,/bEltVQbNJpsl9sopLVkE5z24Ssj.jpg
873125,Robbing Mussolini,/cbdHqb0kZTgF7jQbUw41KEYVInb.jpg
44092,Reign of Assassins,/jIQAm7YlBoZqllu4gbnagRlO9NY.jpg
43294,An American in Rome,/bFaNi1GmVMdXLFkKhdNKx3gc3kL.jpg
174337,The Pretty One,/rIYgspS4xulnonEUG2Xh3VXfDt0.jpg
10790,The Abandoned,/32DhJlTTmLeaPNQeh2oHuDNRmqF.jpg
11761,Peacock,/iEtrsxfNw9qmAeML3QSzOe0hrS0.jpg
172828,Bad Milo!,/1dmHunFILNXKzjOkl1A7IIsTI58.jpg
28276,Good Morning,/dXy2LFsE0VlHlHJU3SLBdJgrzEq.jpg
803923,Every Breath You Take,/nrgNXpH4x9NAkqOKhxEs3TspkHc.jpg
127864,Blancanieves,/fxniOWnVgpJLAOBwXEsIpZs01uN.jpg
329540,The Marine 4: Moving Target,/qpOV33E2JARGqWsdicAh7BZAmya.jpg
17102,Dracula: Prince of Darkness,/9uSP0h1jYZSLd3fZw1b4H1w3cPo.jpg
30060,The Plague Dogs,/97Z56DEjHNNQXOPW9s9rL15khjM.jpg
598896,Land,/6pYhDPzYPGKvDYpxdf0IUE3RDAS.jpg
571265,Digimon Adventure: Last Evolution Kizuna,/z3l5iwWQLxcInVnNkC8k8hxqZ60.jpg
16180,The Legend of Hell House,/atHWsEfyK6e1wd1gqczORnj4TI0.jpg
11700,Smiles of a Summer Night,/wKeV8lKz8k9DDBCw6MJ9MkhvhqF.jpg
51857,Cria!,/hueMt6pkaV8nwVGwKP2uuiqF5DJ.jpg
698201,Tokyo Revengers,/q8Q2VBt3rP0cSG3hNerIQuogLAH.jpg
541560,The Wind,/kcfPHZHSQODLCWdkUVLYATNyEVo.jpg
616747,Haunted Mansion,/kpLx1gDYolWLBNOmuFVvrqFKQK3.jpg
571648,Beasts Clawing at Straws,/7roaNIjNHMitbiNX0uEIFcwy6Cb.jpg
24935,Return of the Living Dead: Necropolis,/c6w4su69KcS5FGjDS7Gj3p6tYGZ.jpg
2860,Claire's Knee,/wekWNf0Nj6fkfR6pOjPojMAqz69.jpg
17456,BloodRayne 2: Deliverance,/o7kx4ppzsBvNU0QriESvslcpWve.jpg
16763,Joy Ride 2: Dead Ahead,/66HBVfCkhevEpPV2fMzt8FAF9BP.jpg
9821,The Mighty,/eHcuTZwmY4VAJm7kfbZn7qDAjYs.jpg
81003,Kung Fu Panda: Secrets of the Masters,/4DlsFecqDZPEgDPWIW45DiFIOit.jpg
1679,Godzilla Raids Again,/bBYdh9tDCyLaArBOzE38QCA7C3y.jpg
87440,Struck by Lightning,/iceZkHBrLTgeXZF7Z3gANJgiNQM.jpg
474392,Samson,/v7Zaj1IEzMMB7KzfglpxdXWB66u.jpg
21531,Barking Dogs Never Bite,/msLr6T2RhqZNZtdCZScAA8nOWbU.jpg
51248,11-11-11,/t6Wd9gY6e1yJVVXRtgICFqwieyu.jpg
14448,Love Songs,/Sw8UcFa5HcyV4Ez23UK7nSP9uu.jpg
349067,Tigers Are Not Afraid,/qy2BG40LHT6wHyPOYO6xtbzr816.jpg
56521,Palombella Rossa,/5OgRifVga0PF9CaW7MCW6QBhzin.jpg
278247,Walt Before Mickey,/o1JYnewI5WTDAUAAlZdgnAzDdPs.jpg
33667,Gentleman's Agreement,/aCCRbcmigPk00f34hpJuWZuvABo.jpg
18975,The Adventures of Pinocchio,/oJQ7kM3twRoCU7xamAPWLwHRYFk.jpg
47886,Pieces,/pYviMR1o0g8VMUZJK5WTvnZBS2g.jpg
13614,Katyn,/vfRDVMb9MBNFCxXhXRxKCLUujfF.jpg
632931,The Silence of the Marsh,/vwBelKkECxMdN1UMhwqitPIFsjB.jpg
342381,Bad,/871wcm1cluC7iTqhsOZbUUxuWl1.jpg
547012,Buffaloed,/h37VMJAm4EhKC3k6I6K20VHaSQe.jpg
521934,The Witch in the Window,/mhKCxcrpuBJH8sC68taJ6O3sqNv.jpg
1068141,Mighty Morphin Power Rangers: Once & Always,/vc87upO8vcAGj9OmgH3AIz6ikKB.jpg
25587,The Land Before Time VIII: The Big Freeze,/ztofs0LZY9Q6Ni3HEwibdZoewpd.jpg
407375,Sniper: Ghost Shooter,/pk0OypQ6Z3rsOtl7r0UhTEEqu44.jpg
5817,"You, the Living",/j4FAPvqjqUvs1YrQi76p6fIDRUB.jpg
75735,Zombie Apocalypse,/vaOFYHJns2S3aOMTGNeJs49QNBN.jpg
434757,Barbie Video Game Hero,/rWQPf9Q8CAHIpBP8SVLE3uaSmf4.jpg
575113,Modalità aereo,/4VdOwEWEgayMwGqWewwDx1NRbDC.jpg
9262,My Mom's New Boyfriend,/IUIt3P60FMYvAgsIkSBZKNkNGd.jpg
45964,When a Stranger Calls,/mdhpKVuuNZcc9noZzYXruxeIxdJ.jpg
9721,7 Seconds,/VMEpy6MrnTN8rPeIQkyOxebmlW.jpg
606523,Night in Paradise,/dYCWUAidqgakGETwZkfGxU7CWhL.jpg
21614,Hera Pheri,/kdgazQ9Beh6IzFCGtjHb93w0KXk.jpg
1085218,Darkland: The Return,/c8B4DsVcFVDLVmbpHMHU3RjLNAV.jpg
32250,Ju-on: The Curse,/8jNIhGdA7jEwm4pMcoSNiTnS9W8.jpg
380623,Nocturama,/u3jrjyPffLludqDtZE7li3JAQ0R.jpg
609797,Wandering Stars,/q9fp9guKgImiJPhkeZL6cBRLH5z.jpg
20196,Mac and Me,/gZsIgK2W9K6e1ebNro3WT7u5yGX.jpg
64131,Mauvais Sang,/yjUmAFx8Z3E0K1IUpQSyUilL5P9.jpg
667739,The Man from Toronto,/uTCfTibqtk4f90cC59bLPMOmsfc.jpg
43128,Sons of the Desert,/4ojrxP6qiyDOQ5jHQlh7Yn59wJt.jpg
472269,Possum,/5QOFKSpE7KacBriU95fxG6hmmvr.jpg
665488,Divorce Club,/5gsPMCGjvWhjCFUThDPklmXMaBg.jpg
508935,The Eight Hundred,/7L3bDCQaSJiJ42v4WGml5xLQPWW.jpg
11698,Stroszek,/wDq9ytRxoVpICRcx1BvagmXhd4t.jpg
27352,Braddock: Missing in Action III,/y8Gp0TAQr8Z2Cy4ROSYzvOiMEMf.jpg
7510,Running with Scissors,/pbWUFYyyZzawsYljkbIKmDxQN8Y.jpg
453354,Ava,/5MTsowSLS4ryluc2Nahj8ZzGi0F.jpg
1058,Breathless,/Abh2Mra3lE1YIjPvdFYS8O9gQak.jpg
11694,Cat Ballou,/qSeUiuxWJR9yLlKW1N4q0uhYONu.jpg
324744,You Can't Save Yourself Alone,/uVhJKrNYiet1vp3CfWuPY49S5zK.jpg
581420,Walk. Ride. Rodeo.,/abAharR0CpdGp68lU0846idLKRy.jpg
11363,She's the One,/gBcXhSwGq3MKl7HFpaTtK35pHPa.jpg
10618,Once Upon a Time in China II,/jvrQXnpgSpKXQ3fkz5p6RV8jZJa.jpg
433941,Dave Made a Maze,/7Z5sEOC8Y7bdrg7FmIfNGkNniyX.jpg
59037,Toxic Love,/hQwo0Nwek1kH9QE4ZOO0TN7XAgU.jpg
14423,First Sunday,/9l0sdc7ohLe6TdFsYyCTBnVn1F8.jpg
18775,Demon Seed,/sGbqhGMMXHnvorSAjBBEjRIUK8c.jpg
12206,The Testament of Dr. Mabuse,/tc2ET7j6X066VCjdHblSwLr8sEz.jpg
19158,Graveyard Shift,/oVoY9FlZ3soX6g1Fur5jBOZsVVw.jpg
24426,A.R.O.G,/oWhCozl58kpEtM2TdcH3Vs6SUCV.jpg
428756,Marie-Francine,/zfcoM69h0EKLXP8Qb0msvbi5rVB.jpg
735595,The Scary House,/1N5KeZaw8bQrt30UaV9qtPLjkwI.jpg
601165,Legacy of Lies,/bhNHCeJDFDaB00A46AoCw2mggdE.jpg
60047,Fuochi d'artificio,/nTvTnDL87Foftz4z1VFftgp2kkE.jpg
471856,Non-Fiction,/Y53RXHnbpoVE1ACfkzxzkFKVeq.jpg
721656,"Happy Halloween, Scooby-Doo!",/5aL71e0XBgHZ6zdWcWeuEhwD2Gw.jpg
762079,The Advent Calendar,/psaYUHDotafhVNAE1pZN2GkRXJY.jpg
683127,Earwig and the Witch,/86jyzdxtAX8p956rVQDKwGbrYh2.jpg
18747,Election,/xLfgW5C8lzLvfqU1rHHC4K2EhUb.jpg
16274,Holiday,/vTswoixIge9o84NLlWGaWl5lrHO.jpg
18402,Something to Talk About,/a52KpsmvLNdTdmDzw1fUrJONpfH.jpg
608317,Hidden Away,/znkT7ke3WKz6wfvBCoCA7s8cvz8.jpg
11842,Red Sun,/hDQyx0N8J5OJMJYpJLIX0SkKwT4.jpg
774714,Out of Death,/zan6xYKNGKgkp2hFajU398I1iTD.jpg
753230,The Three Deaths of Marisela Escobedo,/4E7nNHIchHWzpETfwAERxFuviO6.jpg
22796,Simon Birch,/vRJcV9l3tLFoUWZel9RikS3nfJ6.jpg
42968,The Nun,/2bDojliSLzGFwxlqQZodJAXHy7H.jpg
510298,Seberg,/kv78WJ2YvWyk3c32sbOGFh64xcs.jpg
16139,Phantasm III: Lord of the Dead,/2PsCc5tFJssDdhlaImmtXpWBgME.jpg
549435,Tailgate,/yD7M5yKraopjf6Slh5YDYQDbcIU.jpg
622963,American Son,/lEIlxhIyFsia7yCqbfD4UH8iIkN.jpg
31667,The Paradine Case,/faUkygLOpVA8roEYNYyQTX3llnJ.jpg
9583,Divine Secrets of the Ya-Ya Sisterhood,/hI05FJ8wgPROHQgLtfJ4ZuH3l4b.jpg
44494,Zero for Conduct,/oQcGB9BGj9LPTWcEdij47McotKY.jpg
20391,Paint Your Wagon,/z6CiMBUdBLDwzcaklFv3ahaDFkh.jpg
47943,With a Friend Like Harry...,/u6OzWGLlzGXDJJGGWbb6AWKxmoj.jpg
216769,Swindle,/gccrJwdNv0roucBpG6Dus0gw4Xb.jpg
472983,Invader Zim: Enter the Florpus,/waaPtmhVFgieG021OwoEPTkbltI.jpg
25053,Air Doll,/5CzePn5WZF4x9Wb2lpd55cgKIae.jpg
29572,The Man Who Cried,/jaiCqTukSGXFw89GI8v4HPjjjI4.jpg
510498,High Flying Bird,/ccE21xixa1zhkGtWDr4n8ReOp40.jpg
381707,Our Lovers,/lxPynYAjHNpQKbYL7zCNFAK0v4M.jpg
403348,Welcome to the Hartmanns,/gbcYh5zVAYMz1l5Hn6NbVhEL4lz.jpg
848278,Jurassic Hunt,/bZnOioDq1ldaxKfUoj3DenHU7mp.jpg
486898,Long Day's Journey into Night,/8wUxYW7v2sahnFwipwzjRo8Z3sP.jpg
92000,Columbus Circle,/78vEPvktr8AvRfovH9yWzWD7aje.jpg
74505,Lovely Molly,/1o2Ruw1LpWhkTqdzqOuwBk2liIq.jpg
32499,The Bad and the Beautiful,/ajAXzTiPkL7JxeCRw5lQBqrKNGx.jpg
6521,The Contender,/rpjiNEwl8FoCsygYmxrJkohBzWL.jpg
41245,Peppermint Candy,/662qwOcvvmdzYKEZA8ilaU9pRGj.jpg
282758,Doctor Who: The Runaway Bride,/8LQlTuvlDR44RMO09aZ1ejhdLET.jpg
29452,The Face of Another,/eUnFdf1Mf1b8AD3ChMPOCUfTBDQ.jpg
13370,A Mighty Wind,/5wUYwAD75BxtJ0Mp4da6XzHIFex.jpg
9051,10,/ykj61v2qLMEuXyeJdMG64tZjOdb.jpg
360249,The Last King,/fw7dUolSTtkfwVFj7OPYymGxpSn.jpg
16172,Simply Irresistible,/zFsqqPQUz69wPaLBqQeiGbGiW7J.jpg
13177,Battle in Seattle,/jO8tKM4mCMXpLVd5GnmlfJByghF.jpg
54898,The Green Ray,/1E3pliSC7lXWw6zJhMvG6ba0UNX.jpg
14475,Used Cars,/kyBNbYwsVYjMIBZOThvL5wTedIK.jpg
419372,I babysitter,/bd2RlAHIXkwYuzvyuzD1n2270Sm.jpg
397852,Rendel,/9TTRFp7OpMEv3xDuUAU4m5d6tHq.jpg
40161,The Decoy Bride,/cLFecF4VfzuVXjQBnoo9sCDuTqW.jpg
244783,Song One,/a6dSJIEMxZFvQ7XJy4sf9fR0p7f.jpg
15484,Shadows,/zR1gHOGVruoROCdHS7Tc5TSZqED.jpg
57718,Megamind: The Button of Doom,/3uKLJ8x5fgggTH4BGGwuUNuf8h0.jpg
27331,Charley Varrick,/qPG2VPNA72he1Kczm2yFmslPNZN.jpg
570260,Venice Calling,/1avy6VRZv6UV9E8QMihm3npM9dJ.jpg
2357,10 Items or Less,/2MBxFTeRe4m7DC49PmIkMXMjMEO.jpg
788045,My Best Friend Anne Frank,/6codIHEKVYwbQ9Ey6CNoqWA9yxD.jpg
398177,Just Getting Started,/70eVsU4nvVidEs7mpPcEcBlIpmx.jpg
159932,A Single Shot,/zRGBGjdeGf12Pmalr1adT9IpoId.jpg
46581,Immoral Tales,/dFPQD3e5uonv7bKTYsi7TqtKxYx.jpg
383121,Kindergarten Cop 2,/6iVUHy9P7gzaCbMjj13qc6t7my4.jpg
481042,Non c'è campo,/z5vZHFIoo9Ui3tcXU4YQxX9lsti.jpg
13495,Alatriste,/iffLhhLtTNODIiCbrIxQMtQjkNS.jpg
30924,Motel Hell,/sb63i9ZDqin0Mh37B5sLiZSQY6A.jpg
13552,The Doom Generation,/cRzRj2UBvIH8ryWhu5PNL2PzV7j.jpg
79371,Finalmente la felicità,/k7GoN0IqQGuAI5JoMIfiYT6gJWA.jpg
33095,Good Old Daze,/uuCgld9KoroFxUiEF8fhcFypGq6.jpg
17590,Deathtrap,/xW49tadBrkI5Nr5AN3Pt9RExqag.jpg
116776,Dragon Ball: Mystical Adventure,/5aXG0B3TYTpQsodXzvYCkKQfpB1.jpg
566228,The Inventor: Out for Blood in Silicon Valley,/u21ImPnHHX2SFgkdHIjwlpEwRux.jpg
9817,Save the Last Dance 2,/wc9Ymn4p7hdjZdKwgtfGGlStFTV.jpg
84427,House of Pleasures,/dXDFfHUFa0G81qD1BYFX9ETmuM4.jpg
347689,Pee-wee's Big Holiday,/k5bZS2NsgVswuThBfyJYaV6T6zu.jpg
40223,L'Opération Corned Beef,/5dt2ojhQfX57zLrqlIZ6BbPeiQ.jpg
18983,"Godzilla, King of the Monsters!",/19RDmhX6LtzMxv0KXXAU1IBIvvA.jpg
484862,Scooby-Doo! & Batman: The Brave and the Bold,/hSPeF1zoYH8kCOhFMu7x3B55zu6.jpg
14237,Brainscan,/5JqamPZC7W5rzRNweMGhqltcsIV.jpg
331576,SPL 2: A Time for Consequences,/lCy3410NhfJiB6XoCaePJXbldv0.jpg
13647,The Invincible Iron Man,/eebNTSRa5Hh5skPKGdGJIJpo9Ls.jpg
39413,My Afternoons with Margueritte,/fWd8uTsMmbjFUXAjTTHwMHZglXq.jpg
911068,Death to 2021,/qGt48Z1j4TuzPti8ZNWqqypa6w.jpg
31589,The Bad Sleep Well,/z0LhZ121uaqa31RUeu1mOnaFb5w.jpg
1563,Sans Soleil,/2ZmVbnecEeGoZCimxMhpY0Nz7eh.jpg
2525,The Bible: In the Beginning...,/2BtesvzFQJYFS2sPVVbUdet0TTC.jpg
439058,Hey Arnold! The Jungle Movie,/asBhWDiqGxelve0DtMfMFIzR0Jm.jpg
582897,Arab Blues,/c8UoHYXLRClZcesFIdBGx22lH0X.jpg
15257,Hulk vs. Wolverine,/p8PZfkrCuXanfYr3k6xAS6WzN8Y.jpg
392536,Lego Scooby-Doo!: Haunted Hollywood,/fZ53SvgcryXaWctiiRtlxR1p4Uq.jpg
5155,Ossessione,/qgDF8yuJa9eEcfBqEQrqbJuxe5z.jpg
57216,A Natale mi sposo,/zheI5K5ufT7uekLFwu0NIfK3z5F.jpg
202141,Particle Fever,/3MHs9BrHt6ZjlPvaL4CP1ULYV2Z.jpg
24739,Miracle Mile,/9qRCVO9L3s3CsPnoUO9c3iZm6aB.jpg
31909,Invaders from Mars,/rs3cOVZtrXD27XQQdut1FWFYrUG.jpg
252164,Pressure,/6vVL8WmU4WC39hHg44CBVE5Wv6h.jpg
660609,Uncorked,/neUgCuBhafxYQyXTKxwjQejqqa7.jpg
8915,Amelia,/4c7QMp7JZl70K8x5oJuY40mckWx.jpg
378385,Jarhead 3: The Siege,/namZEDSMbFOSI3sMjzeSJ4E176o.jpg
98120,Piazza Fontana: The Italian Conspiracy,/inb8F0LJtAGoWmfLppwmPmPmSf5.jpg
6077,13 Tzameti,/h9d0nHU61Ln9GH2rUmYkR52RFXx.jpg
244001,Bo Burnham: What.,/kGDpMWPOKStmvf4F1gkqfeFZmXA.jpg
943221,Evil Eye,/vcym9A0idLCFI1iIMRFiXKRvnbs.jpg
15212,Species: The Awakening,/wPsu2NM0eUpoqycgjjnRJIwxK13.jpg
43751,Who Can Kill a Child?,/uLHgyZv6IRtMFFuglDFQIW31tos.jpg
734280,Midnight at the Magnolia,/gOfLcgmRYQ04ihwkNKzM6Vn4CnV.jpg
3423,The Things of Life,/nC3b7VV5YcSkAF6WteQL8EF4lme.jpg
823610,Seal Team,/yPZ3I27oeSm4zVesgMxXlhW8GDe.jpg
10742,The Clearing,/xtNdpdfqQIBHBWsAs9Jm8cLVbXT.jpg
315620,Doctor Who: A Christmas Carol,/hBcRd2e52ddwjjLzjxUJzdD4EEk.jpg
14194,Dhoom 2,/3zJLnrP9g9LSMpX5C1wau49gGUv.jpg
26198,The Keep,/gIEFQ4NWzA3NlrSgfQjhoh2blCu.jpg
18498,Ghoulies,/yV8z6deULhH4oJAUj2YdhITPwfc.jpg
56551,Maledetto il giorno che t'ho incontrato,/nf9WWmyuFVboYhrkQf0qqlPFkl8.jpg
1561,Mouchette,/raizDhYcnFXwIiQNSrJi3rY4Jhn.jpg
15363,Something New,/w1nURdrpMLdUbcb67BUy77syi04.jpg
25037,The Life and Death of Colonel Blimp,/4kwNf6hxVUqNWhQ9FGDHptRauM5.jpg
41585,Mary Forever,/AhL2omSbAUXyeodDfATKls9ePsT.jpg
63498,Chico & Rita,/Kj9JAhMNSektw6RVYR1oJWGZWa.jpg
152100,I 2 soliti idioti,/nOlEHknc0TiF3at5dciasaW51ZS.jpg
13180,Zeitgeist: Addendum,/4KMsapLvdQh5BV2PgpoEI2TkTWx.jpg
13612,Cheech & Chong's Next Movie,/hetHB9L84jOLxajKZLKgaNBRDJ9.jpg
13172,The Promotion,/eceGYZLpbyq9Fhqqlj3zGzbqp0i.jpg
480100,Nightmare Cinema,/ftdhL4zamDnjSD4TML1ES79DueX.jpg
27418,Next of Kin,/ieM9upg9O4agtodEvlZIiuNKZsN.jpg
9507,Runaway,/8xMeKeXGHY2KbiMjSpEGqlIjAEp.jpg
786705,Confessions of an Invisible Girl,/fRxz9cKaCOF5noUBvoA6cebOdUE.jpg
17097,After Sex,/4n41P5CKHFFkQ3s8VJieNmqUkn7.jpg
18214,Black Eagle,/hMm9hIhErPcgONWknYBgfQP2Z00.jpg
40022,Caliber 9,/tV5xhT0luyD1Xiebx4HXbv3sV0q.jpg
14822,Return from Witch Mountain,/rGvSjPgl5l8NCG37vqpUUU8CU5Y.jpg
12627,La Belle Noiseuse,/n6f7I9RUdoDa9AgM9X2oAc3pk4l.jpg
553835,Is It Wrong to Try to Pick Up Girls in a Dungeon?: Arrow of the Orion,/78x3RRydNXvdB8BhJAwZz42g1Q1.jpg
2047,The Real McCoy,/6sZTcKhLRNp07cVoqgcMZoK9Noo.jpg
742,Together,/7lSvAIQIguj277YLH7Hz0UD8Me5.jpg
58508,Far Far Away Idol,/AmpMaEDnaCI6wRsgIE0XfOWzyYb.jpg
17961,Torment,/76ccjXiC0sBBGGD75HCQrmGBgP7.jpg
242673,The Adulteen,/ffnIzvEGOdQm58akyOaiiPBtBvw.jpg
412209,Tramps,/baXRDIafCF0qVkpySLpQp8bQMEv.jpg
42196,The Bad Seed,/iAgSkpZslQ2s3onL9TaHbyWygtC.jpg
463861,Jealous,/pabH4OR4VTNeAnGjt44Na2Zntw6.jpg
243935,Rob the Mob,/9wAHoj1yEkbWkLWR3IH6kxsUzgm.jpg
13554,Eight Men Out,/hOdMoFnP6cPh1JKoIgyacWJmU1f.jpg
24554,The Land Before Time X: The Great Longneck Migration,/lSwUyNrm4KaFwrM5ilY2ZWY5bEL.jpg
347847,The Sand,/AiahhUWOvxUhH0QAj1hb5NDcWj9.jpg
320736,Virgin Mountain,/v0dQuDILXHbq89d0v9biRosqjoV.jpg
137315,Every Blessed Day,/yjwKybtHgeMRW2MvnEn6iRzW0jg.jpg
661,The Marriage of Maria Braun,/tXjZEzlf4WQwZ4Dt53gXeJVuO7p.jpg
149087,Turning Tide,/kPzDsCuYmwOmIoZw9CbFFutWYoF.jpg
916605,The Infernal Machine,/bSqpOGzaKBdGkBLmcm1JJIVryYy.jpg
17074,The Batman Superman Movie: World's Finest,/dQxwNGQ6pQLCUE5vaI9PwIZK6UC.jpg
363483,12 Gifts of Christmas,/2gBuhcMRL03OLd5IOD5cVFe8gBv.jpg
16384,My Blue Heaven,/4rTJLIBocmu1WjadfcZL2nsivZd.jpg
121879,A Late Quartet,/yuoVwE4CFDDqdQyHj3Ur8A6ViOT.jpg
27191,The Greatest Show on Earth,/cKI0yGPRh1IlvRKKJRoMZruior8.jpg
367551,American Hero,/uYHb5CG90zHp5CDj3dJDP98c77q.jpg
14457,Reeker,/vyx8J1SFPjb7t8v0gLXnUBw3a8t.jpg
161143,Madly Madagascar,/1M8J7tpy5Vnkewp1BFS82abGOFD.jpg
1253,Breaking and Entering,/fiSESOsJWltRnjJFQbeD9B9SEGQ.jpg
118662,Decalogue I,/5A5RFF4k0hgTEQa6yhawUtSKgdk.jpg
345934,Air Strike,/ve7xmUK167YZloN8LnSyhKmmNgE.jpg
975120,Padre no hay mas que uno 3,/k2v9xSPtiyxCNxaRGtj7COwdgG3.jpg
13752,Max Manus: Man of War,/v9Z7CUGW1Q5L8GdGH3rY5SkU72L.jpg
613486,Volare,/9Pfqf16i8w9CgVsuAGQzj215Uyg.jpg
102001,Like Someone in Love,/j1gotCDkKFmMdcSagxBUGalVbtt.jpg
11318,The Madness of King George,/pnAPAcUHpUQ9v8PXZtMTnbovc7x.jpg
54471,Jaguar,/41j80U3fw3h7Eb8PzOVvdoLiXi6.jpg
227707,The Adventurer: The Curse of the Midas Box,/31ykUoOS2RNdARk3B8z3y25gD8b.jpg
214910,Hwayi: A Monster Boy,/cDffUvnm2TaLxQYWTy0PnohSGNP.jpg
26955,Oasis,/aaajiBpeBVbVwovpSQKaMfKRGKw.jpg
12238,The Night Flier,/pEC459c1elFll8hrtyatH5pDLTb.jpg
624788,Black Bear,/nqZFjQRWfW6PjFTc17pzJ5LRAAv.jpg
10551,Family Business,/9HhRk8eUjxUf0CDHTS9YcUk8TTB.jpg
38313,School of Thieves,/oVqcXZoZmBRHhMhc3I00MtGwPmH.jpg
119360,Me and You,/bvwPVIo33VT192KRx4aBiWTQ5Fc.jpg
872709,Smoking Causes Coughing,/7aYwL5VEzGkBvww9YFYKBPGBbRt.jpg
214761,7th Floor,/dTSJHOcV8adoDYEx7IYdRwlV3D3.jpg
73211,King of Devil's Island,/qsNOb119zUplzxWYZdxN1x8GxdI.jpg
459950,Feed,/vg11iLI2cyluDO48Zc8CzXzNV9t.jpg
9364,Wuthering Heights,/7gEcoCve3lmPOIPRp54K73b6rDv.jpg
11706,War and Peace,/riSJMtJ0q3Jn3nyQtzHXETeVyvR.jpg
339751,Hitchcock/Truffaut,/gHxF63YSELrjoJyHcebpDz1Uqvz.jpg
42741,Un Flic,/gICgcF0VuxW13XeHeeUEKlAkyOE.jpg
353433,Urge,/9OxOFZcn1DRKeYrxtFoKUVGXIqk.jpg
578814,Tomorrow's a New Day,/zh2mFtZ6HJoZYcdyjfs17GHm8Qw.jpg
284270,Cub,/m3IJum2fBtkHG1zfF4aia2PhiLL.jpg
14945,Origin: Spirits of the Past,/thuLF5bxRScCSnq4CrTxBOQsh0b.jpg
17645,Leave Her to Heaven,/aUzQZt2UlaurZ3wlhzVXQb6PQk8.jpg
15302,The Pixar Story,/vhK51wJybwZTRCPVUOkGpSI4auN.jpg
893941,Misfit,/yDwDiovi6qLcluB4EI3bJp1zOwa.jpg
283317,Messi,/uROT3bgu8I50EyDA541aozJjYl3.jpg
8047,Matador,/jBBLDaF7j3EeTPkOwDPqdfSCWWk.jpg
31217,The Human Condition I: No Greater Love,/27eY9f4ECsyzSoxc8rIalxfJImW.jpg
297610,Abraham Lincoln Vampire Hunter: The Great Calamity,/9kD8bohNKE1truudhmeOtOjfNeH.jpg
13913,Animal Crackers,/qj7owFXzCtIbZC51O8NwLe4Kde4.jpg
84305,Lay the Favorite,/n57AyhFm5Jhe2qu0yuShYlokPmQ.jpg
811596,Notre-Dame on Fire,/kXj3FqzQABWsElUuT9y3WhfGPdT.jpg
15573,The Cowboys,/srdRiGV9tYFzWd2C4IjPJNtLrmr.jpg
412000,Small Town Crime,/rugVJBckJmJtHQaamcxeLWbp98E.jpg
14172,Wake of Death,/vfDVpBus7BaUiT6UsjpiedyPtnX.jpg
774021,Demonic,/pUK9duiCK1PKqWA5rRQ4XBMHITH.jpg
25748,Children of the Corn II: The Final Sacrifice,/5UaH4zhfKT1taJGHUwPxm29ZENf.jpg
455974,Blue My Mind,/ybepnyYmWhP7cp3AMDDCEnHMc2z.jpg
515454,Come True,/hGPGRRz6FTIRed1zestdWrV2Iwd.jpg
32961,The Lavender Hill Mob,/k0MfdrAshO2247Z9xu1FyulK5i9.jpg
523536,Checkered Ninja,/dzN5xbp73TI7pjEqZ66ECNxdWJl.jpg
15556,At First Sight,/7FqFohyQc9LGMm0MbP08E09WaM1.jpg
240510,Stromberg – The Movie,/c7zQmzHggtA9TEcqEIipzMV3uM2.jpg
897,Aparajito,/qvR2Qs42WHwCEcuwhQnterU3gVY.jpg
256913,Quantum Love,/gSqMurXHLrj4DgoLTJxfrMg3a10.jpg
32740,Krrish,/neJo0Xt9NH6aPBPNhKfHFQpwrcC.jpg
327029,Power/Rangers,/yZjqMc3PsnuoPKWDVcD0sggYXUF.jpg
432787,Fun Mom Dinner,/6mtqrfp56Xa4DS64wrqVN9AZwkS.jpg
308638,The D Train,/p3X4ea0xirJRiHGRtk47fSrmH9I.jpg
35680,Madeline,/nAGRLwJC0jv7QlfJR6y32xRZqcF.jpg
20544,Something the Lord Made,/AtI5X2UkM08XjGGjB3okULwxpRw.jpg
27452,The Spiral Staircase,/4k0k9f59g901GWzw0gfFT7f5in.jpg
9311,Smilla's Sense of Snow,/3eeCYGVWb4Ic8SFpARGWOjyl9Md.jpg
290729,Sniper: Legacy,/a9L1t3vRaZRU1Fa0kolfQGiTCnQ.jpg
9753,Survival Island,/ixgQMe3ot4cFnqUbwqwuu5qwDbL.jpg
436494,Feral,/vZ72SsxEP9XSx3StaazsMwBi9C0.jpg
14729,The Long Riders,/1Dk9dieSkZeiEVarZFsPJdF9Qel.jpg
36865,The Disappearance of Haruhi Suzumiya,/iWu5Gq49UTOltiAhP0oJfPnZQuQ.jpg
298016,It's a SpongeBob Christmas!,/ewcwsytxHGoa3tIUdfwffzphuzc.jpg
543,Blackmail,/7ioNEKouUkkWyv5tUDwVUd7BDRR.jpg
540158,High Strung Free Dance,/dOdWTC9gvdQLhN1eYpiy77c2QEQ.jpg
20874,Kin-dza-dza!,/xp7rAEgkoPUBWk5XZcAai8gDZT1.jpg
580629,Get Duked!,/b52nqFj5XrBNA7MhqcnENvFsHtx.jpg
34314,Turbulence,/gnsxWkxWHPXMOAzXvS7aKMSKP0N.jpg
682377,Chick Fight,/4ZocdxnOO6q2UbdKye2wgofLFhB.jpg
568240,L'agenzia dei bugiardi,/lsOavfCGUvNM0AtZsuZyPIz2aqf.jpg
16791,Five Children and It,/qjRlksMO0bDgWVMXqViSj1SNY2r.jpg
745376,"Hello, Goodbye, and Everything in Between",/xyGsnp4Ld5PmJYYWnfuYYoENhHt.jpg
895001,The Whole Truth,/6xo2OFHncAymOQtzHwPFF0nyHPl.jpg
26912,Quatermass and the Pit,/qjb5lWMJHpS7dzaf6LUVGdPe5KH.jpg
739542,America: The Motion Picture,/1JRRvx5RotvWM1maeq9r82ktdHi.jpg
215743,Moebius,/wREeBv5vVAHQkLiHF2PVQIPkBVo.jpg
6020,Sorority Boys,/tN8HzauIioA4GUEyVV0ik0QGPkD.jpg
17606,The Other Man,/qtHxTrhdLjToXz1nR0lTYf75t5k.jpg
24128,Stop Making Sense,/uFMsMsk1NGo0QWs9IHknZVHSe4O.jpg
21849,A Face in the Crowd,/bjPvs6MY6Rv0DIiJ9rgx2TMEkAk.jpg
59189,Phase IV,/r8zbrWiCPtiUyFAgfgfclUh2S7r.jpg
17880,Because of Winn-Dixie,/oMUFS7HmIyTeui5xuoIEkPYTWC8.jpg
579828,The Superdeep,/qjUzknf87fLILSCfVf28xcqrJJN.jpg
80379,Louis C.K.: Live at the Beacon Theater,/bGntW92XqJ66EIQdBeseee1Q7Um.jpg
563710,Angela's Christmas,/htzoW7Cu7Hqd0xofflI7bCKRh2C.jpg
23919,Porky's Revenge,/ufS0R6yYclQnuF2S8GZOlmE1iZ7.jpg
209764,The Terror Live,/9VFBtfMRKh5Yfd8jQ4kPhhD441D.jpg
17664,The Horse Soldiers,/kLBwk5ppNsA0DizEocXClTi1Lmx.jpg
339065,The True Cost,/x7oDFes0HCWAYAwlEA5b3TCqX9S.jpg
23719,Trapped in Paradise,/rmNvub1SO6BwGFlAkaLee2BJ1rt.jpg
10419,Swing Kids,/o85xTgX5ByDewuYo5yOLIsP02CX.jpg
312526,Alien Outpost,/dXe0HXP66DyTv6mw5pxbGq89knr.jpg
41823,Mo' Better Blues,/223W6PWAiYb3BX2rbFvzjbDDIvz.jpg
670243,Farewell Mister Haffmann,/7PnzcmLH5j4gek0Z8OT3uTilAQT.jpg
833417,Full Time,/nH6MyOu4wdHnI3Im7PtpaqVRGQB.jpg
16094,House Party,/gzrhKFlfzBUBCkXz272B4ZiGc9l.jpg
11853,Bad Girls,/cXY79luLXt2dzUP2Tx601zpZFzK.jpg
426830,Family Heist,/AfUebvbwsS4DPihTNcWpjBBv2Bs.jpg
44678,Altitude,/1MhCLk4TzLAQmj7SfUWO7X2iWQP.jpg
32669,The Two Jakes,/5s4QSHgu3GvcBeZ4AqagMIULhyw.jpg
19490,The Bishop's Wife,/2sMpffmvoJlW7WBcvyHTPR9DEsj.jpg
236325,Stay Away from Me,/kBcVaSYCVO3oMoDuKs4KMjJlNtT.jpg
30970,Code Unknown,/kJJx2FNmiaep8WT21uMPY9qPzxL.jpg
286532,A Merry Friggin' Christmas,/eR9muFXkNCknGdfTQSeDS6tdPdZ.jpg
18264,The Man from Laramie,/aKMZoZpN0FobSIDAlj5Ixv0kDeT.jpg
495671,I Feel Good,/4cMTOfXbpD0Z9CVuDtkBiz9kMcj.jpg
412519,Honey 3: Dare to Dance,/2qsCUy88FPiHxOSFXdkKlmJz7Hw.jpg
390634,Fate/stay night: Heaven's Feel II. Lost Butterfly,/4tS0iyKQBDFqVpVcH21MSJwXZdq.jpg
17905,Branded to Kill,/asiSCq1SFrCV4gy7PJzw8c3m0yL.jpg
527385,After the Wedding,/cyFbVSajl1NGwBJdW0xOyvh9t7G.jpg
22021,Coffy,/sN00Cvlahl6JLC2TAUBL0jZOqD3.jpg
10164,Cadillac Man,/fRwrbKVyFEZEPFmeTDea5PlUO77.jpg
35831,"Belphegor, Phantom of the Louvre",/wHdSlNpM2acvfJ2jUktKvSDDRVo.jpg
78476,My Worst Nightmare,/ltQYojXOgOZsVilUTHoMDSBnhfW.jpg
989937,The Seven Deadly Sins: Grudge of Edinburgh Part 1,/g1CSJZwI51YPGATc5iiExxfwvyg.jpg
632618,The Crimes That Bind,/bw4Sk7pXeZOw65mDWuOIy2oKYdv.jpg
223706,Boy & the World,/g5Lyl1LtntJ0zJfOGynGeRE9kED.jpg
10371,For Richer or Poorer,/tPjqY9Qp5WOIBFKnyEpMBVwGr01.jpg
376869,Neerja,/alDRJWHI1TfqB9ev6cMbVE5P92x.jpg
434245,The Stronghold,/9Vyo740WlMp0C9qCnYp3fXbrOU0.jpg
623856,Let Them All Talk,/4mhZqZ7nXL6Dj6PKZSseJxv1qXZ.jpg
326284,Pound of Flesh,/lLxgyIuENnjPLeNIoqwIg3XBwJ1.jpg
519465,Queen of Hearts,/dfFVDIgovEfQZn53VRKLV2JQnRJ.jpg
483528,Couch Potatoes,/1TBIlSpDJ0PXgTGuWOMCZYabJQK.jpg
500268,Made in Italy,/zHg1w0EUDKLUhM7abNaTgddkCE1.jpg
10117,Action Jackson,/8zVlaDYmygJ29LlKyTn7bqm22pT.jpg
1546,Thumbsucker,/mAnHtIiPATPEomAG0Tgbq7WhOaM.jpg
686487,King Kong vs. Godzilla,/v4lxYywAyEuT974dVi22y8TGP0t.jpg
2912,The Butcher,/An2gkXn5TATag9Adul2Zbq5Ndrv.jpg
620705,Crater,/n8ZpMwYT02XjpQHpSxn1eJw5Zpz.jpg
11385,Hatari!,/fT1Ht8PSM5cFKmejrnufWvpXAPk.jpg
122800,Freelancers,/8jdYImZW75JlZN70A0uzls4uL16.jpg
418726,Something New,/vawd5oE53FTqo7xm7x03SfWlzbj.jpg
413543,Dear Zindagi,/oUg0N2isgZ5rrxdXnsemcKolfKZ.jpg
842544,Transfusion,/bxh5xCCW9Ynfg6EZJWUkc1zqTnr.jpg
200823,Fonzy,/qSGDbWzi7tEOYkcPwwvo4BmElny.jpg
291549,Assassination,/h4waWHgfIaqcFfMQ38aKDs6Pkw3.jpg
31023,Butterfly,/iSyRibFKtZL0tvjh6tCxTb6o74s.jpg
39436,Sleepless,/ihD09Yz6sIhwGHDq0Bo1IZaIeAC.jpg
366141,Cro Minion,/gduXRlGrywqLry0sdDrf37Tyibh.jpg
17921,Planet of the Vampires,/bPpfT4r9HtHcri0eIknqpewoewM.jpg
375950,The Country Doctor,/ymytgiRmoGC5L87IqWf2Z4tdumF.jpg
325113,A Girl Like Her,/1jLewqKtMcoGaWHbxdRwUl9ND1B.jpg
11370,The Musketeer,/1UTpbZXldVJ0cV5fLWNOxU4Olab.jpg
133369,The Conspiracy,/y0tpJXx8i4jTVMKAUIoXYb7Hv8y.jpg
9261,The Wedding Banquet,/arWCA8lg0rbdlwHUMvI46LNDhnL.jpg
229407,Minions: Puppy,/f62rLpyiebBc6QfSTA4xGwwQkPY.jpg
53210,Duck Amuck,/gRZYLCncLa2mzE59qY38McDlFdN.jpg
37698,The Roaring Twenties,/nkymdElqwJBm2bl3F6hJp4xJggD.jpg
13171,The Ex,/qpWQMCkLK8ocyUCKUibUfy6yFaq.jpg
27236,Two-Lane Blacktop,/vT1rMt25pys3TFsAAXxeEKVHtql.jpg
10002,Mona Lisa,/geBGfbhkgKHld8rM9XuLfzPGZ6I.jpg
276401,The Disappearance of Eleanor Rigby: Him,/wCxiOB5dgShUrsUkyTaMsRTiw7j.jpg
29912,The Robe,/qFYZNGzftIM8dqGMJBToGraAFJp.jpg
660330,Night Shift,/52KQaRQiEIZ9TE4P5iIrRIK7Wej.jpg
15785,Cherry 2000,/t3uds00MHLsibhKLCL0BbCEGxXb.jpg
4825,Guys and Dolls,/mrSM6laJJLBVdMdWfeNRa1innnk.jpg
425751,The Hero,/1xz4ggwOJi8FUsjsLDbFrCxyK0e.jpg
740952,Savage Salvation,/fJRt3mmZEvf8gQzoNLzjPtWpc9o.jpg
1006462,The Flood,/mvjqqklMpHwOxc40rn7dMhGT0Fc.jpg
789,Closely Watched Trains,/1FMBXil0P8Xyl1KRWbXbUGn6JCC.jpg
18041,Gossip,/1fyQiQyBFlqjeqgT6sAEh5vo4Fe.jpg
472226,Blood Fest,/v7x4P33lZwstVgxlZGze18hBlD.jpg
66150,Life in a Day,/g4Kze731McN2WkcN0OLwi1CMa8u.jpg
431259,Escape Room,/dCthgwsV0AXIMqliQL6njAWf7Sb.jpg
13849,The Cottage,/fFmU7cQAWVAeBpSfDRRauKgtKDD.jpg
9803,Seven Dwarfs,/b7cfDQirLJbOryFB0VfpQJHwTIx.jpg
316000,Miles Ahead,/rdk0epUSHFo1NyWXueKANUwIFQi.jpg
12490,Ordinary Decent Criminal,/2D6L2BpgxZnVtLWOPJ4az00OPhs.jpg
26189,Get a Clue,/ydzi3saKTUrtns4GMWIXoejBa4J.jpg
7973,Caramel,/jvAwQDPpXRfeJZpiBvgc2HxLsnn.jpg
5920,Le Mans,/45lMKp75PCDuTS4Or8B48FehY1z.jpg
39180,See Spot Run,/29iKqRGRcNqhrT710ohxVq5WwcE.jpg
165864,Hansel and Gretel Get Baked,/shYb3LezqJF4P90CGgp9zoD2MjF.jpg
3031,Island of Lost Souls,/g7K7r1FojQC52YHxfmuXgwYBq5Q.jpg
157117,Sound City,/7PUI55yRfOeeeN6jl2VaKdmpRa6.jpg
624779,VFW,/AnVD7Gn14uOTQhcc5xYZGQ9DRvS.jpg
27318,Jack Frost,/sXOATwGluNbb9ezfG6DvXCiXvJp.jpg
427910,Navy Seals,/8SGNGtWDOTbbT9XsMTgfoVHGb2s.jpg
36269,Winning London,/2wzA0yGuwpoIjduC6OoTXigWtMg.jpg
299824,Mojin: The Lost Legend,/supoIHkh3dzDi1XmvK8tgGlkGNS.jpg
630392,The Cursed,/bewmBcjJxHeipS1PNu9Lfyvt3zY.jpg
988046,Girl in the Picture,/w6dnirDUhvWuHy91QECqGSYmOpa.jpg
391700,We Are Family,/dnsEJOMcO2NLaoCVqIDJOLMMMh.jpg
10786,Robin and Marian,/EEZzvjpUUU9JU8hGgMOuVLgYjW.jpg
2762,Young and Innocent,/knc0wcxarPM6Qy3uOm1RV38JGzS.jpg
9305,Microcosmos,/OPoiGrzNr5FWoczXH5Gs1cReec.jpg
586707,Life Like,/uOVGbT6TR8qiZiruX66yBRXq9Nv.jpg
29056,The Raven,/tt7m22ki1raa0NrvesawJgsQ4Jn.jpg
647809,On Our Watch,/fliDojAYPtosZrKSlXmTMaQ37zN.jpg
11347,The Lair of the White Worm,/bhL5Z8srwSXJuosfBqei9Dxv41C.jpg
401743,The Most Hated Woman in America,/nRDu3SBQ1hFp2YeLhKa6WONKi3W.jpg
538227,Extra Ordinary,/z3IRiGKXx2eMhxtV8GktKwvWkhm.jpg
6444,Auntie Danielle,/alkb6I4mUp0v2oFNs5ptfRE2PBu.jpg
519473,Nancy Drew and the Hidden Staircase,/g805FevFI8BkmvorvyITZ1kGJcr.jpg
13153,Rapid Fire,/qpm03Dh3qpfbX7BqiMGw9boVZvC.jpg
9027,The Guru,/t7rwsC9pQW2fU1NwfqDSDsI105G.jpg
29920,Easy Money,/ezx8LhhpZd6U4sd0lXyCEUhIBUc.jpg
27053,Daybreak,/fB4KkFi9wzvtvmITaCcmfyr7qJJ.jpg
280795,Haider,/lOCotkHPODWdsRDMoLbSdLdVT3L.jpg
550035,Christmas Made to Order,/wNs1pd1EBQKxJqnQaIkbpCw5gd8.jpg
916053,Something from Tiffany's,/hzQV66zQHqWKRjLVphISNOqadIp.jpg
31052,The Accidental Tourist,/dyk2BqPajLRBpVQ6jsSJJdgfuXe.jpg
19106,Round Da Way,/myw0jbvci1Z84dMKMtQkCLBaY5u.jpg
329815,Disorder,/rbyzFoeLnxAs3mdSrVnRllt7U9w.jpg
13074,Resurrecting the Champ,/rJKTZf2QIhUwvqsfkher1JlLCdZ.jpg
15136,So Close,/vSiQTLKilSEBoEyE9LdxWkURZqh.jpg
26827,Who's That Girl,/2Yu6ciKKgSWIZAzUg4IrrifO23z.jpg
531145,Boarding School,/lun3G1IU6AYgXlXP649amULMPpv.jpg
653756,The Mole Agent,/eWKySzO45iIbT4yL2zVkVB2w6MR.jpg
13318,The Bothersome Man,/mHDeIKvmWYLyXwqXzN4F7Q2CHRT.jpg
369145,Doctor Who: The Snowmen,/6JEGsCbGcNiF0WUyoqL0ACmAjFi.jpg
731740,The Block Island Sound,/zHFfirwnNowh4ELytFnVIzQvAIl.jpg
5470,Beowulf,/ktX5naCHfERaoDVaCUOITPIFrFd.jpg
284470,Atari: Game Over,/69VCXTki2gDutUhndJgU8UHlvxA.jpg
15766,"Ghidorah, the Three-Headed Monster",/qkI5nhvxx3233gQmoQvv0W3MB7A.jpg
5055,Ashes and Diamonds,/nE8aqRvVnRQEqskiarnFhdJdk8g.jpg
18215,Boxing Helena,/fL8b32TY3Cxe661kztmzz5AlIM0.jpg
13559,The Mangler,/kUOcPtIgkOGOuSMeQ0etG55La4M.jpg
11518,Mohabbatein,/zB7zJQgk4pPoxsPzZP0CqUgHuXN.jpg
17414,Dunston Checks In,/mvbJSNMRzM7epjeJMT3vFxXydQJ.jpg
199420,Pawn Shop Chronicles,/1jQUcZ2uWUe2jIxa5efNuMhdhts.jpg
434873,It Stains the Sands Red,/rBCjDBa2Dau9WqEslCpdJni394M.jpg
10635,Threesome,/gHXXhuGJKUjq5Pl9RNgfQbqLIxw.jpg
43379,Miracle in Milan,/9l47FSwRvu0IETKjDVpZ2INbqvI.jpg
16905,Captain Blood,/Ae0ltppMl66pAH1odgDU1C4H1iq.jpg
575291,How to Be a Good Wife,/CHOlO9KitnyFxw7nZi6vxn2Tp3.jpg
611395,Double World,/lv3RonWge4GlC9ymNzC0oWpFCfv.jpg
13551,The Dead Girl,/wBIn93ZY0Qd3BafjSJYvqgAZu88.jpg
24477,Beethoven's 5th,/mIjzNxaUWsacg4R8rDGl6pJn4C8.jpg
9717,Shoot to Kill,/tvp2vmD7qRgrh7rjiL7qI8XYxne.jpg
5471,Beowulf & Grendel,/s4lvYGkMd6FqriimkOm9sBIxVY1.jpg
44037,Lake Placid 3,/aHH3fy5ZVs4nrzNLZYIe1p2PJSc.jpg
7797,Youth Without Youth,/y2SvgeP3PrwVHGEKTVJgNTZe1nA.jpg
543917,Bloodline,/u9UfbDVilnhT3fa82aTFs3O0TsA.jpg
512019,In Family I Trust,/nHaZbu9rtmDheImnkKz1kLHM86I.jpg
47626,Legend of the BoneKnapper Dragon,/fZHv7GYkS9wnalxvQ2G3ek8ZU3D.jpg
27769,Sometimes They Come Back,/cJc0hUhtWmZzIeWc1k8CVpJFVbm.jpg
38582,Godzilla vs. Mechagodzilla,/ai92jga3nzkeWdPIeZBo6vyhUj5.jpg
243526,Faults,/syUVk09hC701h3C1pjaB69LXwJi.jpg
3107,Destroy All Monsters,/24r1hsRisfUidwLF67J0iMuWh7p.jpg
439552,Tenderness,/rGFTLRGqvFx2SEOk86QPVwpaDts.jpg
813477,Shin Kamen Rider,/9dTO2RygcDT0cQkawABw4QkDegN.jpg
121789,At Any Price,/xn4eRVG2749Hqh9v8tbcdLMdd2p.jpg
214075,Words and Pictures,/xQEVzE1CZ55BiOIetH1Vjm6AHNQ.jpg
170689,Möbius,/8OA7xqy0mvq62DYVloqnRvmUkmM.jpg
22640,Shrink,/pg6649ymX3M5otI7siheMggBsz7.jpg
440444,Piercing,/1iDIFMzYxY25X25KDeARA6VoDl3.jpg
36129,Hedgehog in the Fog,/jY0U4PJZjvXI1ZhTMtvX0AjRAZn.jpg
15664,Right at Your Door,/sBkCtdpkWRiisQ3vzyNOZ72biCB.jpg
14220,Strange Wilderness,/eDEKfmeQ5ZhdKqtig97L5gyi7NR.jpg
508422,Penguin Highway,/wMJJk4kkXfqwP5W7wYHWvDXhTlw.jpg
500921,Between Worlds,/7V25KUnWkf0NP7wtGkbmPjEfYf9.jpg
146243,Haunt,/qRfjk61JH2SVeEk7T65FYXW0lsD.jpg
12561,Godzilla vs. Destoroyah,/csebMf1IWokaWOughl5s3uX8p44.jpg
15482,Return of the Killer Tomatoes!,/94BVexlI2Ylu8mFKYPHdTPCggBn.jpg
499319,Duck Butter,/zQkNvLOudRFzpmLfDY8q2fcSOtE.jpg
834860,RETURN,/5YOSdqwvDLxQiqqQ3KeUNt1ir1L.jpg
377462,O.J.: Made in America,/nFmg2G4IJ0x9mALXkYFN8Gw0Dw5.jpg
21422,Detective Conan: The Time Bombed Skyscraper,/5RB171WScK3nh4PqoRn8bj3iNLa.jpg
521329,Beached Tuna,/dmAFI18nypGhfAUBS5HnpcY63Uz.jpg
13437,Avenging Angelo,/hl4mI28D4NhE6ePNgPojQuyEYw7.jpg
1550,Pieces of April,/qEbo0OwAaWgLSxp4lXyoCbnmrxh.jpg
628866,The Return,/rK2gW2kOIC5hG3JjVB81vU9v8gC.jpg
162282,Una famiglia perfetta,/4Akr6hs0vCIgmLZCXOvKQq9z7t7.jpg
119193,What the Day Owes the Night,/cb5BXxCJaijQ1u5HWMQEadymkeN.jpg
22311,The Inglorious Bastards,/8f7PoX7TveyKrndh3bZZcBvR55Z.jpg
19166,House of 9,/3WHQlgb9aKMu35K5UC0DTlUd37n.jpg
380808,Zero Days,/xwQVkRJGCH59jGNPR78Aw8wzyZg.jpg
8938,Tokyo!,/vJlx3Gx4kWOM8fqomjRB0KsWws4.jpg
582895,Perfect Nanny,/oCziTuOrxalOFnmKNCTwD7u8jpY.jpg
973164,Ricky Gervais: SuperNature,/ry2HDP5KyEV3R7htXlFAeQbbXgf.jpg
688258,Occupation: Rainfall,/vpq8XjZ3ZalcbqWOYIdqcV7FbIJ.jpg
10269,Yentl,/AcCX4tKqwP5BTfRTQEqZW3qabl3.jpg
3077,Son of Frankenstein,/oefhX4T3iWo2XFvaOunR7azWAo3.jpg
432614,All That Divides Us,/zeWMS0Vu6egl2M6YdGlK619yoCs.jpg
843543,Meet Cute,/9rp4nj7L3V5tPm2pWks4sX8NVKY.jpg
80797,Winx Club: The Secret of the Lost Kingdom,/9T37TmZ7WV8qgJNoE1mTQchUXug.jpg
382602,Sadako vs. Kayako,/bRNL8q6utwEc2Vog5GwTFgm5NEQ.jpg
31005,Moonlight Mile,/2euV4acuuf7HulTNVwkMYSZ6IOp.jpg
253239,Diplomacy,/p4G0i0a5NJphxCrYOZIrcYlz15O.jpg
263614,Virunga,/b59YdJZyRUu04hnWdmmz4kPjbTF.jpg
97605,Extracted,/ciuOIA66tZuCJRfRjfG9coiqjWm.jpg
8991,Undead,/jwXrKFO20FTvA7mHqnTvMXSznDS.jpg
493100,Robin Williams: Come Inside My Mind,/ak9DZnzInl9oIUlXxsFsUd37ueh.jpg
8280,The Secret of the Grain,/fd6zXkOa3LOxOrtywrB4Nhz6N.jpg
575094,Abigail,/5Ggf38fEAhOCdgvfLOfUcfEQTQT.jpg
485189,Sorry Angel,/rBPRcBXwmJLsVlVutuWKnYOiWuL.jpg
21028,Moscow Does Not Believe in Tears,/m6nWRLCaKsGErs7x8rDj9XuTVEG.jpg
37559,Fan-Fan the Tulip,/ykQjvmeJf4QbRSnVpUS2W6jAgFw.jpg
251768,JLA Adventures: Trapped in Time,/qchNuTbnleCtlIB8wyV03f36VuF.jpg
207774,The Borderlands,/dNtkysYSyE3FcUGbdkooDckD16Y.jpg
83900,Livid,/yR0CYuM8Q4unsENyC9VFm1cxF5h.jpg
381237,Office Uprising,/fcRAOCmDcFYivMNM5ink3OMMe0V.jpg
45242,Dennis the Menace Strikes Again!,/c6fxRpHNdSA3yv8prMo1sNzOcgF.jpg
266353,In My Dreams,/2eDkbLdJncFGiSDrpkUrYj8qv0q.jpg
458506,Tour de Pharmacy,/aMOR9OtWaH3v4Ui7Hq5Rx0TEFUA.jpg
83965,The Thirteenth Year,/fABYANPrfqti24Kb2vz5B2Vklml.jpg
14765,The Last Deadly Mission,/eo0VXzqKA5xkWUVDGqgaEzIpo8k.jpg
1444,Junebug,/asC6UOPrR6OlNMiyXbeXWu08SOG.jpg
14662,Slums of Beverly Hills,/5qnqKwUPA04Eo0skt4k4275MZS3.jpg
444706,Dave Chappelle: Deep in the Heart of Texas,/jaHuxnzJy616w4Muv2NxZgQ9fUu.jpg
43832,Only Angels Have Wings,/lqcwiWancAkjtAQPHr9V3SfJjBM.jpg
492449,Killerman,/wWpbW893AGmSBbFdACjY0xllw7D.jpg
26587,Dread,/zJvKJ2SKATSRL7cdR2qW2LbaTaS.jpg
740658,Catman,/qnzqFK1oMVDXIPgPuZUvzdDvBsh.jpg
854239,Till,/cmDs0CYlgioyP2AQQTTmavt3uoO.jpg
12591,Santa's Slay,/5l53ODRlAUx0gAIIY3QsgCqfNfp.jpg
29743,Attila flagello di Dio,/ecizJo3j1PPvLBMhl3thYk82rXK.jpg
78182,Elena,/pdSxysKTeE6oTYhtVBF08Nwj2Ir.jpg
558022,Se son rose...,/8YsINmTMh7lCSJjMgyp6hKs0ZO4.jpg
518527,Harry & Meghan: A Royal Romance,/2ODzSaM8EKF28mGjNTH3ptb3BJu.jpg
58492,The Greatest Movie Ever Sold,/qyPsCqMbTJznLu8KBWg0CLNRbIH.jpg
41109,Don 2,/2gBM8c36HIwn4vc2UuMeliqiCKY.jpg
512412,Backtrace,/gM14jePY6dxg3ORWJCJN3YpQOWh.jpg
21189,Lost in La Mancha,/gPlWNmQOzJ7j8djCxXcc40syVS3.jpg
480434,Dreamland,/v8ax79K6TZEnMqSS5ePrNCnrK8R.jpg
11578,The Return of Don Camillo,/DPSCKSwMYsGnu2X4w7iOGI9vHQ.jpg
394537,The Pirates of Somalia,/a8dlDPwo9mnorurL6ukIpyHZZd7.jpg
8883,Flame & Citron,/uCgxWX9raGBTVrXcanfA0l8aHy6.jpg
1834,"Murder, My Sweet",/tbyzfN1AUKTvzh058L9ZcOpS9Vn.jpg
471880,Cinderella the Cat,/w9Kjd0FCsFSXfaodytCAxl0k2KI.jpg
538858,Tumbbad,/z1xOCxw780WFJC5uCTMfCkQ4Agi.jpg
28049,"Kill, Baby... Kill!",/fyGzcMVf8iospgEtBoZkvO9j9Vr.jpg
39545,TiMER,/qT3EJsFbigbW0QeKOBEuIUyhFbF.jpg
365995,Inside,/1PSctD5yezkDKl5j61kKOk05U0g.jpg
10871,Switchback,/elEHm8d9yHYv1ua3hyukPZQjpGi.jpg
52850,Toast,/2TSqAghgHeXA7nHXNDp0wuovj3X.jpg
4307,The Flower of My Secret,/a7u61EMTQYWfDIupBMUPIGO4Nc1.jpg
446039,Some Like It Veiled,/wLJKNSQTVvgz8ZJvCld5tdoV6CA.jpg
405882,Don't Kill It,/iQey3UeqU4uQzr82GQJ1pZMwe40.jpg
540247,Jurassic Galaxy,/l2F4yWfLs21lrUyEh4bNOzjTEsb.jpg
115626,Stuck in the Suburbs,/3iTQNq076Q7eNzUJpScDdxgQtcH.jpg
834404,Teen Titans Go! See Space Jam,/9ycZTJORpmD5SxrEawQCs2fepSk.jpg
1076364,Carl's Date,/y8NtM6q3PzntqyNRNw6wgicwRYl.jpg
77462,A Happy Event,/qVUl6ktomxxkPu02LhFtiBsoFv7.jpg
20878,"Kidnapping, Caucasian Style",/orp7Ec8fDDHXFYnAjOPWsuF0Dhe.jpg
158752,Escape from Tomorrow,/uvaeQpQDYdIZQZbAN4upYOH8dGW.jpg
23509,Italians,/z1wtboHEdLHj75nrcN01HAqMJn.jpg
21539,The Preacher's Wife,/z1mU4g9poAgoDQRNLcfNdj3iiMs.jpg
294463,Lou!,/jP1taJ8p4s7HXzgqmMsBT0TcxoQ.jpg
47333,Jane Eyre,/1NOWgJALHZWod4yv2SEaOxSp6w4.jpg
450945,I Am Heath Ledger,/96ScsrVx2tAlWuiZYgqwcuGYdYK.jpg
114779,It's a Disaster,/lIDXD8YUivHISG3uhtXtYTLofhE.jpg
15262,Boogeyman 3,/iOCBPiNeQ7tPuQDwxapNYuSLKT5.jpg
245859,God Help the Girl,/svwXh11kdW1rPmPuIAeCkuk5RKP.jpg
686245,Survive the Night,/z3YyfWhzqvYqdd8YV6eixFEZJ3X.jpg
508540,That's Life,/zsnQGmdK9buffM4nI5Z1rrsLOi5.jpg
77959,The Turbo Charged Prelude for 2 Fast 2 Furious,/cmhFOjy47UqrOafl0oQiygcJ7oT.jpg
139156,Stars 80,/2ZqFtdcF06WAM2wfgBadTSiAaRU.jpg
501630,Summer '03,/rZhUcUkDzgvF0pjEjMZvUsvcUqH.jpg
466565,Hagazussa,/qxUiwpRKagcNHFlly5IpcbX0QPI.jpg
56784,Sorry for the Delay,/er4zaz8gdetEzLOTFSTJ1soWwn4.jpg
44239,The Alphabet,/deK1pYcYjVVfS5wRW3DvzZRzpKW.jpg
398289,Life on the Line,/kbCTKJBog5a9FXPs6s93aRLAlgP.jpg
394661,Sacrifice,/eVrlNY7SbWmTslaRlJvo3sMsZm4.jpg
12530,Avanti!,/dxhQzsBIjWMRu7rqprX4I2WzyEo.jpg
11604,Anthony Zimmer,/mMBJnGPOr5lr7Dnyr3O4sMgpKPM.jpg
10949,Oliver Twist,/pdHsVXpQ9BeYta6yk5rQtEjdIPl.jpg
135812,Dracula 3D,/n1EsoM2cotsQRmvNnQJlOeC1jNe.jpg
283700,Pasolini,/fTtlV5ZRKkncPzr7tQyadYKZGcP.jpg
595813,Barb & Star Go to Vista Del Mar,/2OTu5V21wqSiRl4RUy3VwqB7TXb.jpg
11401,Metallica: Some Kind of Monster,/pYms4cvrqlM4I8cjNrQCbSnPxkr.jpg
471853,Transit,/gbE7obgXBwLd9ntnEyoBdMGMpgG.jpg
8340,Turtles Can Fly,/kVBqzEXzHKggj5LTAmCVWlSYD20.jpg
572164,EXIT,/zf16eomhCB13cwMb4iFEbBT0Tsr.jpg
383807,Heal the Living,/4QD9bXJHOtnR7YfvmGjv8n1HTfu.jpg
80530,Magic Beyond Words: The J.K. Rowling Story,/q57TPuSvaPmhbzzb7yWyKcApNc6.jpg
12112,He Loves Me… He Loves Me Not,/bOYxfBzzjifw3jV1AEcoOS78P0h.jpg
12129,Herbie Goes Bananas,/7cBOYLDhHMA351ndLthSxBCwO5N.jpg
37565,St Trinian's 2: The Legend of Fritton's Gold,/kRNowy4kk8gKHv1ek2xFueilDpc.jpg
18477,The Hills Have Eyes Part II,/cGLzgE2BTcHHyCXxS1lMxyY0iuc.jpg
31022,Aftermath,/l5MS8hvEVqU0UwCjEWlYhKrNLqI.jpg
33871,"Merry Christmas, Drake & Josh",/59GoXODSKpd3yMXgM4xXlNmf7jq.jpg
21355,All the Pretty Horses,/6E4E7wYXw1DE2321F2hVNryLSk7.jpg
8221,What Have I Done to Deserve This?,/fcvNzyRQnzgUm31mpRhrq5L7nkY.jpg
32579,Under the Same Moon,/u4etTLnOF5n4HZcFPxgyHMzizZz.jpg
250388,Rampage: Capital Punishment,/6CFQrSUUss1rnFqSpzLf4tx2TDo.jpg
353577,Love at First Sight,/zTTgI92GGVtYIGunown2oWOUDES.jpg
19610,A Star Is Born,/oVpUzCimMZ0ecni7lDuYPuRdxoQ.jpg
275060,The Disappearance of Eleanor Rigby: Her,/ynQT7JLYoLwV8P2ropoQEpTH7gG.jpg
1919,Away from Her,/mRr8QTzkXMFLbE0cTBrTh0EO33a.jpg
49350,Harriet the Spy: Blog Wars,/zEQp6YCUdadJJmF3PE38N6a52wd.jpg
135281,Camille Rewinds,/fDYSELYsjhI7maKW3X71X3qB5BN.jpg
55720,A Better Life,/eY9wOw5PjrRXUTLgNmqWb60it10.jpg
540709,Ema,/9p78EwUeo7NkFFCIBzU8jwxC867.jpg
11912,The Tattoo,/lGRMQw9fJs3WrNfsjrotnWgXBm0.jpg
33409,The Stoning of Soraya M.,/m4CfYBh1ZnYqZbt7ziYjHf53P4.jpg
12485,Candyman: Day of the Dead,/sqr0imYSvDu8Q5nZLNjgAXppVSt.jpg
56068,The Band of Honest Men,/eIxcQHq9WDWmcDoJ1qVxhQWlstX.jpg
627070,Tell Me Who I Am,/oMfiD7wjdwRxPSdZ7gz7iNO3Z0B.jpg
896,Apur Sansar,/6Tz1Q69o2n3Zwb0ZffzPL0nFt2T.jpg
428948,Infinity Chamber,/3WDppnUdf6nKDnrhjxrGlekvMuA.jpg
15483,The Card Player,/t6R8gwVL6NU2bUtcIc3JJOpeUlO.jpg
3480,The Old Gun,/hLoEBn5kbMlnLA30Y5M3H6lwyUp.jpg
121872,Ginger & Rosa,/5EmQri2RwjN5zELdAtUY52k71pN.jpg
24559,Slaughterhouse-Five,/td1iHSiMtHQWJSgTCVSaonJ6BQY.jpg
27430,Touchez Pas au Grisbi,/svG2UuJ3SPrCp8O0RGPaKbECilq.jpg
11532,The Emerald Forest,/fdRlqPnPFaPyQqS3KiBLJwWQPBe.jpg
33665,Opening Night,/7NYSr8Z6xiW4zZqOBf3BTee1TRM.jpg
359305,An Inspector Calls,/kJiQZbEZA8v3s94h4Gsn6F0Qy1p.jpg
36758,The Portrait of a Lady,/yoUuMtWTQXzfARYE0nF7Nn7gRuS.jpg
42236,Fellini's Casanova,/ygTsnjWEUY8fbXzFWIh07eEHf3w.jpg
11424,High Society,/4H224rVxChPrYVvR3E0VPV8zdlO.jpg
514124,How About Adolf?,/uJ8MvRQdlCIvqKiRBwW9Zxxa9N7.jpg
14914,Flash of Genius,/cGC0389cF8xbk5CYNzUqEVrw1CG.jpg
97989,Neighboring Sounds,/gX5bvUtJZaBjWwq8lSwGOIJN5jM.jpg
605278,Golden Men,/kqqJh2mL0woJdUFYXNmVrgcPhVp.jpg
135718,OMG: Oh My God!,/wUnwafB1Zvt6Hvy5g8m5E6Dm3uz.jpg
291869,I Am Michael,/sO9Z55Js4sEuXXe9qQjCULiPjg8.jpg
17740,Powder Blue,/hgjILLUjiakoDpChKQNuYJIWc67.jpg
43648,The Comics 2,/fIhoGGxL8flbYQPTt7F1xeSxEKh.jpg
831,This Island Earth,/2viRDpHmhzQoreZok2auLjkVbSE.jpg
14458,Altered,/dhUA9wCbuZAdl1Nhq4bkwyZKst5.jpg
10548,When We Were Kings,/lsQsehijQMcrQm78800ecp22lqb.jpg
14550,The Dream Team,/lBVjTP8Cb66GBabUBQaBUtV6OqD.jpg
517096,Cosmoball,/eDJYDXRoWoUzxjd52gtz5ODTSU1.jpg
20416,The Deep,/4CbTHv23YLsQrvycL2ykyo8ttJB.jpg
26333,Untamed Heart,/kvwtFOqAfW1kXFJYIUzi5Mhgth2.jpg
628704,Midnight,/gXaS8OuavUsEjoW7P8qKrHTGPi1.jpg
667141,12 Hour Shift,/c3SbZPZPOfGMHq7DB7FnTIMQKuY.jpg
28205,The Class,/AogHMwGObAqXgXoqtj2Zg90fX5K.jpg
12703,The Brown Bunny,/bGzU4TgdqmMjIfPIgf2MjDW6H7c.jpg
29343,Humanoids from the Deep,/ntb2ZCDkuE65P6QFw4V2Ll2D0Mk.jpg
353345,The Exorcism of Molly Hartley,/5dtUJLQv5h3otMcstpeEUu394Ao.jpg
451644,Dragonheart: Battle for the Heartfire,/nPjqwumVHyx2nOCyZH5dpXAmhpf.jpg
159092,Hell Baby,/biUZJgjsojTdVyyXPQSjIGp1qNL.jpg
352885,The Book of Love,/TnGRaxeNPA82FGOEwunZTUivu0.jpg
395982,Prevenge,/5OWrwvKscVc7Md0IvtTLZmjXbKt.jpg
12623,Suspect,/hL79lrrMgRZO21otWbTTiljufeU.jpg
352501,All Nighter,/ciNUrbNv871umQ3IqvIOjet4s4E.jpg
388440,The Curse of Sleeping Beauty,/wO6If1l2Uv5RIngEyZmcAcI2k28.jpg
899,Broken Blossoms,/l9rHRp7Yb2PVy5Qd5wUR9coXZoy.jpg
315205,Good Manners,/dFGfmI9tIWCpEZbGUhI40uznL1F.jpg
552865,10 Minutes Gone,/i8lVYRplWdCEqYOutxpxeCtaD2a.jpg
31965,Witchfinder General,/5QuF8YbNtOpLbcTlEFSAokUv5sp.jpg
114168,Perras,/jrJrgwFjAyzkZLiaU5dA8o1hcUA.jpg
647785,Debt Collectors,/A8FWpw3WHUo9EvU1xMWZRjdRlN3.jpg
281979,Doctor Who: The Waters of Mars,/ikb6cZI8RXUqcxApMJmIdimAJ1X.jpg
19053,Valley Girl,/mQSrU9jerYSIOWeLBqFA1gcUU59.jpg
63193,Front of the Class,/mjNuTsesebHjyae8P3etiEXmVc7.jpg
20325,Swing Time,/4FUT5261H75VM2K6hn79lLaH0Tl.jpg
43436,Little Women,/qrshhX8dywIOljtITGHGNK6TJcB.jpg
303451,Strings,/bhjhZw1h9Mp9jW2otLfByfts1Jm.jpg
521494,Transformers: Titans Return,/nP4nfW0E1cl1dAy6j8iKHsJRyQ2.jpg
253312,Space Station 76,/cToUKM0dDUaLMW4Lgr3QXHlzqdM.jpg
10831,The Draughtsman's Contract,/ljeTWR2kowGXijMc8LMuy72ULM3.jpg
659699,Delete History,/5JXC451k9TD9zE4FSrASv66MowV.jpg
4485,Diva,/toprlge6vv88sueBUm9m6TnccBD.jpg
546728,Auntie Edna,/cmvGFfq6J63YXvOUGqY5wrZ4b3m.jpg
30431,Creation,/vS6ne76vjRH7Z88rAqYLCcQatB4.jpg
32318,The Navigator,/eFIbnDnBnIi1qnz15UUiMFmjRmL.jpg
18727,Heaven Can Wait,/c0jKfLvvggNqvMDhOWxaBMGXkz7.jpg
541,The Man with the Golden Arm,/3TUOhZhM5GCYIbxwFO3chpZ0DHx.jpg
660006,Madame Claude,/9miY5tHWmvVAft4gjqyaXyhLYHY.jpg
156708,Afternoon Delight,/qlgPBk5xZzHHPfrimBFV46QuktX.jpg
933419,Champions,/yVgtsoXyTZBww7SWE4JE1U4Wcel.jpg
284514,Spy Time,/93fz1SKHwqUdPjB73fKr9oG85QX.jpg
363111,Wolves at the Door,/kizBwSEfvJFEOuYfwbOGtWZit3v.jpg
36243,"Godzilla, Mothra and King Ghidorah: Giant Monsters All-Out Attack",/d3lMCQJfjCBlGFy5sWpsEaBnEPl.jpg
613370,Brutus vs Cesar,/w8rDjGlO3VkANEufvyDHf4FA59W.jpg
502406,St. Agatha,/zpR3FzaagWTbwgFPn1P6sEZ4str.jpg
842945,Supercell,/gbGHezV6yrhua0KfAgwrknSOiIY.jpg
59145,The Assault,/nYGQJGsGWmmq8L0EOSDJGdHiz1i.jpg
101907,Hulk vs. Thor,/pezTIa0SmmNIhjQWzo63OlBdpLf.jpg
27297,Grotesque,/huhRkKd2SNBiIrNlMA6PMJYErP0.jpg
17792,Omen IV: The Awakening,/oRcRyiVRnR1u3LJQL8VMryvyatF.jpg
332672,Obsession,/39dr21LlR2uv7InD04aKbKIXiFW.jpg
223954,Jacky in the Kingdom of Women,/nEXMIWgRIFDZVFl7fFHooQBBBdu.jpg
10706,Mimic 2,/13tSI83ucR7XuQcr7muAjNIgH91.jpg
15263,McLintock!,/gjaAtWJqGomsE5qNQStHcHhSzES.jpg
502143,The Breaker Upperers,/hcpbd6wfrsnpsNM0doGnBsX4bqd.jpg
246127,Every Thing Will Be Fine,/6UvfHD0be9z9FOnjV9WSAhzN7LG.jpg
24010,Bus Stop,/oXZiz5zIyynjQMJMBbXijS4434z.jpg
10261,Switch,/ddmOMoFWMpXJSU0YFddBU7d6kWT.jpg
53482,One Man Up,/99MnAxxxatYgG1VPOrbxRc2hVCw.jpg
70338,"A Fairly Odd Movie: Grow Up, Timmy Turner!",/h94rbv7xBNJUgweD5pMK7cpqwMO.jpg
9287,Troublemakers,/kZYAN78ARDZZLDPig4yBnNsNUW2.jpg
20006,Pink Cadillac,/7XYykCIVegcVprrBUG16D6iYQe9.jpg
447399,X-Men: The Mutant Watch,/4FwbuT0NJwcHGRqRc3kpTjgj0jS.jpg
9302,Up Close & Personal,/2yf1pCiQk6JMy4k5zxf39YXQxGB.jpg
520594,John Mulaney: Kid Gorgeous at Radio City,/fERO7sktbElVbGS1SGDKzQJWxtn.jpg
17436,The Informers,/yiXkvghbkYMQ3iMyhiI08GgtonC.jpg
10773,Mrs. Henderson Presents,/rFmx0ajncGacM8Ono9vpXiHt7Vy.jpg
18203,Big Night,/nnQrJT4LCj6v2LjboUogkcRUPBr.jpg
2447,The Nativity Story,/yt1rW7bqiuEWmTJrrojUNVtStKu.jpg
2594,Monsieur Batignole,/8K9x7kTqJigbb2Zw5wFaehkyuY0.jpg
1666,The Bridge,/1ncyMxboCcnKy0GoxXfiZzVxPQj.jpg
172226,In Secret,/VkxiXAt1zl3aw2cID8Xpgl643T.jpg
625561,Travis Scott: Look Mom I Can Fly,/oNOXntnRY7dFrgu1x6bQQmWBVdu.jpg
669665,Our Father,/woa5t4LuiJ14Pl2Bqjn8DtLHne8.jpg
41583,Marrakech Express,/1XujRblnzSqiSlPVgbBiNEptmo8.jpg
31026,Distant,/7XKGrHh1BRnMiIRMRYRsWPQDJfh.jpg
13548,Borderland,/27DKHSvO9rF17cr7qRuGIYNZvSy.jpg
17897,The Golden Voyage of Sinbad,/1TAc85WyOpkaxSUver4lBg2xKSA.jpg
279096,Lazer Team,/obySpAUFzBBhP86miJnreeGUEtR.jpg
639609,Holiday Rush,/ccL8XtMJSAl5VRoOdyKn7Cd0QA2.jpg
36251,Switching Goals,/ostcLXSpg25JHbaUkoXIHblCmsV.jpg
96599,Eden,/6MWSeVg9KESHpS3wXz4uwSlpd3f.jpg
10605,Vampires: Los Muertos,/q5kRjaLtYB7mf16FrTrixOWwuWA.jpg
21345,City of Life and Death,/xY6OUM2aRCmmq1ySTg2eu5rVmcq.jpg
23619,We Can Do That,/vRgjbl788t9w2DnhFCX8NSy73gM.jpg
4837,La Collectionneuse,/zErPp680oDKX3IILQqOgkeeaxWr.jpg
472815,Buddy Games,/uNCZh6YGg6r0GMyrctI14R0lHGL.jpg
19884,The Sword of Doom,/yjHbIihqpuAXlZVoPbWdqaukllB.jpg
27088,The Last American Virgin,/yeuzZJPKgRwyzmJIr71vZQgdu3H.jpg
283984,Fate/stay night: Heaven's Feel I. Presage Flower,/kVQCB189nshK97OKnJB3osOCdM7.jpg
28090,Maniac Cop 2,/oxCb0ptp88gDcfAcDUzkPBfc32v.jpg
14771,The Onion Movie,/AikMOGbaKpCzHnupsdBzyacsKC2.jpg
14576,Shade,/2uK217wp1SSFgbIcwDaPrzlLd7X.jpg
8420,...And God Created Woman,/viZwV6ji5txsyrDode5fK0EgsYo.jpg
314388,Mountains May Depart,/zMg4uP2Ev8lIZr1kOvHrPOM8teA.jpg
48393,Kidnapped,/oHj4Xu0Q7tLt2vnEV61UKBjxeq7.jpg
512418,Mr. Know-It-All,/dyRrOuQa2JpfKvyu1F1NjaF0CaT.jpg
12723,Inventing the Abbotts,/ysfD96fF56BEzpktyDWChC8Epgs.jpg
13346,Lucas,/7qq4sxYj59Aq6wmnnIlot5iXaux.jpg
65034,Too Big to Fail,/y9sEFZRP9Aoie7sz0CdjAWoiIOt.jpg
194101,The Selfish Giant,/3xDnOtPisPgCHufp6tMUm7BUdZ9.jpg
11828,Erik the Viking,/tRaNvLehJf0OVsBexo4u4NRKLJ4.jpg
227961,S.O.S.: Women to the Sea,/3cB6m75oYbbuRI9K1Tgi2DBKhw9.jpg
583055,Spider-Ham: Caught in a Ham,/hCcuPPSGTohyg4YqPJornTwLL03.jpg
334354,Windstorm 2,/jlIxeuiDVmo904sMiv4RvU5tVbt.jpg
18011,Leprechaun in the Hood,/lCRwtuxnJWkZ04gwtfYF9h1GUkl.jpg
605133,Slaxx,/2Ef5cStkpOlOawApzzgdpIr0r8M.jpg
470610,Endless,/1ZViaX2oRnI0uM3Gf87Z7eCZ3hE.jpg
46828,Son of the Pink Panther,/vSBzy0XtZvJQ4N9KLoWvblprZY2.jpg
597088,And Then We Danced,/cHHKSPE2LzUTV8oi420lSmDKqgc.jpg
376812,Sultan,/uNpt24ESuyTU6vNFrA9NkrUkImH.jpg
13362,Taxi to the Dark Side,/ttCOk1fQGvFJvPIJS7D8J2jOjpo.jpg
430161,The Lighthouse of the Orcas,/yDi2k4wScLHDSoz1b2ak1MNHQAX.jpg
100898,North Sea Texas,/jLmcMgjW8sM9vVqXopZa97RICWb.jpg
342472,1 Mile To You,/by5sJxbg7HXdqSm05oYT54AsZTg.jpg
452188,Daddy Cool,/efsFcS40QwY2v0zDOGUKULsqWWy.jpg
752564,Maigret,/hJGm8gqeFVd5MkOZa6HEHDi1te7.jpg
54561,An Average Little Man,/kXaY6crK5zFh0W77FuQNeTBgJsU.jpg
140818,Ragnarok,/7io1VfX1sRta46vb4aHBnHWgCGp.jpg
43195,Senso,/iyWApADv4UD9KtVQvJ1mkKn9WXV.jpg
41471,Lone Wolf and Cub: Sword of Vengeance,/uxJJIzw3lDM0RbFQMQsTTRyFO2D.jpg
16186,Diary of a Mad Black Woman,/e3MijvcHaMppp6sxNawsuLQEHjc.jpg
331392,Eloise,/7hXgwxOhaLwmyAE67Ky6ZOjyTdL.jpg
24833,Santa Buddies,/8HDtN8Kjb8KzoVMgBjACzCz5Pyr.jpg
1149381,Soulcatcher,/l1f9JSPjCfNftigEii1SDK1g2b3.jpg
41391,Day of Wrath,/jEOqbGLFo8fxHHgYoZVTMVYMoQG.jpg
804413,The Munsters,/kJaEVFhDouD72GKANMkYqzQky9n.jpg
802504,Just Say Yes,/3btDwus5VN5jOWfA9strpDJWwfj.jpg
410876,Tell Me How I Die,/edfgo6pyT1QFjbThLR1HfbNYl3g.jpg
371738,Looking: The Movie,/tQdda275rJqNi6Ifrf3ntWBsXDj.jpg
15647,Kissing Jessica Stein,/8b2g8QZRLTJMYyzc3HirTSRQpLW.jpg
33564,The Swimmer,/urzLPHVno21hv2Ti7CwQuoQAUAI.jpg
17465,Youngblood,/vnYfUwNiFQ53jjoj1OuKDdQhIx.jpg
36265,Simon of the Desert,/gU9sYpMvA8FM55p9sBM5cF1hYmd.jpg
518764,Animal World,/kxc25B05Gq4CbCoWbyTFf9iF0wn.jpg
121677,The Reluctant Fundamentalist,/cWHLPwDW4fkLYLd75VpM7OfHfQm.jpg
700127,Lulli,/ztJHKv6KSSgCTWAI2STrX2BeuJZ.jpg
765869,Black Friday,/vf9Ex4EwSPlwbva4ZJdljsQQOML.jpg
39681,Seven Days,/kLIkuZCUZylnzdJQAUHVycBxo1a.jpg
18990,The Mummy,/w3XEtgi8W9tuPQnLVFCPVxtweyC.jpg
42445,Christmas Vacation '95,/uiSDy4r3vaEVFKxgYBmTE22wBQW.jpg
345468,Contracted: Phase II,/9Dme51DcfLHRwpAzi1wobF6OzqA.jpg
574241,Poms,/m2ksKdmWIoUh3GJfu9oEBLorjAJ.jpg
31139,Office Romance,/21TgZRiA5gDlyCwQEyYqZcqwMgN.jpg
1151534,Nowhere,/rpzFxv78UvYG5yQba2soO5mMl4T.jpg
619441,Bye,/A1pSmpQOexCjUQokW3JK4KSe9I7.jpg
504345,The Tribe,/pASeM9pyZtqDqTkXD1mNvqqh9hK.jpg
1392,Born Into Brothels: Calcutta's Red Light Kids,/e7OWmWptBRCnUKj6MJ2qbxj5ZY5.jpg
11366,Uzumaki,/71SkvX0U1FinnoQkDAtrNyrYhtT.jpg
848123,Black Site,/ipn8khVVC4eToWiGf89WF9J5PJn.jpg
317190,Doctor Who: The Next Doctor,/kDqIMVtDx9UuexVJVNXUxUrHfJl.jpg
538604,The After Party,/wFPGheX6X4bt1ZqP1870MPlUvGu.jpg
621191,Blue Story,/wUggWBMN8xUNVasYsroyUUPmaKa.jpg
8970,The Out-of-Towners,/wOmLJYh7oOfATE236XpoDfcXhOh.jpg
15659,Foul Play,/mk3enoeLNRXRnYGxKcvPXYY1xci.jpg
18550,Fled,/5oGdTgWXCOKerrfdBxJrOlFyifL.jpg
895744,Studio 666,/zD2XyaV6eGEEgEzVnjg0hQVR5yz.jpg
812225,Black Clover: Sword of the Wizard King,/9YEGawvjaRgnyW6QVcUhFJPFDco.jpg
3934,Ménage,/iHnLCWS3ACqjLU0CPiJoJ1wKOPd.jpg
454549,Zombillenium,/nqchkfd2LaFFRvpjWPYPUNMQOQR.jpg
811948,Demon Slayer: Kimetsu no Yaiba the Hashira Meeting Arc,/iTmJwZxGHYAk5EiVc68UvZTMSuP.jpg
26372,Shame,/mmooKie2VmqMm6fWMiekTf3HzfU.jpg
264419,Huevos: Little Rooster's Egg-Cellent Adventure,/e55ZEtyXkknzBgNmrcyTICAG3gA.jpg
17962,After Life,/bs2M1hqAQl5LeAOPPRV4drwouZS.jpg
172631,Family Weekend,/RiUNV96HPP14OfB7ILEOe2Vj26.jpg
528773,"Tanguy, le retour",/43oLXlxwgZ7ScHU8ubLLwPm4dez.jpg
159095,In Fear,/9GpmoAAp1LTMx8byVLlpjumOzgj.jpg
25648,Time,/3rB7l4rYzXUpVNEsboQQETtt5zl.jpg
15691,Doctor Who,/cwae2p7JcRNtz1CvNCzpX5ad96V.jpg
363093,The Tiger,/tPI6t2Cvu7vWO9iDs4Cigq8svWl.jpg
203696,Scooby-Doo! Stage Fright,/yI12z4mrNDl75no6zxQS2pBswG4.jpg
434714,My Days of Mercy,/adIPKAoKnKL9vCTkvfF4J9ZA7Ln.jpg
968438,Love & Gelato,/AbGBTH3bWaiJpjCOJ9RSoQ9NPRT.jpg
19287,Leprechaun 4: In Space,/8uMaa4VnNN2TS42tGYu04we7GOM.jpg
17346,Grey Gardens,/wd84ClWM2GhyDr9ERuU2vms7t32.jpg
27703,The Psychic,/a4agndzio4MggkI0CjjuTih6YJF.jpg
26149,Music of the Heart,/maqYjELEaeCr3EtN7KNLTAwycS5.jpg
11612,Even Angels Eat Beans,/hEeC0pFHZ4gK13czO0BJHwDpdzI.jpg
734353,Anything for Jackson,/r8C0eUGpqiJZqoU84UjXAMS474B.jpg
69605,Written on the Wind,/AvI22JsHgc1qAdqlA3Y8sNngHSN.jpg
23220,The Brides of Dracula,/yJYJmxZZIAkrn0BaMcYnvEB8wVk.jpg
59963,Dark Tide,/gx56ZanaWd4pG930Z44eDLvnQ8N.jpg
745608,Employee of the Month,/9JuykPCoy4JJsmoGac7CB19xWow.jpg
79516,TEKKEN: Blood Vengeance,/nYfa9yK6LlbE9K4U7Ved815RgMM.jpg
795230,Trust,/tVmymE4f7QgekI0Cp59lXtERspf.jpg
11112,The Associate,/sDGc4JqVf4n04cEO0rU36UI4cvK.jpg
298093,Poker Night,/8iLZq0Ms5gRmwthDCwRueKbekYa.jpg
10879,I Love Trouble,/lXpbYJQJ7tvYZ8S29Nwpzsh07PN.jpg
23949,Tape,/4Flz17KOjGdGqJ2dFRhKnB7eg5.jpg
41659,My Life,/eF8wNMMqY3kukUTTAVXLLx94UhB.jpg
45139,Jesus,/gJpN9q139yF1vaQftCSe1TmqUVt.jpg
13807,Exiled,/2civVyrwbilzNQRv2TRd3r6Fm2R.jpg
25556,The Land Before Time IX: Journey to Big Water,/3QEVfflbBR20AuKp7FEnTeqiv78.jpg
283384,The Calling,/kqJGIh2mZVwTD20GeDVTUNOwd5p.jpg
20618,Road Trip: Beer Pong,/4lByVZkyTZziMCXdPZf6zkOJDN6.jpg
34626,Merantau,/60Vd3zovl6XeRH8GQOsM9fwMHRO.jpg
9791,Animal Factory,/1B16OQmIZV5J3zKOxJbLwZtvx9x.jpg
613335,Christmas with the Tuches,/i3sANKJlvSnIIOug3dpiHU72w99.jpg
394260,Sweet Dreams,/6hVOxQX6Q7K6IsOJAw4D7zPIssX.jpg
9409,Another Stakeout,/hBItFUmCrRS1mel0TM69ymBD79k.jpg
282963,Doctor Who: Planet of the Dead,/s8qWZKmi1ZloKhGXKMNMLPDHw7Q.jpg
289416,Grace,/6ikvuPIo1kGuRQz70l3ecissZLS.jpg
316322,Barbie in Princess Power,/nCviAdChxibrKRZfvG7MZ2wsqdR.jpg
46127,Sorority Wars,/AqK8pfdNgN6VwhgbaNYT6tl7hwG.jpg
25831,The Prince and the Pauper,/7sWpajczOeWzubfw7VLAMU9OeHS.jpg
17038,Lake Placid 2,/6ju8eLIai0hux6DSkIwRUozbX7K.jpg
335462,Wolf Warrior,/9tGyxJcPUQclngSCcT18oEs80Yn.jpg
80384,Breaking Wind,/vU7kTesoBciyayvATmERXDWoZdO.jpg
28498,Theatre of Blood,/lv02OmXxaRkDIGNcPxdITUddOO6.jpg
12647,Billy Bathgate,/zDC0bY6IvGIf1SrDipLZJxR0Z2d.jpg
640561,Enormous,/nu5EjoHfk4oG8RclOqFvJ5TPH9b.jpg
305091,That Sugar Film,/qF1fDtJ1vU3hrLDNJCgRoQekFmM.jpg
1568,Carne,/7QNHk05hoi3dXaLFiZyXoj1I81b.jpg
227094,The Returned,/gMdNeOFGmYXdan1ov835HOio1Qn.jpg
12582,Without a Clue,/3jpFbqOaAfQRixebcWWfZqtqfMg.jpg
1075335,Little Bone Lodge,/2BwerQH4tZvHU6zUlC77aDw7pLt.jpg
811631,Infinite Storm,/4B34NKfHCFVHriYfKhbsunHYl4x.jpg
9060,Dumplings,/97Rb3JJl343B1AVdhQdHohsFBT4.jpg
40364,The Church,/i44N7Es8ei8glNwTO0Sjx9rL51k.jpg
127374,Arthur Newman,/ns4gt4qD5JA3QioVlKzWSEM56Dj.jpg
546724,We Summon the Darkness,/zXAwq18CJYmzhLZNbLpBf3dG3A5.jpg
1413,M. Butterfly,/zPanmbKQxDOdmNr6Uy82y2wsUhc.jpg
539565,Zola,/bJLCPROp9bmNndurwZpVnOioVpB.jpg
180305,Mercy,/qw7FkjLxsDj5vmBk04L2dkiJopo.jpg
408159,The Young Offenders,/qpRz7J6Jw4M7Oa02dCRpot7gNO2.jpg
12489,Gridlock'd,/jlOL8fLsG0tGBtkj9qzHgqcHPVV.jpg
17824,Private Resort,/temhAEeniTralG3G9NyjPmTgzIe.jpg
19594,Bartok the Magnificent,/r243zEE7lTd8E6WwbtEGgu5dOs.jpg
58128,Andaz Apna Apna,/a0GV2V3yif2DbsMCSBrivvSHUWQ.jpg
11210,Robinson Crusoe,/e494USnDTBxvo13rtf818eZguRe.jpg
1810,Viva Zapata!,/vfarxn9ddiaZpRDml8FGhB46Qrc.jpg
15403,Ben 10: Secret of the Omnitrix,/aFFlwrv6jnj8LnYzxDifB5MOMpT.jpg
605255,My Name Is Francesco Totti,/wmFSna3qM12DNPdpkdwCA0oNFyc.jpg
363343,Raees,/zFYFUfnoXWxeA3n7v4acEqgk2iE.jpg
348389,Stratton,/mibBHS9mVV2z5rdeFdOkH94Sw1c.jpg
10132,Talk Radio,/g5iv9gwAuNRAW0TGhbkhBVXeiuZ.jpg
65592,Princes and Princesses,/gP1PDJmbsF5J2teuond2OtRiEaC.jpg
21717,Big Jake,/wcmxYNuM9akm0Qjs86quqMAUX6C.jpg
666277,Past Lives,/rzO71VFu7CpJMfF5TQNMj0d1lSV.jpg
3716,In July,/end3RqqYb5zAegPg6ZsWqx8jE1A.jpg
29453,The Magician,/46DEYkr96MxzUmdwgmj2U7gWokZ.jpg
136294,The Perfect Date,/6BCkjZWMKWwVk8Okpn5iMtB16H7.jpg
457840,Psych: The Movie,/82Z6LEnkewH40pv6fa2Ci1CkSnd.jpg
54580,Mondays in the Sun,/4BlI5weSiYUU1YnjqdaPLnOzc3Z.jpg
245844,Blind,/xOuEhyTKQhKogOpwtpIM4gz6F4t.jpg
12685,BloodRayne: The Third Reich,/kS48eBvmVXtNJGXWW5QMQmm1JbO.jpg
375098,The Show,/tg3hztSt33hf1OopspKVjVY7jC4.jpg
915935,Anatomy of a Fall,/AlbySG5o87A3gEkeaMhUADeDpvZ.jpg
119892,The Monkey King,/p9Atjcbidu4DsM7EQltiTZbrvkM.jpg
423333,Mass,/oqaqsMTLmNaM50tQG4k8EkR6AxY.jpg
27214,Amityville 3-D,/ghJ1kEJv7KYpG3h5OraFhsDvOCF.jpg
10889,Gloria,/mrYZInXp0JEoZYXs0Z108l2jN0C.jpg
270771,The Last Survivors,/pUTps5z6OXWCvuWooQE2py417o4.jpg
717192,Ferry,/w6n1pu9thpCVHILejsuhKf3tNCV.jpg
647325,The Thing About Harry,/sdn5NdFMcsub3QUwlovOA9fPJoW.jpg
14801,Colossus: The Forbin Project,/kmVDlTzERxSvBrqtQurjKf1zEy1.jpg
27030,The Earrings of Madame de...,/hBhpZjOA1G99FXdENq0zUwEEcR3.jpg
576071,Unplanned,/tvCtAz8z5tF49a7q9RRHvxiTjzv.jpg
11670,A Pain in the Ass,/gpiJSwmvFNrVvylqPCqVdxcI0G8.jpg
26690,The Boston Strangler,/hIVMUQf80zT4PyTMmXA1LXUzmBF.jpg
128216,Stories We Tell,/aVDtDW3qP0je1Cy87GDfijG9W4c.jpg
37973,Alone,/vNsCrJSTsSLnldhdpc9koXf2IcO.jpg
47763,The Shrine,/sfiHjYGnDUnJK7ag7xrzL8jiAX4.jpg
9786,Art School Confidential,/eV6UL22Zlpsq5XybUupWh0rBOp0.jpg
905,Pandora's Box,/xw5KFcTBYyvu4IzQY5ErgBQ73Eq.jpg
23535,Class of 1999,/5HkKJhPODjCjVOoGcvHvo7tRgNU.jpg
1418,Take My Eyes,/2U9z48ULc5eQSlkERAaLjTZ276m.jpg
23805,The Toy,/yt7Z37Uo2zls64XikaYh8nCwTAv.jpg
14753,Silk,/hQyTooR8UthIcRRmBsY9ROxQWJV.jpg
274504,The Adderall Diaries,/tK0g8O8Lb45VGT4aqLGQx0lpUBv.jpg
11651,Hui Buh: The Castle Ghost,/pJ0KMWV8R45FaUOBhGxe18jI116.jpg
392794,The Dancer,/3EpquN12mGRHDtbTUt3UI4YVO4D.jpg
44899,The Challenge,/vbgSg127Rn9QLgP1ho1RuSsRQ4y.jpg
920125,White Men Can't Jump,/i83Ykng2HVY5EF043zMmeQdLUQY.jpg
958196,Inside,/dXsiWJWwGwYwOQ6DfYFt5pPBMwT.jpg
135531,Fairy Tail: Phoenix Priestess,/aDuie7u8AL3J6ZH2LS5ySnPkX1W.jpg
25716,Crows Zero II,/crNy2cv1U66kRcEkBrcikePHqez.jpg
550738,Spycies,/yfrB9E1hiXU4D4Axw4DpIZtUqRf.jpg
25430,All the King's Men,/mRlB0efAUBMDP9GjmZWLnwAVgI2.jpg
10046,Renegade,/uvPe00dN92AAj9foq0a1Xt6XVx7.jpg
25518,La Belle Verte,/vy6J1RJEuQ4W2NZUN8GJKsqKAjW.jpg
498743,Never Grow Old,/3WGh8RtXOCG6Onrju1SBO67fCGb.jpg
16130,La Classe américaine,/iQKZwYLsaJIATKeS5t4yVoKzMxV.jpg
181330,Kevin Hart: Let Me Explain,/lzYQkVuEN0zw2JvJsMUsOU47nb4.jpg
7870,Down in the Valley,/qgyp48naq0W7j4NbOttFi91DlYW.jpg
15846,The Burrowers,/vLUjy4CiPRdbSY8ds8JtBExt2Fh.jpg
432789,The Incredible Jessica James,/r7tDHGsFzHY0YBCaaNctvAxZhpc.jpg
50087,Pokémon: Zoroark - Master of Illusions,/tWgH64RZmm2rIHtO2DNnfN3DZa8.jpg
61984,Space Battleship Yamato,/rcpMcrJ2NE2g3aGzBFfpkAEOjhP.jpg
348674,A War,/iBiGQf5qz6HSKKk10aejFGLMclj.jpg
4516,My Best Friend,/hPqtG8L5fj9PUlW7Gldb218FyIc.jpg
10394,Gangster No. 1,/gIQUVBPM9ehCelrjQEdKX29AaCT.jpg
44247,The Prowler,/4soFiMOul6GRN889FxfDNAt9Woh.jpg
455558,9/11,/htXKoZfPFbS2sFtjPbEq7fYycOF.jpg
1376,Sweet Sixteen,/p5h50WEZQ4pRFffnSULqL4cEuLp.jpg
615761,Undine,/i6TFHxY3In1YaNtExVX8oWTrKZc.jpg
27381,Innocent Blood,/c7RcoSiKAm4K0MNbtgqeQZjp0Pe.jpg
7281,The Trixxer,/kQv2mDC2tMCrEVKrZkZvKh7wKxh.jpg
38442,The Firemen's Ball,/ML9xNDLctLERAw34FYM9jf4W2h.jpg
651589,Sky High,/pUT5Fa1TskzkTmATpYGiW49PTEg.jpg
29979,Highwaymen,/fJb2XlqYSYFA25EMyodon0cBare.jpg
82485,Transit,/6NmsF4LgWTefgEbigUE86O0kIr2.jpg
4627,Krabat,/zDg4zqjdtSJOFbcqZMGlCD4Jv2M.jpg
1583,Lammbock,/nSyW14AAyQUd1m4bqTA2eEcMIU6.jpg
741011,My First Summer,/7GBMVO09clB7HUgfqbjZmOVAPOi.jpg
415358,Pink,/6xNhnyKm2M5FEOY7xv5iKiQ5P3.jpg
296917,Psycho-Pass: The Movie,/hUlhPosXp62uuTS0c2aINdg8cvV.jpg
8276,I've Loved You So Long,/14i0SnmWzgejS4ZRcBbzkvXD6dp.jpg
4475,The Private Lives of Pippa Lee,/eHN6AaAcks2c8HTVaQzJKSJLp7h.jpg
762433,Zeros and Ones,/a6balsDWCFMHPaPT6rFoBpNjR6z.jpg
13054,Rise of the Footsoldier,/k8lbsM0Nl0c1Qp7NnARWjS6TTRA.jpg
10557,East Is East,/tDchJ4mB23vGgwdQCmq9FCQ4W23.jpg
10863,Eye of the Needle,/nDPnfXCuh280WHPk7xTfG7cDlAh.jpg
93855,A Flat for Three,/4145OTbPEBJeqj3cqxMkMXyR1YV.jpg
19905,"The Goods: Live Hard, Sell Hard",/mzabvX1N0fLlu5aFMiu6rQu878T.jpg
44967,Strike,/mrDTaMxQKxWZ3uEs2G58vJWJDDL.jpg
442266,La Colle,/haQZa0aUJ8YX8C4xOr3EVe6lKlL.jpg
471859,Charlie Says,/nwYDXLQpPULdUbwkTc4gWpMJufn.jpg
297291,The Scorpion King 4: Quest for Power,/5GISNwtHWbmYJdbFHMpLoaotYhL.jpg
360029,Into the Inferno,/mmIY4dRCiwayMj0SI3azCvQZ4E4.jpg
336313,Hell & Back,/7Sjz7cDxQOv4IMiWkEcknDjLC18.jpg
790523,Still Out of My League,/soVwWSesTguGQSNsEpdSr46z98M.jpg
1775,Canadian Bacon,/bzK2aQ8xUB67kwCR5LHTSY99HtT.jpg
98339,The Samaritan,/oimc19nfcUTPveC85EhPyQUQ3CE.jpg
317925,A la mala,/AinFWAtZFif4SociC1yRTqkk8WQ.jpg
67900,Scooby-Doo! Legend of the Phantosaur,/bQNFcgEPF4f3djzziJZBdTDXj09.jpg
123587,Qwerty,/AqDoM8XXURgMUsjg4PtO9umzR2V.jpg
434273,Mr. Stein Goes Online,/2vOaVdkziJ4x91kgeCLE7urY6bC.jpg
2731,Indochine,/sAemRfr6mOSwtQ76e4yUQVImo8B.jpg
9930,Legal Eagles,/aZKGkQ9rpMyQ75sbdLnpmiM3m73.jpg
16225,Heavy Metal 2000,/mzOgKYOXiuwE5DIfagFs34bOb3J.jpg
426808,A Cinderella Christmas,/yD4SvhjDKi7ppsceMbxXKgMBtUi.jpg
726739,Cats & Dogs 3: Paws Unite,/4BgSWFMW2MJ0dT5metLzsRWO7IJ.jpg
37765,Ace,/2fh2vkNEQ0dPeSz9h7vMZUFqz8Z.jpg
18169,About Last Night...,/zkLHg60GHI0Twj5C5zz89Y4n8Rq.jpg
47245,Journey with Papa,/dAp4UQZIfQfJTyn7N4fdQdtSYRF.jpg
488223,Dave Chappelle: Equanimity,/4EaNffvPj5uTxRbFcmiTkor1lZW.jpg
9260,Welcome to Collinwood,/xcA4DlD9exA5FKFWNRKlP5v1et8.jpg
10725,Wolfen,/moUFIySnC5zhKoVeEcR4liyvstm.jpg
825,Playing by Heart,/3neHR1oPnC0OpcYhLn0TEdSHoEp.jpg
37737,Kites,/lYJhUIsKtlke4gNNHkYZNppYlTZ.jpg
24182,"Dearest Relatives, Poisonous Relations",/tDksTwkXNSTx7aO7cqG3oAZSO9X.jpg
22215,Chéri,/wq7uOs9bB4ZAV59tApzwL9go6oz.jpg
462503,The Teacher,/qWtkbOrYwx3zO6FO9LPPhSuSrHR.jpg
435601,V.I.P.,/tUgzvnPOVMXjrqIq9LtXYXosf3S.jpg
846250,Fire Island,/2vVUdYoqUX5rK8plxPGERGGjQLI.jpg
3511,The Broken,/c7WsgY4jPAvN0L90iUTuByElnJc.jpg
297961,Big Driver,/eOGZagunINGbIMMDXSJnzKJ1Ai4.jpg
13400,Santa Claus Is Comin' to Town,/8BYZEKB0BQkbniS1WRzPaU38cmp.jpg
503403,My Perfect Romance,/o3v4J05QKJa2S62YL6zFgHpl9px.jpg
466532,Clara,/qwEsO4OB5DUpHSl54wSKVOHiu9A.jpg
818612,Wedding Season,/mFeXAZ1oOECPqEu8c2i4L5LmNyY.jpg
16295,Higher Learning,/anLJOkvjwY31NiRoEuZ23yBAZEK.jpg
29376,The Band Wagon,/5CvUmTWK46rShfgLmw7LuKF2fYL.jpg
589049,The Photograph,/cdqZqIcWt0Ne2Io2OA9iWqqMuCA.jpg
325302,They Look Like People,/qXIXNduWXxCpKie5I8NitOcWt8z.jpg
20815,The Handmaid's Tale,/cnkKQyRzoCMZliMaknTOXHqXKaz.jpg
327528,Born to Be Blue,/iEdh2CkSyDXBTAPlNS6uLF9yTTH.jpg
454433,Magic Camp,/awcPLFFYjufRXd2oAAP6ZIXF9vM.jpg
27310,The Marine 2,/tdrLEIYR1ITBleJNvRckzuZshJF.jpg
9807,Aladdin,/zlnzJd4v8XyW4usXGoKkzRH1n2M.jpg
783675,The First Slam Dunk,/7i3EBXY87HdHagCoFbmjHQ8DlkG.jpg
582906,The Dazzled,/hn106rcEHkO5IuWylzB9ccT4bLz.jpg
517940,Euphoria,/mRKr08cLd43CnwHCAuFKCq7XtDu.jpg
25251,Borsalino,/pzfuUATzXT0MTRPgqj4f5s6RHVT.jpg
719410,Your Name Engraved Herein,/m3y8B4beaYjGltS7G2zltURfaUD.jpg
12475,In the Army Now,/cNIIDaJM9nsDP9tTmAN6sjKpeiN.jpg
504997,Lego DC Comics Super Heroes: The Flash,/zxz7Qo3GhiHkkFl26tWJ3uIwXiJ.jpg
760873,The Colony,/nX7ZUYwgGOCe5nXXwpNg4hAf1xB.jpg
838197,"...Watch Out, We're Mad",/ohiRHcLgqtpg82Keglufvlp8xuu.jpg
28289,Cactus Flower,/oabi6jdkxP3KHMNywKn6nQeDzQZ.jpg
437297,"Lord, Give Me Patience",/c0UfnzFW7Vk7qX2rYij2G5ahB1z.jpg
623511,The Burning Sea,/1bB7uV5ljDWKG2m5Z4cgWwDMAeY.jpg
454286,God's Not Dead: A Light in Darkness,/1MwoZ4U8SGm7yIzfPFcTTbiiOYY.jpg
606562,The Most Beautiful Day in the World,/iDMEwUG80avoWoQ85ge6VoVyCrv.jpg
374464,Planetarium,/3l0vquoU9khy3TSt1NFjqe9gZCQ.jpg
734309,Santana,/9Rj8l6gElLpRL7Kj17iZhrT5Zuw.jpg
56899,Santa Maradona,/fYuwnWK4TN1EVB8RiGbNps5cyBr.jpg
3591,One Million Years B.C.,/qVcQpoOqGrgNEdahRRzxEZkEouG.jpg
58219,Ages of Love,/9xckurqcoNkTYtjh5f3HvOZFMMP.jpg
17801,The Letter,/fe43qXp2sRAZbPDKX1puKGEwOon.jpg
5460,Cruel Intentions 3,/pnXAP64pI30UZGiXb228F4opUWt.jpg
17813,Alex & Emma,/AaDCSJipXeswMpM0TfOAbbYaBPb.jpg
17108,Kung Fu Dunk,/cNxnBgszvHzx2QrqCORhhzl6JcM.jpg
394161,The Outsider,/q12hpgdfCoZKHLWJeslJyqz9QJL.jpg
9382,Boys on the Side,/2dhZnfBjiza5TupvOupRU4hFAcJ.jpg
622951,A Sun,/j99jv5IhIKUkGDv3PWSjb234YR7.jpg
299782,The Other Side of the Wind,/kFky1paYEfHxfCYByEc9g7gn6Zk.jpg
43960,Drake & Josh Go Hollywood,/iU1jCuzySjhgMYqT86NIVI6fSaX.jpg
852427,Kompromat,/6OimOLolZ94sy0KVmimRxqfxy8.jpg
83090,Saint Seiya: Evil Goddess Eris,/44Ni4sNvXkyRAh2ayuE07CV0lE5.jpg
326094,Wiener-Dog,/s7D9c9kSdYbYO3hSvZHVBiUf9gk.jpg
27031,Samurai Rebellion,/vikLAI7lPFdZcu1vBy2C2ucKPFN.jpg
18804,Head in the Clouds,/7hife90EykgFaJ6KPY1DX8y7DVD.jpg
960700,Fullmetal Alchemist: The Revenge of Scar,/c5OwwBNyJkwyroIOIJL9IiRjydR.jpg
1005776,V/H/S/99,/1bOMmFtnykBmvhFcx8zdXO6bCAa.jpg
43231,Le Notti Bianche,/gSfjIw7kF6ioQ4KTO0MxVODluiz.jpg
21362,High Spirits,/3GQl3A8YWVdKH0NFfcZlreiA6zM.jpg
303982,Vai Que Cola: O Filme,/c6XIIaDO8jOQKc39iGLzXLRgNN4.jpg
262840,WolfCop,/kOhgErWiWKX2yg4xEXfG2yTFti5.jpg
3065,Mystery Science Theater 3000: The Movie,/tlakU3uwNiUgd7aOlb2RoAsGTnY.jpg
378200,The Perfect Match,/sAiF9gKhb3gPbnp9g5nNhrfTqpL.jpg
229296,Justin Bieber's Believe,/5VCA3p9IWp8DPs5YMY24CAi1Wo2.jpg
14615,Fury,/u1kjLTUqmqjDMlRxcwCqWagjf6r.jpg
426272,Take Me,/7fd3hbfrx2lUzQr5uOTI9Ej4lcx.jpg
36206,Ride the High Country,/oBdJliz2o88ZLPulL5KLdbRsQuf.jpg
574207,The Operative,/ue9co4q7ilbjThuy0hUIYxinCzg.jpg
582881,The Swallows of Kabul,/djd3QU6ThcDSOEGMuUl1h1Am8sN.jpg
18289,Godzilla vs. Biollante,/tHchmbNaJNxp9vRGExvYg3dwMab.jpg
393407,The Jews,/nO2e8IVtpWtdM3lawEE6svyfvhZ.jpg
74523,Born to Race,/Aamkezlj7SEpzdxa84GLvvmgTqq.jpg
13912,Horse Feathers,/v5ythNpSbESSEi4PCEmCPZUAvoI.jpg
477666,My Best Friend,/iGbzNuLg6InmmaUKEz83oySFj1G.jpg
27233,Kids Return,/djfMyUaFJCq4npk1T44GTQNhL5D.jpg
252444,Get Married If You Can,/qShzlTIGJRDENDgvgVVvrIqpmIJ.jpg
26035,According to Greta,/aDq2E0zGXc9SwMHbTFjvyWK8cJa.jpg
9903,The Hoax,/jfHmDucGU4RCuwdXmKIj4MbG7qp.jpg
15049,Bon Cop Bad Cop,/kidOf2K4pEM0Llsm8aIRcANTcSF.jpg
20871,Gentlemen of Fortune,/owZ2KQ2x99XqMprSvFNeTdmCBk8.jpg
63276,The Scent of the Night,/k5k0KPAYO7C1J8apX74ezWc7Ztb.jpg
616073,Return to Horror Hotel,/kP4wYsysronwnEC548MqclI5LP2.jpg
535845,Brian Banks,/4MnCFcFHYAEMG4NBTUKvjhf5AhU.jpg
31542,The Tree of Wooden Clogs,/8lxoodi0CHr8KWBi7XKlgRsGlXG.jpg
12766,Vera Cruz,/7sDTIHW0nG8CqzskwBJtmUnBwcK.jpg
156236,Cycling with Molière,/je8V5LaaCW40ksbbUjcvl80UOyc.jpg
43430,"The Irony of Fate, or Enjoy Your Bath!",/zlkG0yVVamCyBnLLbD2zOaHMJEz.jpg
5062,The Inquisitor,/lKB8bOpJhTTxfiK5OWjilZeZ0Kc.jpg
13019,Young People Fucking,/hjfXPDVjYd2yFYTKCwgEB9QEdmV.jpg
29918,Lassie,/5Tz2rzFivQKmMBz5T8Cj7M7CdnI.jpg
34689,The Barefoot Contessa,/eSRBlHu9didl6MdFQdIYpU9YdFD.jpg
29698,Ratcatcher,/yNfHk5qKBWTuHmrYTeFP3wevUut.jpg
366548,The Nobodies,/sO1L1imez0iS1Alrhgir23b9nVn.jpg
31606,The Package,/h91tvQQQ1o8591yYLTkO0AtVho2.jpg
33998,A Monkey in Winter,/g0NxvdRRmuelSxc0NsmsgfZJrgi.jpg
100830,Radiostars,/fDWaRlIpUOHriMHaiKleFpYFzRE.jpg
284284,The Keeping Room,/5hj2RoLiD31AuUfnYKA2HBlIb6n.jpg
368002,Matrimonio al Sud,/ad3AOzwpwcBTvq9A5cRUGWAH2sT.jpg
570,Fat Girl,/afzbY1h7huuxlITigPfcyQSkqLs.jpg
50124,Frivolous Lola,/n691GdFEMP3bBZ3SvLxFD2paAOz.jpg
615173,The Witch: Part 2. The Other One,/icQM4lMTEUVYPrSOV3BH9LZjvmY.jpg
2006,"Bell, Book and Candle",/3CHYrweliBw29rSiDdAiqgZbcy3.jpg
209406,The Right Kind of Wrong,/fY7VKAwmf4fPQXoIVzcJcBRqa58.jpg
40413,Hikers,/hsX9iRCsFc2Eaak41bZi928Fo4k.jpg
31165,Inside I'm Dancing,/2umd8KCnjamgEk9RpSUDQ9TltbW.jpg
29993,Samson and Delilah,/iNb2KMv056vpCJycqFp5Xbpw61Z.jpg
16781,Madea's Family Reunion,/lAzrDS5bJJSSdPAUxuctCoomXUc.jpg
570480,Trouble,/yfTXk9T3iNxuOcnA72AirzueLxL.jpg
652962,Half Brothers,/Apl0WFx61trVOoxvc8Erd5cbP8X.jpg
32084,Lebanon,/ulWjW1KhMLHwWJ97593reBhnXlv.jpg
58925,Mr. Klein,/i4m5jZSPFPtX1szRaiH2wES6AnD.jpg
408355,Throne of Elves,/yCV6x3ovzdPEF8LC7JmTr0wOxs3.jpg
16652,Happily N'Ever After 2,/qovxyp1QbwN179Ay65zQYDjNsuV.jpg
297806,I Saw the Light,/A2AryRwBcPDhet25eyQCyupXl0D.jpg
148284,Enthiran,/2bLTXcQVSwdS8jy8h6DaSmCPU4T.jpg
31947,King Kong Lives,/gI37vg2otF348OHxsx97hWCVvNI.jpg
16664,All About Lily Chou-Chou,/qrN3oGKlMRrw5WbWYJ8ry9pnbxZ.jpg
229182,The Harvest,/he6abiplc1atXbN7OztQAiZoYU.jpg
31121,Shampoo,/6jmFvXPV6OhtX3AkAVnH7rwdeUJ.jpg
693158,Proximity,/nto7dx8vmqESDU484huGoSt4o48.jpg
30459,Who Is Afraid Of Dracula?,/dsduOh9R7ocxjyKcvsF2tPdFRLh.jpg
1944,The Door in the Floor,/2elMSIcQ9wDuFz1uzLU72AAKFOF.jpg
4786,Rudo & Cursi,/vjhIRufpySSqHDj0maanFSi5XqU.jpg
113594,A Turtle's Tale 2: Sammy's Escape from Paradise,/br7BxWeKDKCPExIIN6ePoCLe07z.jpg
381693,Kung Fu Panda: Secrets of the Scroll,/9LsQpFS3JOLmVfIV38oI9YHMpi.jpg
262481,An Honest Liar,/tn8viCBxP2xdQ7SS2fww7zeoPwe.jpg
12531,The Apartment,/8EWKKGnAQPdTXhr2aRde1aLwPQn.jpg
419772,Les Têtes de l'emploi,/eVD9tvtBSbPIp4xDAyGOMaCtqMY.jpg
520016,Driven,/5szS3NXiycrTL67AunS7TLG0EE0.jpg
20007,The Bugs Bunny/Road Runner Movie,/bf8UBsqg0omm5QxBhEopKoDytvV.jpg
592867,Dragon Quest: Your Story,/5R70ehKGh5V0ZYOdikxwSfoLGMt.jpg
1061671,"Pamela, A Love Story",/zkVnRwZWbrd55P3Tx7BZZQ1gU89.jpg
409582,7 Guardians of the Tomb,/lBW7Aq7RzsFbrnmn9RCkpd6GbXf.jpg
19114,Endless Love,/sU9jXtu7dtbAezz5LdrFZSyzztw.jpg
426256,Patti Cake$,/11MVxyp77zUPwc4cmqsUumNQYWK.jpg
45916,The Prince and the Pirate,/jfnkA9MPKiRxfbfyWln81CisZRF.jpg
94204,Meeting Evil,/aGbgCFTN7zUFF6NddoQC8L883HP.jpg
475930,Knife+Heart,/mKyGqMcJUu83GgYN6ajbugqPvOb.jpg
267793,Petals on the Wind,/uY49FstxwUrf8syltAeqTHU0Pty.jpg
83088,Saint Seiya: Warriors of the Final Holy Battle,/a1ftT2mM219UvZ86jgF19mBoUT1.jpg
139374,Bullit & Ripper,/dJ69pupjwCgXgNeDHMcFwQQfIWL.jpg
74135,Gantz: Perfect Answer,/drAx4MJcQVKbCbycj3NDAzjXmh0.jpg
57119,Jumping the Broom,/60OXQUsWfAdSimqwAAJ5EvBxTre.jpg
9033,The Prophecy II,/paHyRgF3uBMvK3i4YRjJ9wwFxbH.jpg
32569,X: The Man with the X-Ray Eyes,/7YMk1mtTsGYPBC8zj2Kd3K6h3g3.jpg
5765,Knight Moves,/9Zvyk7Jp5fcqGBkFvjZiVxV4DeL.jpg
22998,To Be or Not to Be,/5VDZskShjJKAn3NP34LxnOVYek5.jpg
790496,Bad Luck Banging or Loony Porn,/zUTkjET8VUwvbvSHtn0Lou7xwyZ.jpg
2612,Mr. Destiny,/zlYxDFP9l1YcUnspNzuIa8KVo4N.jpg
371449,Other People,/aC7VqBeovG1yPUtlOhUfXofKBkZ.jpg
3087,Yankee Doodle Dandy,/cqLLIyJFjLr6jGOxWVEHG11WGzB.jpg
18352,The Cremator,/9or2Jzw9HOE4gp9niwXBkZdpTVx.jpg
802401,Demon Slayer: Kimetsu no Yaiba Mt. Natagumo Arc,/wq1UG5lPCKpOJgmgpKJszKvoMUe.jpg
352025,Un + une,/oC8KSDaNr9C1SbaWz0T7N3MgeHR.jpg
75964,George Harrison: Living in the Material World,/x5Y3S6HD8Mj5JmncAHy7eVpVsA0.jpg
7353,Fireflies in the Garden,/qtVNAwxDbZqaHKgS9Ss91RwewGh.jpg
18897,Don't Look Back,/pvbhKQMP4Vi2BLyA38MqUBRPZPM.jpg
4595,Jour de fête,/x1wwNdrBywcmZSfIsO8qcaZxYWR.jpg
643612,I'm Your Woman,/uTcJAxIV8BzNXuvcViBSibQSBid.jpg
40423,Black Orpheus,/fJWzdNRnfjcJuaZiKqaSURFV6Lg.jpg
63315,The Hottie & The Nottie,/jnYubDjKUAMAxvYE2IveCJkDuuC.jpg
35119,Evil Angels,/kUWtEsnaq1UEwYoTt1eIpkQOdzz.jpg
22182,Lessons in Chocolate,/hc8slQloUKloVbUnGdRZk4CVd7p.jpg
390582,Here Alone,/jvPS4nDSWlV3tBvW91KggIolmwA.jpg
86004,Talaash,/oCxyN7HmJ7zWp8jtJeMRHABnutF.jpg
9548,The Adventures of Ford Fairlane,/u6accimG7LmroR8WgNklEJS7oFq.jpg
13981,Appleseed: Ex Machina,/kresKis4LuYPs1PWbeJ2FYyyXRA.jpg
5691,The Canterbury Tales,/c05Ywtp4q9RblK4chx78fSSTQnt.jpg
16808,Pokémon Ranger and the Temple of the Sea,/fj9aVJP9bZGkB7NResSauAAImr0.jpg
375868,A Stroke of Luck,/7kWOLgs9gbfGlvM2KDXfuUIML3I.jpg
148,The Secret Life of Words,/5V7i63rodY56cGWmPATxumzj4xv.jpg
24161,My Friends Act III,/2Lkk64uymM0wJyI1JqAHDGHzTpI.jpg
24395,The Hill,/4ZQcVEkj3Ru2FKSczz068cVdDtk.jpg
37659,When You're Strange,/yd5X8f1mt13ETAWLI7dp0MEEZLL.jpg
92499,Spellbound,/5kiUh29bcQe66Mjs98O31vGwlUr.jpg
864116,A Day to Die,/8Kce1utfytAG5m1PbtVoDzmDZJH.jpg
28601,Problem Child 3,/adCNPBJPaBjp9ikJAJYGAkqz6CE.jpg
56972,Mi fido di te,/kf680Nax0ZfvmgkeTBIl8LXZjUH.jpg
22786,Different from Whom?,/pmQAAuqoS5Ywk3XhDRvprcLc0GJ.jpg
451563,Happy Anniversary,/nQYX248aotb6ma6QxJ14utYEYoD.jpg
31995,Jamaica Inn,/newmJXlio31tkAXysakFdMlCBhK.jpg
20442,The Naked Spur,/xS5EAgCnFFvHbyRydlqTbDbaXZ6.jpg
44892,The Music Box,/zwU0Y7VS3d326v1pYY7kif1y7xQ.jpg
7974,The Match Factory Girl,/zHfabvr3RKEbNfksFBs2Cder91i.jpg
17893,Camino,/sTE5F8m7itOL6iw90WISna0Vc43.jpg
215042,Metalhead,/A9BcPpQlrRBWsyt5SAMXrbtukef.jpg
447856,Pad Man,/kHyoFs6BIJJwCaFlWu6P5Bnpa70.jpg
385317,Hot Bot,/fHUxi5HjpVjSpw5JKgGgiriVbGO.jpg
573730,Made in Abyss: Dawn of the Deep Soul,/fsPZdpocYYbvDS2YEE1Xohqo1ni.jpg
86541,Ghost Graduation,/oduJ7jj5DsVuvIctPxHRcb88vfr.jpg
624484,The Predators,/kkXak83SO83ASJoSyu7Nlf9MSXI.jpg
12772,Leap of Faith,/iqIKuwQYdvoKKGFjjEPdXlUKYvk.jpg
15489,Snow Day,/myTnHKy178rrd1oUG3GkEvc641G.jpg
32536,Rejected,/vbci2t9eg4l7fmPzyBaa0OFiyYP.jpg
476678,Backstabbing for Beginners,/WVaq7KNnittRDkgmb58DaDEnK3.jpg
13300,Hell Ride,/qCU8Z4dPl2XPBpbOj2WoBQuCz13.jpg
34672,Chestnut: Hero of Central Park,/quDRdSE0gZ1Q1lpOkZVq4ek2kaQ.jpg
21835,A Chinese Odyssey Part 2,/4NVQ6rDjPdJ1fayNggtL87nkAuE.jpg
2593,The Fire Within,/9iHsReoh2VuHihDmNXgLXCi18rR.jpg
660637,Dance of the Forty One,/jcSqwsEtT7wKfQ8oKaaulMMGUdS.jpg
986,Chimes at Midnight,/5Fjxyz3u2Zdco4WeuC3wQ6O5tYQ.jpg
19382,Biloxi Blues,/vAhQegSNb0OYwBN2KbSr8GRSUsI.jpg
412924,Supersonic,/gMHLEKTB22J212To1gSnundcIhH.jpg
586047,Seobok,/nxxuWC32Y6TULj4VnVwMPUFLIpK.jpg
3598,Lost Horizon,/jCY8uJ80xlO2ApfrsB8s2gzyiBX.jpg
27945,Hombre,/puqgDLxdIZSnodDJ6Q0KxofOebo.jpg
311615,Smosh: The Movie,/5qFoyhKUZNn0eZIBSfmdn3PqkO9.jpg
2929,Frankenstein,/xPzF7qW6FFZEzfsnsKqNOncxJNU.jpg
10485,Ghost Dad,/vYNIUUkJSZixxrfpMLFgVlagbaf.jpg
492008,The Swordsman,/r08U3dwiOeStXcjYmfnRyumgKyq.jpg
22784,Boxcar Bertha,/gF5VslUB2xpWbboc735VVnO7DXh.jpg
37034,True Legend,/6UICxESwvJbvRHdgT0jenH1xPmW.jpg
619803,The Roundup,/tqHXCshqysM6DPnXeFIR74fNdKw.jpg
398939,C'est tout pour moi,/7iawovuxzAurX1OGhG5NtikU042.jpg
1629,La Chinoise,/aQacTbz1S0EwTmrx4CxobALHlEr.jpg
587130,The Reckoning,/3jdBOApDt1DXlJtdzUtp76DhmmP.jpg
696822,Bloody Hell,/73I98oHHWEaAmp6UwTdE3tJkHCq.jpg
11039,Why Did You Pick On Me?,/uWKXh3Uu696oQyoEdtNRg3ohTR5.jpg
354285,The Sense of an Ending,/gvW0Ki7pEv4iZYbtGwgcvqR6s1c.jpg
44435,Trauma,/A9lheNDXPb4HS0g2RQu2rUD98V5.jpg
489763,The Keeper,/nNPsc5USXEr90FoFaXXljaC1O3r.jpg
48844,The Search for Santa Paws,/rW6rXvT6AeNC4AUBC2HJiiLpwly.jpg
456154,White Fang,/jJx8zvW0H2N1WxrjYE8hRxS1N3u.jpg
13787,Holy Smoke,/nGowjHJdy59gMtEo8GPRWY6382Z.jpg
41876,The Damned,/hgUw52rwePsQ5oU7ahbYZySGrrO.jpg
20465,Stage Fright,/dur0zx9llrLXRdc3nMJwEqQRCNO.jpg
819309,Emergency,/b1OVtVtcC7KQlsueXCwBSRaAR1o.jpg
41579,Getting Even with Dad,/yZLcdtT8UVlj6j3H8Rl51PxIdza.jpg
44877,4.3.2.1,/yrjLJlMm1rLRpEIC9dNoojnAbwD.jpg
8937,Tokyo Sonata,/6Y0ZRyh5eH7WLY4fcF92swhtgUz.jpg
268523,Nice and Easy,/t3w7bVAlihvm0uYbhWNptAJKgVc.jpg
800305,The Boy Who Killed My Parents,/h9onDM7U8KCv2nXQNCCayuGzt4z.jpg
22692,A Star Is Born,/90EfCmXXWOs5dy7rHTNvGT9T8Kz.jpg
16463,Roundhay Garden Scene,/qI9eTP3NpJlxTk3oMBvfz8Awwkw.jpg
14019,Ex Drummer,/7VxXp2h9UtJP6XbeuQGqqbQzoE1.jpg
384756,Rabid,/1iKMpfASZEYvraBbVSlCkrg6qco.jpg
80662,Guilty of Romance,/9Yc6ip8cBDbkfy5K8Ob401PjlJa.jpg
20411,Until Death,/kI6Wpkz5FzkomIDDRtMIsDjMhnh.jpg
359228,Ghost House,/gTnxcpzZYcqFVsAXdPwSOs5bjgg.jpg
47904,Outside the Law,/6Ol0JPw7wcvY34VDBLNjXsemg5O.jpg
19169,Nightmare Alley,/odlV13MZEswVyMBQ4fmmxLRHYT0.jpg
254905,Manglehorn,/xCPdLx7N5WJDIRWxbO0eqA60Ggh.jpg
1279,Samaritan Girl,/w0cn9vwzkheuCT2a2MStdnadOyh.jpg
110146,The Sapphires,/3249QNApOMITMcIrnt16ckxd8Z8.jpg
296313,Men & Chicken,/6lZ1EjOoWJiZaGJe38052Hmt73l.jpg
12709,Ridicule,/j78rRskAapKtILalcxAmdskGtzb.jpg
3586,Ready to Wear,/ehg1dTxsqx2eMZpd5Tio9JifwqB.jpg
14603,Kuffs,/mF0eKbtnPxMVTPiLeKquUziMW06.jpg
399612,Realive,/tDjK1nn6gm4ANT358JPLVgDICfm.jpg
329809,Courted,/d3Z1HeAn9sdCIn9SlFONAMZtmzJ.jpg
583794,Law of Tehran,/ujNhy2Vu7S1FHuwePMIYMkIbGTj.jpg
21876,Von Ryan's Express,/kNIpEa4fe0RvgTqjkRrHFuSW8lz.jpg
24939,Return of the Living Dead: Rave to the Grave,/f91aC7oOAhD1OejJRbHvN83d80T.jpg
25516,Koi... Mil Gaya,/2iJVauDYcYxRRGciTmAOSjiATf9.jpg
717634,Girl,/xsi8n1TVWwCq5XmID3ia0lIfTUG.jpg
42252,The Missouri Breaks,/3fbAVOm9w66jt1TMbeTO8wLyqxO.jpg
186971,Age of Uprising: The Legend of Michael Kohlhaas,/hlLec0D9nq9TSv5OjbgqPqEDGKK.jpg
408866,RE:BORN,/cE4VADDJxwpFqTjOvRNIfAsvI37.jpg
799497,Get the Goat,/rzcdLb0BhPaUJjD2jEcfRMiwOgh.jpg
724665,"Confess, Fletch",/h2oyiPu7aql1s1mLDoKBNAH7p3B.jpg
615466,All Together Now,/4QIpIHoYdlt9ekD6mSIxe0FylpR.jpg
23273,Troppo forte,/dSLGHuYPDMAoVebdl7OPPDXfqfO.jpg
84327,The Queen of Versailles,/9VxMIPT3nGusKhr8084m26vdeTj.jpg
287904,The Last Face,/egOM3BJgA44fR6YdiQJD51iQ4On.jpg
845659,Perfect Addiction,/3wkrRKMFRwCpjp1U27914oRbcqH.jpg
16921,Autopsy,/wbjxIB8RFN5j2Wl2JftRQtKnJtZ.jpg
43372,Bellissima,/d3LmeYvqzeS3oY3zP93jNfYS15O.jpg
19460,Son of the Bride,/20cWVSktlh4SHTzhM2cHvaSyqGn.jpg
98568,Enter Nowhere,/eBWZmjzehYXmVTCsFan9RnzmZ7Z.jpg
44027,"My Son, My Son, What Have Ye Done",/sUS8WNlJblq2GMCFPKBHzhu0XDC.jpg
344,"Bang, Boom, Bang",/wffvNQYOry50oHhe7aytyT4s2mU.jpg
330770,Evolution,/sQHzLbZEnDvNQZRqn7HJDJu4vWz.jpg
31058,Bitter Rice,/9vvbZgbkfE7urqQXRNiONmvYTtF.jpg
81870,Flying Swords of Dragon Gate,/1i5kkGZne5tKfSlTtaYnfJQNN6c.jpg
429727,Bad Match,/eh7CB7Z9o2HRcKTEYmSLmo6I2hh.jpg
44728,One Piece: Curse of the Sacred Sword,/zHhKEVos6qzmowRRvaEg1VnOSta.jpg
9523,Lantana,/nTEUCdpDsfVDZJ5H0ndP1EmVtj.jpg
32093,The Mark of Zorro,/bJDonmAPnDV8jDv9jLlsejAdAoL.jpg
939,The Jazz Singer,/ruQGTDWt6aVzLPfr0uPm3KjQK3b.jpg
576040,Malibu Rescue,/nUP0w4h689u6qbbkjfXO8yI8Zu1.jpg
26603,Vice Versa,/6XOY24NV30EI62sqsCOlmZdmKfh.jpg
21043,The Method,/kmQjAosCYrzxYu0rJumTTZYzGxo.jpg
16442,Sergeant York,/54LTgyRHSixyeeFhLtCFj0SMAQ3.jpg
16346,Center Stage: Turn It Up,/ngD6GbYx9auu95YMgfNImOnC6uj.jpg
16440,Tales of the Black Freighter,/vpZNACLrZC7EeZc0iCpnCsewZEO.jpg
41582,Monkey Trouble,/XnEXrR8SKWQmmvjtjRoAXROEj.jpg
119321,Big Top Scooby-Doo!,/i0zImtsknzWLl5OvAQ23Y3gfEYZ.jpg
36811,The Last Station,/55cRqlB9X6qw9akovbdu8vrsDir.jpg
22476,Infestation,/s05KAaASM38wHRS1SOiu3q30o3z.jpg
26936,Boiling Point,/e8fIvIJDydB0MW3wuWos0hsh08i.jpg
640882,3022,/dp1brl24LXGFU3JPFaDoljDONRz.jpg
283596,The Legend of Barney Thomson,/As5CRcqzoz5GGXlFvoUDlv1jvDV.jpg
25330,Dutch,/diBUesRJ2w6ilSbAizpk062Sajh.jpg
415312,The Man from Earth: Holocene,/krOWstmTUdfafRbXH9YAjVj2zE5.jpg
4708,Is Paris Burning?,/hdlXGmBbfZuF46yVbsZnT2TRAnn.jpg
377448,The Rocky Horror Picture Show: Let's Do the Time Warp Again,/56KEpnJWe5KvpiPu5XmK14L7Wyr.jpg
45004,The New Monsters,/pcDAZ2pSmS6fgJKB8lEqlEhA8d2.jpg
84111,You Are the Apple of My Eye,/mQ07Y4KlYZlJjVSEp2AFTYZA9i.jpg
54293,Zeitgeist: Moving Forward,/9yZKFyI1z1WMbkCdfL4Z7WIBLqv.jpg
13094,Dance of the Dead,/bQuGNO5TwgGHENhVLahKcofkZe1.jpg
10293,Pauline at the Beach,/osw9SwpoQEEjQdKh747MC8fT2VM.jpg
340104,Lucy in the Sky,/ofhOB6EGSBqzGHA0MStMx9zWnML.jpg
26845,Tarzan the Ape Man,/sqtdNAktAI3p1iXmaEooaHjMmWd.jpg
57230,Viy,/rgkp4X9C1NNobH8bq55zcMTQFCl.jpg
597856,Critters Attack!,/iQJQNElDQqQ3iXf46pyMmhReoyp.jpg
12506,Cry Freedom,/8B0z9pFhCnU9XmDgggWOz70yctg.jpg
21991,State and Main,/348hvpWeSGdAQlCrGvKbpC0FpQN.jpg
13996,Bottle Shock,/DMc4eRfU0RA2SX2oGR3YllEhH7.jpg
758336,Love Again,/koswMk0y7jGcyofV1sBccnNtY0B.jpg
35412,On the Beach,/lTDuj5zalrI0fpQel7UfPHTexTK.jpg
18647,One-Eyed Jacks,/xal47bRKVIxErB7h2CScY3GBnoT.jpg
12487,Gozu,/mo5L0XzMYmLhdsvgA40qlYiHhAF.jpg
15658,Flowers in the Attic,/30OvZ9dsQwFN6WTTmsG9uieDQCi.jpg
342,Summer Storm,/7fqQmDzKGIiIk0mORANha9SsLVy.jpg
19855,The War,/eMJYqr5zs7rz54oZhiX4ez1BI5E.jpg
18019,Julius Caesar,/qitS37GjuCEfkJCiW8OVqlvIxws.jpg
77560,Faust,/t4SbcJCSD2dLLh36WnhVgY4X6C0.jpg
49522,Nativity!,/2APY35DdgOmQIJlVpnjI7Kanjyb.jpg
480736,25 km/h,/gux7726i4VdKCGZFyeN6lL4Rvr3.jpg
720026,Butchers,/xLbuMxKORru3oTlItLBWpI5WJxR.jpg
14395,Kabhi Alvida Naa Kehna,/dkYQgRPuik4FGIUdGGVYGQJWrHa.jpg
16759,Five Minutes of Heaven,/6Gvo1QUjyAwNfBVrMgGiHkVRQdx.jpg
379779,The Present,/4MoON4N0CNIYHtFCxOXe6ufh3kE.jpg
28973,A King in New York,/e6KtBoiXa5D3LLZtiMCkiqIDnZv.jpg
425942,Black Snow,/9gGGvfJIGE1g0aqqOPkqRwIlKqu.jpg
407887,Operation Chromite,/kHnmjA8w4wf4fLsPB9Wmhy2qqTy.jpg
12086,Machuca,/oBDAEhTLWwflrqRZMsrOisqkVSb.jpg
494407,Pokémon the Movie: The Power of Us,/eakBFzG1dZn0uouBgv6kYtPXLkT.jpg
761563,Medusa,/fs8RXnnJkYKo53R8A6eakzcTTHj.jpg
800787,A Good Person,/6toz74j1OgbQrsZUjgr2Ohs1AsE.jpg
582923,The Girl with a Bracelet,/vnIQq8R50P7rEwi2UivROxYiJv3.jpg
25627,The Living Dead at Manchester Morgue,/aoSXaxNbbw7OUX6XF4qlQbqXbuB.jpg
21453,Wicked City,/aFtLwGv6pcqO72M1v5iQYZOCkZ5.jpg
335795,Monster High: The Movie,/768OBP28OA4mjavOUAIRlVo14Xu.jpg
435050,It's for Your Own Good,/6G59UxqW2iDgvwnOcRGDJptNnk6.jpg
376228,Audrie & Daisy,/4AsrmTmKMVs8PmBnu6jNpMekoBj.jpg
394355,Hulk Vs.,/zTpk3zBme8LEHqocGb8PkYdGjkr.jpg
1107872,Mother's Day,/wws9Z90DdZ7D0n3gdzFSZ6cntJi.jpg
404604,Mom,/zZwbntqdfKdVgzH1RoMHa99g0mJ.jpg
284457,Twin Peaks: The Missing Pieces,/xQevnHeRxlQTfXQ5RxXJE4PnVUO.jpg
259074,Joy Ride 3,/lQjcZ9yWermv00OICsnAEsJUvjC.jpg
209504,Bounty Killer,/bG7wdte8enWVc1uuLX6Ys7ckxwd.jpg
423093,7 años,/bCTYNDhPLhtVQFrd2aJ7c94bMfW.jpg
336560,Lake Placid vs. Anaconda,/vWTTolhnR1yW7z1YAIC5vrTn4s8.jpg
29415,La Bête Humaine,/9i3YbpFnn6pjGdS7uhFmoAuCZgt.jpg
453127,Midnight Runners,/11qHlLL2rsQGH1nmPjJ7jFjeGcb.jpg
62564,"Turn Me On, Dammit!",/4E9L07VKcYThzajtupjJoi4SUsY.jpg
332721,Dad's Army,/6MnhydfF3L97zJ0GlukE58kOByo.jpg
424014,Quel bravo ragazzo,/tmmnyjIspgcyeQdW7wLsWcz9UmU.jpg
4629,December Boys,/mLMlaEFS7KSF9YD5nNuLAQ3qFgy.jpg
33061,Troll,/5KXuzLzP1pdM87HXIoneiwrDIld.jpg
15598,Alfie,/tPUqgfGMkZazRZ1UO41j2Fiib5C.jpg
11494,Wilderness,/sLtUVG7ORbTJueTmIWpO4YeHayS.jpg
2015,Secret Sunshine,/vee1jyUrqUEmi5ZStWI1JJzLQJH.jpg
139519,Magic Magic,/xgbECqu8xLVzmHT9p3SuB4HtSpL.jpg
10486,My Father the Hero,/qOP80oUZRTT7EsV7EZA9aBa95dQ.jpg
17189,Battle Angel,/urvznwew7HrjrIEbK2RLaEkaezs.jpg
469651,What Will People Say,/qPVi1soiLyfaRhLIp1ufGlhrEW0.jpg
16373,The Uninvited,/uwp5ahLmWliRyX3mPoLHU7BKhf5.jpg
807185,America Latina,/g8ylOkjXtoHQwDhqNpYmAC1YGDT.jpg
32037,The Cassandra Crossing,/3WKV7PPWp6ybjibhZF6AMfFErqp.jpg
523977,Summerland,/owfKp0rbBa8vHoNO30MdB3GiaYU.jpg
44729,One Piece: Baron Omatsuri and the Secret Island,/ueIR4LM4k8eKhSB8gGT9NMhCwGW.jpg
552660,No Escape Room,/yP0mfM0MafLVMD36kgbvZpr9gbz.jpg
756681,Veneciafrenia,/luMC56bwZqaECYRz6X7sXjqN6nd.jpg
53961,Brainstorm,/ucFRXjYTuIhMEa2ZgK4FKrwTPN.jpg
81900,Scooby-Doo! Music of the Vampire,/4JvEyQke4gQSSImml50vsa0KQdS.jpg
17915,Dance with Me,/zNUxfWLFGfM7IC7LpxZqWRCnVMK.jpg
484886,Singularity,/qmAq1fsprWHhFARdpPz0A46ylUS.jpg
127,Blind Chance,/gx84VmJllqvXF3JEqcEdsxBEcbF.jpg
10310,The Bitter Tears of Petra von Kant,/kfNhPIAv5UPbfpZc1mYxkzVddPZ.jpg
74406,Queen: Days of Our Lives,/3hgtcR7HiSihP3FQ166kZKV9aMw.jpg
1003180,Inside the Mind of a Cat,/lqngTIvF2UdcK9uTZ8nLX3AfbHp.jpg
45318,Isle of Flowers,/sGLv72iYI46tNldBSjYp4GIz1sw.jpg
10235,Alexander Nevsky,/lsTJYStIsnddwioD1L4FEmwj4Cx.jpg
175528,Baggage Claim,/qSKvf23QuEJGt8MMrKvoFk85TZo.jpg
11796,The Hairdresser's Husband,/A9NL1cWybEXg7dWFET1gqWbpEzt.jpg
417028,The Swap,/7AJobsaflb1z3Z8BeyYvKAAPJaE.jpg
12714,She's Having a Baby,/zYe2V6TYWRB4an52pemjvy9pHw6.jpg
22293,Manos: The Hands of Fate,/8Q41GBpZpw6X4Mfwf3aFqbOmcWG.jpg
503706,The Haunting of Sharon Tate,/qzIQjfKmrTKf25y3N3VU88bFn8H.jpg
503346,Occupation,/hr7MFQAmP30IJZP2FXKhPKbe8IW.jpg
283698,Hungry Hearts,/pSLlzA8bJWaLjrm7F7IAhJiHNVi.jpg
57703,Norwegian Wood,/cnTbsvghYlN8B3vhhxPOezimOGQ.jpg
572,Next Door,/xqS5Y8f6EQy9i9YFuPuTlPRopV4.jpg
431017,Let the Sunshine In,/7HSbTWvHfaywSpkETtlZqqcnItT.jpg
34312,Sleepaway Camp III: Teenage Wasteland,/sSCTJtzT8bhkZTnEqopXDz0Jkob.jpg
32117,Aprile,/bUIgUu5ZahvuAqk0mEO7HKmTFNV.jpg
373879,One Piece: Adventure of Nebulandia,/xdu9XJSHT835OoChOiwEgi9Uzjf.jpg
40508,3 Ninjas Knuckle Up,/grCDfYf3GNaiQ74plEGmvyKUFrF.jpg
13364,Deliver Us from Evil,/iRKU9bayU4nZHzlKYpE1KlcT5KW.jpg
829165,Natural Born Liar,/6onhfIc1qxGGX5qOSKxJXkQqdnx.jpg
28932,F.I.S.T.,/yiqQHB0vZg9O6z7VvAefV3fSPqX.jpg
1076487,Warhorse One,/jP2ik17jvKiV5sGEknMFbZv7WAe.jpg
49878,The Dope,/bkEPFU8p4TgSVuq0MeNNok6kfKu.jpg
283589,Bang Bang!,/6ukTOJ3VNqrR0un8nolKoIlgn1V.jpg
210024,An Adventure in Space and Time,/lRrmdPMvCPGcLF6FrvS66STXAyU.jpg
13098,Paid in Full,/oiG5BObjENJjEacFdWw1KfK3TFx.jpg
12537,The French Lieutenant's Woman,/yS5FsEttHhTaCbLIc7ACGVoafGm.jpg
34671,Olga,/ve01irNcrWnjy7YqwXEk81T2tt7.jpg
340275,Chi-Raq,/gZqsDMGWLkRPvv2tASiMomj8GOt.jpg
697,October (Ten Days that Shook the World),/tsfz9Ak1slSnxr6mSmRD3Wj7YZS.jpg
555790,As If It Were the First Time,/e2KxzTS4eUS01tK3IjZWNie62jq.jpg
589970,The Lion,/zfLuACsPcwH6aonTKukn96d1qpp.jpg
32302,3 Ninjas: High Noon at Mega Mountain,/qEkffajn9aQB17ycv2NU5M78rFi.jpg
20676,Deep Cover,/etr2mCm7gMufAJkSLuB23XocDtd.jpg
750,Murder She Said,/tqnUJyeirufO0q29PoSPaCpB27E.jpg
16077,My Little Eye,/dwwMqDQUQ27uDfzUeFyd8BqYZgs.jpg
1016084,BlackBerry,/neV35lK7em4rIY9QIoH1cruErPA.jpg
316042,Hyena Road,/zdn34Jx3rRkhDGsD0qcB0cA1HzB.jpg
28153,It's Alive,/jRxJV0N5nox3IVwkculuytkzSjt.jpg
392216,Phineas and Ferb: Star Wars,/ajvpd9jEuQtknq92guThYE1GSGP.jpg
42674,Gallo cedrone,/d9KRUi4OxpOER0ANBXNpN7hfwmF.jpg
661595,Yakuza Princess,/1gTnopPJgauN46CYGobPyZCZQTn.jpg
881209,Happiness for Beginners,/rK4jb2t3J98IXjY9O3nc8bX9yqt.jpg
285213,The Pirates,/4qU1SW1b2Txf3Ge9rGlddDthSgx.jpg
17618,Laid to Rest,/7bmcFvPGG3csVoefHKyiH1L5hh2.jpg
16297,With Honors,/iMcSUbMT13Rb8fmhwvanVAMwRW.jpg
741613,The Boy Behind The Door,/6e53nMgW5pXBMCc6AMvnXLWspFJ.jpg
13815,Fresh,/uXRIIUzjDZZdWR2cUzPJ9eAqaHv.jpg
59118,The Prey,/vv30WTTkdstFcOW82EigWQNBHik.jpg
381028,Tower,/sYau8BFtkQUMWDyRbpACru4cS6G.jpg
19354,The Adventures of Prince Achmed,/c3OKMlt9QxpPeSfpyViqYkYFvUz.jpg
9844,The Opposite of Sex,/xpILzxKHywYngftBC8AmvsqUfBj.jpg
11563,The Young Master,/3qTQFQIoNHkCbVzBZPVKd5Jo13s.jpg
921452,Jeanne du Barry,/6AXHh9H7XeUqxl8Ijp9ADkpxfM0.jpg
37563,A Summer's Tale,/l3syqgYqqfqPVheINI5jOBN5hXL.jpg
60025,"I, Cesar",/mEMSJSet752wIVM75u5BewGsTy8.jpg
40229,The House on Sorority Row,/vAyKdAk9RzehtXuKPVjOz9Gpzzj.jpg
23330,The Ballad of Cable Hogue,/bEth8XAYaytjzxnHkLkj4nZx2XD.jpg
9672,Infamous,/cIQUn20lUQpi70W0Z7ixezQJ7gj.jpg
41135,Operation: Endgame,/ugbGBbzoPQXSgolQVVqRC3NGpIw.jpg
208869,Plastic,/1jva5sTJnlz9g11Xm0GTxl6WAIk.jpg
605734,#Iamhere,/yxHDlr90ww0XZt3U26W95JNExf3.jpg
302828,Against the Sun,/qtyq9UcYQL20BxtNYWYT7Q9YZ1s.jpg
564147,K.G.F: Chapter 1,/ltHlJwvxKv7d0ooCiKSAvfwV9tX.jpg
20758,Father of the Bride,/sygyqqXq41SBZiYjY8nuQRAcuUv.jpg
5769,Tom Jones,/bX6t9s00uaQvj3onicwgIgEEbmn.jpg
1829,The Story of Adele H.,/ymzUeHZP5SguHeyx28aN3PLBReA.jpg
12636,Godzilla Against MechaGodzilla,/nSft7gT42Y7f0gZtZ74nMyuyMvw.jpg
15667,The Last Winter,/uDHwjlPWcyNEkfgOVwIz3IaUNXC.jpg
552269,Joe Bell,/p0VdrVeRJw2ENFNwZc8PacxYSeo.jpg
14821,Escape to Witch Mountain,/cXicoCiCfO6FDfv6ozwcfQCnhVW.jpg
416211,The White Helmets,/w5wJW2MrmhoZYSrCzaB8WxkYDEC.jpg
557950,Mainstream,/9KXWDsbbp2dcjMNzYRzkuRfrpzc.jpg
1002185,A Million Miles Away,/kMI3tgxLAZbzGOVlorUBva0kriS.jpg
586265,The Devil's Mark,/vtfkfJQ4fYAZnf6ziFR9ZfVjmEk.jpg
8618,The History Boys,/AZvkyBkqSUTyJgePwDHL3R5snj.jpg
31162,Black Lightning,/7jR8cXfPw0bXx4vc2YUlBxPbg0q.jpg
776821,Outlaws,/qrq7sGXraFM6H9OcHFKQTKe8A3f.jpg
28308,The Body,/qH0bedauxJ1g6OVpOwpccB8lq1o.jpg
600479,A Mermaid in Paris,/6tn0pNVvTfFTREKOfixksU8QCSV.jpg
809972,How I Fell in Love with a Gangster,/e8VV1S1dcFiUBzrbwEZ26uyL40U.jpg
2994,Danger: Diabolik,/ozU1Qgu3CqWg2MWz8God3P6PoF3.jpg
528644,Bilby,/xjOrumBkIq6hDjijozRuja8Obo0.jpg
28387,Kicking and Screaming,/ynAtSpTou7snNOq32djzILw9VCA.jpg
16133,Survive Style 5+,/plk0CXzSH9SeWCnbj2hoQEJJmy4.jpg
499028,Be with You,/mvstNgM68EyCRWwpArakLhWvvtk.jpg
42006,Red Sorghum,/2CP2eazEBKJ3njm4HM63pMfs5tW.jpg
480,Monsoon Wedding,/nchsMqHcTE7kIylMKQjmEZb4E6H.jpg
6529,Hondo,/rk1nYJ1oXdbQN20sJoQx7lttww3.jpg
15138,Little Monsters,/ynQT9NA4SBfoswIRkyrwqHe4aBz.jpg
599377,Lux Æterna,/eAomuTmsdAnYbf2dubovqhctSYR.jpg
31451,Forever Strong,/1kweebohYl7gXnIrtRYxsehTzG3.jpg
265851,No Tears for the Dead,/t3vtsQtu76xMKLal0g1UYkmZD2e.jpg
510465,Mad Mom,/naGln5MYnACARzwubWFe3Oy1LPI.jpg
9956,The Brave,/Img3pLjIsZQbOzAqei0v5920Vi.jpg
301325,#Horror,/v9pTHwhpSWmPHU8i1pEt9VIG9Kg.jpg
19345,Black Widow,/5tcDPhQ7MoLiWXW8dWMJf4IBuRA.jpg
310888,Southside with You,/fEbIZkufqHFMeSpwxH270txk5Ao.jpg
19580,The Dukes of Hazzard: The Beginning,/1kqpqfIhCvuPRqNuH0ox3T5MBHZ.jpg
47951,The Adventures of Milo and Otis,/1RrJIOUg0aLhO6h84RK6tTj49f1.jpg
450487,Fast Color,/2YAu2ctaxVGisdbmbbG35LXpQNp.jpg
12404,Me and Orson Welles,/jU7KFn4O1HLgzj9WkkmBkzJNPlN.jpg
521092,Demi-sœurs,/iQwBOtpMu2wDqT0PdGi3dv5M56j.jpg
160704,The Berlin File,/bX8OXtPoxbJWcHszHmYQGhLtTmm.jpg
401123,Beta Test,/zKisJfMxpp0KfX4P3VyDrH0edg6.jpg
1361,The Return of the King,/4Jt6i7iWSs5I81RPB17Ks5K0N49.jpg
50337,Firebreather,/SAVggPzEtiS4zYfq5ELJkrL3s3.jpg
1719,The Soft Skin,/6XHFiJXDsItCePNNL5saR1y1oXn.jpg
264337,Spare Parts,/k0L2NEWvH0SMljArJGUGXaVHcV.jpg
22048,Foxy Brown,/sAphsXqYhJPEnxQIwaGcjebcHGM.jpg
481880,Trial by Fire,/Aeon31iP17ys9FesAK3bLycXI6v.jpg
9308,High School High,/y8xLC2EpknonqkSZzVwjikH5yVS.jpg
31977,Black,/A8RQBG6h7b4dW85G16lRgJT8LNC.jpg
34308,Modigliani,/s9jSDxAL8qPjirhVbqnBLvETkxn.jpg
239103,Run Boy Run,/nmrLlmQbuPNlqurK5T7UXDLStkU.jpg
84056,A summer at the sea,/8YXQUdw6YZhZvxrENBskBM7LQXv.jpg
171581,The Marine 3: Homefront,/dUiNIjDbbJX8dfNOZsgxg0LkyM3.jpg
59726,Wake Wood,/7MyqqrjE8MmjPoHEs93apxhSsBe.jpg
843847,Jerry & Marge Go Large,/bbBGSm1kjgmZ0O3bPUQIbA0xlKQ.jpg
43559,Time for Loving,/z1uwF07RxBOORBPqHvS4fDGdWG6.jpg
17247,Battle in Heaven,/jChvXVA8qpIIhMKT3BLA9Cftwzt.jpg
635891,Clerks III,/apzIqZIQLc8fNx5nbbcSSfPFtax.jpg
393445,Ae Dil Hai Mushkil,/1BDnQBOIUsPFnlLw35gManvHKUs.jpg
666622,Breaking Up in Rome,/QBRtW9mFjbcginDFQWAL3Q0Lhh.jpg
28893,Galaxy of Terror,/fPaEadAVgyaCP1AKHKWrQHc9sbO.jpg
715978,Into the Beat,/wHBGXcbZuEh6L4M0CjrmXsGBots.jpg
29740,I Am a Fugitive from a Chain Gang,/jer6lim61i8V6a5HOZq2i07UQQf.jpg
923939,The Wonderful Story of Henry Sugar,/A4LTXT8MMZIr4aIwhE4qbGFivBo.jpg
20763,Radio Flyer,/nQjCKrwWYH6ES0HrnkLkPXnOEp0.jpg
59296,"Love, Wedding, Marriage",/1NrzuMavrCTh0j2CNs44BEWGg4C.jpg
19316,Saving Face,/4n97kstcOsGq2m5cKRIoyZGm3Cv.jpg
259,Love on the Run,/hEtuFlpeb5ZU5fa5klkKA5Q3G36.jpg
14543,The Matrix Revisited,/8yxSztoc5sqZiGuKcFuVOh65B6Y.jpg
16184,The Happiness of the Katakuris,/8iIei17w5DVEz4P9OjxIM10f7Jh.jpg
38846,The Beautiful Person,/qRMvvfrRL7VDeLOMusggY1RC8pb.jpg
535265,Killers Anonymous,/wpFabJf2J82j4qJyYIMFexmJ8BT.jpg
12312,Joe Somebody,/9AJvAour6cslSMy9Q0WLd0jIJh1.jpg
412157,A Dark Place,/7QqFn9UzuSnh1uOPeSfYL1MFjkB.jpg
335209,Doctor Who: Voyage of the Damned,/qav0QtsBKvcnpJHqFgFTjynkTca.jpg
444431,Foxtrot,/ec59rAksDZwMaOZl1DHOXNJxIfz.jpg
14749,Space Buddies,/zdfc6vrNQMttoaQvUbyYb6BvvGF.jpg
21461,Lage Raho Munna Bhai,/gC87f7ccvjQubTop4HJJdeEzKQ7.jpg
105001,Iceman,/juAYTbpP05NR8co9GhDTPwEKqde.jpg
461438,Can We Still Be Friends?,/rUlMsLiL1iUvqE8YYwog0KPz6sV.jpg
87504,Hyde Park on Hudson,/fPqQ4lM1f4bkbpJ9J5Gt8QJRY5D.jpg
29884,Ball of Fire,/t9L16dMTuNq4saLpQswZjkNvaMt.jpg
35703,Holiday in the Sun,/vTeilhjA4cZOZWFxBxh5arrv0hk.jpg
120852,Lesson of the Evil,/aLQeCeQYynSLwq6hsiyJa1bB6t8.jpg
325516,"Robin des Bois, la véritable histoire",/kUgeicIFjVivZtYBvqCafisMRO5.jpg
99343,Next Floor,/1HBizk472Kb0SY8NM8XTbig2xpm.jpg
536396,Blackbird,/c4GpcTZjX8zIU9RbG7j6w7OJFua.jpg
9256,Kopps,/uKHXQGqnr1pVfKWv8vGPgWusWuE.jpg
299584,Christmas Under Wraps,/uBPISDQB1FRhJHQMID7H9DlRon6.jpg
323370,The Diabolical,/lcsLncHy7H0rCFPZg2h2AOR20HV.jpg
47697,Othello,/61A7EJqfMsrQO0YWsUWq8gbgbu0.jpg
25599,Way Out West,/s5ncA1dSdJU6ksLMydexwWduyhQ.jpg
41180,The Client List,/ucbfvXdzZFSpuybuNv3jThrr2Ow.jpg
284286,Learning to Drive,/a7otPK1JLHl1Dte12vXvdfTMxBQ.jpg
29794,Howling II: Stirba - Werewolf Bitch,/tDbhuq0HueljuSo8XIEJbenFEhL.jpg
14643,Boot Camp,/rSAIVxNJGRGcfvnzUzsL2VZJL7g.jpg
284995,Scooby-Doo! Frankencreepy,/9Ql1KEdLPr0bl5503qFiUscDT1q.jpg
749645,The Beta Test,/jSk3TkqPMWvzlwRBtejZ1UzMhgf.jpg
24197,Mr. & Mrs. Smith,/lIFBvhh9EbQpwkYa135dQvMHXSj.jpg
8453,Fanaa,/8YCF3drTYLc7eoLFBbbexsT3iQj.jpg
10798,Sky Fighters,/hfu7GuPkfb2jnP3z5eGbQ5Vkjiw.jpg
617786,The Other Lamb,/ynPJkpmWNi4rnDUb0PuzDnJj5JI.jpg
494493,The Beachnickers,/tSUGsF1GSNLZAEjeePsDlHBhG0a.jpg
418970,Just to Be Sure,/xlnf99tJK93J1G9LlihOxdnWJoZ.jpg
12576,Deathwatch,/R8qod2CvMi5iH2gfr043dMSM1y.jpg
29143,Eyes of Laura Mars,/b6njtFr9IkmJGzwCkZWpDIYI1oC.jpg
8981,Dear Frankie,/5YRDvaBWBbhTKBYYc7BoOWdW01N.jpg
13360,Highlander: The Source,/qWdY6uXHluOA1nlyocKMEZUVbz5.jpg
366696,The Red Pill,/26V1JWowe0X6VT07tLXR0RF2PpL.jpg
490450,Photo de famille,/pTcdEoF8gGix4AQny7u9OA3YQ8m.jpg
14016,Mad Detective,/7hS1Q06GRHTPyHIIWgeT8VF1xF0.jpg
13653,The Aura,/9ZK7XCkbL0wDgoQk4C2d7T9C8Sy.jpg
15451,Revanche,/tANcPqCxoCFqSRvhYTJ5mFte7gR.jpg
441728,Hampstead,/svyFdV8QrOyheU2lEDuBnrcCQT5.jpg
421467,The Return of Godzilla,/dP1ISBkknJ7eh01Co2Q58dxv6vu.jpg
430214,"Night Is Short, Walk On Girl",/cDp45WZNqgAli3u4GTnUhsqFn5K.jpg
251577,The Treatment,/nzVhjAjEaugzs0CSmEO50W5mTcc.jpg
600274,The Neighbors' Window,/gZJmwQTaUf5iJzcENxtqPa9uxBg.jpg
287587,Adult Beginners,/H9zeZ4Vr1lPUfOCz07FPn1ENRX.jpg
254472,Stung,/6AQnYlaXKn5I44qiJGsaFmg8hmm.jpg
300792,Racing Extinction,/8go3YMk4SXImzIH7uqSAg2qbDXg.jpg
9845,Dance with the Devil,/eOy4TW53Ru2sdRgDcD6YLevjrpf.jpg
10004,Desperation,/bjELwweoUlLSk9DtOS3MXBJVLTX.jpg
251232,Copenhagen,/1MSFfjvgf9auNANWcaGTvzf1TcW.jpg
19429,Absence of Malice,/sEmQFj17MUEWyqU1xa6yQ0VW5CA.jpg
12276,The Road Home,/AbUmBTtVZDpchPA4Yfq4OpIs46X.jpg
40085,"The Long, Hot Summer",/pp3FGLvPqvcWeXK718NQVctPRSH.jpg
38198,Itinerary of a Spoiled Child,/lzE9jHrYbjgT9IEuNMNvDuYVYhl.jpg
13698,Gung Ho,/sxnlQEb8dugTFK2KyFrq3iv3bHn.jpg
490004,Arizona,/sLqutab3wuUfPBu27rXcoaEd6WD.jpg
755437,You Keep the Kids,/yo4aBPuyWh8uB2VHPwK1O7R6WwO.jpg
6028,The Mirror Crack'd,/5rirt2BbnEDzgWfUzsAew0qHm1N.jpg
529210,Gun City,/4NHhkMHXROCiPMb8gjmRI6AMX4I.jpg
162145,The Liability,/4TdsXzigS6xYYO9Qn8oOQrZqX1M.jpg
447034,Vita & Virginia,/kNsMRldqZgsinyFjwNn1UzC0iln.jpg
513691,The Debt Collector,/5XyuUPoIeEf3guWLQW9lATON84v.jpg
19139,Goal! III : Taking On The World,/ak5yYUtaZ7yoe2SesHXi7sjBp5V.jpg
312793,The Walking Deceased,/i7X1Z7Oo4pJghgDmDoL1rIhyGJd.jpg
6646,Treasure Island,/zPzBsQZ2EhSmO9FLvQQtWVkJqRu.jpg
18587,10 to Midnight,/ykeDbePv1xtyyWsE6PhmunvDTKw.jpg
25834,Xtro,/eLaGTdIHIPoIxm0mdPanmLmXDRF.jpg
195423,Brazilian Western,/1PiDjLId8sSJqNuCgfsEd6DfMHd.jpg
25998,Men Behind the Sun,/7GXtPuJ5wcrJNqPwwmvZIForY0C.jpg
554600,Uri: The Surgical Strike,/yNySAgpAnWmPpYinim9E0tUzJWG.jpg
347762,Most Likely to Die,/rP1ZWXvSH8gqEzCEF0e9k8EY6tE.jpg
335053,My Big Night,/tcXv39wbVtx9uU756M6yg5GrPgV.jpg
15677,84 Charing Cross Road,/sNTg5J5UM5DeeOFY6MdrSiKRqM5.jpg
463322,The Dark,/uPUJsR3UJ6AUOKxx0d6dOlLHln4.jpg
296130,Harbinger Down,/9vmjC5lfEdb26H8hjt73TWTvyNN.jpg
85414,Brake,/qKDoK8hUt8fGGXKpvAnt3AQVUvy.jpg
15660,Mommie Dearest,/jsGJWTcoKzr6iL07KZsUDX96Gu7.jpg
409122,Scooby-Doo! and WWE: Curse of the Speed Demon,/kCWtWbZhyY48XpYC3n5hinuufH.jpg
381075,Teenage Cocktail,/24Hbcq4KnvvWPPz8WYZuAIG5S6K.jpg
11119,Fortress 2,/dVNFoj8NqfnNJN4Syq8aXbAS10B.jpg
24194,TerrorVision,/9s9s2VchHi4gAiVGfFkrQyQLTzH.jpg
282983,Magical Girl,/zrTIsngoDR5ekQJBtpSfJtnnxu4.jpg
682254,Scooby-Doo! The Sword and the Scoob,/sCoG0ibohbPrnyomtzegSuBL40L.jpg
13173,The Ten,/byhpbEcL1tuoNhU3x5vYF45QM8X.jpg
261776,The Third One,/zqlLnWKWbUUcwCum4mjePnKF2OB.jpg
680058,The Rescue,/kC7fVtCkJACwPBaRr2hlj2whfKX.jpg
22274,Quiet Chaos,/3wx2fd6UnFBQRKV6dTBKhRze4ep.jpg
13557,The Gravedancers,/n4Z1V30BBfe2zP7GkVC4eMg5fdV.jpg
13819,Laurel Canyon,/z7knajZv3nxqN0o2Jq8kIOkpgu6.jpg
1150394,La Leyenda de los Chaneques,/4f9ghI3utknpeBZSAzNuIKKATOA.jpg
2972,The Golem: How He Came into the World,/7zdqM0MgZBfy3tuJdNO4cWAGBtj.jpg
19333,Terror of Mechagodzilla,/kHBJNwdxTJ4ub01bWg6WFpS3WF2.jpg
255268,Bad Ass 2: Bad Asses,/h51RmbFvlkIszrAjJD40H2jLd9W.jpg
167221,Long Live Freedom,/e6UFJbhBG0sStPle9RoWC07s0K0.jpg
255913,Relationship Status: It's Complicated,/eTtfDEWU2ps6oVgVVuWgOgho2W5.jpg
54559,Minions: Orientation Day,/bSTNLXAqkLmImXNcELrdCaew8dj.jpg
53023,Happiness,/r6UYog9MruOe4X71AS57EhuJrFq.jpg
15644,Paparazzi,/m9swmQKxrbRTYY3wN2bWmRiebM4.jpg
358430,The New Kid,/tg7MuAFkD8MW35MkWcbrLnkeiWQ.jpg
32015,I Am Cuba,/qQxv27Lae6Uph7iOEzyZ5BOZxJh.jpg
32847,"Now, Voyager",/kWtJ1C98fQB1fUDSfqb1NGBPPK8.jpg
785976,Pelé,/tX2gco2U4MlKEWwM4UkiIf1C74e.jpg
12504,The Outsider,/cUengW7IQoHw6sHZm3ZfwvOwYmy.jpg
419706,Mary,/pxrFkm5MocRwBeW5h65IAPFOEpV.jpg
36245,Diary of a Chambermaid,/epCJe5dzAn21mQ9L1fQ2FjIF13T.jpg
10475,Factotum,/qfuqZHaAFiC4N8natPXojrpXR2y.jpg
48784,Six Men Getting Sick,/szC45SOFeOnYja364TZrQB7Tdo6.jpg
521647,Darc,/bBxHNF0risAugpPJeAgLkiUW0P1.jpg
73562,Declaration of War,/gVqIROaHxwwsxCSTEaEMqWyINmX.jpg
29826,The Legend of the Nahuala,/nQ94eTRXQogJTDwlbq0R8VXSNMZ.jpg
14676,A Man Called Horse,/gvo0LMk5EWwsypsXl2i25D83ztm.jpg
828947,Beavis and Butt-Head Do the Universe,/rVKMA2j8m8hWgsDyXOllXp8DsWI.jpg
362585,Kizumonogatari Part 3: Reiketsu,/rfKHhHvSwyCv59Ow6wuGX67RkXR.jpg
375290,Airlift,/oyaxIm3kTWDQtcYQ45eN5sZ6WIz.jpg
11889,Iris,/yheTJ4f7Qlw96GdBjSj6FidvEZg.jpg
308409,The Commune,/evGoMMVXiIOQ1KwSMVnbzHBfX6I.jpg
158916,Sweetwater,/q69vCHmShdsiXixCIdwJuyJXEXY.jpg
42148,Pixote,/zaBtclnYKv2JkgRDQ7OiFtWHm4e.jpg
698432,Nobody Knows I'm Here,/c7CTxNNPeg6MH9VA9BBvMKdPmSh.jpg
393575,Bullyparade: The Movie,/4Vzh8y6tnb0xrxpES7I5F7FJ7nK.jpg
257444,The Boy,/vqHJ7mV2EmVSO7cxb4SN49vRWgu.jpg
77974,Wizards on Deck with Hannah Montana,/zMWqYmkrwMKhaHuVGMXgbGhOKeq.jpg
347548,Containment,/jMyudM6LM9VfIsR8ZRghlSpAdfv.jpg
443129,Reservoir Dogs,/2GoaRQCMHdqwzCkfmDVlzREZlnL.jpg
567733,Crypto,/fzTvnA3buXsjdmjrYRDozKBFF78.jpg
12795,Another Gay Movie,/j8U059o7q2PG5LDxO2jyTTUBxYR.jpg
369033,Rebirth,/cNm3lTw9Hyj2g8BJ54bZGaezU5d.jpg
647302,Benny Loves You,/3RE9DNBCvuso5OPZPg71ryntNjx.jpg
20721,Code of Silence,/yE1Xh7Q7M6uDrm28ib0MMcuhO4L.jpg
511819,Memoria,/fjHHXOxYZL22UYkUfnQqZzuHMfc.jpg
18882,Man-Thing,/kfPPnOygXSGaBFpsCUyu7xQdkoO.jpg
14000,Anamorph,/n6cR0n2n98NM3LAisX8eWA63SD0.jpg
56149,Bottle Rocket,/3NIxuMUmChKL94BXudMMMsBDe8o.jpg
77461,Where Do We Go Now?,/za3GHJgqSEPrmuERHv1uVzmLg9B.jpg
294132,Results,/5cI8s0h6m7HeUWso20DyPiFDYOj.jpg
18256,Castle Freak,/rZv3aUkNngyZeiCgAjOEF5n0tve.jpg
967874,Father & Soldier,/oamckKGF6jB2nTuPCkISLSh3Cyy.jpg
36362,King of Kings,/fp1Nx4FASTGldFuQyGXN0HF6Jgk.jpg
19483,It Came from Outer Space,/zPXff8iRma28YQFApfzuWadZXzP.jpg
172847,Scenic Route,/fLR1XII83u0zMPcW5sSR3XBxwYC.jpg
102629,El Gringo,/yM2bXInHW0CQdRDgM5GiJjAV1QQ.jpg
451713,An Impossible Love,/phFDdkD7BHrKsISBOZrj9Q4gRIL.jpg
15907,Duma,/opoDxQW9S6SaiP8rY7urw16QVTL.jpg
10085,Unrest,/mQhSNeAZaYpVn2CJwKSnqvM1Ek5.jpg
15670,Madea Goes to Jail,/qiXNNmSFXsfUdKDkylBF2LfX0DR.jpg
13778,Dickie Roberts: Former Child Star,/6dgCPSVEEMU2BLvxOzBAvkQjIeL.jpg
57585,Elephant White,/hqriJWWisRhm5XapyuB40D1jqqA.jpg
226979,Test,/tTWRomgIMOoIB3CJLPlVbqSawEm.jpg
56780,Atlas Shrugged: Part I,/tYfZIQb6ZabSUy1s1TRqSrYaAoM.jpg
355065,The People vs. Fritz Bauer,/jufmPUcwJYCRJe2q3pgAP0IavhC.jpg
1609,There's Only One Jimmy Grimble,/9v4RxdSMUkhkH9cceSVU4jH4BfV.jpg
33806,The Misfortunates,/7YF91rIiwQhF3M2iVGQStfbxBAb.jpg
436994,Lucid Dream,/wwvr6adqgIW2UIU78CDAHa3IKgg.jpg
37292,Broken Arrow,/1gafYQCpDxtfIj7HYBNs4Z3m4oW.jpg
730647,Break the Silence: The Movie,/k1VK2L971GmEevIjFbjcimxSeMx.jpg
441875,Toilet: A Love Story,/8YUBka56t4HcHLVMGnGA1WizpMV.jpg
15860,Dragon Tiger Gate,/pVoNKyIS9eaMqI0wOlDWpxhR1XN.jpg
349176,Assassination Classroom,/h752DXxIvf4diBtnVd6JRQCm0OV.jpg
50601,5 Days of War,/hnMThO1o6zyKAY0C3LUmccVg7SU.jpg
816952,My Best Friend's Exorcism,/yIXICkqthsqbNtvtEd6rpIt3cT4.jpg
49397,Death Rides a Horse,/zWWcypURN2b2Hpy3grwhxKbbawK.jpg
13919,The Chumscrubber,/uMb26IjDgdq8p4H3XNO1CAsjT4m.jpg
15698,Running Scared,/tXakG7z9aGV2MHRheRHvfzhRo3G.jpg
732459,Blade of the 47 Ronin,/kjFDIlUCJkcpFxYKtE6OsGcAfQQ.jpg
9967,Uncommon Valor,/gdppSF9wv07bvt9UYv3yGydTpZt.jpg
34179,14 Blades,/y1VWOEN0UXFiSgCNvWO3lQuzLx.jpg
936960,Christmas with You,/nkJQWyK0ABJaBaQ4Io3kOzMvdsa.jpg
244517,God's Pocket,/azFv1ribl8bW0i9bU2DricoaHnd.jpg
655363,Post Mortem,/wGT8lwwyekMIQKyCuriYaSTqtlQ.jpg
114155,Effie Gray,/eEeuxFscc6NLdyhpvqBGsHgpqV3.jpg
702525,Bigfoot Family,/vn7sNO6CD8FBHBEVcOiNv08mjy1.jpg
376581,Amateur Night,/dzJFu1F0miZKHbR7tRIX6cQcI8c.jpg
464593,Earth: One Amazing Day,/kvSdpVClbQMyduaBMoHvVgLchkN.jpg
30547,The Champ,/yzcadYZuEvIaJkJ508yoDVEcoA.jpg
57918,Big,/7uJk2ykIVkiUM40XolqEkaNO5dH.jpg
535488,Romina,/klfBdSpbWnQLqVXXJD8Mczc3XfF.jpg
48246,Alvin and the Chipmunks Meet the Wolfman,/xvAGKjbAl2F71hterQ6BpPzQMEc.jpg
730167,The Reef: Stalked,/zDyoonhhDBGCWCkE5EZt6yqIp4M.jpg
11175,Lucky Luke,/cnBw87wu31s6VM6LKilokFwgqZu.jpg
22094,Hard Times,/yWIh8cMGd9XubkdhJB2TJ7buGy3.jpg
254869,Torrente 5,/dfd0rTS4g6J7EqJDxWZm8KJjGKT.jpg
513302,Minuscule 2: Mandibles from Far Away,/QVglFM8WHuA5F07IMzFcKu6RXa.jpg
111473,The Invisible Woman,/1qurTmuj36prAz4BG71hC9r2n02.jpg
37501,Vieni avanti cretino,/3yRxOtLJf6kqaZGcsozjWzb9zOL.jpg
3076,Frankenstein Meets the Wolf Man,/eitxewmvmZXY7qoKpiVhdaFmwMz.jpg
52333,Astral City: A Spiritual Journey,/aUsqP3347kkNIbcx05uglDIs5jb.jpg
19552,The Scent of Green Papaya,/KkaJc0reoDoth3rePDJYfKQpvx.jpg
11874,Ace High,/99t363dwsbQ6PXiz5lhGaKmzFCy.jpg
19357,Summer Rental,/kNkDCXB2JXGnaG3KwvzAAjmZiV8.jpg
259943,Coming Home,/5zSy5ZF1FXjBg16DeOTzkUbBzTX.jpg
985617,Reality,/rTEYxSDo9aJTTbM0zuMMLgzJcUJ.jpg
11939,A Day at the Races,/atJhISCddr3z8LWCr93yaGGv6YV.jpg
459258,Distorted,/e26QQxiD9glX34qU9Lfj98nMCTA.jpg
21948,Rolling Thunder,/6C7krtUXc4z6TszQo4prl2RXzAR.jpg
368993,Mascots,/b1OIQmekcJvaQxtQvyBllZQCzmn.jpg
49852,The Nutcracker: The Untold Story,/8qpovUSOZiqFOpsHoByfKojI8iC.jpg
78478,You Don't Choose Your Family,/seI1WJIUXfmemYmSZzdeyY4lOot.jpg
13697,Grand Canyon,/gpqLukoUXAXkyMZ0jPSuAbWf5Nx.jpg
339533,San Andreas Quake,/4dx0K5ZbdhQDfcyBqqHJFH1OW71.jpg
316715,The Eichmann Show,/bjhJTAuvDASuJfANVvule3uh4MZ.jpg
17009,Jetsons: The Movie,/udqh5uSjKOspXKOd9iKQXCJPzDe.jpg
10616,Contract Killer,/oLOFr2PGrtNmQ9rLshIKr6T41UK.jpg
403642,The Neighbor,/7cd87Ia8CvpPxVyVp6EpI3XcT0n.jpg
589985,I'll Go Where You Go,/xmQA26N3pxuwv4PQi455N9QgPlx.jpg
47504,Little Odessa,/80zDn3oanRMWDSDX1cPKZVIi8OO.jpg
53217,"What's Opera, Doc?",/kkbaY8UyPbyzU3xg8CONgwW0Eid.jpg
24982,Ghosts of the Abyss,/aSht7L9Mnr1zc4hDJTOwPuTfnV8.jpg
369697,Norman: The Moderate Rise and Tragic Fall of a New York Fixer,/2pVxTxpFZafeGcbx2c5M6TSxJgT.jpg
10180,Flickering Lights,/20ApKJUi1XYri37RAH3SDIp2Ykh.jpg
148265,Eega,/gqcPTpQNe2OFMFXB8U7duJ2IHxZ.jpg
412094,The Net,/mzR6uMMOixsCg1MjghvbNvOAb73.jpg
17538,Rooster Cogburn,/6R3X6KpHd70dI3LS22ZG5Rn422V.jpg
487616,Curiosa,/fxHchovLxOnH65Eel3fAHr9i4Qi.jpg
11705,Red Road,/wWqjKQkcKhhxHlCjfNURe6mfuqf.jpg
19092,Above the Rim,/q7CCx8aj8uME1fBa4KzTMdeWxXu.jpg
550032,Christmas Wonderland,/3QwvhdOZSNJdHbHcL9aIwp3l9mD.jpg
370178,Scare Campaign,/nX4jNviujO0jn9P4F2w5eUWtoGf.jpg
579051,Silk Road,/6KxiEWyIDpz1ikmD7nv3GTX4Uoj.jpg
42438,Ricky & Barabba,/cUvuTc1cRfpSpWBI6KEhShqkE0p.jpg
10496,Bats,/pZRcf2BwcxWg594X6XT2jkR2qdb.jpg
1651,Mississippi Mermaid,/l2jsT4bWzGZry34x4k5eNiSquhv.jpg
15069,WΔZ,/bf11TuyZCWUnSDaGxsmq4jBrmwx.jpg
14434,I Think I Love My Wife,/rLX37G7q54NuZrZHA09Yx0uyFd.jpg
29592,Lust for Life,/rlK3LG3W41eF3N1tk0SEM7Dln2x.jpg
46028,Puerto Escondido,/5u3IX4yee6o46SkYdYGHBOIO0EH.jpg
6524,Life Stinks,/eoECu4ScMgPPpJYM2TKgy6U3llA.jpg
9748,D.O.A.,/zelnD4ZCB7lBHHOr9Tyw7cepjt9.jpg
9041,One Deadly Summer,/cVShoNWphKc5txc3sfl6Uf8OU92.jpg
205081,Codename: Kids Next Door - Operation Z.E.R.O.,/fwgLVVHcDT2XtR3I9ozHN2CwC0v.jpg
72640,The Old Mill,/9AeBR5ZhhuNM3PsBuR0d6EL3ejL.jpg
17258,The Pick-up Artist,/8iPuh69U0KUK7R3Z589kepkjOap.jpg
563766,5 Star Christmas,/7BfDHiVU6bxyv5MAmme8g3d0q8I.jpg
531736,"To Each, Her Own",/uGqDq2ZWhmm7G6WkP8CR3fwP4dY.jpg
2405,Joseph,/lBscKQzEJY1XF2ReZT2vIGrMQ1k.jpg
736485,Monster Hunters,/3UrOHqUlzdeXz4SLaQIETaRd2W.jpg
413765,David Lynch: The Art Life,/pBwqs2Q8TwJMi7rt4C9hTRXsA20.jpg
30416,Stanley Kubrick: A Life in Pictures,/yGrzFNyc9ztyAJejneh9734Y9Uj.jpg
20009,Slackers,/g3xn7tRnGxVwwKc2tge7nPssywQ.jpg
842033,Ghost Mansion,/gLd1aJmAaNvLM8SwkD3cGVYIrTO.jpg
254439,The Honest Candidate,/dNFjUdDmyJmAST6qOz2ie10UwTP.jpg
26602,Summer Catch,/jrygCcE86fISn08jIbBVb5dqwhH.jpg
3596,Things to Come,/AqDTWCGOogxtIVKa6RAOhOaHkS.jpg
21452,Detective Conan: The Fourteenth Target,/wyh51mR03XXASZkmEKr1MiOEzoJ.jpg
17030,The Petrified Forest,/kjE4pw6mqoA1OJHNLq1aol4y4C1.jpg
300601,It's Now or Never,/kxLEZWTbnIfuWKD0rRmKuHG7ore.jpg
13818,Heartburn,/4bnpG3EOmETJNrNlLg4l4ICaKG5.jpg
10341,Until the End of the World,/sDpYWgYkBlrVnpySXQNsxVvDAAG.jpg
16146,Phantasm IV: Oblivion,/emYCK6gn5OHIwYJcsQInTYyUaF4.jpg
23518,Seven Days in May,/fgMwyNl7uZeUrnIAqlX7htSQ2O2.jpg
484901,Close Enemies,/mo9qdzENQLzdqLnbqAlDP4Vou0T.jpg
82533,Damsels in Distress,/jlfQBSZCzNRXlslQtaWW93NtCwq.jpg
376453,Operation Avalanche,/3ngw7s1fa0eJL19fJ6Jw0bTQg3n.jpg
685691,"BARDO, False Chronicle of a Handful of Truths",/3e6RA0CzFDC0pz5TqiRlbHcsc2n.jpg
404791,The 101-Year-Old Man Who Skipped Out on the Bill and Disappeared,/eIDOtXucNE2F1mwTyw6JB8m74wU.jpg
13485,Holiday Inn,/7eZzwqLM1w1Mljg60rzB1zr27lu.jpg
15582,Teen Wolf Too,/unfbmoUTIsQzQF09RJZVN1GKr6b.jpg
638134,Pets United,/gtwqIYSOCRwEndZTg9s6iWjEZc1.jpg
8905,Three Monkeys,/tyIKP8SSTkw9xEXAG9lj5jEnIfW.jpg
26441,The Big Green,/nVHqIuBTcTLmAIrML7T704UwfNI.jpg
58767,Sniper: Reloaded,/7vJD3LtQvcgCSKN5v2Ff6D9uG6W.jpg
53179,Le Maître d'école,/saUfyEkeQZYd9PYvfhbqNxU3MZu.jpg
9063,The Element of Crime,/sfg5KUOdR4bfoPiDf63LVG7mlfw.jpg
70695,Dirty Girl,/bQ6tNsVfa9DSGzmuvDdlOBZUexY.jpg
19545,Invasion of Astro-Monster,/x7UkjDyUd3ZBo0Cv1sjktzinFCA.jpg
901385,Significant Other,/cENXzoBLd3VJloPlVOQtpM4ymgg.jpg
56378,My Name Is Tanino,/xTjHTKPxZruhSW5g5bfHWvPq3nD.jpg
450720,Arif V 216,/piVSQrFRnSF1iXpYO5FoRbYfZI2.jpg
237710,Pete's Christmas,/kUThHZFYM6mEH3REIQ76BGMdkAi.jpg
714669,Run Rabbit Run,/cgetiYyTqJ4CMmPmvDw30nnYj1f.jpg
79553,The Front Line,/gMwoaKyFrS6WUFhvM3t3IFBoefJ.jpg
239568,Search Party,/qnhMdtcbZnzcA9cMuZttwosaXji.jpg
53215,Kiwi!,/x6XU7OOUrZEkXybWfK5IoRIKyYa.jpg
185574,Louis C.K.: Oh My God,/uMiRDSnFRpKicYbikKa8aO1QKbU.jpg
371447,Lovesong,/43yEeZbFeFOah9mZWIIJe57STKS.jpg
580600,Astro Kid,/vwqEIL5SrsZFVvileNe9LuHbJy7.jpg
13162,Blind Dating,/51znsce8zDChhGdwlH6XKVbb6Dp.jpg
644831,Blithe Spirit,/phX4R5hjaavV2w1EcMXCtL5uDP.jpg
499556,An Elephant Sitting Still,/bJfkDnsY9z9ohWdyzyCAqYZxbnS.jpg
753,Faces,/qTkhxFQ0o6DEtTtPXkv4IA5M90J.jpg
402907,Odd Job,/qfvr81arPYx0qoSdV2OH1cpirpG.jpg
507256,Whitney,/j1c6dTycYBMZs2T1wKA6bknLLa6.jpg
30462,The Comancheros,/avZOwhkQCiRUTnp5yDrEsTgnBQV.jpg
13956,Fly Me to the Moon,/p42h1Z488l6PBCKyQ12cZRhPLm.jpg
283707,Black Souls,/wed0sY0JNWVGZmvTKEIMluT8M2z.jpg
503902,Sabrina,/iIJKh3Vhsjfhlq8zTu0RWdq59I4.jpg
201765,Three Many Weddings,/zLZT2B8ioGJyuU3UmCXiY0fa5Fd.jpg
342927,3-Headed Shark Attack,/47lLJNQJQaooewVhXEHxWwbSztc.jpg
19383,Targets,/n0xQThLhrymktXzQbD0KwwUMXSB.jpg
2459,Pardon Mon Affaire,/kYNgxIPOJUlJiN984H4NHf46y66.jpg
23111,Moscow on the Hudson,/wPcKa5M9C0QKZuAfVe5cfv58Njb.jpg
18627,Son of Godzilla,/ueVb71Om2KaDcbeSLA8IHQtJ7oJ.jpg
104700,The Astronomer's Dream,/hSboBoIJQ2APcVQYOcMSMrbrbhn.jpg
1556,Funeral Parade of Roses,/7cRQ6rSGajW2soWDr3voEN2rgYO.jpg
159622,Terms and Conditions May Apply,/hiXXUS7LVqALDNugz5kRvS0Xkx1.jpg
419502,Christmas Dinner,/sbzJ4H1m3VKRa0oHEf18YZyoTaV.jpg
18196,The Sentinel,/oBwKB6R8UxeAymzjB6fum2vLFDi.jpg
38540,Age of Heroes,/aQQbOn1jMfb8bJBhhwrEsDV5474.jpg
422619,Jonathan,/nTd0PBJkA1HLM9yImDnRZDzGAwb.jpg
513692,Raging Fire,/nD9zK3nfEUPHKWwFmAaQoLsQYE5.jpg
21168,The Reflecting Skin,/aDO7p30E7qwdvt2h5uXGs6pO0oG.jpg
37936,Happy Birthday to Me,/yxGYpW43UzZuy4yvCP6Rzb5wyvS.jpg
347188,Meu Passado Me Condena 2: O Filme,/w1oHQbm9j0OQ7C8ZyHhxTizct4.jpg
270007,Take Down,/yTfzOGKAKRqsvXToImspDlOGHaa.jpg
23538,A Dirty Carnival,/ag6d5exA6s8VjxxHTXg756wnfGh.jpg
10912,All Quiet on the Western Front,/2HHFfieloWJcIz5PU3NKrv1i6DJ.jpg
39464,Godzilla vs. Hedorah,/mWVRlVwWK3sUCGd9lzMMWUa7CBu.jpg
14805,Bait,/jon5ux36iUn6GnntxkZaNtB6AZT.jpg
24164,"Good Morning, Night",/5r6JAD9E6BUCfpN8At52a0TJbaR.jpg
1831,The Next Best Thing,/iYK1ZUtY4etcn91glUmrGuZRH6M.jpg
52699,Hatching Pete,/wpXmc1PSQ8Ye1XWhiuAEpeHCjMj.jpg
16277,Skirt Day,/inFE2hhwEO1tmFxY7myZ2dl8sxV.jpg
438634,Summer 1993,/krdSl7IpDb9c31CXrzA5yfP1oYM.jpg
128876,Tower Block,/aXnHnjeMlkxDz6CUpoRcL7Sr2nI.jpg
73500,You May Not Kiss the Bride,/lcWAmgXQCEih46c6yHypa16i0nP.jpg
43434,Carlos,/883l2CsEuNPqv8aCAOuOavxdLAy.jpg
226458,Exeter,/AwhFI88HW2BE62E6kEsTGPliZKB.jpg
254024,The Face of an Angel,/nFY7bO60ENfXRq4fqzA22snQUls.jpg
26662,Detective Conan: The Phantom of Baker Street,/AbgADjLIYoLAc3mayVWGBWSbjT.jpg
10822,Savage Grace,/z83ExVvReRTMuwxRqatzUaHwIYR.jpg
42740,The Collector,/iMiih5FGHwpUCAaJAIkYKl5Hffi.jpg
321594,Louis C.K.: Live at The Comedy Store,/9ULqaND2rzNFL4OAxCbSrY7UWem.jpg
17963,Gone Nutty,/sfH1A9OtHS51qS16GlOSiUzsxGM.jpg
15575,Bleach the Movie: Memories of Nobody,/1QXGWJ0bsmbMUDBXXfS1RnFadkS.jpg
19371,Mr. Nanny,/gSRSvh9kSEgCOsPR7yrH0ueh4lC.jpg
13852,The Castle,/9QgKh1Cxb3be3qmYucPVI4Jj2Jd.jpg
825997,Rogue Hostage,/ePYagdzUwKpzTP73n9CD3D1MFn.jpg
45316,Udaan,/8dQmrGk0WRPiCwiiGdIxnY5s8Pc.jpg
14742,Night Shift,/srd48SpmL8KNjPYCobCEAbgohYK.jpg
477462,The Twin,/uUUSkKQEptTHjYejxzaT5TVkiAG.jpg
800410,The Wasteland,/l9gEXGQgJxbFFPy9NWPt4leKGDU.jpg
5998,"Dr. Mabuse, the Gambler",/ysHJDo9do2USU1BhWxcT0WO9WTO.jpg
151933,Dead in Tombstone,/hWQfInQkauNbyZRQRxbM7IXm3DF.jpg
72525,Syrup,/l3HSd4Nj6YKKUiE6q9WGow94f45.jpg
408272,Catfight,/j3kLVDNJlU6IIMmtMmFjtSBat7y.jpg
42360,Inuyasha the Movie: Affections Touching Across Time,/geid1g2qQ4MuveUHVchrPfCkbX0.jpg
1114905,Death's Roulette,/yMeKoe3ui4Pad8FUOJwCby3SOWe.jpg
59408,Deep End,/8pZxUJTgjerjxuifSU13B8pXAJB.jpg
24556,The Land Before Time XI: Invasion of the Tinysauruses,/2HjewVsAHjizJTmJ8L69f5Qir12.jpg
19599,Book of Blood,/aKgshqVFvuzMl89YMNdO9pd8eFi.jpg
392058,"Fear, Inc.",/nVNTih7B1TnzwQrTqAamEAnNvFL.jpg
400728,Unknown Soldier,/dR37hrF6YDMSJCT4r30tOYzVath.jpg
334376,Ghost in the Shell: The New Movie,/d6TaDCmvX0D2fdeNIxWAR69bhiH.jpg
453350,Bloody Milk,/lf6qe9pRD26awaV4v4ObYgz2GAx.jpg
40149,Kuroneko,/43LZYSBRMZoi9QdYntkGXhLSMeI.jpg
11940,Sinbad and the Eye of the Tiger,/kMP5bg26ac1FmNCamOC5WZece6N.jpg
36679,Godzilla vs. King Ghidorah,/laCPiLcM3yq2I32mE9XNCftRhA.jpg
13964,The Machine Girl,/qccgrtiVYzEBPIvWz7hEY5a2Aax.jpg
64202,Batman Beyond: The Movie,/8YgqCWC9Vf9732oa4uUcQRR38GC.jpg
38328,Che ne sarà di noi,/zneNjDx7zyOhpM0RYR9foUSg6OO.jpg
10378,Big Buck Bunny,/i9jJzvoXET4D9pOkoEwncSdNNER.jpg
15018,Thriller: A Cruel Picture,/pMYgdygJZ6oBpnC3dWrluevlZOt.jpg
12559,First Kid,/sr2DqLvA9GjgZdLn7JpAESdV31i.jpg
9520,The Thief Lord,/mLTON0o7tEk37UQMcnIWpngq1ZK.jpg
426254,Marjorie Prime,/rvTZFjcNvzPFYJnmdrvSrGvqx67.jpg
1000938,The Price of Family,/rXDkYdshRGF3jwjxoDpzc4RPa18.jpg
26730,Bugs Bunny's 3rd Movie: 1001 Rabbit Tales,/eKEVTvfEHSxLI5fwNKiMjQRyjyq.jpg
346646,Veteran,/mqBYt2qNEnTLChmX8JTAMTa1b9A.jpg
53021,"Kiss Me, Stupid",/sbMILWDfzwQI8ZBIn42zGNU4xqg.jpg
27118,The Hound of the Baskervilles,/61XD1LxA3kXLRrBXat3jN84MtPR.jpg
216580,Savaged,/bsPV6pXVDTAGbl4Tg4xWkm3Kkl.jpg
26234,10 Rillington Place,/aQP2rSIciaeb2FGPeOQIWsCysts.jpg
887357,Green Lantern: Beware My Power,/nS41LN1m2HYvVotvgOTcbPW2cjL.jpg
48150,A Heart in Winter,/7rBsSLBmDmYjWOHaX99JLZEIRys.jpg
625169,12 Mighty Orphans,/aIY2QF211NLB1AOjZPFImusCLI1.jpg
576784,Upon the Magic Roads,/kY4tmwZaBZitnDRcWFp3Wy197Um.jpg
54320,Love,/AlhdDsLxSAb1a54rYLPb7CidAIX.jpg
360603,Crown for Christmas,/z2i3TDhOpG3z9RQiWI3R1fyDs1q.jpg
199584,"Secretly, Greatly",/n5ESZzOGxnmugkLvyd45wOsn0mg.jpg
14126,Catacombs,/j3LWOKFoeKJDn2dHXoJoRWeakRu.jpg
323929,Krisha,/xN4xhl5HYhfO9W8Y1ZZEnqmQEip.jpg
9797,"Ivan the Terrible, Part I",/rzFWfdq6CXLCnlfXTTZs9W9dMR2.jpg
16335,Walled In,/Fx6BRXPaO6ZJriVCs08sbpF06D.jpg
757860,The Yin-Yang Master: Dream of Eternity,/9FJEUKmVgazCbhLNNGDXwqDUImQ.jpg
308027,"People, Places, Things",/d1vHsWyFgPi0bKwNmd8xPpBdBtC.jpg
537788,Daniel Isn't Real,/zFYYFEhKS6JZvNW7gXeKeqnbcS7.jpg
397717,Barry,/1Dg6phOePOHc4DHA5I7qjXB3fvA.jpg
832502,The Monkey King,/i6ye8ueFhVE5pXatgyRrZ83LBD8.jpg
65632,The 10th Victim,/qwXXxwnN1yj5XiZBUrdazBRMqw1.jpg
58188,Be Sick… It's Free,/vSRmRRX3RBpHlyo8ZV1u26SrM4P.jpg
515047,The Fall of the American Empire,/3DXja79jYCmWxs2hWNIgLXl4F3n.jpg
862855,Cloudy Mountain,/9gKfAKiFT5VHbqx5DgPsuUHS2te.jpg
566451,Re:ZERO -Starting Life in Another World- The Frozen Bond,/ca2ZsUa4Qeik2IwlXFzV51hdxh0.jpg
589976,Just Retired,/7o7a5DMg3dPVVfrLFvGZp40JSQq.jpg
14660,Solstice,/wRJunUh0WOvyyxRifd9ZQnheBwI.jpg
265019,Preservation,/ppoOXtJZBPXq9Qf2v9pxaa8UeQg.jpg
351901,12 Rounds 3: Lockdown,/3wAIu7q72mINXVplVnU6pMbZmQQ.jpg
170759,Kokowääh 2,/hwaouRPtEF5Vc5nLA9QvFkwbjhA.jpg
16550,Storytelling,/5hSpaT8x0LQy7G5TXb6vGWQrRSU.jpg
648743,Don't Blame Karma!,/7BtnZMhU4V8Mq33609UpWvLSHE3.jpg
807070,Vortex,/oQPHMJ0UoBvOdbBV2cXOrSRzVbo.jpg
19099,Frenchmen,/2QCoj8iZWysxVsG78DmFqv606P2.jpg
165904,Special 26,/cOo6lOiZXO0zldPKsih9asKPWDo.jpg
25752,Children of the Corn 666: Isaac's Return,/3c0HiaAAljaWRHWkgNp0uM6sFRD.jpg
896221,Trolls Holiday in Harmony,/xl0jqhLC8BwtZT6pXGgKwSygQ4u.jpg
121730,Big is Beautiful,/9c5fhUtpElCRkugMGVPn8tfC9rG.jpg
974691,South Park the Streaming Wars,/dfgZJlKYg5xm6dBl05bOKhfunXb.jpg
42044,Shoah,/yvwF7dfSCybFcBOklUzKpE46bHM.jpg
269100,Video Games: The Movie,/l5lIK1sM5UeCE2IozXdgv1oOSlA.jpg
826914,Muppets Haunted Mansion,/yTQbZCxZ4amGZKC9ETjTr7ZAH7L.jpg
825597,"Maggie Simpson in ""The Force Awakens from Its Nap""",/2xnf2ZaGXudvgBKPtVXMkNeooh1.jpg
14087,Barefoot Gen,/mpXCPdjsHdZU0Uy4PnvkaUYD9oA.jpg
31597,Narrow Margin,/2qUkMhyBzLbGxng4dMDXGTHntC.jpg
620883,Intuition,/m2rJGjlesDKxugl7ypW8n3Mipjl.jpg
5257,The Dish,/zG83o1wpU3p7QTd382K4HtctLq0.jpg
81774,Exploits of a Young Don Juan,/xvtRgQIRegLjsjaIkKQbh0hk3Qy.jpg
15801,What Doesn't Kill You,/eospjku2O2O5c7rcfnD7Uw5CmGf.jpg
37817,"Ó Paí, Ó: Look at This",/5xmBBt6NvPs4sbQWxqd0UrGVcn8.jpg
36102,The Swindle,/kpo4sZyeOX3dIY0l8uZ2f214mK8.jpg
16716,A Christmas Carol,/oi1NcVDXlFEsdpLp37BJmFbVlg9.jpg
22160,Against All Odds,/Ac0m41QYoxYBfRoU4cL491vOfEv.jpg
15745,Made,/4HC6ieptXO2gjqbSEsfkOwsGubN.jpg
463387,"One Nation, One King",/cHry6P7kIlGXlDbkmNPicqaJrJa.jpg
15797,Only the Strong,/91qSXvdOKAFqU8kYdq0lWbRK11q.jpg
1941,Exodus,/1JXFJRztd43gCf4TAodNUwkfZoi.jpg
63849,Almanya: Welcome to Germany,/uuEWm1r3cfxrnX4NxAXuJhtOmp4.jpg
17277,The Fall of the Roman Empire,/ggrPUKNYFZ6ogs896ZiT0lQG9Tr.jpg
196750,Ghost in the Shell: Arise - Border 1: Ghost Pain,/p0kHK9nJoLzpqa6tqOzPgPkdxYN.jpg
506763,Detective Dee: The Four Heavenly Kings,/k7jIYt37BnON8NmncfpN2uRTXSX.jpg
15088,The Cutting Edge: Chasing the Dream,/pwhDGNlBplpLxnZsI1x3SbnZb5q.jpg
362584,Kizumonogatari Part 2: Nekketsu,/mRknveOnc7dgTQHDHjePgHFPy6P.jpg
324963,Monster High: Haunted,/jvwpfW0xRt2pQGD5tJbqmkc9STb.jpg
137698,The Dance of Reality,/2qbsG9t943DciYTHITISzXQltqt.jpg
29263,The Official Story,/kkeUKaETggOrR0eW9nzPOIoZkZH.jpg
397981,Beyond the Gates,/44PPliIILbsM6IedGw3o6ipC17q.jpg
666624,Security,/wLjN3vIw63GJ6m1J2fhGL3D2VXd.jpg
1010826,Killer Book Club,/zZH0sAUV0nfEEDBUdWBMLjs2XnN.jpg
262958,Jimmy's Hall,/lo5MjmuMTTcgGVsup5RvjtDj4T7.jpg
9835,Jane Austen's Mafia!,/uAQGPDaqr40AK2W0u7mdKwhwli0.jpg
27517,The Man Who Laughs,/iQXBMr4NzQst4X0rDU6MII6ZUOM.jpg
489985,Minding the Gap,/uOu2YgrryHD1UlngykzTodAxGdC.jpg
581531,Metamorphosis,/somL0rNxv9q60m9DgKhzOVNrJ3Q.jpg
244049,Drishyam,/7d8GLneJkF81q1POdK7VUrjWafX.jpg
14968,Welcome to Dongmakgol,/5iGVw8AdnUJ3xNaZ5iipfsv2e5.jpg
53459,F,/pVIEx8sru5F6NErffwVxs815VYY.jpg
27854,For Whom the Bell Tolls,/hxjOMKAD2ae5mmo3ZFkHCIdRKJP.jpg
2282,A Nos Amours,/OxIWcXv60re0vhgPLv0e2Zto7.jpg
43878,A Day in the Country,/r490HjrQJrYXJp1zkzbflwEIegT.jpg
552088,Magical Nights,/iPfXIAQM8YacKLl9qrxGFLc9ROl.jpg
721452,One Night in Bangkok,/i4kPwXPlM1iy8Jf3S1uuLuwqQAV.jpg
24137,An Ideal Husband,/Aac3Kw7qAszSotkTNle4bvu3uuH.jpg
31676,Desperate Hours,/gtIRVVHRRr4iWN8yJ6tQs0CqWV2.jpg
31962,Shining Through,/Ahv8DfRmsOn9uXZx3Md0OyZImyF.jpg
614420,10 Days with Santa Claus,/3c8VdOdolyruux4wKSmrPyM1XRz.jpg
554761,Falling,/dvPMCVr1ILhf1q4JMGymSB8OQGl.jpg
66105,Saint Seiya: Legend of Crimson Youth,/qDqk23o8qOljUetnCkQCQk7kElk.jpg
875,Shanghai Express,/l59j7Mdfry4Mbxvpo68qTG8Y4GY.jpg
332835,Piku,/yo7EZWiLpLGhqs3YnlDGDBPjfTb.jpg
11839,The Court Jester,/pWvHS914vuVYGSjt0NRG7LFDYa7.jpg
233,The Wanderers,/oedFtX9hZZWpD7L5wkD0WxSteY2.jpg
850818,"Barbie: Big City, Big Dreams",/jeggetf6lrd0dhtcbqJH75Sik4K.jpg
229408,Minions: Training Wheels,/rT1L9N1LD2S1OO8qwzSFrphw0Oe.jpg
294308,Don't Blink,/aDqmVV2XzHcqGNC3p7atbeaZrqn.jpg
21494,Moliere,/3nfp9JCCzt1QlRhEzQfz5EkjLYn.jpg
50183,The Ascent,/hJOju5XZfmq4Lg5dPa8IPVY3mDt.jpg
587424,Infection,/3UtZrXiV7hpf2QvV9qXWoc7LLDX.jpg
26269,Twilight,/jepRBZNXgsINrbtSiSEdtCYbRMM.jpg
167963,Thesis on a Homicide,/qJr8TqZ1EhX5705U8SUPSfOqftJ.jpg
209269,Felony,/b36OAp2q5m0oZ4oUcwg2B0cTHrV.jpg
31685,The Hunchback of Notre Dame,/m6fsyHeqSQs4tktk9q3awgo7IzF.jpg
8672,My Best Fiend,/aipkPgZVlTqqACWHHeHbIHqoQbs.jpg
2455,"Finally, Sunday!",/i3B2jDsdxzNpe5Y0gp86uHEVTzT.jpg
10367,Wild Things 2,/3aoRiK4Q36kS4kYWWeF1CG4HhZr.jpg
23512,The Boys Are Back,/6sIPtMC5GxLrsSXgdMHXJf8X4qV.jpg
360055,Riot,/5Q2pHzDfJ8QlUA2vx2yAXWJkof7.jpg
36736,The Drawn Together Movie: The Movie!,/gVQYBtUXC8GUQZx6RxigC3Hleab.jpg
12483,Riding the Bullet,/oM9X7NvJ0Ses0thXu70Wuar9Afd.jpg
795853,Gaia,/v8cwfPwjHDWf5s5MxvLvcfnxPLL.jpg
57118,That's What I Am,/wEVN6PW7cBW4JytulTtQNtRV1T8.jpg
401544,Death Race 2050,/5mI8yqZZBlZpvd0aT5YXbR8oEvT.jpg
637157,The Main Event,/tzg5AEEu1T7nFOCq4gKbGBObhdk.jpg
1986,Live and Become,/kc1GnNnFH99VWoSCQwPQ9ZslU4t.jpg
5833,Casper's Haunted Christmas,/3BFR30kh0O3NKR1Sfea3HXCG6hw.jpg
739986,True Spirit,/B7m21gukMeVK3NAuk1PLCo9C8p.jpg
615684,Dear Mother,/9btM1KTckYffLNMGy5x5Qen9noI.jpg
11938,Clockwise,/tYKbdwgD4xDTkT9x7BBw4qWoQAg.jpg
17993,Henry & June,/cDMQLwT5LpdbA4dc4Twn43sbGRw.jpg
19084,Johnson Family Vacation,/3F6bmetJSJvqLCB9PMxpNz1sngB.jpg
315064,Animal Crackers,/dxFqZiO5MqqVoFZuWOjTdjmDh6d.jpg
702936,Sniper: Assassin's End,/AiymaaYeAl9ZBoyUz2tz4k2XaKv.jpg
11855,Pecker,/5bIrgDn3vfdkUOa1xYbrpdxOWd4.jpg
15855,Phantom of the Opera,/2IPsMihA1JNUnZbYpHZ93avZdW7.jpg
24411,The Shepherd: Border Patrol,/gntsO8yN1xiFp1CldoJkk0jzxh7.jpg
15876,The Enemy Below,/9IUUCfrEEkq92sCLznzSAjDPusk.jpg
58404,The Treasure of San Gennaro,/wAj2GiU25Xh8zgkEG7VC5zMj6cq.jpg
43461,Odd Man Out,/1xZkTIATlTtyd7Ybphev8ZTmJA0.jpg
25318,Escape from Sobibor,/w3IGS3gAecPB5dNeQH4926S9PSi.jpg
17478,Dhoom,/A7fxXAsuYEohxYNl8YeH3FYkuDv.jpg
19288,Leprechaun: Back 2 tha Hood,/uBXtcz92oigWaWnFDyS8j5tMAc1.jpg
14384,Soldier Blue,/4ex6dpWminQKp4PYN2b8MAwSnbQ.jpg
644083,Twist,/7sXthW46RwmPBdacGHnhOzLv40d.jpg
38223,Harriet the Spy,/spTUUMgIVm4gOdWL35IoYWEuZQl.jpg
39264,Godzilla vs. Megalon,/au8CGZeCjgoxHe33gZWO0DDvndL.jpg
230896,Iron Man & Hulk: Heroes United,/e7F2ZNA7wMneoSKGonLKjDmjFEd.jpg
25754,Children of the Corn,/y9sFEgoTkjfy8i0CQzLADxFC0Hf.jpg
31657,Coming Home,/jBsYWNBYNEi5EhT1hC8iexcTsWT.jpg
52557,Banzaï,/mJxlrfnVXhXNGRCBY5GrbIGHv3r.jpg
19621,The Hit,/hKNIz9iids9uPyEpmJjLFM96KXI.jpg
880313,The Wrath of God,/lFhxNXEK0UpXXqSbhba83Zhl2uk.jpg
13942,The Alphabet Killer,/gOLoUn638t5AOlOAG469nP70MnJ.jpg
810877,Save Ralph,/en5laoGVoVJxUAGU5UkVeJNb9VS.jpg
22267,Ride with the Devil,/pH3J5IUzho4ZVaRuTuErzqHHovb.jpg
434358,Belle and Sebastian 3: The Last Chapter,/5LGqOaSFa7cwyvtt7OWxvbWkRA2.jpg
13911,Monkey Business,/9iZpFKpp6ZaTahbprypM7ek4HVt.jpg
16456,The Crow: Wicked Prayer,/iNmAOH48ku1NfXqGsGBSZi0XeoX.jpg
347881,The Confirmation,/4FTN4G64s2hfZ9uvpXCeipt4khZ.jpg
135309,Lake Placid: The Final Chapter,/AiKZELy3QivFVVSuHOAJtYNAwaS.jpg
879540,Dave Chappelle: The Closer,/lSK4iExkkVnrA8iPxZwbs8IfnUy.jpg
14112,Auto Focus,/rgXN6YTZ0qvgVyZhojEtUwJDH0B.jpg
123235,Paris-Manhattan,/7ojaHghrQL9POiX6lm8mmsirGrH.jpg
25476,Scum,/7jgzCmnF4QwRGbv2ubK9VIOAkJp.jpg
4398,Lissi and the Wild Emperor,/5CzJlPFLicVvSLeFa4G4IpyXH3x.jpg
670266,Tremors: Shrieker Island,/46qwaON7l11M407rqh8lD4vXcAR.jpg
27277,The War Wagon,/wGSv9mfHocleVwH4Q8d38SkwQP.jpg
1557,23,/7QCfZb0KTN3Iu8jkLoog3NRBNud.jpg
34423,The Slammin' Salmon,/yX9skMoAc1JAimJFtczEif4f1jS.jpg
41462,The Hitch-Hiker,/9ORvQWC2o0FwIEl6zYU1jw9qH0X.jpg
24446,Holiday in Handcuffs,/cOHe3Otd2VUbvFlkuD3wKC0braB.jpg
11553,Millennium Mambo,/zaPDSAlrGKV4Bgz6vvkZxPZrrxD.jpg
19761,Saturn 3,/zAoLR1azwd8QbglnjWpOwJ4PI6C.jpg
19086,Delta Force 2: The Colombian Connection,/39UjuuaH2Gms6E7c8QWF7BdYSn8.jpg
24260,Inspector Blunder,/m4xBYgr8hnrZajhDZk0t8rX29ef.jpg
408299,Heaven Will Wait,/sFQTCXF9dEZyDSai6cA286daszr.jpg
714194,Attack on Titan: Chronicle,/10mGHIWt8TkMvnmSlqCChzigwFl.jpg
429070,Ismael's Ghosts,/rQc8aGHeJ65pkFabXVjPZpcodVh.jpg
34751,Free Willy: Escape from Pirate's Cove,/48i53xuzGLmBOvigCLW2QO1ZLPE.jpg
32043,The Guardian,/xSlWCbowlxjBLSCOzFgn6asW0FP.jpg
27996,Dr. Dolittle: Tail to the Chief,/5eamhJLpdvTDNOwHuT9RmUKfpxF.jpg
864168,Joy Ride,/lTZ3r9NBdbrR6NA90v3hFYqd6TC.jpg
15942,Go Fast,/2RkYggOA7VnTlQz48YegEBDwFH4.jpg
847981,Black Island,/53jsv5TASLwOqsJNsUNp4RPPq2l.jpg
5722,Beyond the Valley of the Dolls,/kmGOF3T35Q6zM1PMmp4Gf0VNX65.jpg
211755,Hunter x Hunter: Phantom Rouge,/tBbr1LJn5rrP08Y16jJAKwLEECf.jpg
18282,One Crazy Summer,/hwrMVPwGFB3fouqD5PhhmbafB7G.jpg
20719,Day of the Wacko,/kzoPSY2VAbIChz3uiU6VO8uCmpH.jpg
110490,Rags,/5CfrXWMeGcMlisL1YRCgpFMWiER.jpg
8545,Little Voice,/eMzV2BU8t05j0nbYTljpxGMW7Y9.jpg
9736,Love Me No More,/v9UvTItnX42Edc1b16Eh9qtqvbF.jpg
51786,Kim Possible: A Sitch In Time,/3XAMrWxsqqQI5HNJfegbUXtXiEG.jpg
531122,Ana e Vitória,/cgpI8BlXW5OWWUQc1A1zFrMRrBG.jpg
960704,Fullmetal Alchemist: The Final Alchemy,/AeyiuQUUs78bPkz18FY3AzNFF8b.jpg
320413,The Greasy Strangler,/A6rEKUIDoJebQygLr7hxVCoe8Fz.jpg
5052,Topkapi,/pPlJbEkiDjt8opos6Qg0GWLiuSS.jpg
991814,Re/Member,/cCTmZ93aBZ1FwHntiDpa2Lj92zs.jpg
38742,Cops,/6CX4AcuxBjVjXxthVilYtU942Ad.jpg
537190,Rampant,/g0EsecBQO3nKol7BRozh3ayyi2b.jpg
436830,Gold,/2nHoRPAjQIo3IdnflGK9vaFQDoA.jpg
28297,Brute Force,/xgmmXFbioGOXZTou2FS44yKa54r.jpg
325385,Endless Poetry,/iJTWnSa3YOnD15zMME3ox9GP8XA.jpg
25967,Isolation,/6CpGHO5cnZgWKKeqjCXaEwvk8Q8.jpg
711017,Enforcement,/9At4gHXspTVG89nUZBJNM5zGmHm.jpg
26275,Kamikaze Girls,/pWKZlOCJzYUH6fLzbCgtuIA5Gcn.jpg
29355,Wildcats,/5uQc18I6Mfsg6plBb0VjDrzSZEa.jpg
16980,The Last Days of Disco,/lReaAZCsA0GXvJrxzSMsFxwgh6F.jpg
651245,El man del porno,/q9SbDZishnuQG3D1ukO12JlstEs.jpg
25749,Children of the Corn III: Urban Harvest,/xTNGI3MGTlOTiYU9ucfWd79kV2k.jpg
14674,Man of the West,/fh9vTJ5mOkKK5nZ1LRhfvP5JrD7.jpg
1008005,The Communion Girl,/uYxrWr9o44yO0HvVfFFHGu01gfX.jpg
800425,Ray Donovan: The Movie,/5sw1EvOeXMGRZGWr18R4EiZs036.jpg
44155,The Italian,/g3pUrmCzx0cNG79c5Ocmm2YiebT.jpg
301959,Interstellar: Nolan's Odyssey,/i4PpBcuLvdcJwIf3hkcV9QDR1iH.jpg
14677,Last Train from Gun Hill,/hXbBkFAcJZBHH629Kj4Ujrq1r2l.jpg
45325,Tom and Huck,/vIG8hWOa7DyLMRiurzKwVAnIYoU.jpg
81332,A Christmas Kiss,/ecgrk0VsqzMMTUg5VsfqJADgaeM.jpg
6593,Godzilla vs. Mechagodzilla II,/pEIdvfcmLnLNz54oRba4u7YL8VX.jpg
4173,Stromboli,/nGQwqxXyhciDe1oDp7K87D1tRh5.jpg
37696,Fear X,/jOOfGiaZUMyrB9cZafFKjXErtoK.jpg
846167,In for a Murder,/tq5ODEgr1PUxT7HCqDT73SlDIek.jpg
449575,The Beyond,/wuezKxgZReQmqIrI9QOJZ23Z0y4.jpg
48197,The Town That Dreaded Sundown,/sI6kUePh4S3T1rDozPR0Etg7E8X.jpg
384581,Fanny's Journey,/3nsdiyG3B39KKWOI0aVmNaaLXwK.jpg
38765,Chisum,/t7GnHtvMslkBQFA8rgotzpGfm0A.jpg
20072,Agathe Cléry,/kNJDjrXOEXegDnSpxJ9W3AILRuO.jpg
429107,Beatriz at Dinner,/ypvlGBvm6p0EIvKCzJw0OqsuzK5.jpg
1119173,A Beautiful Life,/x6PvT4HAkK7phdj54Zao8rY5oBT.jpg
58858,The Marquis,/iazlH2lEVk0zh4YNl4geqOjBd6D.jpg
44154,A Touch of Zen,/pgveqayMFUIZbFqN87ghiKmmxt3.jpg
38568,Howl,/4gy0rUIaaao1nx6pr1Dj1WpslcO.jpg
356500,Detour,/f7KpfESUH0Vy74XP9zYcbp1zCGo.jpg
17007,Call Me Claus,/crP1L0S7F5RwrfZ6t25dJSsbzNy.jpg
259611,Frontera,/rjdJN48tBaLB7HdmyzBnlypXvPj.jpg
21449,"What's Up, Tiger Lily?",/z3ABDEfhLqX09nXgp6ilKW44jAB.jpg
43566,Before and After,/oK8UKDrjFS14OFoihaQPfmmMOyI.jpg
11861,How to Make an American Quilt,/vwYRaERccwXWCYrTzeWRZRarJOo.jpg
2963,The Impossible Voyage,/8bAhmUKCUHxNwzqLBa5m5jJh5mt.jpg
10619,Once Upon a Time in China III,/8TmkTiHOTAyAjmbtDVi5f78a5ow.jpg
621749,Nimic,/gRzUDFYke2DCVxmddotNatQ5FDl.jpg
441906,Jab Harry Met Sejal,/rWX9ZPcKH6qId169zm8GdFlRTdy.jpg
571451,The Last Laugh,/CSGJd80ajL7G7BIusniFi8XtFc.jpg
24580,The Quatermass Xperiment,/lm6cQiUjJ0AUUqESI9WWM7veIbp.jpg
24662,Cats Don't Dance,/5Fq3lsn398I5djODa3v8fQW9ssC.jpg
40095,Dead Heat,/m9LDoBpKEgucDzyS6w7u6fYut5G.jpg
15495,The Hamiltons,/womFanfTvwZ9nr594vZc1R0fWqL.jpg
32488,Days of Wine and Roses,/2xFgHiYhPdO4g35QksrGFozLd0s.jpg
40623,A Town Called Panic,/9Q1jtFU1zutKsAR9lwAl6YMkgZM.jpg
1003581,Justice League: Warworld,/pHdSS5G3wDwJp6jWgMpbSjNiTbr.jpg
1001835,Wifelike,/tea2gDZPxw0wfKC2S2VRWHagtt4.jpg
467239,Temple,/AjG0N5uWAWfF4HlYT2feb7tnFHo.jpg
25970,I Married a Witch,/je47It0cpuFzM7wUReWlUQX0vXY.jpg
316021,Frank & Lola,/fItgZrUw7iUAgQb4CGdSkfT3vlT.jpg
16220,Wizards,/j6vnfriBL36OtnbXLhA5htk83rG.jpg
8074,2 or 3 Things I Know About Her,/w1LO1SIrpA4GCjK3ysANr7F3eAN.jpg
375900,Tout schuss,/oU5EewvvB7EZ03ofs6mdzFc2roC.jpg
103740,Beyond the Hills,/jjFnFPcSA9fMUGWAAvj6eshi72L.jpg
48211,Sacco & Vanzetti,/pgAoI8h6lKLKenW8aKmdNd7AFwJ.jpg
10958,Flight 93,/4l8syk51fHsmWzM2xdEouOzV4rb.jpg
12280,The Paper,/pGPrFbucRLwVtCKCeinwAklAl0l.jpg
776835,The Magician's Elephant,/cAoAgzOCxSytYBqqCQulhXNR3LB.jpg
264525,The Perfect Dictatorship,/cgg9WVENbrSmNsX8BlBfrhTY0IA.jpg
1421,The Man Who Loved Women,/doFxMMzi8waOGe0LXjQgWYBSyju.jpg
76180,Empire of Dreams: The Story of the Star Wars Trilogy,/xq0MPT1lLxfznTRaAbInxWT2wfh.jpg
829410,Sick,/bshCGAHZRldAfdxXDX3637PW9cR.jpg
13185,Kidulthood,/fECaenTSnSr6lS0pipY2HB4J9fJ.jpg
39466,Godzilla vs. SpaceGodzilla,/zsPR2wpPpOOCG5Xvc0WHJz34kyX.jpg
222649,Rosewater,/iTzGgTjaB16vVDfBOp6jBvVbwzr.jpg
52060,Christmas Cupid,/ldW5GWiktjjakPa8yZWnCK8Z0Dz.jpg
34528,The Human Condition II: Road to Eternity,/7jfv1C4t06VGenQxf3HbmLVmUHZ.jpg
34723,The Adventures of Huck Finn,/8VpQZ43hdaTUmkMoe2CnED1Y2fS.jpg
133458,The Hypnotist,/tLVoHZ46TAdHgKVcb1ns0YkQ6KH.jpg
27845,Trees Lounge,/2DtoVhI9RkArGbzkvctGxY578QN.jpg
13068,Rocket Science,/d5MfQznQKNtTsLFhw4wVXoqfk5y.jpg
41382,Lottery Ticket,/jdRaPS2ShVQK2GurkT5mrlXJpzP.jpg
15544,Extreme Movie,/3N5XjwUITJo5MFhvWCJHVJt8pAg.jpg
146631,U.F.O.,/u6YRCDCiauJFYltBklD1X8m6OQm.jpg
5677,Trancers,/4Qx4KrimPXFNw8yRUBaZldcN8Ma.jpg
112090,Branded,/8YE4OfV1sHketYGy78AOCMI7j7T.jpg
42884,Cinderella,/54awQrtekrsI11bKg2NwQrBHLIe.jpg
16806,Johnny Dangerously,/1cvCWlLDt9cIWN3ZUI6UKgV210x.jpg
635389,Legend of Deification,/eDq4dGgNHxPbT3Y5S6mfymsQ0rQ.jpg
20268,Last Stop 174,/qvSZA7HIJMelYSaQ7ObBCylDnsX.jpg
31102,Pollyanna,/9lWkRXg35SjUZXLr10ez8DERvRv.jpg
88557,Pokémon the Movie: White - Victini and Zekrom,/3g0GDIiFCTQuOmON0e5sFsaygKK.jpg
317981,Bloodsucking Bastards,/ymDJQsmDSgQ4IGZAxW4aR0WpVAr.jpg
621914,Arctic Apocalypse,/9jcQmBfieWq3Te4fJ9YzucCZvS4.jpg
446038,Mission Pays Basque,/smizNL3SsCSohya0wtPVSlIr03Q.jpg
54427,Stork Day,/cLzoub8a2mFAMoHiXIlmms6YpRm.jpg
103370,Madea's Witness Protection,/4P6d7kVDB60Ydmk9WAhrPCWrARI.jpg
385320,Zoombies,/fjWcnrJq38AIZrWVbZtGJA05WNB.jpg
294992,The Taking of Tiger Mountain,/7seDCoxCBa3O4bUbA4xlKtRfs2U.jpg
161908,De Pernas pro Ar 2,/haTNd5AMt2acEMC3m22Wv1Q0N1R.jpg
306966,Summer Camp,/qVwZaHB1IHpjst5EGaW0Ck3gVsV.jpg
41059,Make Way for Tomorrow,/lmQZE95stAXjLZSvyUQAgnJqvCZ.jpg
728754,Stand by Me Doraemon 2,/vBv8iOFPLnXmtELUjcFc7OKHsR4.jpg
433694,Sgt. Stubby: An American Hero,/l7MiBAz8QlqKPuUfH5Uxxjo33AT.jpg
160068,Gloria,/cRDvqKVt6QMSPZ4wfbqie6oVAZh.jpg
886083,Deadstream,/5rsS8m61oHTjoTKfDWVMF3OHnww.jpg
351037,The Ardennes,/nVfABxAnahoU65o61cZ77tKNbD7.jpg
1015602,Welcome to the Club,/kxB9E6fo0ycHzd13oOTHmGa5Njd.jpg
426203,Love Everlasting,/fQeaB97z2g0vdu0tvu0T9me1aJF.jpg
1963,The Bow,/jC2zJJd3vbEhlj5OketLs97oIuN.jpg
13508,Who Killed the Electric Car?,/uMamC9o5zNU9wn8fyuAo2gUCMiD.jpg
820232,Demon Slayer: Kimetsu no Yaiba Sibling's Bond,/vJUDoYNNKvBqbEPUskgvzPXGEFz.jpg
27681,Wish Upon a Star,/k1cS1msVDyyUI581ICj0m0iVHK6.jpg
333596,Woodlawn,/BJ1XNBBEiqaCM4SQhHYTrWqCfn.jpg
768939,Army of One,/oswZEJav9ymqIc9B1cjA9Pz2tj1.jpg
35797,Coup de Torchon,/sYlANrZi5vxaHhmPaktuPlsO2Wz.jpg
485296,Redbad,/jmBXIR1nv1ueIBFBqKg60rLBzmQ.jpg
47406,Arabian Nights,/zDrAREfrNvq5O10lHDDh529i143.jpg
447335,Let Yourself Go,/vU6rOwU04lZLiJh52ay0SjhT1lS.jpg
26177,Annie,/y0XWZC1A7PbWf1gwmvbvhY9uWM2.jpg
322740,Seashore,/283iZ8fmPJQzBZVN6tu0D8WRT6Q.jpg
381255,Down by Love,/bYZKngNLoj1nEmQS9lyKW4trsHM.jpg
879440,The Invisible Thread,/fxEgIeFjAxVqqySDsYmI2uZcV46.jpg
1015724,Trick or Treat Scooby-Doo!,/r4ZDV5Xm8qrbG2TIPlocs2wJxHL.jpg
676841,Unhappily Ever After,/qiAM7Y8xF8wJDDsjeSuLgzyFGmd.jpg
25355,Irma Vep,/9Z84G7mn8eS7WxiHr5CrXRrneaF.jpg
21489,The Odessa File,/j8uFsP2PxDMN3bdo5Ve6fYj0ebN.jpg
76420,DC Showcase: Catwoman,/uork4S9bSxVOdGrBxGfsAqC0Ylv.jpg
25557,The Puppet Masters,/mzq5uA0P5nfTH8Fl7OESeuDop8P.jpg
408438,Indivisible,/iseAcq2JgmGSmhFRIAjTSqozMzr.jpg
477044,Bergman Island,/q8bQfC7SbaTDVKywhCiNL3ZVSyy.jpg
49398,Quarter to Two Before Jesus Christ,/jHMFNT9xvzEVkic5QW50CZeCkVE.jpg
5493,Returner,/1aEMXJH0YY2c5qL1F2FU1KVOa9P.jpg
524659,Crown Vic,/aUFuuUMd4nMbt3pdzulnFRxbY6e.jpg
13766,SpaceCamp,/geljHnOUqjQCOeoT59RUKWEeVbS.jpg
18509,Caddyshack II,/iHvCXCjiLN6bLf39CnKdDzGbku2.jpg
22007,Train,/tX2aNiXhvQGE5nuRrSMxxqEQy4n.jpg
75491,The Rabbi's Cat,/pcjwhq6hF3z2Wir0ZcKHTxmtRsH.jpg
583248,Scappo a casa,/cw7WtikWUyNoQ6IGIOZqn9gq8Oz.jpg
13441,Roger Dodger,/koAdQdL3LUtho4nd1DWSubE7dU6.jpg
86593,Wild Bill,/6KKZ8NNVVXfURBeXXw2BrZhHjb4.jpg
256731,Bad Country,/557r9wTsHdf0ae3MJYihepIZWs3.jpg
468210,Sweet Country,/szJdZCSiEIYybmPymoP2UTEvOUC.jpg
10401,The Girl on the Bridge,/t5hKllCsmpWWA7XpxBXPjx0Gfct.jpg
58043,My Piece of the Pie,/uff5OR7SAY8nbbdqVfC7hin8B74.jpg
430826,Casting JonBenet,/aHDr48Zq4IojCHRMxzGaS1EMaDB.jpg
925263,A Brighter Tomorrow,/2Czy6vvebDFCKiYygaU72DLdf6P.jpg
71622,Atrocious,/lVzWJ0xV6AJxsHwL2KcdIbaNNeV.jpg
32054,Hope and Glory,/1I5dP5Q55t1cgABizO1gcn5kzLV.jpg
28902,In Dreams,/q3Q00fCgeZGjAYaiwbfTMuIrUb0.jpg
12621,Hamlet 2,/ljdmxGNwhuWZBsCgANlZrruFkJj.jpg
623627,Seventeen,/dZJS7IeKUOUvABoiJTbbsoLa8YQ.jpg
46020,Sharktopus,/2l1W3yZWkWfPKMU768DaiD6UZmf.jpg
39543,My American Uncle,/1IV44owj1uZnD0bStusyY4PexP2.jpg
367462,68 Kill,/80ifMmWcNMQ8uD4DTyMFEuJbEJG.jpg
718867,The Larva Island Movie,/uHdxICUIRGoJjK67aOp3ykvL8ZW.jpg
37975,The Star Maker,/wousyAPimHw7RQVjlvzA8BSr2pt.jpg
22073,Hoodlum,/hZrwqVXLyxxsNJHVc6bJKSUDkXA.jpg
31347,Cardcaptor Sakura: The Sealed Card,/mhiiHzHFSOjZ3VMxwGJKdxFBxCE.jpg
19336,Godzilla vs. Gigan,/hrsIGO4RUxPsYdOIsbSJGqzjpVi.jpg
393765,Priceless,/bPg5PCFOM9LMyEp1dzF8LfIfgCW.jpg
536506,My Dog Stupid,/bObDrMrpJz6rVbM1vk21QkEvOPe.jpg
89584,Conquest 1453,/xzTAM0yaOKkdD4C2tVbdHilcNAc.jpg
31952,The Vampire Lovers,/zPhp6SDQlYXvZYkvHrF3ecmSdQ0.jpg
246400,"20,000 Days on Earth",/pUmYsh07P2Bq6ip2RZmOq6mr2vF.jpg
27588,Forget Me Not,/jDux50AIllCTIeAwg8wJ32oN1EE.jpg
12310,The Four Musketeers,/1T3bUAgdxU9aTNwcRVoxDebE0hL.jpg
73686,In Darkness,/cRm30D0tBvMLXjtoKuaUteBZ4nv.jpg
295595,Soaked in Bleach,/1ScpSMDQvwi28Dro1xwSOcKCVln.jpg
572468,Impetigore,/dku2KnAPALsi69MnvTV7cXrylWm.jpg
32389,Logorama,/iz4V4Tyl5SJaIQGvR8H0NUI04nZ.jpg
32255,The Palm Beach Story,/3NtOMzHZIn0VGTpsx9NpvuhHsYN.jpg
421313,Eliminators,/pUB91wOMQrmkforP7ntIMy2zkdn.jpg
169025,The Real Life of Teachers,/2j81UTWwKCISexGjxpWEaiX2fCg.jpg
17204,Paradise Lost: The Child Murders at Robin Hood Hills,/h65fwEQTv9zRNyEuExE1wAk5CQ2.jpg
586791,Little Fish,/8AYQ7vyUI2HVLEKH7niFvJ1AdZp.jpg
459159,Puppy!,/sNxIazoQqDQukfQqkYxTgx9DRbu.jpg
32568,The Man in the White Suit,/laTLoNZB7Ar3ZDoQmspBDVa5mbC.jpg
1043565,Mindcage,/JvqaHXdKBtEAmm4EDVTGkoAGIj.jpg
368942,A Quiet Passion,/k2WWlrMbuINyzDCfBuD48eN22QY.jpg
361159,Navy Seals vs. Zombies,/oTvwjUMXjeKxAXY2Cggy5DZweMn.jpg
79464,Rockstar,/ujbsLMrUKtlPdjBdXtGqrjEhD3r.jpg
235984,Goliyon Ki Raasleela Ram-Leela,/6Pph0xbOJvNPhWh1fdeWGHppSPH.jpg
550440,Timmy Failure: Mistakes Were Made,/9Ic99kyJewgPHwl4JftJSwzUmtD.jpg
33157,Waterloo,/tNTLZBn5szEvBRTtkWtAyuFqkDa.jpg
333377,Requiem for the American Dream,/z30fIUchddu5RPUN8JWFiDhk2yp.jpg
11516,Winged Migration,/qjv7cYLSufwf03So0SuRFU7sRxB.jpg
601796,Alienoid,/8QVDXDiOGHRcAD4oM6MXjE0osSj.jpg
35073,"The Beast from 20,000 Fathoms",/a45mCN6BUPg0JHVnprDOPc2VIST.jpg
581526,Deliver Us from Evil,/hngKHgBHRD5nbTx92zatBC6eMSP.jpg
32294,Mr. Blandings Builds His Dream House,/smKM575W3FLvWHna5YaWWeN5po8.jpg
24993,Kickboxer 2: The Road Back,/pNvuLT77H9eSStoqmB7EMLdlffv.jpg
24070,Mixed Nuts,/rI5oZR0ov3ki72Gy1QDM8XJ43mo.jpg
22004,Trespass,/GSeicpK571uoM2ZCRb1YyW2YMG.jpg
421281,Borrowed Time,/ArdNjI9vglaaOFdxA6DFpaQPwZv.jpg
517024,Break,/66OBBkqi9v5txzDPLzGULqVeB30.jpg
602198,Saving Zoë,/7M3KQLBDkNrbLD1UHA6cvGkqa5k.jpg
14460,Battle Beyond the Stars,/2zFS608xVM8tSm6ykfnGV4ZQfag.jpg
339395,Georgetown,/pfBZObVPRNFA47jU22iaYH19Rdy.jpg
403052,Mower Minions,/oKVtq8SvLaybXC9oofod4uLRfyW.jpg
816977,They/Them,/85TJ4udfUOwFIlvQL6EMFvvbvN5.jpg
48301,Return to the 36th Chamber,/ggQSPRtULPSWV7KVd7C8UphTUPk.jpg
77210,Design for Living,/h0T4FHsY51IccSGqGfaoYsd7hyx.jpg
410113,The Loud House Movie,/mab5wPeGVjbMyYMzyzfdKKnG9cl.jpg
17585,Surviving the Game,/wRtpJFGney5gqHmMb3JjT5WN3FH.jpg
207680,Return to... Return to Nuke 'Em High aka Vol. 2,/2YC1JNgGGHrCXDT83UCpdcWLFmV.jpg
265018,Indigenous,/m4ZzYr8gmjJl56b7v4LxA3tVcc8.jpg
45706,Tokyo Drifter,/dkscSldTB6FGUMMLnInUfKYLfPR.jpg
26689,Retroactive,/4UYuzYPpybAydWNyRgXBhYLO9jM.jpg
86705,John Mulaney: New in Town,/ufE8KAkLQT9u91AgDSc5Oxa3DjW.jpg
62580,The Well Digger's Daughter,/o0MGH7xXcbGao6uNJOyRAQj5l1R.jpg
737802,Dad Wanted,/otBb0AKc5ncGovRjlLNeCrzIMmf.jpg
10783,Lucky Numbers,/glmBnEtrmtMypPyg8DiwPZja3Vj.jpg
587808,Backdraft 2,/d5QfKjWG5UcEbbo7btAmXnJpaOn.jpg
519223,The Accused,/sckKV21oVJHXVFG7g2Psg0LZvaA.jpg
16564,Winter in Wartime,/h5SQMEzDPosnkJRSMhAShebJIUB.jpg
46247,No Time for Nuts,/yvVWCTC6DDc1cFQHFohi6wtnDLi.jpg
6022,Evening,/6l5Waw4UN8PwSZsqpF9E9hM5BHl.jpg
72277,The Last Wave,/7UwdJ0EMXirUuNFaohfK023Nuyr.jpg
67572,The Band Concert,/veEJ9AjgdcuGT9Yylvw2xdcJlUa.jpg
46591,Fists in the Pocket,/tfYKS7V0yILl9B2v7us0dgrBBnv.jpg
621954,Concrete Cowboy,/qRW2poVt06WCVlIhrolWS5af4YV.jpg
10450,The Silence of the Hams,/s4mxntM3FM7joVGz1LECSGfvYtm.jpg
42589,"Hi, Mom!",/enZNB8xoxggNxwA3a8fm5Hqg8gs.jpg
1033219,Attack on Titan,/ay8SLFTMKzQ0i5ewOaGHz2bVuZL.jpg
38271,Grand Hotel Excelsior,/EQz6QfrVX69cP2z3HmutQPlXKW.jpg
45005,The Monsters,/6ojy9P8zp1Fz8byLqACux5H2cVP.jpg
400605,Dead Rising: Endgame,/yQZCTiMWnXNTeKtnBAOmGdUT0rf.jpg
56647,Cousinhood,/mPZj6Uym4xCxADxkuWSKKEV5azf.jpg
49370,Perfect,/tb1jZGi23w2pIittaBBdaN6CGRI.jpg
530956,All Day and a Night,/8xiV8j18GhWnnrfMGaDR0E5oOif.jpg
287628,Theeb,/7JGRlapaNKTyxe7iH8qiMymq4UJ.jpg
380620,Creepy,/hWBLD0lzALjp8Q7oKTBu00XPqEZ.jpg
47002,Love Letter,/e5lkke4fKEZNfl28gCOe6MrAjhA.jpg
10842,Strange Circus,/ppsy2Z7z38mZsrFk1DHEaHQrimi.jpg
641960,Four Good Days,/uaJmqZxwAsdFLLjPGH5DzIEnbpj.jpg
44125,From Beginning to End,/onweiIAA6n7FqL4ryVnDsTIdSPn.jpg
17709,Dudley Do-Right,/4LP5BieqdFNlCFjxsvaA3d6hGGd.jpg
18835,Private School,/751YiDofTR5mon16NQXgyX9vxqb.jpg
20678,Blankman,/9b1zje1Yp3kaJOn8pJqaQ1WLmoj.jpg
574089,Loop,/pUA0cnrZnm8IRx1NMcr9FiOsAI7.jpg
30691,Yahşi Batı,/mk1HYwHQnHWeiRQ2UqY7Frjub05.jpg
10319,Woyzeck,/4MwRYp72mAaLhkcbg9EXie2pLAr.jpg
24742,Secret Admirer,/4kJQ1R7zD1ckFPFfmyxI7kwPSiM.jpg
58081,Iris Blond,/rDElTbZuotby0cfCh3R45Bl93gh.jpg
460048,Heavy Trip,/iemwek3NFkcsEqTXGHg8xsjXzAk.jpg
182246,11.6,/sNcSL9QUmiaTQpfWXbPJCWMp0jX.jpg
103686,Paradise: Love,/nah6G8dNvjL6L8k3wumcR3DH3KC.jpg
42694,Who's That Knocking at My Door,/zcH6pKZKeImwcBtIH7fSdUyoQ2e.jpg
17589,Mrs Brown,/hVdBkTe6Fbd9rcsQoBTqrDw5I1z.jpg
2470,Belle Époque,/2pb7i9pI6wMH5dlyjbVTXdfSKun.jpg
676845,Come Play With Me,/iM5kNvZzcMSmWv7CFTxnTu5zfoa.jpg
30969,Louis C.K.: Chewed Up,/cx0sw3xpl5Bwdvp7XpJ22QnRuVA.jpg
13706,Winnie the Pooh: A Very Merry Pooh Year,/1Xfh2PPZsjEwFyLqp6bisrbdxZs.jpg
25329,The Echo,/vOVbs2zfChnBYCiielEkqxmBuPr.jpg
20182,Alien Abduction: Incident in Lake County,/ix6kUUS6UkbzzTb3gVzHk9QcNxY.jpg
1405,Greed,/zT8XclM0tX5nVsnU3Idsn2Nzdo5.jpg
683328,The Big 4,/gxtf1bovLDyd0dMcKXdwVyqVsuK.jpg
15982,The Legend of Billie Jean,/x2u2YtbJ9XySs3MdaIly8Gfp66.jpg
194722,At Middleton,/k7JOxvTL9oOAalE7FC9xuHYcu6h.jpg
427564,Scooby-Doo! Shaggy's Showdown,/rqw4Cis6dliACGzaejR5icXjA52.jpg
14711,Afro Samurai: Resurrection,/6snrLj3Ydmbu5L9giAYtiSNwE0U.jpg
17994,Witchboard,/d5lDHBzEgBkgAarXpUl56u2vM8c.jpg
382190,Pokémon the Movie: Volcanion and the Mechanical Marvel,/j9TIzeMxNknVrBvgxzLqhIhxml4.jpg
60086,Babysitter Wanted,/7DQlbb4ax5L5NZvMjr54KOsXGyF.jpg
46592,Ballad of a Soldier,/9teeqzdIgPkWsykRapYkqhdefmm.jpg
15338,Ace Ventura Jr: Pet Detective,/wnLBkPxGn2w8GwHw44MDDFX4R95.jpg
303903,Pokémon the Movie: Diancie and the Cocoon of Destruction,/t5a4J7Ctnl0w1FWg2ld0mKNvizK.jpg
12109,It's All Gone Pete Tong,/4AvbVwbejmSMKGEdLmVYDLAss1i.jpg
11028,The Big Easy,/h1zSdBuPRtKAD5R95dMQKMs5NyT.jpg
26203,Blink,/yNlatJk6C2zYTqAUkaxtBJQKQSf.jpg
961718,Medellin,/jKFOQ5LNQuIWGLdB2WhVlSUcS6F.jpg
12247,Shotgun Stories,/xHVBfJ5toapeosFwHGTmvBVTbY2.jpg
56287,Scandal in Sorrento,/sfxyltBi5FNoN38KLo491QzdiBB.jpg
18191,Edmond,/2VFdGJDrl5n9WoC7d4I07hN3v5c.jpg
1976,Jezebel,/xewvSLrr0Ru6qVMwVqVheFLaGm4.jpg
34869,Cargo 200,/8F0vN9BNabjIO6edSlFe3RB7dCy.jpg
414063,Racer and the Jailbird,/7ruUT8L9MV0RS8nQM9sDRnboMya.jpg
149427,Journey to the Christmas Star,/ysqFnW2TrlD6W9H9dn1FLgVhpsq.jpg
15421,Becket,/swWmxVbq0pXv4wwsc2O803PiXR7.jpg
22477,September,/gTsFkvUt9wrGOZh6JNDSFd2LIBT.jpg
39465,Godzilla vs. Mothra,/oqhO8Vg8DOTnuen1rmL4BdS2su2.jpg
612491,Superheroes,/9ZDnrgn6Iw9z2XtaQ99G0p1DFP0.jpg
727306,Safety,/x1VALfs1GJyCkLWG7YutqJ96srZ.jpg
763532,Long Story Short,/oAJ95mBgB0yAKCS5a3Tw5UxjLEp.jpg
2071,Shattered,/nGjepyrldPYJeNNgZ0h3Y8X6YkT.jpg
114982,Goodbye to Language,/dQ0qBocOIz5VgoEPQDptOXRwWEv.jpg
138222,Best Man Down,/iJOjvFV0a5znaeMVD8v7Xp51g4c.jpg
18387,Big Wednesday,/zMOZoNszmmlf3jUivDUEFgCrReo.jpg
567973,Furie,/6LON0M5qfRb8M2XqKnUvOpCBq3Z.jpg
1415,Party Monster,/fAkq4jzFttRaxpIt7HhpsiFGhxI.jpg
706860,Out,/kU3YYulx2RNB8TYns7a2QR9CqEP.jpg
37997,Permanent Vacation,/cLwE7Ugiq6QFxAvA6YDB1AEfI1w.jpg
5890,Azumi 2: Death or Love,/tHE34tmmoxGzTGURFnyhhad8OOd.jpg
277154,Admiral,/a3wtenkrqveejZpZadYakGIUExP.jpg
6183,Barefoot,/9fOgPSSZK5fpRBrSkKp6pfu5Gno.jpg
445203,There Is a Light,/veLAtyfEFVELtoQ3ETTc70DvzYE.jpg
1816,A Chorus Line,/eCyWdrWp6uTmXq0ZeFFxzWPNByN.jpg
14342,Almost Heroes,/qO1cfr4UxcwQ858Nxp470QNS3v8.jpg
17006,I'm Gonna Git You Sucka,/gL7g9gPrzeq7HpZTlnc6k1kHx1y.jpg
418604,Al posto tuo,/7syFIdiS89bk1RwS0yq0cvt6S31.jpg
435107,A Royal Winter,/lxeJQe4lcW8AzDrRjzixOrlmihv.jpg
20424,Invaders from Mars,/bJjikydpyhfFbFWyCagpGeomomH.jpg
214135,A Wolf at the Door,/1aTMhlTtBWwEuZ0PRJeKah1YNby.jpg
39891,The Devil Rides Out,/p1AWO8PIMfT6XGHV8uaa8erencj.jpg
523593,Monstrum,/4O2xrVNRxu78Bs1CbBfFe3vnSQC.jpg
396289,Raising the Bar,/4PmeOpZK9Qvnsuo02TqBO1wHecR.jpg
356326,What We Become,/lz7B1aLKidzrfPS0pUseDGdMbIn.jpg
574284,Harpoon,/36zt0v54vRmgn1Zgvlfw0azQK9h.jpg
16764,Toolbox Murders,/hSOaU7mk6nNA0kP41EkC16hX3eA.jpg
12170,School's Out,/jpWaKzZcwOcBwtys0aLjhZBqrba.jpg
43649,The New Comics,/rbcrzKi4qdQ0D5vEokTQCOlpvRS.jpg
8043,Breakheart Pass,/li6BdgpVeMsgIjDugiVfHJGwPTp.jpg
30815,Mortal Thoughts,/3Py7bFBsRjMVdOI5IlNSz6aa385.jpg
770156,Lucy Shimmers And The Prince Of Peace,/yfnJ5qIYx7q33fY4jqv9Pu95RSg.jpg
38580,The Little Matchgirl,/lMZ5Xb302XF8u50ct4G1kOz0iXk.jpg
212162,Puella Magi Madoka Magica the Movie Part III: Rebellion,/68cts97TtCXcAlimoAHrHlQUNfn.jpg
283559,One Direction: Where We Are – The Concert Film,/wC3qjKzQTZ5yHEkTTyjsoRS0gir.jpg
1013228,I Used to Be Famous,/hJMnsf6vzgoNx0bv3uh3PTCjmks.jpg
498247,Dad Friend,/uMRYZVtoCbqya1r1fb08F9xOsSa.jpg
466485,Conor McGregor: Notorious,/xYMVSRk2n4WpzKMw7V6mKz4Psoh.jpg
50032,Stuart: A Life Backwards,/yNqCMTi0J3LHDVklJpUAwWiQ8G3.jpg
9965,"Wake Up, Ron Burgundy: The Lost Movie",/gZdIO9Wq31TfrD7YKxhCrNO6cfm.jpg
468206,Il premio,/zjmQlBXj3XMNeFhVzZx1mySFWY1.jpg
838876,The Perfect Dinner,/neTgFAKHUWnbWu5cEjnrNNzFBZN.jpg
257593,The Move of the Penguin,/64hdogfl9p7MwPRvy0HqMXXNmHJ.jpg
45408,The Protector,/nQPBESx5J8lAh67iA5A7ILoCgii.jpg
496328,Sanju,/q1wkN4VQuBTj1AeyTLLz2w6awMA.jpg
10107,Firehouse Dog,/q6wm2pmx8WiYrNa1vbCaabCUDcD.jpg
12921,Strange Brew,/rScplcvRHX7o7XK88SFb5mddo8y.jpg
40420,Cop or Hood,/1wL9rqvi9346OdZs9EptPTEHMOz.jpg
22049,Starcrash,/npJt35Q36aGcTYpcg9epbwQIIkz.jpg
676705,Pil's Adventures,/abPQVYyNfVuGoFUfGVhlNecu0QG.jpg
24012,The Prince and the Showgirl,/eNnzkk6OPRnx2jApJ4MnbvJFEvm.jpg
703134,Infamous,/q2lkJf1TAjImTHCEO7XvbqPtnPb.jpg
37221,Another Egg and Chicken Movie,/c7LMN9NrJQ97RxYM33qu5ItcbCn.jpg
438457,The Ballad of Lefty Brown,/p4L5DM3ZeEuAawFxd2ftgISQMZQ.jpg
62459,iCarly: iGo to Japan,/i0TxUi4osHGcgORmpjHmzcff2AF.jpg
609408,Tutta un'altra vita,/jbCOZjVZRrWrqk3DBT2GZ3nz8zK.jpg
2017,No Good Deed,/lrQU72BcSfzJx71X1ko2K4LTtlE.jpg
51200,71: Into the Fire,/3p8nZAGiw8LT8TFpYOn7uoTUdvI.jpg
47354,K-9: P.I.,/lkI06uQJCnujYoN6MJzjnsxryaI.jpg
54553,Minions: Home Makeover,/c63xSHPgjE0BgoarcA97zq185SP.jpg
649928,Robin Robin,/bKIdlJbd17rrIm4oZzhXTbmqpon.jpg
18899,Vengeance,/wSEL6Ib0H5WUwDGyRRiRfBGEm6p.jpg
261461,Loucas pra Casar,/a85dJjBuHVmWTByJYml525i5U4l.jpg
31032,The Death of Mr. Lazarescu,/hNy1U9Q9XWsw3FLxCjl66TM01yd.jpg
44727,One Piece: Dead End Adventure,/tEJBIHzaW1IoOVHtgblXy76kj4G.jpg
44560,Aftershock,/tfTD9Z2ObdTIslsKtXiYRWuf7qd.jpg
21131,Harvie Krumpet,/5TWvqqncvw5azIwnSGl8i9xTFZr.jpg
18143,She and Her Cat,/wBKfZk6qlyn48vKQNoZs4Thhpwf.jpg
913823,Fire of Love,/9smEX8UP84yb2GisLwyAyQKvCWS.jpg
204342,HK: Forbidden Super Hero,/o5ENtNf4uNACilr90RNTIhd2CtU.jpg
26670,Noises Off...,/rrRNSwC0sfQUs0g9MVmDaJdP4Pg.jpg
5842,Versus,/dEk6Fpm4lkEBQBVpzTOLau7qgR9.jpg
776527,"Summer of Soul (...Or, When the Revolution Could Not Be Televised)",/8kNwhqUGvpzWJd60O1Qvb8G6psK.jpg
91333,Recoil,/5K0EDKAP4OvmCujhwdc8gVxbPT0.jpg
252511,The Kingdom of Dreams and Madness,/OQJF35HiUPB10TiiDQDUSpcoIW.jpg
636879,A Nun's Curse,/eutNRwSguV0NCx7BNAXOibWzjP6.jpg
493899,"So Long, My Son",/jGTDkdY7wFP2lIC0aqC1fjNIhhV.jpg
10044,My Lucky Stars,/dZzHBIcJsld2XMvwR75OZGf4NM2.jpg
22829,Paris When It Sizzles,/s1uNHOOU2opTFljSFGp9djN9l2Y.jpg
396292,Ali Wong: Baby Cobra,/8stTLVktSAATgFdCeaEUSh6WU2j.jpg
135647,The Details,/gTY9TRryFXCUaGXUhebtQ3FTCdg.jpg
324558,X-Rated: The Greatest Adult Movies of All Time,/uYzHkzZPp84B7nHOKaJZWjyGFUL.jpg
6643,The Unforgiven,/9085eJIHF1LqoKgGWK74Z3dxXpo.jpg
845875,The Champion of Auschwitz,/dY0Rs6CJwr9VFe8pXzN34jhCKTf.jpg
45878,Return to Horror High,/glZ0Wz5u2Vr7TzM6Kj1f4e6EliU.jpg
20771,Kim Possible: So the Drama,/qoqt8Viw7vqVNV14g3YhSKjF7ta.jpg
26606,Performance,/wfEY1Bz6bCJ49lmBg7mt2AmAaRq.jpg
29778,Dracula Has Risen from the Grave,/okuE1qWmBcmTAHdOI5OtEPgx2Sv.jpg
53807,"Bruce Lee, My Brother",/7oCWjsMFXLTkTvi3XLRvNmm9i8O.jpg
36800,Metropia,/oo9IJvDKUrhYS7zDimuoSJUPG79.jpg
21338,Stone Cold,/4nW7wZKKjzZ5zriDfIjpJcZIyZS.jpg
71700,Repeaters,/9nQuL87o5AcUayeZM3cOXw1VbIv.jpg
653569,Save Yourselves!,/za0KbrYRWsfwL2lPGMG9GXHQNpU.jpg
195276,Montage,/6XSYukpR9ScmycFj2x0FnAzb9su.jpg
242452,The Attorney,/dNCJgCCC97ABZ6yplyosNHI4Pjr.jpg
21198,House of Voices,/2d1JogvQG3Hcay30wo8261otfZ6.jpg
249923,Someone Marry Barry,/aod4XeUKVEDuao4ekQ4sBApt6sw.jpg
517991,The Spy Gone North,/ib7SNOKqPKLyVXTjhuVJIglTC3E.jpg
148980,Battlestar Galactica,/96ETJEnHoVuptkCNMtxcEZ5iWzN.jpg
22492,It Might Get Loud,/86gtHYU7vRnTBcnOu0YxdZuDGhM.jpg
716703,What Lies Below,/6K8Zdz85GbCrb6oXbUGcKxPZ5e0.jpg
17577,The Devil's Tomb,/ex0dNOuABfkWVrNFfhsC0qTviA2.jpg
535692,My Masterpiece,/lYlCD0fyYlKHQytjsWhFZivaNE1.jpg
358881,Made in France,/6fNi8CXqoiaLzqhj8BxErE4XgR9.jpg
1496,Cool as Ice,/fO0YbAJiMPFMquixdZgbC98I3MP.jpg
487562,Natale da chef,/60psKQ3kOsMladtW7yQw9Zz3NM.jpg
8129,My Name Is Joe,/3hn4DWj6V0UvaZx3d0xjP7jusvP.jpg
571650,Paradise Beach,/oFidx1CYA0mHERbnY26B8l42aBa.jpg
40815,On Guard,/3tNL0uM1SNSfN2d1mKSBB5Ih6FH.jpg
34530,The Human Condition III: A Soldier's Prayer,/wZG5gTZj6YKOcm653v6BHK8FWXs.jpg
30346,The Body Snatcher,/1dOCP2ahMVlA95SivxhEdVvcXZE.jpg
26954,Puppet Master II,/dy5tzZFWFTjbNyG4KNP6yMjZ6l9.jpg
773998,Double Dad,/hqNt5S8z2a7U48RZ0WZ5okdRjfu.jpg
10179,The Ice Pirates,/tv2iZbQYWwKcWOUWVFxOhcchKZT.jpg
315575,My Golden Days,/aCOt7X4JoGz5MlGVX7nog5TDEzv.jpg
14062,.45,/dCPjNzM5S8FkaQDa7fTjLez6Dnj.jpg
589612,A Call to Spy,/cK5D0ss2LLSZtOZKvgOVTcCdXIE.jpg
40713,Sky of Love,/95qyhqSlbdnc9nrvrrLw6WFXE5K.jpg
547491,Clergy,/ng11hk3cduAXHXcEYL8mCx6xkxt.jpg
305638,The Shamer's Daughter,/mFRbysvW0m1IcGFWT5FGVzRX3tr.jpg
10609,The Life and Death of Peter Sellers,/obv3jnX0YSELa3bYrs8EDlxeeam.jpg
260312,The Yellow Eyes of Crocodiles,/rRhLaXepn0Bib67NLmHhvOnxQcw.jpg
608649,The Players,/nCATbnGxYI271PyDPVjzbpm2sxD.jpg
34766,Zenon: Girl of the 21st Century,/tuPphpx6sOIPEPqiDL2WQV7vsoP.jpg
13539,Here on Earth,/f5kgDoIYpKFCV2EyAlEUwS18srS.jpg
415311,The Neighbor,/jvv66k53knzs49wnzaOZjOPYj4r.jpg
426030,Finding Your Feet,/iX9Shyt2NlczCn27KhhWintZ8xM.jpg
376261,Weiner,/56p58BDYpSISNXhRDHfXBV0i7Zj.jpg
2093,Amsterdamned,/uNPQUEd13n9fIDliOYfOyxfyY4Y.jpg
262982,The Hollow Point,/v7ZARMt7pDrwd8B7YfUnXXtNlDm.jpg
43364,The Life of Oharu,/mhHZvr0FmgGTtFL8aRYHp4X0Hs2.jpg
818648,Love at First Kiss,/sKBWGgsUCjoc5x3zdQuJUvozqKh.jpg
9089,Home for the Holidays,/a8MslR6deQQVe8JR542XDSwHiPB.jpg
20348,Fandango,/aRhmZlicLxWgydylCdIofCbjDVT.jpg
52999,The Adversary,/aszdSOpOskv1THDeOvLKiQQwdJc.jpg
18120,Brain Drain,/n7PmqkLlk9pUJaNeBLedvAdFUgQ.jpg
362155,"Me, Myself and Her",/z7pOEKuLGWqVz1ppJJ1nopYO0fa.jpg
962697,Our Father,/maG75HDZbOwywDFd1h195CA8I36.jpg
937337,What a Father!,/aZ9qQ3X8xutsWIusMFGKlvkKiyD.jpg
671577,The Human Voice,/9YWYbBAQ1keap6P5K2Yq1LK70KV.jpg
459947,Jackals,/roWDNPm5UAKo3LLi3BUXwmfDsHc.jpg
47795,Landscape in the Mist,/icNqzWxjwXuD6FSRtTWNj8sa5B1.jpg
13397,The Year Without a Santa Claus,/gc5vz1sZXk1DilIzkQLZ2ujuiWQ.jpg
28172,Blood Feast,/bFnOySJFxJSEzaZ8RHrSsFvXWC6.jpg
356334,Gridlocked,/ivW43pYgnSbCTExhgb3NAfRS2Lw.jpg
73649,Tutti gli uomini del deficiente,/9eYrJp5Rcsl3dtJehOpNYLuMTQJ.jpg
460024,Stasis,/g0AgiPF1qBObVDLK7pwncujVpuo.jpg
336199,Macadam Stories,/dZAC0ziklqOoL9MC0dfuy4JxbMU.jpg
23127,The Haunted World of El Superbeasto,/yHxMxYyDuLfwiZs02hSjrxaJy2w.jpg
6470,Fire Birds,/ccqyNqhesnxc090uNKgMOeIef3n.jpg
32685,Ernest Scared Stupid,/qnMtX8eKFFrJVEPZijFZqzDbckK.jpg
38529,Horse Fever: The Mandrake Sting,/ki5qjWPb4UA1R5XKw7AML4h4Hzm.jpg
40819,Best Worst Movie,/4LQ6kdvVJW9y0B9O4qDTsazNzER.jpg
593475,My Out-Laws,/qzRSMch8yhtJ8eIUFsDHhNjxHDg.jpg
17334,The Other End of the Line,/uiLgARBzUiE7PPRiJILXSh4zOIW.jpg
68822,Casque d'Or,/zEbFtFXlIaTrC2CDgqsppPWixZ6.jpg
199591,Penthouse North,/1CcbRXZMbhZqFoBPqoR9386iqJp.jpg
261103,Maya the Bee Movie,/pMQ88CvnQroSjxk4IhM7YNbcjTx.jpg
544345,Just a Gigolo,/nAUQnJiio0mdPKkoBZAktq6qQyu.jpg
30270,Gad Elmaleh - L’autre c’est moi,/uMwrYKBgDrMmOE9oxhwK1UH4k08.jpg
13797,Feast II: Sloppy Seconds,/jSwQ66A3LsoplxuAuoG4hipMpJm.jpg
37991,Don Camillo in Moscow,/rBNEwPdjy8Ph8MDdYvaxlT1mlIN.jpg
12116,Love in the Afternoon,/zRvqHfzdFST7zQkVaOe4yNsanHw.jpg
18993,Mysterious Island,/lqLIpwISJEvERlS5fSWe8xbQDFf.jpg
282070,Parasyte: Part 2,/qO8zQ9dSADWiwRnR7oCOsPDuOom.jpg
16072,Gods and Generals,/sMzhx48PQCv7RTeyYlCDQgjHVlf.jpg
45099,Cops and Robbers,/mEsDe5ZvIwFCY5BHwzdHykKo62J.jpg
273404,I'll Follow You Down,/3osrKXIz5OkSrpnEt1hqHAAyvbd.jpg
396373,Woman Walks Ahead,/qI5NcQHR0nsykPqlG2qnfFyMgW6.jpg
210911,Rigor Mortis,/13XrW84O4HBagKQ3mvJTQcVjCVu.jpg
743439,PAW Patrol: Jet to the Rescue,/syNuGBDLudvPYIKdgmg6sUcxk9p.jpg
525938,Break,/qwK4PMUppMKlm2CwspO8EKuhj7y.jpg
34186,The Ax,/v6upsNV9GWkSn0ODM8hFpvbQNJn.jpg
892527,King,/kEyi52oFS45X5sb78kAMnfrenxm.jpg
5241,Two Moon Junction,/tVYQhaYdUimvuXxWyqktTfe9qxJ.jpg
859585,Toscana,/k9JHEiBkMsqCR5vKREjdOvz91u6.jpg
85985,Ek Tha Tiger,/jGTyeAH5KZuCX6Qat1VcTBXnqth.jpg
20379,Grand Prix,/yEXrf09o8wVRFSptYFr6VcqLjPr.jpg
505579,Bent,/xUqimeu4KzFeqTvblNLvG8Y1DAo.jpg
2428,The Greatest Story Ever Told,/c21ON7BZn0jwdNl6ibZ1vhXJmpy.jpg
40490,Man of the House,/6bnOhhrrrq6RZhMgz4aGyqbJ9Wf.jpg
26554,Class of Nuke 'Em High,/2AljZDgKhzFaKO6i9tgmcytEA2b.jpg
611408,Do You Do You Saint-Tropez,/bWpIB5MWhH3vDmNUOC1PuE0ejt1.jpg
31650,Someone to Watch Over Me,/xeT1GXkBG0NeDonBfm7iBKumnfa.jpg
12197,Reprise,/kngmlUdI5HjkKGOBaeDVhSKAVpy.jpg
13107,Henry Poole Is Here,/2aTt7ZNocc5NoZjACTsrSUX9I62.jpg
76999,Wedding in Paris,/r4ZPAnhZmT33apxu7UzfjuQoDyf.jpg
67911,Bucky Larson: Born to Be a Star,/avCsg52549PHT5nVXIW7c3BEZ7b.jpg
44725,One Piece: Chopper's Kingdom on the Island of Strange Animals,/9YFUMvTV4zOkpUsPAiPgjaMKWYd.jpg
322518,The Intruders,/7YodT3HO0FqM0csMY1otG01U6oE.jpg
85033,Café de Flore,/sDzPQTJQyTwePZNh6PoZIcgBtvO.jpg
515820,Dany,/ePxeIwodTq2ZNxnmFr6K2YGv2FY.jpg
342657,The Silenced,/hNXiG7fYDwnnpBU2qPlwEI84SLS.jpg
338544,For the Love of Spock,/1pDgqNx9GdW82QJU4Rc6egT3YAG.jpg
810389,The Visitor from the Future,/9QC0VxDQ3HHsSdjDM61xp1ZtW6p.jpg
14050,Recount,/1SMyWNj6PE3nngc46yCAGFNY1f8.jpg
21035,Turkish Delight,/5ipKZskwefbnLdhRUCtfRjA9GMz.jpg
788977,Cairo Conspiracy,/dXGNABIoMWo8EOGUQH2651w9CWz.jpg
16380,When Worlds Collide,/xUd6NOABGlU3TSNP42toxWhmMQ3.jpg
95754,Big Time Movie,/tIFqLhlK8fhYnBCrrYedKHTzlhg.jpg
56418,The Source,/s6aeswUubPwVtWFnVcaClS6980q.jpg
617784,Military Wives,/gKwXP1VvKNxrc1400yksKA4D9Qc.jpg
2620,Armed and Dangerous,/48pWtaTngOHkq2xOc8pFAoro1fU.jpg
11790,Peter's Friends,/gcs7O97E80KRfFd9fNbylnx3YTd.jpg
491625,Gully Boy,/4RE7TD5TqEXbPKyUHcn7CSeMlrJ.jpg
21910,I Sell the Dead,/1KjIGzUho6NCE7dDJP1QyRnMRRK.jpg
67109,Delhi Belly,/hGmjlOFPaqwxAxR3XDvalExTlXd.jpg
413655,Dirty Kids,/RnMRuM0YJzP3jp9hFH5ntnKgJi.jpg
30072,Possession,/WBZZGBveF39sCkBSR0wZuwsY3Y.jpg
427008,The Mountain II,/dYCqrxuCuzhfgbYJbO2HN4zTeqa.jpg
893369,Jack Mimoun & the Secrets of Val Verde,/Ckest5IZ1qTvTnkLpFXaTewyxh.jpg
27029,The Nun's Story,/4vNWFhPyjTehPpZsvTnTywwXSiF.jpg
17409,The Gunfighter,/5696EpyH0tB8DtKvwNGABMRWknX.jpg
47650,Easy Street,/aGnx73mmAFP6ssWYpMIV7yekg7g.jpg
617986,Three Days and a Life,/pdBLfn0oTOa56828eTMaXnhOZSx.jpg
166879,One Small Hitch,/pmr4lL6ikvXgk4LAVK94XYLXpvu.jpg
25460,Return to Sender,/2OZj98sFBQYYS48uIAWTP5siCkT.jpg
14815,The Wind and the Lion,/53k9mTyEirFrKXWtKLtDyrUuvYL.jpg
77635,Miss Bala,/3YLdzzLfa95P1Rf7JkEZp9r1t8y.jpg
111839,Hemingway & Gellhorn,/b3fdkG3S8z6ibGOIVZYWvQlZPl0.jpg
84340,Sleepwalk with Me,/vs2wxfMrV48VWKTGbsYstIWrwI1.jpg
271,"Ronia, The Robber's Daughter",/wJYkdYN4OzS5s9kiF4EtGvvnFm3.jpg
14033,Soul Survivors,/uWmHhtuEgX7oI0FuWR2oD08HRHD.jpg
11579,Don Camillo's Last Round,/tt2nV4pzFzFqBBGBpmfQIbdna4j.jpg
13348,Helvetica,/s47TOnvnwfSnAflQvsBxJbOLnmP.jpg
286558,Despicable Me Presents: Minion Madness,/smQcYI4DiF15HKt9RRpLywoWhnK.jpg
169934,Iron Man: Rise of Technovore,/eHDez1uN5X2ZAq4niX7HvhyZIIO.jpg
32764,71 Fragments of a Chronology of Chance,/1HWTLFBu8AtaKrqdxTPpVTZFRDX.jpg
86822,Voyage of Time: Life's Journey,/by2hTbppbkyhQ2ddALHzXlUq8LM.jpg
301729,Terminus,/5c3ZPc4alC1Z7jK95Of8bkAjbu5.jpg
882670,WWE Day 1 2022,/vumyRztyLMEvYYjyzONNy0SeFxF.jpg
118612,After,/5AKcsJYztbcX2KsyCXtKucyUUMA.jpg
31624,Torso,/tWwaVVGHkl9FTVRApyAQdBa2ayU.jpg
16148,Zero Effect,/yFALvZFwqnh5ESarNoVd5KtizCo.jpg
28005,Kama Sutra: A Tale of Love,/dwbLcEPIjVISly6DW8GLX8vsZlE.jpg
28415,The Yakuza,/AgD8nbLXo6YpBxv71A2vdJHs03D.jpg
26356,Medea,/wkSDxihi8njeITBNWQJYfrNU7eA.jpg
22440,Dracula's Daughter,/y7xBkkRLcg1I0fXHO4yYC5SwBCX.jpg
21219,Mobsters,/l7GfcGzH4UQzzP0Q3EfBiDbm5yu.jpg
606402,Yaksha: Ruthless Operations,/whZ8OkI7W8cBOmtoiFyb72Ekt3U.jpg
45556,Arctic Blast,/54JrDQq3ISxwTAHz0yfbFNhBC7f.jpg
825808,See for Me,/qk1ZERG6yhwAJqTobmDgw8jRL2C.jpg
29244,3 Godfathers,/dsVrYIpK2Rcgsr5QrfjBQWee5JE.jpg
11574,Support Your Local Sheriff!,/7s8uz1dGA8JtPRSDg04zSYMUbnn.jpg
483737,Totem,/2eMZjYxEGXS6xj4hRtxBmaPPi3z.jpg
192133,Jimi: All Is by My Side,/j1bmOXGXQ1pcqvHkVjsk0sXaF5e.jpg
173672,Hunger,/c90ogtGY5k90D38ynTUBu3KWWMp.jpg
505159,Chris Rock: Tamborine,/AdL5Vu9GcBlyC9T9bowojEOFs8X.jpg
42675,Genitori & figli:) - Agitare bene prima dell'uso,/pim7FiLRoeXIc8K5kBFkBY7Jxpy.jpg
52971,Rabbit of Seville,/27VEl23uM1aDxR9if2Ncs8IbSmK.jpg
24528,Killer Bean Forever,/6qzFNzWtgc7nH4j4I6odnoJP66H.jpg
30062,Eaten Alive,/9pQk8hRRCNfvFEjlOuyUWFsXryS.jpg
416148,Rocco,/wGVnyKJm37uXqL1wAeLfnGuYw0m.jpg
660335,Hunted,/ytCQyuhipANedA1to4EKAOv10xv.jpg
37058,I'm Here,/1jq9zUwPIFGid3BMrLLcm3YY2nY.jpg
98582,Unit 7,/j6YLnLaX1jPCw62ICVI5GdkXDkB.jpg
673175,Have a Good Trip: Adventures in Psychedelics,/hUEdgqgl7OSL3hoCOes7lTQGzTM.jpg
16232,Mr. 3000,/g7CNkytZsZzQ8ZEr8F4SmrhjI5y.jpg
33719,Rudolph the Red-Nosed Reindeer: The Movie,/pNwHtfMVcqmWat1MfMJ9XSVBBXR.jpg
10703,Seven Swords,/bwglWNF55hpX14RawAjUyZGizkh.jpg
305455,Santa Claus,/mEVDs1OWSMEDtQuWFpVV5X1FBEd.jpg
55890,Bereavement,/5Zd0NzvT3x8EhuE5lYMJz5ShcH1.jpg
432139,Vikram Vedha,/ob9YxdzRu5lfKgz0PNrlL45dorf.jpg
51256,Donkey's Christmas Shrektacular,/iklnDuDaJwd61e8VUk4BquEGJwo.jpg
291084,Red Riding: The Year of Our Lord 1980,/8DeTSHV2gkT3HYTWb3o2Z8wKbIe.jpg
537655,The Bears' Famous Invasion of Sicily,/tmSLN2bNCQ8fEex3rEw7GobJP3Z.jpg
15267,The Beast of War,/ag0oez7oBuk8xCQ5pvb4pSj544Z.jpg
21115,Fighter in the Wind,/tp4YiskOE7aciwfPomXuruGfxnY.jpg
4973,Under the Sand,/phJFN5d5qtphQoz3QzP7Z7GLAMM.jpg
134126,A Company Man,/1b5kBTEDHIMJAKEXDc8sC1ZXrox.jpg
378373,Brothers of the Wind,/n7ghzx9azfBho8WNB02jqOlAm5P.jpg
14430,Herod's Law,/ObPUGfmoT6W2j2AeqQm0Mw0eC0.jpg
24808,Something Wicked This Way Comes,/94dMO6kAawyFUk0sCDGIjAnchED.jpg
569543,Mia Martini - I Am Mia,/uAZMY2je5PSoLrjvMLBZanKGXca.jpg
38291,Educating Rita,/cj54XxBx7NGLqBCjSacjnBKtPHt.jpg
468292,Ugly Nasty People,/3iRFGaYnVzxe32bb5XWJjHxUflX.jpg
18118,Mackenna's Gold,/uChjCbOKpoREb3yZrG1p8L3GyC7.jpg
60089,Best Player,/hIVXQM0X4rawgKa6VFPb84NBqKX.jpg
74336,The Quiet Family,/6jrNaqgY0PQF88JX9oWMJi0EJRt.jpg
3062,42nd Street,/bcXT1q4JKqAlCjUadLx0pNGoyJR.jpg
11623,The Medusa Touch,/sk523UMvmmiFMsGKxerGiwSQWdZ.jpg
402446,Edge of Winter,/1WE00bHU3Y4mrzyEqZsUIWtYyCf.jpg
5996,We're No Angels,/UsrZkcoj95K8ZVf7FMnTiZ5P4C.jpg
1377,Houseboat,/nfaOBiZktPHOV0f3DTqTftgTo3B.jpg
943822,Prizefighter: The Life of Jem Belcher,/x3PIk93PTbxT88ohfeb26L1VpZw.jpg
1942,Bunny Lake Is Missing,/zsZ2PAMMyBhkn5OSC8Qnror2KCA.jpg
607430,Nine Days,/kl8J3WvzJq6QGX7qNmP0ps4ZTSO.jpg
313,Snow Cake,/dALMWNphv6n8dFqCv34a3fq6LKI.jpg
16081,Doctor Dolittle,/rViuZo27U8wcZHGuRliv9LfmhjV.jpg
14369,Out Cold,/2aBepBnMXRs3hmde9Je3rn5bseJ.jpg
133063,The Haunted Castle,/o61cxCGlLdPxzv7BPYitmbDfaeA.jpg
467867,Paterno,/Ad4y2Cc2FcY1wOk3DH7HVWlrgEM.jpg
535358,Ellen DeGeneres: Relatable,/2mWdVy4X113rcs5SHu1373YSO22.jpg
13671,The Music Man,/4yo6qaqVF1IThXMapo4yW9BRWjV.jpg
20096,The Butcher's Wife,/oKwvnb2bypMyXD2UraWdXxUoqLY.jpg
13489,Lost Boys: The Tribe,/9JNiL8IIvDTs1M4eFw8IUKmItKk.jpg
209901,Nothing Left to Fear,/65aDPoEpgFvnAK1bgZysjxgSgyG.jpg
452551,The Adventurers,/iVKVucELauvZGsNUd37LgSusQWb.jpg
776909,Sounds Like Love,/tYUdh9HsTHLd2GJUtAyKg3InlXs.jpg
324465,Till Luck Do Us: Part 3,/oStp9ynfr1dFKBrOSf7U8QYocgR.jpg
957258,What is a Woman?,/iiP8Sq7yWoYsKx9EVfyRPno8Un9.jpg
404584,From a House on Willow Street,/d3aHtMxYUmGAyYrTNk52BqXeOQl.jpg
26386,Ernest Saves Christmas,/4XYMlJg9sqM1e80pNb9lCK3oJ4v.jpg
214087,The Finishers,/ceImwYVJiVoQ2XevNaYHlavzX0v.jpg
574370,I Can Quit Whenever I Want,/k5LP414yqZSaRAZf9uVh1ufO2mN.jpg
26866,Cartouche,/5j6hcUIXzG8ltLk2yQeFdhJx6jA.jpg
817451,Endangered Species,/ccsSqbpEqr2KK9eMvoeF8ERFCd5.jpg
79379,Book of Dragons,/jDInObzAHYGsde02gTxL8B56HGT.jpg
670439,Six Minutes to Midnight,/hOdW30Yk3aAmiWGjbfeNJ316QQY.jpg
25680,The Friends of Eddie Coyle,/tyV8Bgf2huCIbGUxTdGgnzdIRKZ.jpg
8332,Antibodies,/wIQP8C3yz8E4J1La9ehIy4Yta6e.jpg
29723,The Concorde... Airport '79,/bsKUgMi01dme7IDdEWRJSMBNj6R.jpg
19267,The Big Brawl,/jFl2hmGWFX9mw0NvOOn08Zr8bn5.jpg
16263,Girls Just Want to Have Fun,/yhbuTnTA6wu5hOXL5uc3rRFLnCl.jpg
63686,Thor: Tales of Asgard,/nM2rBqEMrAFiNFHXKWOhUgdKK45.jpg
11244,The Meteor Man,/yU4iGGvG51mHj8MOQICdw6ABXzQ.jpg
430043,Bad Day for the Cut,/53Jh8cMCfDOI87XnPBCIiTCwN6U.jpg
3115,"Ebirah, Horror of the Deep",/cASEI87nfAODzuZlGazeYynkWhe.jpg
11928,Tetro,/t2FKTAf9aQoRgU0Z5KTJJwBfDCF.jpg
321507,L'Emprise,/u2NRqCvJnesF6bJMqZZ3Wsz7XfO.jpg
25756,Clownhouse,/l8D1gJCR4zxtgY52TLpzZbMbLBc.jpg
25047,Le Deuxième Souffle,/fyNR3Vo4cdUBqDDqAbQQ3GR4HrF.jpg
345317,Final Portrait,/qkzgkapX0cUEdWSJXnqvAZolRzU.jpg
26178,Razorback,/oTOJxKgURfnOvgsJola43ycfNs0.jpg
931954,Venus,/qKPCbZKjrCqR7PSBhgp48Omvhgq.jpg
25539,Winners & Sinners,/ngFYme3fGnwkssHkPXZr3peI6iW.jpg
20128,Life Is a Miracle,/wyPG79yFyq0zj4qWXD2CkCj0nTJ.jpg
227738,Mortadelo and Filemon: Mission Implausible,/sPe5NAeegRoRTkngYfZgANppNN.jpg
344854,The Pack,/qe8Xue6kXAj4Cf42Phz7R165LAz.jpg
64694,"It's Not You, It's Me",/bE1ifeGhr7gkJP9z8lAFGkEhlv6.jpg
26522,A Soldier's Story,/vSLrddsvH8bJzryOS5BD9qtTtFa.jpg
592656,Brothers by Blood,/2RKGUCbo2R6IDsufxApL6nRFL4j.jpg
38171,Anastasia,/26wHOXNt4XNn2lYT8i8pWx1JOP0.jpg
338517,The Dawns Here Are Quiet,/hPeYCHutYtsHibDiSDAfJ4SYedk.jpg
586742,Dreambuilders,/xmCGAiPrtW2EbumW3UGoRUiSP4V.jpg
661935,Love Affair(s),/2LenuIIbbOFzl0fTs0PjP8i3xvF.jpg
137333,Uncanny,/w9bUDD6uT3Fhs8L34nfMj18uqcR.jpg
24229,The Killers,/7IeXjRmUZ2pnSFMRh0ZXpu3Nkmn.jpg
277546,The Runner,/2fPnVkWueayfbqk2g66fSTLoyWu.jpg
34482,The Clique,/f8h9WF7l5vLWI6OU5nmIRKx6QJ0.jpg
74471,The Dead,/1fyV05g2xPmnWO1iSilmqLz4XWq.jpg
157115,Jug Face,/tBNRzn69tdvQPiKNNu5RA3WcMx9.jpg
191294,We Are the Best!,/8KzhURCHxpVtpMk4oMerB4vn48b.jpg
362703,Diablo,/zyly80Hpb9dK2g7eOMp0jNXxzii.jpg
11297,Save the Green Planet!,/kou9TDjveVwBhWnxCRUT88RUVCs.jpg
31174,Richard III,/cJYgc7UYfQE4EaKzR6Qwy3PF478.jpg
14117,Calamity Jane,/bYeTi8t6Gtbck861Pm9XtE3BdpS.jpg
1284,Torrente 2: Mission in Marbella,/yJyBsGqQow7vGTD8FbntQOzwJP4.jpg
532444,On Your Wedding Day,/svBWm58bMpGKueNmfeCF3OZk7rs.jpg
787723,13 Minutes,/47RDMc8FeN1GxGMEmsVCCjXqzdE.jpg
60809,Single By Contract,/9BjXJgBazQQSPInWBS6mLQYC2df.jpg
17984,The Absent-Minded Professor,/gCnuDDqoyaBdeeItQ4BjKtYpzF6.jpg
42411,The Girl by the Lake,/uUBjWE92xXj0JWxnYvsPB7CFyyM.jpg
13402,Re-cycle,/8zZQ0UBeA3UbdhgqCURHK0VymIY.jpg
520318,Fatima,/lfA46pZbk4kxIaQvHyBPq0KH84Q.jpg
427214,The Happy Prince,/j9D8C3RpqEjm1bZpbl7QKhkBsFl.jpg
204435,Krrish 3,/tpCrYKO0S6jIc4qf2rif4J4U4lh.jpg
39462,All Monsters Attack,/hYr8zGU8cb2883QbkEhxl6gozYn.jpg
10856,Intacto,/7mU6bhGaDLtpO4Tuf7qii0HnQF6.jpg
623926,The Wedding Unplanner,/bkz7ZoqJMFziqF8yQzkmfMRUEG.jpg
565312,Knock Down the House,/uAfixuZIFVbWIsWytzROJDY85D7.jpg
13848,Stuck,/iIN8SWSns5tUSnuHVjI3jEzDg08.jpg
10943,The Gathering,/vkzhBNcjpE5BhxaxzrY4U5nLMQ3.jpg
575190,Fyre Fraud,/jeeHE4gDErwulQ9UJjHeLAzV1TG.jpg
21776,Cash Truck,/huGODrOTIElqmV3WuOHwo2IFZVv.jpg
510469,The Troubleshooter,/gQkChd1FJewppBHKAUBV4GpkZGS.jpg
432627,In and Out,/aXfXkbwOGuG0Z6NxBX79ghAtVDk.jpg
415749,Barbie: Star Light Adventure,/9Yq33EXs9YpgrwGXJlJL73OTpt1.jpg
53423,Shoulder Arms,/pKJD6kpEBrJROFxEAUMGxn59hnS.jpg
21143,The Day of the Triffids,/x6LYwbOzBl606vMXZtd6apxhcaY.jpg
165739,Pawn,/x1xjvT12cF6CABsa8ji5Lj7GNyh.jpg
668408,The King of Laughter,/fdQYDpjWdg5YvnJ4i8LC0BHkKsf.jpg
21398,Grace,/aygXzr6TaeC9jaPC6FfbKxNwZsN.jpg
77710,My Uncle Killed a Guy,/kJS0v5sjb7LaVMBCSzjll5lB7d7.jpg
38407,Shanghai,/ydrpcCRfLww4AE1qAlu9x878nQX.jpg
37108,A Kid in King Arthur's Court,/nzkCh60LNLTaAl8YCCVFM5OASUS.jpg
618851,Pretty Guardian Sailor Moon Eternal The Movie Part 1,/dJaGPwYJh3c6EXNX8JlHBYQH0Ij.jpg
5070,How Much Do You Love Me?,/jD18aRBrHtr9YnwJoLdqPntxDGr.jpg
633802,Dark Spell,/2AbGdSGlU6CpiV3lswHUgE5CdAA.jpg
42807,The Newton Boys,/dyDO45OuOOKtOttUcAb6D3MgU5.jpg
43020,The Colossus of Rhodes,/2DlzluRh0OAstkMbP3MXwzKDaDY.jpg
329829,The Girl King,/vJ1UYKX3NTy48YHqMkqLJwu5jt.jpg
14843,Ten Inch Hero,/179hbOwgOWVrV65AFNGTvwGfiNw.jpg
42501,Murmur of the Heart,/60aZrZWZqhjSSHxiUVYSUQEm6SD.jpg
14911,Bat★21,/yIeFT2RqJdXMRIhGLs05xtzBkt9.jpg
25597,Hansel & Gretel,/lgubqcerdcykeU9fNO8I1p2Nh6S.jpg
431093,Everybody Loves Somebody,/bZKpuVXmYu6gaprjfkOdvlvY5Z9.jpg
36324,Pouic-Pouic,/7715vX6RRrR6ArYFAYMYrkmAeY5.jpg
470897,Strange but True,/uImgUgcjzczbDixvoDQ0Tqrg2lj.jpg
16969,City Heat,/167MOszimyqPEbEXVVhh3WvrslG.jpg
1072567,Infiesto,/dmO2U0ckWkE6T5hyYY3rUtSH9X4.jpg
13196,Then She Found Me,/jNOK8vyX1mzSV6ewBTE1UR6NlOA.jpg
12239,The Osterman Weekend,/2CFyQ1A2yOaQhg7nIPI7mSQCXgu.jpg
36179,The One Man Band,/b6IYXmSNkWPSrDG8wyUisEP0c8n.jpg
787310,Survive the Game,/xF1uc2pEf34X2G41wvZaF5H0V7C.jpg
25199,Teen Witch,/51A71crqobviJRX2Ktl7JVROwdv.jpg
571625,The Closet,/W2tus8EwEagKCCCPqqocHEM9F2.jpg
33251,The Way Home,/z2NTGih179RkIN7EQntiFy5RZiF.jpg
150213,Pokémon the Movie: Kyurem vs. the Sword of Justice,/ii6iOh6nTcndEuabU1oUsSFnr2l.jpg
16455,The Magic Roundabout,/qUUxGu8Oxtzk2VasR99Jqy74ogK.jpg
583833,A Dog Named Palma,/3S3Mz9OD5SUwKy7kaqXcWAKUGXY.jpg
17810,Lone Wolf and Cub: Baby Cart at the River Styx,/9gFglwdXNoLrAsRAfv3yx7uGQvS.jpg
21500,Class,/iDFeOVxNOSmAcsdmvtt4kZWB8GA.jpg
3426,Cesar and Rosalie,/udSm8g1wpCrYERuuk3S0BOTASpP.jpg
715869,Tutti per 1 - 1 per tutti,/8PBmNXkiSskH6VzJ4FcmMH06QxK.jpg
31598,Q & A,/dBJGJjEWYxQCWUheSVVil5b0S7H.jpg
11048,The Knock Out Cop,/5N7SRi7eFhvgVbIiOgLBT0pQjhC.jpg
399894,Daylight's End,/sNDodM6si97uhiPhf5dTM6n6aDj.jpg
302960,Scooby-Doo! Moon Monster Madness,/gwyT0ljh8mVViwO6N5p4ACcIsW5.jpg
403357,1898: Our Last Men in the Philippines,/q2CbFRigH5qz8v68Q5GbadSMcOz.jpg
106845,Re-Kill,/wpofLYUv0aJmDNxyUZux0wTFXJH.jpg
10954,Farinelli,/i5h0ZjYobco5HRPaAU6QTlrMYw0.jpg
381351,A Mighty Team,/xHQwXpgesjewYDz8bFFyB6gXB68.jpg
14931,Miami Blues,/eOqOf2qG0sjsfhFdYp6SbZuorSF.jpg
437029,The Laws of Thermodynamics,/mtGxNRKQoQauWJkkRlnhvkEwyB9.jpg
50475,No Mercy,/xDZV58yiQMh1fiuW3QBVBpI02cU.jpg
944864,The Takeover,/g7rdcofib7HqdlDP1LT7Hmf1f2o.jpg
25771,Pink Floyd: Live at Pompeii,/rD3xaO8GFnz3672QiugXlKPckdv.jpg
480330,Nine and a Half Moons,/q3wevr1M7atTIlsZxesTCrTZiPg.jpg
27646,Night of the Demons,/3OlNfFL0tNUh2SbXI6Qn6Mhbc2M.jpg
732713,Evil Eye,/lhExfe0yTZL2DRVkou9hnNlOcc9.jpg
752939,Shawn Mendes: In Wonder,/aSs7V3ryvxCSpcXcxf9NY8YBtGC.jpg
586586,Bliss,/ibGjSsaHDOq5YGEo2DhxW8Ycq92.jpg
572751,Seized,/5YtWsBAv3HvdeTXidyvAsiP4sVu.jpg
283686,Out of the Dark,/Lql2rnNRmKJrjq4FhEUh7IwkNd.jpg
18857,Crime Story,/1LzBLlptRC7ogT8OPi8cb0NrDQb.jpg
42189,Kevin Hart: Seriously Funny,/xzmEzbqIS52IhfN7InU2KsljY04.jpg
398174,Film Stars Don't Die in Liverpool,/87oy4bxwkhmb4Jb3MRvosvd9NOX.jpg
10383,Lost Souls,/qmplwqJqjbWLFf1n1VQSemmR7EB.jpg
36210,Not One Less,/y77YNEQeYld4JG2nF70grpTNk1y.jpg
14267,Female Trouble,/cqhIufhoORDMuFKEinV1IIYUBxD.jpg
46918,Floating Weeds,/nLepKtb48XSnPQNsuS4svbtNBY7.jpg
11504,Suburban Commando,/hXAIGWdfxCQ1d5XFGcwudNdgagN.jpg
39961,The Land Before Time XIII: The Wisdom of Friends,/lduaj2gDNLiyetrB8Q3vn9Rhlx3.jpg
85993,Baciato dalla fortuna,/3W3HIy2CpohdEVYrEcBB28bhLzf.jpg
23606,A Scene at the Sea,/uSwYQjd48iXVU8KHSSV9V6QYvBd.jpg
228358,The Pact II,/fqXXhzXRr0DYsZXbunJ9W6B7nqg.jpg
8220,Dark Habits,/AB9cm20W0lGebbI39swUmdYZAV.jpg
16154,Let's Scare Jessica to Death,/vR8H0KSUYptRjheMjysyidpbPSP.jpg
27281,Operation Dumbo Drop,/nfHqQ48aJyxDALQZxTXuN7d2QuX.jpg
251981,The World of Kanako,/y7JSRcBg1Wm3ZoMI3xsRm6L6N0m.jpg
727246,Holiday on Mars,/xToifX6n4U5WZoiiBMaPiibyjXr.jpg
238589,Enemies Closer,/5njeDzYgcFV8wyVnytKPc3U62Cc.jpg
28676,Amazonia: The Catherine Miles Story,/bvRjoKZkHgZxP7I9QY45Gw8M5hE.jpg
479259,Lost Girls & Love Hotels,/vQgXwuJrlpzGDI8169tRQRy71Nv.jpg
39929,Hello Mary Lou: Prom Night II,/9mBMhOieTGqnsDpAW3AKQ3M7eDe.jpg
52454,Mega Shark vs. Crocosaurus,/Y2nVRQWMjmtdqZ6zzo3CuvVDFa.jpg
106112,Flowers and Trees,/7qV8IuQll3DxZWYtCpj8HtwwGiL.jpg
49207,R,/jxMgFBcEkBPhoikocUBqXS3i6TP.jpg
15705,Incendiary,/jJWBiaN0nCRdbKpFKEkUIZe3Q6b.jpg
14236,Super High Me,/80Y1Te0aZwBoImgFo7D2PgUzQna.jpg
497106,All About Me,/yzSl2hYaymhBAEuoE57vs8VSBYP.jpg
390635,Fate/stay night: Heaven's Feel III. Spring Song,/hIK5kEdFwOHnHTa06ntTVSfG9im.jpg
48617,Father and Daughter,/ubbjdHHMklvSJ1OtKruiA2otF4t.jpg
528091,The Furies,/az3rk3vp1DmhM3KmpPNfDWW6mhN.jpg
432383,Luis and the Aliens,/5oq7s5ru4hjp83mi4fWSJ0L7yUA.jpg
22874,Indiscreet,/o3ciMvsFg8vrNaUx5DCoWEUdugl.jpg
858717,Harry and Meghan: Escaping the Palace,/plfWQnlLaiPoayrj2a0EJOhPw97.jpg
18995,D.O.A.,/m7wZXWOt9XQKJT8r9pbAFo7jB46.jpg
428099,Tomorrow I Will Date With Yesterday's You,/wtRJKkspD4pv3fd2lO2cT93dpzq.jpg
351043,Amnesiac,/dazYq2JoKpKjtVySA9vmLCv16J.jpg
40842,Norma Rae,/iBX0F0SbPoj4fA1Sk9FXRTaYDjz.jpg
400387,Riphagen the Untouchable,/u8OWkOvW6p31QsmQ4j32ZphPL24.jpg
23397,Straight Time,/jFQ5RFiv5xTasWkQzZ7SWWudTCe.jpg
56366,A Drama of Jealousy (and Other Things),/A8bdxnXRtNFKtQqiLEeEKoTLM0Z.jpg
292177,My Little Pony: Equestria Girls - Rainbow Rocks,/xcSrR4HXHsFXqjAg8nY7y6JMAG4.jpg
294993,Rise of the Legend,/qrxzeV3Z4XmzkgZOdNTtWiYtp0S.jpg
60011,The Bang Bang Club,/xyBDhcgxyffS7uomHDLIuvNwvd9.jpg
21631,The Fallen Idol,/sCcjmsYVgh0urTbLqQgEeskkmPt.jpg
253406,"10,000 Saints",/hYIntlx1Dm44aJFAWVqE8ArQcDm.jpg
284019,Phineas and Ferb: Mission Marvel,/da2AREjdecPInHzWeZ550X1aYDU.jpg
394723,The Red Thread,/bQfSIreXxSilnDJFOKhZzdN58ZK.jpg
43802,The Little Foxes,/mB3qcYHdZp9iuWECcV1HiXwn5Np.jpg
461054,LEGO® Scooby-Doo! Blowout Beach Bash,/oryn9TbZE1vmlFkcFLYfZkx8CyB.jpg
448449,Whitney: Can I Be Me,/1gDcXT1bNvSpFYeEXwqdCuKC5P1.jpg
411221,Ozzy,/gJUpiTydLOZ3Gd8ja4x5Mzp7q5s.jpg
38732,Bend of the River,/pffOvEVDt6XRWDwBkmQ6zWITakJ.jpg
13440,The Truth About Charlie,/gW8Yw3J6FLHfRqTYNdgucf5c1ed.jpg
29339,Nicholas Nickleby,/41AJ3hIEIuJ8ltlzZ0ZfHoSvYbe.jpg
21635,"Sorry, Wrong Number",/A39p8fEvucMFQXFmjp5Z8WepdsQ.jpg
85545,Elles,/kmiInEBf347n4SeyshNJjDBRuFJ.jpg
53211,One Froggy Evening,/k56XBWKTBQJ5qx3Pod6tQPI9arE.jpg
35640,Spanish Movie,/uUW7KgUKBi83kU0tlBJLYwdY4ZR.jpg
73245,Bleach the Movie: Hell Verse,/pd7V5iCB19VBPJkihxFXFwSRW2M.jpg
51108,Decalogue II,/hOnasJMVSArFvAtn06R7O4kxFFL.jpg
44450,Angelique,/lBPpq9f5FNa1fgbcguVh9cOzfg0.jpg
14171,Home of the Brave,/eQokFEJYba9PUhJ99W0TsxzOynp.jpg
253154,Imperial Dreams,/f4u7P5Eyg1QSoYIBYUrmj42qGn7.jpg
207270,The Hoarder,/1LqnvW8nzkozG3JofmK1HKAucMO.jpg
94352,Cirque du Soleil: Worlds Away,/jAt4ugebhXKmAnirHAWe5P6gnMi.jpg
464882,Batman vs. Two-Face,/yTbj8Kcp4WFwMRdEejnn55KIsfH.jpg
11378,Trafic,/i68ups46J9bIb1Xnq0f6nxNXBYZ.jpg
24190,Time of the Wolf,/10tjiBzMlvGYPpNpjHUOzMKNC6P.jpg
554022,Torpedo: U-235,/wHuhFcsii1GkKPHVC1wpdvJ9Djs.jpg
3061,The Crowd,/wE7U91kOtLGHPQ8xsRVfYA6HJWp.jpg
39995,Long Weekend,/roZ7DGi30lA1O4zhtPwBh6q8JV6.jpg
351242,The Intervention,/yPgppin50E0pxKgL1lmKlFbhTF1.jpg
286256,Tim Maia,/kVE2wZU3Xd4yQDKSOwIrLhGGoB3.jpg
16304,Creepshow 3,/qvJSdbruD4e5cUxruoUFUkJrsqt.jpg
30295,Father Goose,/Tp4vSQef0qsI78M90SsZZLJzPE.jpg
122019,Macario,/xX9JGtsnXQAR7e1fWkr7zBuQUHN.jpg
398926,Mon Poussin,/hbTV5x1u17ZtfzZ6zeY06U8Z02.jpg
19348,Girlfight,/oLi7gsiT29KH5OoDC3oNMROHxFI.jpg
29074,Tales of Terror,/rYu4zsDVtLQW9ky564hQHD86nm0.jpg
25466,Mutant Action,/ePCTFc2ggnaUd7ucEbmkZc7eQIU.jpg
209415,Living Is Easy with Eyes Closed,/iT8hZ8bXFMtqUpOTdoK6dUww28M.jpg
133792,The Joker Is Wild,/4AqFWME7ycwPKVLKChrZqHgzV33.jpg
504321,Paris Is Us,/7Yr5JOC5slZWf1uCA7Va6V7drEH.jpg
358895,Being Charlie,/iYr2MGPOCNiTF5IzrO6ZmoMKbSH.jpg
804251,Alcarràs,/sbFVJZAvd7a7n2aHEUtOyrQtAKo.jpg
44321,Our Lady of the Assassins,/q5jT6BBCIWIysr712UIZY7BOGje.jpg
56811,Cropsey,/mcmJj11lX8v518rvzYb22LlCjAz.jpg
21451,Ministry of Fear,/w4e8jC9nupHedW75m4AvCStPMGz.jpg
161337,Underworld: Endless War,/4yNXdOfieIw4ZNdvOuHr1iuLGV.jpg
36576,Curse of the Pink Panther,/vd4bjWY1wJrjjl0c0ar2wccGT96.jpg
799844,Je te veux moi non plus,/8eevR507AolRD8w45TnJKaRmyDm.jpg
353576,The Con Is On,/d4ZzzFOokK356jf6L6vUp3RKNvM.jpg
864390,Mickey and Minnie Wish Upon a Christmas,/viZ3SvvQi7CRHJxnSKAG2lHU4AK.jpg
452558,Paradox,/ge1URsKVUyeONg0nJQyPczxkNNM.jpg
42395,Generazione 1000 euro,/6a5YGMN2jUXa73iqgmuKvmZxBnM.jpg
16005,The Lucky Ones,/zZv0mXxd7kfyKuCLMyS0DFCk0JC.jpg
79934,The Clown,/v2SKEIl8PxRHZGHhrLCIxRKb0UN.jpg
291092,Red Riding: The Year of Our Lord 1983,/zyaV5xR5Ugsvf4An1JFVEmlkSB.jpg
30273,Gad Elmaleh - Papa est en haut,/1kt1OSw0OHNa31xvkYHXdMf3GzU.jpg
60046,The Traffic Policeman,/o4zNFZ698gjr4D1ZaxNp0t7kPuM.jpg
34280,Money Money Money,/f04ZjhayRhsCHzHNrc7wvglUWFW.jpg
996518,Royalteen,/oK6I9Wa5RIqxpNbJ4NWemsotcYJ.jpg
10385,Hanging Up,/lnnFFGhIXi6ZDU3r29eKHKTHdq0.jpg
364615,Toro,/4VTgL6uCdR90w1qKInmidWSd3OB.jpg
10036,7 Dwarves: The Forest Is Not Enough,/x9fLyw1ihuyLodGnHvfFoKWq2su.jpg
19167,Second in Command,/3MlHO10nWkQkzO7B5BE9OCKjC7Z.jpg
2984,A Countess from Hong Kong,/8pgXTi0pTbJ2PXLn3c7SPWlWbse.jpg
42602,The Passion of Anna,/cr01316AyxUZyZrdLwzz3AXrgJc.jpg
581791,The Blonde One,/7qPgZx8J0hhkrZESHNGP2zCHtf1.jpg
355066,Bad Cat,/ndm7aOmR9Z5GNOCYDC0hsyozBxl.jpg
11107,Eddie,/1pb3lvOd5dQrByeJwyCHCKrFeva.jpg
11600,Redacted,/vtQHJynrYM4TF0ti96YsyIhox2H.jpg
191820,The Devil's Violinist,/ja0TH6VlH2s72OEZeHJtAN82Dy7.jpg
296626,Finders Keepers,/5817pI8hFBXqChubTM3XlHmVzpf.jpg
79723,New Kids Nitro,/2NyrICtZIlDvJjzcau2tUkqdhGw.jpg
14527,Foolproof,/gudhSz8sDzRXxHY5XchllQKxw77.jpg
31473,An American Tail: The Treasure of Manhattan Island,/3tHRV61S9NWgme1pOHeXeDRBYvh.jpg
14761,Cocaine Cowboys,/gxGis0HgcLJv2MS3l01a0wuhCAI.jpg
591634,False Positive,/3HSov8EW2fI3oQbUJxOvnf684ej.jpg
364324,Chronicles of the Ghostly Tribe,/paMpCe1sapr0dWMZtu3Pgl6UlVu.jpg
52213,La fidanzata di papà,/24N06F9a7ad00yLIyso7W9L5LU2.jpg
46878,The Swarm,/uAuPFiFBmqcyTcJOBMLH6z70f1y.jpg
84575,Tooth Fairy 2,/oIkcTCUdvc5fDyG2IxdCd26hRQ7.jpg
40627,Kitchen with Apartment,/b5czH5faR0vKKKXBnddiZvtxtu5.jpg
257314,A Woman as a Friend,/aRgcU5YrChGjvk5SrFvO2rKqeBa.jpg
17834,A Simple Wish,/cfyJ7yIvNTlz2ooH8iU6r0pxAMj.jpg
450932,Armed Response,/ozhEmqMpJMPg6Rz9lJ0AFhZaGMI.jpg
409447,Hairspray Live!,/n4rMqJlPxQTVmDvb49UEtSJrGX9.jpg
917007,Bed Rest,/tiZF8b9T9fMcwvsEEkJ5ik1wCnV.jpg
2088,Romeo Is Bleeding,/mgCwAZBG0PCkZflC6nzsxwvG2vu.jpg
26031,The Naked Kiss,/vCiyhwDwJGLX9Y1kzdNkgIWEM3l.jpg
1590,Copying Beethoven,/xbvZuKMqJgXW1UmQi7AfrXexepC.jpg
28774,Communion,/5WsMyE6wwY2QbM3fpAePOX3e7pZ.jpg
537406,Love Jacked,/quGrtVer6MPfAY6gEDm0JA1ugZ5.jpg
85836,Hara-Kiri: Death of a Samurai,/rqIqSoxbsVTfcr6CgTtSpzJBkYt.jpg
21525,Tupac: Resurrection,/dGJxjq8npqFZtuAtGsyjntip7uh.jpg
185267,The Human Race,/haDvHa8aFcFOSWJYlSpfqq0zeLS.jpg
17985,Bleeder,/sWrGl4s8L1nOYQg49bHhZ2g19ji.jpg
58083,The Haunted House,/8AHukXzdfjmFQh3H47YLoYq0Ivn.jpg
242454,The Suspect,/a2lMK5eoKN4ndHQpgDrS99EqzJY.jpg
375872,Heroes Wanted,/ed7z2H3hSppnYgWpCLIgrqoF1SR.jpg
314389,Baby,/mcCAHyv4kuVJ7oYrgMpYvVPdLyf.jpg
14799,For Your Consideration,/fvXClgY4ZJ7dBxalFuxPgb4nJ9s.jpg
321974,Janis: Little Girl Blue,/qosDLnAcHRAUjgmZIU0c1ktEhx2.jpg
207936,Tumbledown,/6Dg1MqdqAaoia58KaXSNETn3Qya.jpg
418399,7 Minutes,/lx15SY4vHWWMPKm4fTlBAQQKSZW.jpg
25560,The Taming of the Shrew,/2LpU3kyg1PowiQoEHf7oUXOUmVa.jpg
334531,My All American,/yFVCCtA5f07vyc9IYscmSJpvoPB.jpg
784,Kolya,/fB0cGiEOngfsfyDHXIpFOmEwFgi.jpg
212231,Kid Cannabis,/AdsdkpbBJtORmSe56LIuQ6DEJJq.jpg
61765,Up to His Ears,/p7pV7s5ayRNic5TQGRYc9onF6xK.jpg
572400,Don't Tell a Soul,/2lla8pP0wNlDAFgV83nZpYMWkeT.jpg
199578,Patrick,/7qBKs8ziqHEYydJJnRyTo6IGpFC.jpg
310119,Last Days in the Desert,/7vbP28axycrpchnGSIydUseNkh6.jpg
511449,Family Blood,/uQ8SC6wCARc0pOTrHMCr8cFoHms.jpg
288737,See Me After Class,/n3gNvSldV59CegfMYUFdB5wNaV6.jpg
26444,Death Hunt,/j9nVLvOv2Sz3KekD7elwGZII8F9.jpg
81167,Woody Allen: A Documentary,/s7IA3Ng2mLer8lt8j1BhsVulLqQ.jpg
63404,American Pie: Revealed,/zd6vScAUAp3blRMa2ZCsFY2SUNk.jpg
18607,Comme t'y es belle!,/5FYt6wuObn6eK9CZWnMq4m2fkEJ.jpg
931102,Ride On,/ukFo9pwVJ5mzTgmFCanYsYC4roF.jpg
132,Gimme Shelter,/fFLKCqI7nfkie9V1LmBLljiNV4j.jpg
39468,Godzilla vs. Megaguirus,/8H78ZTr9SVoYYAQzMiFz8CO3TKd.jpg
15697,Jailhouse Rock,/8wb4IYiEO03shWEwbakOwzw1Ap7.jpg
11458,People I Know,/7FsbWJq43lQGCIPxe8z3zBwEIkh.jpg
661950,Alone,/lkXD1W3pC64KXfZjHhHydd7DvNy.jpg
36107,More,/802hVxtGoC4uIYMhM6eeXKeK17l.jpg
10593,The Phantom of the Opera,/8VnV9sJXbMPS1MRHAxsfl6zNP5C.jpg
438435,M.F.A.,/ntXFNanjY22rsyXS94FiSYHJFKN.jpg
437294,Thi Mai,/gG1riXv2FAkjz8hxpmT6gml8PMq.jpg
57144,Rob the Bank,/r6cGdysyGhJ1ytCb9sLHkEfCUpe.jpg
957457,Moonage Daydream,/FPir4B7H8a3w63zVYkkod93MRL.jpg
29140,The 4th Man,/iO7pYvGHcxekOqmQKsY4qeSygAi.jpg
86820,4:44 Last Day on Earth,/9rnAJ8GXmUagLYLAvwRTqyJZh6v.jpg
497727,Beyond the Edge,/kwMJqbY9jzFOf3g7UgAquMRt8kF.jpg
591120,The Pirates: The Last Royal Treasure,/d5oMUBCuDntOJBOertQ7aTSAGmP.jpg
494368,Dave Chappelle: The Bird Revelation,/3dLJ4kSwnMGlHlR6AxwWqTsKJFs.jpg
257368,Battlestar Galactica: Blood & Chrome,/fuHuvxnfcPXZauX1Pm7qwmc9k5L.jpg
506863,Hurricane,/mTpmZORhYswd9YinB23wV9QE2cx.jpg
526746,The Lost Viking,/9gFHSGKV5EZxJe6d6qsROpAiBgQ.jpg
584427,4 latas,/hxtvnvWdeibiDc6mU5ftAUPGofe.jpg
21210,Dil Se..,/rdnkOPYlHf8WaPRllTz3dsuzpp8.jpg
251852,The Scribbler,/lNIVl3C53zbImduusZsWXCo2RTC.jpg
31933,The Land Before Time XII: The Great Day of the Flyers,/tvJxoQCIwt2AO0svf1GQfS4OR47.jpg
423236,I Remember You,/eJncIaKkn0in8QxZySGZuGU68RA.jpg
13936,Oklahoma!,/ztqT5GmJVI2o8vShGWRVVqykQqA.jpg
441531,Shock Wave,/l4G4M6V9UrNRdbcsbnMmEZUyBGw.jpg
164372,The Snow Queen,/siQpJAT2IQjN218hxJXvrHePtNS.jpg
556867,Breaking News in Yuba County,/pMyCYtgfBmMisX3RFc5eH6zIV5Y.jpg
411976,Novitiate,/eZ9BbRy4YGFM1yvx6ZDO7qzILJ.jpg
16784,Welcome to Mooseport,/eQ8EJBJ37kdP0S8WaiAvSrNfhEP.jpg
435841,Steel Rain,/zCXpkcMAUxtOp55bWMpBZjpHr5g.jpg
504056,Big Brother,/z6Y6uQn2fORr7o43EggQrTsp08o.jpg
738362,The Fresh Prince of Bel-Air Reunion,/tcKsgTnrjuZLWAJwn8uBZHy5YWy.jpg
35428,What Men Talk About,/kprgQJtu9I5ZWaDHeTTufDIGgaa.jpg
15256,200 Cigarettes,/5LYyQNMsmis8oGcrLw5oyldr9bw.jpg
18437,The Darwin Awards,/6reChYRqaglz563iX2JgiK8eFS9.jpg
12715,Firewalker,/v8DC9qUY6KNF4tqYq7agbwFqR78.jpg
14688,Change of Plans,/nQ2azQZlWFKFl9mwkBqMslAYi07.jpg
248,Pocketful of Miracles,/xjXwcGJjT5tE22wazQUYH32HwU8.jpg
89501,Nameless Gangster,/3ppxP6yFoKxkA3jQkDdv3E9u1tc.jpg
510456,Chacun pour tous,/jR1JIDQe01q1ajSgjjRXvUDcs0y.jpg
47166,Ferdinand the Bull,/ey5jRwO4KS7uXQe3a3gAaVAdfJP.jpg
26789,No Mercy,/e3GLsfBLy7fdM3dJKAkzQlTIqII.jpg
85621,Men in Hope,/22rnwek6CG5FOwlR2ZJCgwojiAQ.jpg
227200,Barbie & Her Sisters in A Pony Tale,/ijs7rC9WvE2wYOxab8x1QSiQiJc.jpg
27066,The Voyeur,/831BBTawd6E6WJ3Zu0KKwmbpDp2.jpg
516788,Il tuttofare,/zsv0UzM0aprcAFZymWcwpx1vfFp.jpg
20277,The Ugly Dachshund,/AjSlSbcMnAlAOURwLsfQLUmEimJ.jpg
10467,The Road to Wellville,/zh7OVdFMpqpZ027z9RgVIwzxYjZ.jpg
896485,Overdose,/9RvM4wawLRlX608FgZr9kL8CLmy.jpg
48781,Never Talk to Strangers,/qA5kyNSSg5W2soPvqgKaAWckIuM.jpg
625128,Bill Burr: Paper Tiger,/zho1ypBSxia3bHCSeB4Znpzh7nM.jpg
10572,Michel Vaillant,/xqFaHCfTdxggQ2r2ParON6JCzOd.jpg
172520,Coldwater,/9M1zkV3YXToZx4EK6KeEgAvaKCP.jpg
494656,La leyenda del Charro Negro,/fDLJ5vIeRL68cIHlob11w2pBzH0.jpg
23939,Stay Tuned,/yd2MN9zA30eGjf89DaaNoUXbRNp.jpg
12615,Death of a Salesman,/tIRmjfaLmVHjGFaIcNGD3hggvbO.jpg
430128,Internet - The Movie,/7kyQPkPj6YDYzX4oMymtoiTzLx2.jpg
20723,That Darn Cat!,/by92HEWg2d4WrkgbUIPEA0ufsHI.jpg
14549,Night Train,/1HD6zcvzQqc3xQtRm1NULuIHFYo.jpg
473415,Voyeur,/c71r3H5vzelTsYmNimIpQZ0MiMI.jpg
115223,Pokémon the Movie: Black - Victini and Reshiram,/qPfo5ooRJWUczk3KXv8CnUmNkTl.jpg
355277,Born in China,/7oOHmp6SwuLmVEpdDInm14OmlzL.jpg
24183,La Promesse,/pmGx73cJ3gVCCli1JAVQOaLbdnY.jpg
13553,The Driller Killer,/xQwFCGkcZCmVRqhvpI3L70MCPGN.jpg
9439,The Nameless,/eZRtWQU6EnqBtPc9xKgQ9SM6ICg.jpg
242661,Not My Day,/6oZmgDOQAHDHQZ1e34QLuBt2P36.jpg
840098,Lord of the Ants,/uPf3jwm4hRRXFyaGYGYPZhpDJd3.jpg
175168,Rape Zombie: Lust of the Dead,/fyiGTyzQV3vcuwEAoOFRmoT2L1m.jpg
541724,Nostalgia,/t0xCqVcXlq1rPpsF6M4kzpzKypR.jpg
389165,Code 8,/z1fXSh5rIrzBCOJt72MvxmSvrAn.jpg
138122,Student of the Year,/yAhfRGZx7nOAZkrm90pqaAjakdH.jpg
550524,Monday,/o4Gc5quiCBtiW6mgkPvDWKAiFVs.jpg
26422,The Pillow Book,/gQlv9t0522IBEOctwJph92amVyG.jpg
36492,Carnal Knowledge,/c9UKNj4x5Fak5n2JR8b6YMw7ZjZ.jpg
26268,Harper,/zy56CkGHBA9WubuJ7fjntTZCvRi.jpg
449019,Sara's Notebook,/m9FODCCEse9e32sqso14Gpe1RZN.jpg
392664,Too Neapolitan,/enjQtVKJibTir3fwm0kVAl6CpnV.jpg
401060,Mercy,/kgepA8UTgDq41NJ79Y1tUltwkzX.jpg
3171,Bambi Meets Godzilla,/lJazOe53J7FPC2H2d6i64jFGNGC.jpg
387801,The Untamed,/bpTNGIJkdYL8IJvvCmKmjtDpXn1.jpg
22377,The Green Berets,/c5WG23iqf3RakGOTjZnBATbYM1f.jpg
26175,Ivanhoe,/vQAs9zc5tMOSg2wNPHAVPkx51B7.jpg
585257,Fire,/7uyxpJ0R2UINPpqZGbPk92DhJuT.jpg
464111,Zygote,/lowSe0hdmFdtEuIA6aOVfkPjk1c.jpg
382127,Manifesto,/v28hwu0wOhzPfhKfhnI7vZkRDxi.jpg
43838,Young Mr. Lincoln,/gVHbi2AZfWsZB10FJcwaFV59kIo.jpg
44026,Mr. Arkadin,/hoBfh3jmA3XDDx9tGgMwdGd37GE.jpg
22611,Little Nemo: Adventures in Slumberland,/uVyqRtRaIGrHJvfxImrHHFaQNxM.jpg
21661,Air Bud: Golden Receiver,/y3ohh9NyWx2oj2op1dfrkwJMeFE.jpg
26518,Old Joy,/4MMqpFUQ24VXhp4i85pM8Ks622K.jpg
374173,Kapoor & Sons,/oPdcOInH8TqR5udDTDPiDuLSN90.jpg
10429,Takedown,/vQk9GLOjM7gAfqHdWWzt7emGP16.jpg
46718,DC Showcase: Green Arrow,/aPsZOVNWIsxFF6hVcT33KTrwQh3.jpg
123362,Painless,/2UVw0Z1mLcTTnvMmx3EbR18mzZc.jpg
872497,Resurrection,/kfRr8Jm1gaEnLTXCIfHkSw8QW6t.jpg
21612,The Funeral,/sHbJbr6BvVwRJhliiX1PKPERejO.jpg
26513,Punishment Park,/fPGnMnp80ycqUHdgP1T3nzCyYKe.jpg
58159,The Tortoise and the Hare,/5vigKmZnR5hXTC6X2wXXsjGhYWc.jpg
373476,Complete Unknown,/csF4GR72niYGnjurpxVwrny1MPX.jpg
6478,Beyond the Sea,/wIewPJNyyTIMI5rQzcElc23jenW.jpg
42506,The Housemaid,/xQUKUufYdLjPqTnWRHuUTHsN5On.jpg
259910,Marvel Studios: Assembling a Universe,/41Ke02UzYoPsiTc3YbomPGiQKMl.jpg
36807,The Sixth Man,/kynvOlKALNek7s0apLw9ThQzniz.jpg
522927,The Forgiven,/bH7eN8VfKar0fDeAX1Vkryp7dYC.jpg
336203,Masaan,/pDg9Em9YJtIdIzvjMklmFsTBB0s.jpg
18417,The Other Sister,/4rBrYRkB7btGex5Bs0yOpqBZgsR.jpg
20342,Secret,/olDt1HeZ2Y0vTdBmmTDIOIqIt91.jpg
4918,The Fourth Protocol,/qh4JMlyWKttjTUvARdEfqpuvqP0.jpg
26173,Mr. Majestyk,/hJR239Fep2R75f8gGc9uxei0Buh.jpg
1007401,Mortal Kombat Legends: Snow Blind,/jtsq5Vc4auAguReZqCUvRGHUWuq.jpg
48250,Fascists on Mars,/b67LzCHxL7lAk3tun8XYNOQpe1e.jpg
300706,Let's Kill Ward's Wife,/iq26oOyQFMSUnTnODWYQhNKWSvJ.jpg
28503,Dementia 13,/qSfelcriV7J7oOp24QKsry7tylY.jpg
46175,Daughters of Darkness,/w6669wTC2x3WtBveKEBv04y70fh.jpg
53219,Mickey's Trailer,/rbJLSZSrxp7Kw62XWAp0kG8hxhA.jpg
50247,Early Summer,/qVJsIMOYT7pNEldMttuATep6mtB.jpg
48773,Game of Death II,/cdh9AcjheML92dQF4fHKY1CU5id.jpg
432799,Spoor,/8a3rRg9hMp1swcejSGbUSDdSFl1.jpg
45569,Red Hill,/fLELMBUdDoqJvPDE7CcYn0Ny6y8.jpg
485162,At War,/9oyRLdaaaj1Fl5XKKL2y2a6RkGh.jpg
40466,Crocodile,/g7bzqpaFHmOB6rbWPttszUvii8c.jpg
244534,Happy Christmas,/gjOQUlsprWkmyZP4hhMGr0GP3LG.jpg
11580,Don Camillo: Monsignor,/2218LuH9Rt3bOCCurlzWGlVnHvR.jpg
33016,Deadly Blessing,/mizsEXfRudZLGoqicaauNVvnWvI.jpg
2239,Hallam Foe,/3jRuWTWKxK1CgzaYEER3xoBOPXO.jpg
523561,A Fortunate Man,/394BkiPZ5h3IceM5wuZXt3t3g1C.jpg
11910,Hogfather,/wi8oSOxPsFMdQRdsyToygeHdUMI.jpg
167313,Monster High: Why Do Ghouls Fall in Love?,/ehsu0cjPtivGSHn0tuoFpRXKpuN.jpg
4498,The Executioner,/z7U7XZWeRmsxqMtVahHHYQYIxlY.jpg
52758,You Only Live Once,/v8LSkezS7MvSk88SD6JbPO6VobD.jpg
13950,All About the Benjamins,/sO7IpJHjZBGLevi8Ozj9EsAUw5h.jpg
39853,The Cat Concerto,/eHo7MBlBMzG5nyLJ1jGRXUzBljP.jpg
467106,Bareilly Ki Barfi,/gviYC7rpJ4HWbbEFs0ZW5u965Tq.jpg
67409,Duck Dodgers in the 24½th Century,/qbQFFgse1SPiUIqe8bnhAYjbhPR.jpg
17661,Going My Way,/838yNJnOk6iZj5YK1MoKiN2n1hw.jpg
255413,anohana: The Flower We Saw That Day - The Movie,/m8sCa24YbFIatKlElTMdiH18A5N.jpg
17708,Corky Romano,/aLgzSIgHTyWggrP7ieDVYE3PB8g.jpg
45745,Sintel,/2hwMOwcyyYWlHBldhonipg09kRm.jpg
239529,Lupin the Third vs. Detective Conan: The Movie,/p3FnegNtmeAKuMWXrce9JDmJw4Y.jpg
452323,Outrage Coda,/4zFrnSerWypyhypXmifo2Rh1TQx.jpg
12503,Under Fire,/yw73rD95RDqm6cMXi5Gw87KffId.jpg
49842,Jenny Lamour,/1z7v34MT4pXYwiRGHRovlzuL6xp.jpg
139649,Kirikou and the Men and Women,/7lDY3T7B4x0ZaEKcvcDOWOYIBG6.jpg
15258,The Aristocrats,/Ag25aONVwWspQAuEPwNKmwUOvce.jpg
452731,The Land of Steady Habits,/e2cdubbzgDBIVG8lELeQUq50qiZ.jpg
539136,Ricordi?,/evQ1bmZSS8cNoyK6lyIKIm4J8KC.jpg
239523,Hunter x Hunter: The Last Mission,/zbmRzkxKeDjoYh5757d7RXiX2by.jpg
453270,The Ciambra,/bIkDmCWDIWyHAQgKCZpuD5d8kKl.jpg
37917,Honkytonk Man,/aRTtUYJrg53jhK8DiHu4SC31yfp.jpg
19325,Bionicle: Mask of Light,/tWH06orrlNNLhnwepGK6xXeCMJH.jpg
20677,Detective Conan: Captured in Her Eyes,/rRaiZe7EHJewDpmby0nFx6esDUs.jpg
1022102,BTS: Permission to Dance on Stage - LA,/9pNGRpOOQpZtqMLncEcQDv86OkW.jpg
16138,R-Point,/93Zn3ews5S0KiChq9mW5TkrhWi9.jpg
17221,Where the Sidewalk Ends,/27Q0i6ZjmRnjfvegksunixnLxuG.jpg
42739,The War Zone,/9kaSTeW12yEwEapZ6PnYUPz6GDX.jpg
25166,Drowning Mona,/iuN2SXCGPIlC7pAPCOzqAdeaDji.jpg
456570,Hindi Medium,/2v0nQd3kYBV0iPNCVHiaLWGb1hg.jpg
76451,Come As You Are,/xNAKv4lzjgqvDoYl9hyg2YMNoSR.jpg
6393,Taking Care of Business,/ckTnIaUpnkRh3pR7GdhtzWFv0Xz.jpg
15026,The Guyver,/iDdcmfBmBYi7SiNgXkj5BVhRZzx.jpg
3022,Dr. Jekyll and Mr. Hyde,/2GDdW84XSX3BYMJ9tmnFkZOGJyB.jpg
27503,The Unknown,/rmLqf6AuacJ7eJb3eSPWiw0SGJs.jpg
514710,Modest Heroes,/5jURYLaG6BX0klRHsiHc3pzOlOm.jpg
440355,The Royal Exchange,/yV7IjJKHl29kwmK2rQCJTr28l2c.jpg
42443,Christmas Vacation '90,/pJKKjFIItN4QTMGxa6P8ZxUHjei.jpg
575568,An Almost Ordinary Summer,/sOMlD3Th68hm3ixh8w6ZP2AooFs.jpg
375107,Duck Duck Goose,/7XURM64DYa9DpS70I2rM4suvq1s.jpg
9465,Cookie's Fortune,/3ZCLVOfEyGowLWsgOF4vn6vjRsJ.jpg
4202,Danton,/az5XParmpea0fxAjwEgHpUrXzw0.jpg
1041513,Encanto at the Hollywood Bowl,/sa3Ku5yNVjp8NloWxJoI9dQjvOi.jpg
347642,Bite,/oHoqxVKgXUiz0gGQ23AZPPLgUXd.jpg
662708,Pokémon the Movie: Secrets of the Jungle,/vGcHyV9s1N2I7bJLSBODvqHTYLL.jpg
2979,Return of the Ghostbusters,/v39P0miPcFCVari8bBdW7M57mSR.jpg
19087,Ladybugs,/gC0DmdJu7rHaqYjyXeo8GLLJ2Oa.jpg
13526,The Weight of Water,/zkFW3Vgz6rAds4cvHBke8fryeZ4.jpg
17101,Bleach the Movie: The DiamondDust Rebellion,/1PV8OKvHSYvgmdVnU2wcuzQGthP.jpg
17457,The Twins Effect,/frwUWEGWFiIlYekPRuZFG5N250Q.jpg
283127,Yakuza Apocalypse,/4ZgZOfNImgWcIdldUHGYBVWsYW6.jpg
278646,Divorce French Style,/72NCanpzSKDjOjozixkgjRihHEr.jpg
24014,Let's Make Love,/yzBniSVhbXrGTRmyAH0k276NFzJ.jpg
20309,Say It Isn't So,/xM4MtxtkBTqCFztjEnUcE6ZRZQ.jpg
547017,Shirley,/iSwTnNS7TKAS79Sz9LvyqlBxxrU.jpg
68450,The Art of Flight,/q5k4edlPT6TeBnYzicIQSbprQIC.jpg
9011,The Prophecy 3: The Ascent,/rEqrwFt5xTsJozD2avYeprzYXVf.jpg
5921,Nevada Smith,/4QJLqSZRnhAb9pezEEIxidVINes.jpg
12708,That Touch of Mink,/eEG29x9cljGKL2GPmRK9IByyL9e.jpg
103243,Vicky Donor,/u8AO7DgcVYkVSXeU7oQdlhMFwcN.jpg
39256,Godzilla 1985,/blKtf1L6LA3mFW8aVJzxnaI8CLn.jpg
1566,The Bridge,/nDVeN4rWPlSaQ5gP4ywZ5bLyLGl.jpg
51859,Trigun: Badlands Rumble,/a42iYcJ72VnOJKBJ6P5aWx2r9zs.jpg
14547,Delta Farce,/8OkLfZGETr199O1hBV2iC95UBuB.jpg
7944,Shine a Light,/rMVrNWWaO3xAWZHFUbeamWPzVAC.jpg
548928,The Marine 6: Close Quarters,/ApPQa5MVbHkVXNKrXHpHSXd1puu.jpg
59117,Torrente 4: Lethal crisis,/6MO80EryNTC4s7LyEpu599r15ed.jpg
237,Young Adam,/rU5GJ5r4tQbSx9C2ENKbPkD6nr9.jpg
37100,Sailor Moon R: The Movie,/sOsEDVFv2dJ8sI77XzQ2SeqRObZ.jpg
587562,Two by Two: Overboard!,/ckcn7tYzqVUABxMZhqHUbaSeLKf.jpg
46094,The Air Up There,/lY1yhtg0DRaMTzclYCXo0sP1kAV.jpg
14655,Soul Men,/ewU8w8IPlAkauFutzSwYYFILiU8.jpg
994143,Skinamarink,/8qOTi8VXvnuLH0jijMBCyygtV9d.jpg
227970,Men Are from Mars... And That's Where I'm Going!,/Aa0RQfTuGNgvOzNzhIT6G0KnB0U.jpg
17165,Bleach the Movie: Fade to Black,/IfR2DrWLb26AAdQFwGkhvPTflX.jpg
8316,The Countess,/tKtyAbTv3fKYofqc9z7aA8ks47F.jpg
84185,Chasing Ice,/q4T6Wqh7ZXzf30odR2Yo2dLWdZ.jpg
371759,Doctor Who: The Husbands of River Song,/hwU9kWZEH11bQ8IIOLsrchrCQ7n.jpg
41804,All the Mornings of the World,/mTXJgweEbR3LVMQPqNLtycxsbOJ.jpg
360404,"Monster High: Boo York, Boo York",/jdYMuynxD7T6wovmE5mHzy6u91J.jpg
28974,A Woman of Paris: A Drama of Fate,/s24VgyvJliT7fUA909ZHJpoBx1D.jpg
945657,Titanic 666,/je5x50SodTvJLbb5CTdj4vDT8HO.jpg
44510,The Grandmother,/llhiY0rV6RWU1LOdy9Zljhf7cXm.jpg
32022,Case Closed: Countdown to Heaven,/eBe7AspQgmn0Lxy1O0J8BwvWJhe.jpg
265226,The Wonders,/u5Z23Rt9OKhQc61wPPwrDs4psdi.jpg
537880,Capri-Revolution,/bKApLM89LJLUIbyjkbIYaorIyeB.jpg
2042,Savior,/7qMfDjUTEvLg5640CUAddk2BNpG.jpg
19819,Blue Chips,/tO71i4Ob64tchCRBB5MoqonPKAF.jpg
16205,Jack Brooks: Monster Slayer,/xAieCaFdEiIwhHS7FKcltPDUnRc.jpg
27085,The Land That Time Forgot,/2Jtm4aP4kj4vHimFfnLqjnm8LqF.jpg
1149947,To End All War: Oppenheimer & the Atomic Bomb,/xwkYWcs8aypUtk3xDRUh0ndo4GA.jpg
214314,Bears,/dO2JdK7MonWis9Jg2im9IcVq7eJ.jpg
19025,Bhool Bhulaiyaa,/soRW3p4GlPphHiFkwbqYGrodQ5S.jpg
542713,Starfish,/ellZ2dQLPVeWgd2fjf4arcZwALc.jpg
15021,The Baby's Room,/t5BtCJyju9ltoVUV0VmwKUt5N0S.jpg
40723,Trouble Every Day,/lKcd0DESrI965qjT3L9dRmkhHWJ.jpg
425931,The Black Room,/uHZDs43AxPhitL2Xrw7mncuyS4q.jpg
44379,The Gleaners and I,/6IdCTKi4Eu7i897jpe59wIDGCri.jpg
17362,Loverboy,/qqg2U5Jk4jnQUWDXZjq489V2D0A.jpg
22820,Gentlemen Broncos,/ifiqtvAtRN3Onuq0OACAQ4PwHEj.jpg
712152,The Big Hit,/nMhPX99PvJ1WaIo8CRgEyJYHJtR.jpg
11496,They Call Me Renegade,/zgwKoRfTaOgA3uWAEGhN3gsO7c0.jpg
566872,The Burnt Orange Heresy,/rPO6yDif5TKSoO3lb3kFp44OR6Q.jpg
10338,Those Magnificent Men in Their Flying Machines or How I Flew from London to Paris in 25 Hours 11 Minutes,/zENEIIKunpHygSfPR6zDtxuUHzB.jpg
199818,Mystery Road,/vmcfuVKkXLwQqW6E9mq9wdUWyaZ.jpg
573531,Halo Legends,/cO3iAp2pPNdWE9eqS4pTEY5HghY.jpg
26843,Lion of the Desert,/xm7CKN5mo09RNAcL1IP1xmJ5avT.jpg
36719,The Children of the Marshland,/9tEvO0H3Eg43MJQm4t1ChukCu8d.jpg
264397,The Incident,/idb1ACZCQAsYJCFMfs9vgyBIbP1.jpg
50797,Burnt by the Sun,/4zsq30Zj9iAeqejEkkmclL7VnwV.jpg
31681,Hell in the Pacific,/kEiJRrDP6m0o96v7n2UMtad4sAF.jpg
888479,Game of Love,/pkkvFb765ef9ErkrNA73h0ec3ZY.jpg
33020,Dracula A.D. 1972,/rUgVTCBLnXngVlpOaVWZupxwmHZ.jpg
15077,Election 2,/6HFZ5B5RBdhABpoKFGCz2LiBaqK.jpg
445456,55 Steps,/lZOzJBELeg0c24msieggqWVvjB1.jpg
56743,Elena Undone,/m4SDHYqLbYHnq5Lb6XPZPHgBbID.jpg
258034,4 Moons,/l5wf2Auk8ctiPQgtQ1PKZrd82Fr.jpg
60773,Bay of Angels,/7gMfVJur6DgujNyt1297GIGYMwJ.jpg
22590,Sidekicks,/g22ZVQlFwUNfiYFagzEXDbuds6R.jpg
1591,Nowhere in Africa,/2ED1GaTKhHielGYa1giBsxfoacp.jpg
91186,A Simple Life,/pL0mtka6FKRtlEX6jM9OteDjlTi.jpg
664236,Extinct,/tRnPT88iD5zgeUPjHqaZznrxk5m.jpg
9742,Werner - Beinhart!,/vptblYAQRE8qrYJmYVnl6pSU7YA.jpg
14741,The Goodbye Girl,/qyM9wb5Z2sBiuGRa7qnaCDZOuPr.jpg
532952,Smash and Grab,/bsDQdjuGAhj6JrmCKVBFTUBeIrb.jpg
457712,The VelociPastor,/trSmNw63luh84MBy5XLH0UiN1BC.jpg
405965,An Ordinary Man,/2u2sidGEx7xpszHVSrQtL402XHU.jpg
16083,First Snow,/umki3SR7dBjHPOHrJvtaq31GIzX.jpg
426375,Malicious,/qD0mJvBCBkDekYQ5Hf15Tq4sFRD.jpg
24832,Damage,/3ybiZQN00blmfclyHXpXKUgkXSV.jpg
285387,Colt 45,/5DXgJMsTETLNNO5xSQeMGa8tQCx.jpg
394269,Lemonade,/1eZNaro6rXlh1ao5jqMg6TgVyMO.jpg
24858,Eternity and a Day,/qz3ogiWL4gF7a5IEmLf5upkmbqB.jpg
26598,Cats,/rdlzS4ubGzAKT5BfMdOc1jMB2QS.jpg
296727,Tutto molto bello,/10z4SulW7Yo9oc0vg4dhpu8GLre.jpg
522373,Young Ahmed,/z4D3GE3JzyrFe7pnSUqDwdq1KhY.jpg
456086,Support the Girls,/hXfwrs8g3pY4mmaO5WDAowWLqBg.jpg
45839,FRED: The Movie,/tdGRSeyOsGw1eHqU6s4oigQxChZ.jpg
100683,Dragon Eyes,/9TY2u8VTjtMzzXNiDra9FXDGrn2.jpg
437310,Holy Goalie,/1KOwQ6O42pk2mg3xbA0hQJInK5.jpg
22102,Troop Beverly Hills,/2HOzh7t2THdZ3r9BaDucEjfzLlL.jpg
34283,The Pervert's Guide to Cinema,/9AAxgfwAnpBmQCspuwlMITekcsW.jpg
487850,Asako I & II,/o1SyvJ8Nm912bKbo5rcYW8NtTvo.jpg
253376,In Darkness We Fall,/4OQx9GlkPKFpNSEp4vedPmyC3vU.jpg
432602,An Inconvenient Sequel: Truth to Power,/2WauUg4DcUxng5nwhisu7UFZq4Z.jpg
2625,Mr. Jones,/rmAnfar51B0qSQ1Wkix0iKtUUnx.jpg
42536,Napoléon,/zGupJ1ZO07BWco8YGjBHk90hYWh.jpg
309503,Zipper,/avntORrvVqBglLm0FrlSLrfIl4n.jpg
385922,Forever Young,/1CpL3QI78Fwu5LhMwCRyCB0LFVR.jpg
12660,Charlotte Gray,/6RnRclsipl3cZKnDfsu0MrqWCwI.jpg
15374,A Boy Named Charlie Brown,/sPkunzkWHqHXgmsj6JgfZ1AiD8K.jpg
533592,Scooby-Doo! and the Gourmet Ghost,/AtHngeqD4K1Oj01ulWc1aDJhU8H.jpg
174682,Raze,/q0VnSnewZjsoMfDQu9j3vZ4vQzr.jpg
182131,Little Witch Academia,/xVVNRF8bX48vrWAVUoCzDBBbhuY.jpg
252841,Highway,/xuTevYF35WDkElpm5vNBVaISkT9.jpg
673159,Hooking Up,/y5QXP7qdwtPRiZy6cQTjRoaTXuW.jpg
42135,Querelle,/cNATtWnC7DJYOnbKTlHbQ58bVd9.jpg
338928,He Named Me Malala,/lOYrqRKhOrPd5RvWoyTw71KVI6z.jpg
294741,The Falling,/kGbNIj25hUZuPln53RpbKdB5j70.jpg
27883,Macbeth,/4DbzuePqGcUY7olAKzGly7kCEmU.jpg
15534,Griffin & Phoenix,/kL1Jh2ahQH62SLDETwD2TpDhljP.jpg
797594,Britney vs. Spears,/sd43f1ZDz8H8TDhcIbyKuUuJmIa.jpg
22059,The Fantastic Four,/2jJoV3Lze514jOAPagF4Fkp5Cl8.jpg
499722,The Other Woman,/5WcVbQA1lT3iOroeLzRhlRpVo9N.jpg
602334,France,/fBy2pLBnEmmihaKodB25CfLECFj.jpg
49565,The Man Who Planted Trees,/un0NjREDaLEWWOTr7tE52MjQY6O.jpg
16394,Winnie the Pooh: Springtime with Roo,/yAgVcU1BdPqvnyYnOkb1QtVNd5V.jpg
659290,The Ties,/aAWocIYyjy1xII7HO3tTqVhAwLz.jpg
348672,About Endlessness,/fRIBlFJiMNm7DkphQgcHgDS2Pvx.jpg
13073,Palindromes,/yqcNYtm3F7GhCgAnTcQslKzMFOf.jpg
611808,Small Country: An African Childhood,/tTrOYmeRkCQXKSe0Kt39eW1HZnX.jpg
518496,Sauvage,/qAujrB7E5IR8bbm7DhtzBmoARBp.jpg
17305,Billy & Mandy's Big Boogey Adventure,/nMWGHdVUrGQwo1SQ4JdDUv556L8.jpg
187028,Omar,/mzCdtXQYdLPrNr16Ld5ZowavKoa.jpg
283708,Far from Men,/wREvEplB0wUf9eGLVTWpCR4Dz8o.jpg
50737,Hunting Season,/1tEku9vgwodtd5ToHpc9TDC6Aiq.jpg
23568,American Virgin,/qLg2boGTBTBhoRPbIXIx7LFe3D3.jpg
84404,Bully,/gFYEYUEvXsWzf5cDH64YjibMzpp.jpg
49291,Time and Tide,/mQBj0LKrLnqgkAjjj7yiqlFyxDM.jpg
16727,The Namesake,/hxrf7HDwh0nIX4xXE06BdpEKW1V.jpg
202980,Les petits princes,/n1rNDMWzGSvtwS4HDpqDWkOVp2z.jpg
6007,Elling,/i4o9u93vR7setcwVeL87jGwc8CS.jpg
44190,They Live by Night,/9EI0n0ESp1DZJd7PI7LENk9PO2e.jpg
712124,The Night Doctor,/stD3UNUIfqrLzyjzdop4pE0GArR.jpg
10116,Shinobi: Heart Under Blade,/bMOX0TERbblQxukU5fveGXKKMBP.jpg
407389,The Remains,/k76aHHeRgqZsdjcSvkzq2KBQLj4.jpg
38783,Trilogy of Terror,/nE4ih0nzpqz0x154Vig0QJUc6Sr.jpg
361018,Akron,/7G92ackDnKzwqdBgqmR3xDsqHOE.jpg
4175,Under Capricorn,/90wKMRxhGFrWXt4rJvVfqVEjpQ1.jpg
63574,Joyful Noise,/pIgrIGFMZ7CslGPCWI7JHV3R96H.jpg
589978,Fahim,/u3QADuxXvHrddLGBAWmQdaFfXAw.jpg
43560,Vacanze in America,/lzyg4VmSH8zzfA8MNUX1wjnSql5.jpg
277230,The List of My Desires,/h5a4QIJ7Zvbhez9YM2OY53qAto0.jpg
27607,Parents,/qvxsdWV9JOKedvWkFuJZjDDuDkF.jpg
31640,Blood and Wine,/diFSUAvHZE6rkKqfP3J3qf19Z2X.jpg
720272,Terrible Jungle,/e3FOSv0Ngg7rsYpy1FUeIVKryYf.jpg
15992,Abandon,/7zRmopB7pnveyhFaCRSMZMiGO0v.jpg
986070,The Wrath of Becky,/3LShl6EwqptKIVq6NWOZ0FbZHEe.jpg
17417,Hallelujah!,/bn7GYkFZsDugG3MLVRwcHlfq2uk.jpg
637053,Shithouse,/lyOajZgP8Iy3JdVgvaiBv9K5OMH.jpg
29159,Giallo,/4T1DfeTROHXDaygI3PdyZqDbMtj.jpg
711963,Coming Home in the Dark,/ubDpUo7z5Kz8HMz2qv2bS66Y9uo.jpg
7093,Vatel,/zku4Ik4awwKPOyC2WYZpNUZg7or.jpg
137409,Cold War,/zFiHdFJHppW43xmsnS8whzYnVQ8.jpg
545836,Amundsen,/yvz9rsCnqq1F0MauURPzps11Y6S.jpg
28635,Wishmaster 3: Beyond the Gates of Hell,/aQaOymRoRpNBFOaFRnoxXj6dwJv.jpg
464,As It Is in Heaven,/ygJ6RQQSmXRQLPpUKP9SCdKXSKJ.jpg
60194,Umbrella Coup,/ssJ44oP4NUEwL8cHwhXn62OuI5t.jpg
14839,Blue Collar,/7WBBcgzESyX1qEq9x7tg22dlORL.jpg
850356,Gabriel's Rapture: Part I,/8i70DDfrNeVuXCIf8vcWD1HM34j.jpg
388333,M.S. Dhoni: The Untold Story,/lUpMckVHaB55YJ3SMK0arwxKmCt.jpg
514239,Tricky Old Dogs,/1jdVhl8M0PG17bomIcHpGbd8s7S.jpg
164331,Spiders,/vuF1EopyrrtRvVPsAsFBAThcWIT.jpg
16246,Gone in 60 Seconds,/r754JbHV6Rcf6vMGlJV6N4M4a4q.jpg
619594,My Salinger Year,/dC4IBKaCLFwnQlGmsYT8mr0Sp4n.jpg
12606,A Very Brady Sequel,/7xqOkzAQvXCLkDtmlWU6HZnOhru.jpg
805627,Beyond the Infinite Two Minutes,/kIKcksbl6dbmxTMS1wq15iFkBnB.jpg
76115,The Phantom of the Opera at the Royal Albert Hall,/1vf1ryVPBSV2J8dOfCmyv3u0Vu4.jpg
319314,Imprint,/7XZRCJkc5MFz1FM4wbNFfJBom9d.jpg
49296,The Four Troublesome Heads,/2EHnwiYcn954BFSishbWm2rNWUc.jpg
15184,A Good Woman,/C6D8RHgGtGsGnpMTpRIiVwhFAu.jpg
553839,Saga of Tanya the Evil: The Movie,/omEd5EwOo3LJlGtiiYwEZeCqM3E.jpg
364150,The Godfather Trilogy: 1901-1980,/rwEP0RwpF2mKGRbs7jerdC4aeMB.jpg
12237,Faces of Death,/fhHzqDrdHLqjawXLXoV3w4FDOUd.jpg
93858,Tabu,/mtr1ztUkJs6jsYdzK3gBLsuffr4.jpg
38312,Firefighters 2: Heroic Mission,/xPkI5tundTev4QklLtJmzVrx6Tp.jpg
487186,Halo: Nightfall,/dDtxMHBdspAvc0LbSVEougFuBkW.jpg
437031,Rescue Under Fire,/rxXIVJGmmckUzzxeAhp7t92NHmW.jpg
360223,Everyone Wants It,/1rMYUQjg3NdwK0OGgYjOVNmA4a2.jpg
27033,The Strange Love of Martha Ivers,/iUAq0UYHglCsnHVbBLcJvZ6KQN9.jpg
866038,Apache Junction,/sYkElIUzn9NkVFufpc2oSQlfVsS.jpg
24685,Viper in the Fist,/ypsUkfDEl5te76LHqzMZqDPwFaK.jpg
253254,Before I Disappear,/cO0s896cqoQ7mA069Lz3XeUBouu.jpg
19877,Fist of the North Star,/2YCNdrSstrYovSYyKMCDxkkDUsC.jpg
438857,Cook Up a Storm,/scm4QOUbWCX5fqxt9ydiBT7VXTC.jpg
17657,Ice Station Zebra,/xLCOP8dRDTxHslUMXErJTgdb6SJ.jpg
662237,Sweet & Sour,/3yGwAPl6LWpi8QwHjwCMaqsPgNB.jpg
98545,"Peace, Love & Misunderstanding",/ay3DVrC9pkUCZmH5eUx1sElj52J.jpg
290271,"One Piece ""3D2Y"": Overcome Ace's Death! Luffy's Vow to his Friends",/caUI7YlhVXykFWQ7Ul7RQ2wQRpv.jpg
42190,The Classic,/sNe23Tsia9usMBN5TW2KXPJdq2K.jpg
341870,Predator: Dark Ages,/ypc5mgbHx1qfEMejJwdcDOfVwjm.jpg
770724,L'immensità,/3m1CBJEYvdp6s5gPTya1DkGVx5f.jpg
53168,King of Comedy,/dmJWvKNgeCrIwJH6AapdSMiZHop.jpg
52001,Citadel,/2NBxSwARcPi4wwpLH1wyFWKXeJo.jpg
285024,Heaven Knows What,/E1MMMNAd01p3nMkUIB6eFtB57J.jpg
53915,But Forever in My Mind,/lTPFfSURJ7bQ1MByxldaHc6R9pJ.jpg
1611,The Miracle of Bern,/ujNucP3lk3VpJAswjNBUc0DYHPT.jpg
40814,Crimes of Passion,/34Lm5HbhBx9mJ6AZvO7Ddq22xfz.jpg
422742,Jim Button and Luke the Engine Driver,/pkJEkOOr1qn5HLGGhkJ0bTTPVET.jpg
486521,Place publique,/tkenlpzAu0SbUKGYvbJklER4NkL.jpg
56402,"Bread, Love and Dreams",/9gFhVKDafLc2A0LSQgFC4lxJPbU.jpg
13005,Where the Buffalo Roam,/vRMeb4LN416PGvSgG0n063bc5ez.jpg
12633,The Star Chamber,/uXtsxFFWQmoUQu4qbBdOprEpv2Y.jpg
17263,A Murder of Crows,/fi88I3TTCY6JVwhEqlJCU2YeDNi.jpg
500656,A Good Woman Is Hard to Find,/r52hvxb75CL6HCD8Yndxk38ozY8.jpg
20200,Narco,/w4Ea1P4Ig5B48hZl9owRshUepVs.jpg
513584,Think Like a Dog,/cDbOrc2RtIA37nLm0CzVpFLrdaG.jpg
1085103,Clock,/m6Yt77C9u7Aume9dTJMCSRzWDED.jpg
611751,Miss,/fAXgta3EKncuvZeZFjT47GnVqi0.jpg
442056,The Little Vampire 3D,/i9z2rBO4i5MhbvpEIxXZUoXSYUo.jpg
103344,Depression and Friends,/eSbrihNBbvkx3e9y02VfX7wNINo.jpg
607383,Aquaslash,/vb3ux1clny29nY9CtGnIbTrliHN.jpg
25405,Taking Chance,/q0RjelNIn0zEi9nhSqQgDTbmXux.jpg
23030,Arabesque,/ufQBXrETmVizoVaoYKAmjArRTyr.jpg
882096,A California Christmas: City Lights,/iH3HZV19QlAuJUNk5SCn4k2RHO8.jpg
46717,Intersection,/xRMbpD2WRxpVcU6Vvws32GkMxin.jpg
151535,Scooby-Doo! Mask of the Blue Falcon,/qcSjTyzy1IOt2W7nR4X3uWUx2xj.jpg
25682,American Ninja 3: Blood Hunt,/oiKM4CAEXrhAfDkpnhBW8RpOQC7.jpg
1922,Irina Palm,/3h7miVXulTHbpa4NWyUUcguO90e.jpg
189204,Lovestruck: The Musical,/2SYu78HqqrDw0Pph44Ikr1eNJbN.jpg
38150,Heartless,/3kRaWKYqtx9nyqcIkdTf58igzVb.jpg
39387,Loves of a Blonde,/fyRg6Qh4oN1KRfkx8Q3DFzA642P.jpg
15119,Shogun Assassin,/t376p5q8zvhyQ2FOroytJsRvlL8.jpg
33195,Triage,/qH3QzgkqJYcTVs5QoH9SOE80B8q.jpg
5764,Princess of Thieves,/53A3XgzJOTSWQfJFI3FjPMWTt0L.jpg
25988,The Sleeping Dictionary,/fOFcv1LlQLpG4svZa6bm0ND1njV.jpg
27759,55 Days at Peking,/uR0xaqmqlbhatf9014mHuwV1Uly.jpg
26036,Bigger Than Life,/nC3J5B2lkWDLm7Q7C26AVFzqJLV.jpg
1049233,Lesson Plan,/wawP3mOUeRBrAtnbPwWK5eFaMdV.jpg
664177,DNA,/eBuEbgoED3rko7EfgO29a4OqFK9.jpg
742391,Final Set,/lNst0oa7VD0aJRR3if6ZjsQ3iwr.jpg
11404,Driving Lessons,/uPRFM5co4v12ksWaZKr8niIHBrC.jpg
55215,Dead Space: Aftermath,/kDwKTOiJT7mkKjJRBUp2PDdIXV7.jpg
111479,CBGB,/9xHdRPamTjLG4bosURJju6UYCHp.jpg
10578,Dracula II: Ascension,/xt7DZ3Ww4itOJJzVjNxAZIdAMrB.jpg
809968,Bartkowiak,/kOVko9u2CSwpU8zGj14Pzei6Eco.jpg
13712,Incontrôlable,/7Kj3mf3id6FR9C0HWPmO3JmcHJV.jpg
17287,Poultrygeist: Night of the Chicken Dead,/vSeehH4s274kdZXEMKnPE2tlqco.jpg
16662,The Big Gundown,/yHjt73FFr8YPUISTplMsqVzindR.jpg
19058,Down,/jWPmTnu1zXZO3IFGIvNLQtjOkr7.jpg
42444,Vacanze di Natale '91,/zAzaQ1y7NHtMIf4V0QBAAEf7OuA.jpg
122924,One in the Chamber,/qpuTyE9zVTWAdx7ga8I6EnIZJaa.jpg
492998,Puzzle,/7CfijsjOsPKzz2Dd1zoMF5VPmZo.jpg
846956,Rogue Agent,/4tOaGR6mzUAEQzIgWCeVoneRIkp.jpg
802372,The People We Hate at the Wedding,/kQZKw9jetOInPPdSZgbKFxJALHc.jpg
412766,Sam Was Here,/3M1Mt7dXaiRSOygR9C66DA3sbtt.jpg
22434,If Looks Could Kill,/rTjcoGpHONeacV4zewHi1oSttW.jpg
55976,Marche à l'ombre,/jm4drikKlTbRB24Qr0ctr5WlthA.jpg
56401,The Music Never Stopped,/hbKqNh3bi2Do4cpefIbBNUdQJg6.jpg
32272,Death Bell,/bsbA0UeJNmmhcBwTRRfcCH23fEt.jpg
27150,Silent Rage,/9LwR6SFLuzbbzYgXdGnVHahBqrO.jpg
913862,Downfall: The Case Against Boeing,/LRPi6b6gpDyKuveut38S8R38NI.jpg
42113,The Ballad of Narayama,/ewYZmeoqzE5XsL0Jlcorlu9iwGe.jpg
58446,Daydream Nation,/6e7BzpaMmqJIxIz1aPqLR8TeEkT.jpg
83091,Saint Seiya: The Heated Battle of the Gods,/zwL4R8y2b18nLe8q0OgSr5vbnnc.jpg
65374,Samurai Cop,/4M2FSwfTvhmP4ubF47UKS86BKYO.jpg
43828,Destry Rides Again,/zEycmpHvzi60EJpbZCKbTc32AT7.jpg
518502,The Unthinkable,/dTbeNslsguuAVhX0BGPqzYiGRIV.jpg
888321,Corsage,/bhS9oqoJdMSoejB8keZpg9G5uVC.jpg
13991,College,/e963mXIiuSwVyklsJxJ68mQ4CE.jpg
410988,The Stakelander,/3K9sca6hMxVzCtE7EnAxTjdKWpM.jpg
946310,Pirates Down the Street II: The Ninjas from Across,/uDsvma9dAwnDPVuCFi99YpWvBk0.jpg
24584,Get Real,/k7KCBnt1VXFhPjoTSt4MePr1MpI.jpg
257475,Tamako Love Story,/wSYz96elWg6ABuM6Aa5FAhtVvYQ.jpg
6166,Dinner for One,/2uzk4IIwOrRQHn816IsEngYn8mp.jpg
18500,The Sandlot 2,/xLc3jTAKAOCg7lBWp9vzyAJNLay.jpg
15192,The Grey Zone,/8jRsWnpciWHRy0MC7K5eMDKKqPw.jpg
28808,Detective Conan: The Last Wizard of the Century,/q2v6JmGMVQR0UhUirXuuzXUcAnN.jpg
369698,Viking,/xxl0YHkYHHCetgnG2fgezUaQiHc.jpg
36843,Life Is Sweet,/zdkKNQzzwyciP9vAohAPFZdujlA.jpg
13429,Donkey Punch,/7kk6dvvPVzZxii2Fez81LJZgtLS.jpg
91,Land Without Bread,/iQM715v277SIw66Y1bJ1KiK5WNx.jpg
821427,The Novice,/zIkGGiQBNITG9vVxgmf6MXQ1gT1.jpg
50785,Le Petit Soldat,/pzKFKVZHeGhJQYWZN6qO3GXUApU.jpg
25218,Live!,/91FAYeluKya14DmtENl8yzzWBv.jpg
205891,The Demented,/1R2uVDz0sImGhu0Z9cLtDuzROpj.jpg
10355,Shiri,/7rmye0ThMHMT2VhZj7zdyCcHQVe.jpg
50618,Fortress of War,/v99jG4CkBaLGrE4cCMLtc7e5zPZ.jpg
243568,Lizzie Borden Took an Ax,/ivqw8yXgs4B16tMztJ68w6ixFUx.jpg
11417,The Lift,/33b8JpZPoECFj4dB1U6rhbl8AHo.jpg
441889,Secret Superstar,/fkTeziNtc0uwE899uI1hlMOEdZL.jpg
592230,Blood Quantum,/pQnfrys3nyOpUxktxK2CBnm7Rv8.jpg
24348,Powaqqatsi,/xh8Pvtq4dYry9B4uRT3VbmSI4Wi.jpg
27764,Slumber Party Massacre II,/n1j7gCi3g2puzqyn7A2rPntHqjx.jpg
27989,Serious Moonlight,/qZsA9Qec44amt3jJLvvNrX4nqSc.jpg
212063,Tim's Vermeer,/vEF0f8dktdp4NbUbpi0xSzwUAY8.jpg
38315,School of Thieves 2,/pK6ZofOPH7jJTkcwCRkU459vv9Y.jpg
102000,Sister,/2xiHYVuBYXKfYTCKEGgMEtfLL09.jpg
297745,...It's Snowing Outside!,/r6aFUmViJMIawr4Yb11NrQE27o6.jpg
37141,The Babysitter,/wOv6HKiKTcDiyZRXPOsjm2JhVZV.jpg
20441,Messengers 2: The Scarecrow,/xav4wnkLQiVAUTVxNPMKrXTBdkf.jpg
16857,The Dangerous Lives of Altar Boys,/4uTWXZ2Rvizl3ycMHtODfRjks4W.jpg
809314,Trigger Point,/qlXenN6jjgbsIyEJxBjkfkEU0q8.jpg
977,Tabu,/c4zfawkB8Jsp5lhWl62QCzczR3M.jpg
445993,The Marine 5: Battleground,/9dbZqft6gS34f4qVncU6APBAKWU.jpg
13954,Alien Raiders,/gBz8ueJSWIVwB3LO80BiuUFpiWY.jpg
1003580,Legion of Super-Heroes,/8M6bA5t2q5u1nWDTEIXuGDwvboW.jpg
15749,While She Was Out,/ehhJzxVV566RxPKmotY4E6xU477.jpg
407650,Vico C: The Life of a Philosopher,/A3Vt6HkuNtCNuxS97oXwQiPoezt.jpg
471968,The Last Warrior,/oFEHcmPuI95aoeNrWXCVnA4oI5Y.jpg
523366,Dragon Rider,/ucDrOXUrVnr9X3ZmXP2Q68HDIHr.jpg
1938,Angel Face,/c4wrCYEgEtLXxoyEZf4pBl6XD4V.jpg
13982,8 Heads in a Duffel Bag,/nU8O2qyWrpdtMeYYaVNTr5LHmj6.jpg
57892,Vizontele,/d9AxcdFiJTHZujXxZmygZpi7il5.jpg
44730,One Piece: Giant Mecha Soldier of Karakuri Castle,/4Pu26TQNiyl8kjNe1sI3NMG2OQG.jpg
25074,Miracles,/7249iDDj0Vpi5TGTIojO76eMl9E.jpg
16876,Bang Bang You're Dead,/647kfvUPkDBXtIHQEhInJR2LUyX.jpg
18923,A Home at the End of the World,/o1YC1V30LR0LJzGR6JtbzpDSTYy.jpg
14347,Blame It on Rio,/yzNtmqL6HUFC7FZl9DnGmhnCQUL.jpg
1003579,Batman: The Doom That Came to Gotham,/dzPNQXI8FlpXTGGp1082RJ8OQoT.jpg
926676,Navalny,/49TwWrtOnJjVrMAUvkgrX6WWf11.jpg
575361,Queen of Spades: Through the Looking Glass,/drZ7hFMRXKYWTGd8dw9syuZeIO8.jpg
5425,Beyond the Darkness,/tel3ZG4zvbsR3PPEQlQxCjvWrd1.jpg
233470,Jamesy Boy,/fJCMNxUnYfOmej5FhXSOeMX2jSD.jpg
556509,Svaha: The Sixth Finger,/yE6q03pfWg9xZ4a7MoeldDXMV5y.jpg
432870,Rock My Heart,/mFl6xsdaDNzM4KxhJOIJkq9wXBp.jpg
29748,Taste the Blood of Dracula,/hhK8KDZgtuvMYhC55keOrEsTwt1.jpg
30137,The Haunted Palace,/8SdZN2nBlH7YO6v6Y2rB14z0jF0.jpg
10942,Babylon 5: The Gathering,/1eRyJK9ImrmXqSkGXVO7OlDNrYq.jpg
35650,Maelstrom,/knhWhSDOEPcWed5ljKcJVnXbH7.jpg
630709,If I Were a Rich Man,/5XtzmoxpQGVFhdoY6QoTQQVWfL7.jpg
28752,The Curse of the Werewolf,/fydkgLOxTQiiWeVR9bW99AEVhcP.jpg
504982,The Jurassic Games,/4iXYZgB0VZyPvjBfEY0f2VTMDqa.jpg
48693,The Mother and the Whore,/yAZIYAq75aqIHc8hxG33TaMszTH.jpg
330982,The Childhood of a Leader,/xf1MGzVzEpoWrE5ztcBf7Mhu0Sz.jpg
19596,Electric Dreams,/eNy9viMPu9Pe1TGd55AKYGrydvy.jpg
33360,Let's Not Get Angry,/nsNKmjW6bZoKLQmHDVRrA0T1UQd.jpg
282041,"Electric Boogaloo: The Wild, Untold Story of Cannon Films",/qHcTOmCi8lu7daSIXTAKN6CXVKh.jpg
350060,Heartstone,/kuYjPaP7RQGwfMQ2hH8Fn2vUgMn.jpg
52954,Rabbit Seasoning,/u8CxPJ2010lK9tvd4a0LgHTyjMW.jpg
554581,Crazy About Work,/iPS4ju4Po7n7RIpR4yRMSw3k8oG.jpg
13728,Locked Out,/6PgKhKkyXYh9WR36O2jYu7jFHkR.jpg
35221,Father of Invention,/7ZPJQpl6dRgTYQ1krbSBptZQjMI.jpg
618363,Collective,/oR93n0CAn2GznyHDFSRTp0J1t8c.jpg
769636,Code Name: Emperor,/8VjVLMiPm598Kg6XmKk5m1fz0p7.jpg
12484,The Forsaken,/4RN5EKSHawgUMoPzjzyyXCXckYk.jpg
191034,We're So Young,/sakpWhGTY1ipnHDWAB4LvKawskp.jpg
360994,Love at First Child,/2mdZtXNfhACXv6ai0dppq9Hh82i.jpg
25438,Trick or Treat,/ycCrGbfuOEcKSCwxQeKA1VEPs7O.jpg
10608,Bob Roberts,/j4PokuSIrmbN5oCR54D8kiI0U6a.jpg
56619,"Darkness, Light, Darkness",/aa9vuydxlhKIN0bUFifFwwYsw5c.jpg
805411,Descendants: The Royal Wedding,/tK5xU4x7w9npLUYT5xZJ4RvVlsM.jpg
345775,Long Way North,/qzVUricGLnNIeW7NFQtSOQFUUrh.jpg
37832,Mammuth,/f19wwAy4q1oAmGRBLvxRIq3bvd1.jpg
84383,I Am Bruce Lee,/bvHjKTLFIHOHzl0arxzu2fYtLfR.jpg
608994,The Cleansing Hour,/c0daWffGoQpk5Y0LZuQ3gFwisdF.jpg
33516,Gothic,/xGXj6wpJimmWkQMahZryM7xB9EX.jpg
493006,Case Closed: Zero the Enforcer,/w4nyOBnP7q0qlVfHAn0j49rs76d.jpg
11055,Flatfoot in Africa,/qNdEEsnYgKaaKIhlcRyAjSbpni4.jpg
539549,I'll Take Your Dead,/bhOtz1wKwXWzhx3Z3IxtvbZFf4o.jpg
5424,Anthropophagous,/k3y6P2tlbx8Cjr2Bmyqs7AFh4tW.jpg
40080,The Cutting Edge: Fire & Ice,/iHhTXggQ1umVRvzeSGrOlZ9qFX7.jpg
535389,The Great Battle,/gv5ByLHZfn7MUKpjJovRTr5URGg.jpg
803694,Other People's Children,/5oDu0n0vc7D3t3RhxHDrT0Ezcoa.jpg
39469,Godzilla: Tokyo S.O.S.,/iwRJNFY9yvtPdu0DsTXOJ8sAap3.jpg
32998,Necronomicon,/azUXnXC40LKxatud3sO8DvH1xR4.jpg
15402,The Notorious Bettie Page,/jRzcb9O8WdGmJdz8EESEaBEuZZJ.jpg
24481,Born Yesterday,/5KWpPOwBm53hs9J8JAscd5WI1jo.jpg
41343,The God of Cookery,/fXPeRqkP3ZukivafI2ZoQWQW9h2.jpg
257874,Beneath,/yDSClojlVVr2mcnWlQvkc6HSFtu.jpg
30634,Magic Carpet Ride,/8SbZagV8QR4gPV3bF63yfaRYm4T.jpg
240566,Tokyo Tribe,/cpvQrnZwGvzG0moL4oMdmKMYKDB.jpg
502122,First Match,/zwmtK6A7jwriIY0gh0HUgvI1ETA.jpg
78294,Panic Button,/16WAboklffv7tUYnZCW8W5V2720.jpg
28041,The Girl Who Knew Too Much,/14z6WFMEoFdVEKhEGJQuGk9vU8q.jpg
41387,From Beijing with Love,/xUAVVRNxbbI3XcwKdFTRAryQAk8.jpg
24447,Louis C.K.: Shameless,/kSAKi7kvolRwrV5vGM5aMLdhYnX.jpg
491037,The Mandela Effect,/sihc6N2aipnwqSJd3EwvZ2sydd0.jpg
127370,Song for Marion,/xPsgQM36NxFGqINruFUceFYyyOd.jpg
19742,Rodan,/tcSSYYFsRrQCvy2HskkwpY29NnB.jpg
49850,A Quiet Life,/jE2b7aojjGkLdzPZFbseyeBoMRD.jpg
427045,A December Bride,/bSMbRlQkMrHyB71B4gA5oEK5Uh.jpg
621744,Two of Us,/itPHi7V84mUOYuvD3t0QK2oWfVP.jpg
79777,In the Land of Blood and Honey,/h1r4qey0K8PG9OgQdDqQcXtMq6c.jpg
25751,Children of the Corn V: Fields of Terror,/uC6wip2EXdCYQwDDs9FnoakUZQL.jpg
53844,Bacon on the Side,/rgjVA0RfVcSrBVmNGuW5hjhjcQW.jpg
122134,Baby's Meal,/ntWwo3J08OduqlGD0niNiAlhZfx.jpg
1863,Sunflower,/eVxcQRc3xfA2IOOzXHT0ML1CjzS.jpg
20604,Metal: A Headbanger's Journey,/8e1q6wP5XVcjh3yLVU1WNdZnppm.jpg
418667,Dear Dictator,/2YFCAAZUUpj66gLAMqRhwpY1U34.jpg
295315,Sex Ed,/wDPjTT14pIbKs5r1ZJazRsDwTRQ.jpg
262848,Phantasm: Ravager,/zfZPcIYyVX2LW799SWxLFcTWQxa.jpg
610290,Looks That Kill,/41qVwAz4ZCc8g7YQETQih8fpB8q.jpg
327418,Batman Unlimited: Animal Instincts,/9e6iPMBr9rQKPoK8g3YDTVvI5ud.jpg
563067,Fukushima 50,/o1656SdGsUcnHYQmuNw7jL0JtsT.jpg
476335,Shock and Awe,/x8Y9lKNnroACauSxmVQRkACj2ow.jpg
9636,Control,/9v3PhQYMq1nAfxN4TfZ4cWFUk67.jpg
7861,Outsourced,/i6q5j4jnfHKq9GhR4LJZKGGwrID.jpg
8744,Albino Alligator,/3fVpR1afZKbvHlEU7DwAGU0KfKR.jpg
17078,The Color of Paradise,/rQ1t23NAGJDv9oNfHEAsxhuiAOG.jpg
532635,The Golem,/rwdbyKJ2PKTLamQzr57OgMuFUlD.jpg
2611,Only the Lonely,/fvzrsp4Vpp4B42Zd3eA06jXCGiU.jpg
15120,Smokey and the Bandit Part 3,/346apzPm42GQMcStYzY8aUIsL54.jpg
5709,Amazon Women on the Moon,/p77UlHHzyBUCKgdbLosrAnltDgw.jpg
97006,Temptation: Confessions of a Marriage Counselor,/22hclz5NzRKyWb81TjO1yx1Wn4w.jpg
16703,This Gun for Hire,/wfbRnfY1PQTRlDxZ0XEAw5zSeKn.jpg
366568,Four Against the Bank,/HPpM5xlHJhhpR8eyeUfEazD4bm.jpg
43194,Ulysses,/hasKu1Kooe2bBEacPSCvIvYmjfD.jpg
31357,Waiting to Exhale,/4wjGMwPsdlvi025ZqR4rXnFDvBz.jpg
339145,The Girl in the Book,/zVvOHOz5848dZ5x7mGqxBWzsPmS.jpg
15433,The BFG,/xamdhtW4JwomiCW3DdoN4lXtDpi.jpg
571391,Chicuarotes,/8qCDtYCeBF7PwV42NDw2VrtNgA0.jpg
514684,Why Don't You Just Die!,/warC8GJApWssmU9vXXZDY7OrU9o.jpg
20697,Ready to Rumble,/rGbMrCUh6eRiWKsHNf5kqgPoliZ.jpg
566555,Case Closed: The Fist of Blue Sapphire,/nBXYNvGzYGzDxNl0NbXC0nwiA0o.jpg
452910,Wu Kong,/AjfUVXVTm7ix2ehiLA19s2BrZCe.jpg
8414,Interview,/jObPGoyEcBFB8x5j3Htabavgcxx.jpg
238923,The Art of Happiness,/yr0VKEmS4SR7sF3dDQ0cwKU7VMH.jpg
24357,Final Flight of the Osiris,/2c3di0JntkJktIs2HtaoNiiJOS3.jpg
427342,Panfilov's 28 Men,/L8aLFIITBjsn3HlQp0M0sT0Xe7.jpg
79382,I Wish,/jLsUvhEgovME7dI283nnjqArmwI.jpg
446044,The Exes,/f13MK6hG4fbteW4XF7XCN6mHnxZ.jpg
14745,The Haunting of Molly Hartley,/XSy8BKHIa19yMAt7XyO2s9oIT5.jpg
138941,Found,/a6KyeVoJ3gyttg8hu32ytSNOYO5.jpg
856245,To Kill the Beast,/hAdkgE8lHelIQWpgrHk4wjEnbxQ.jpg
320003,Diary of a Chambermaid,/imQp5gncyqgwWygmD4lWDmBrBIw.jpg
24103,Haunted Honeymoon,/jBCucUiw7Incipok1xvUa9AVhW.jpg
17889,Anchors Aweigh,/92Pcfto4R0ifBBcs2O8iO2QBlnx.jpg
58231,Mardi Gras: Spring Break,/pljjsYW0BUsWDu2x5FK5ccwW7cP.jpg
20761,Play It to the Bone,/qSJl8pD17doJsAkou5mPvDogBQT.jpg
182873,Green Street Hooligans: Underground,/jtlDK3r8G282Vi0cGMxLVJJkhke.jpg
303623,Hello Ladies: The Movie,/7O41oM6Va5wffkIjunwqAoseNs9.jpg
358725,Saint Amour,/A9wTBWnx6nKitul3vjKHrRKjWRk.jpg
44132,The Beast,/jIKqdwBYutlyItSBed8uBS5mCJX.jpg
5894,Blue in the Face,/yBFNJA95MNiasdNUPCU6otdtJE8.jpg
524738,May the Devil Take You,/i3UqtKPPWmDX4514kWF8hluCbsk.jpg
323665,Ava's Possessions,/tmTlL0U3NMQFjB1KGnWj2NuAE3g.jpg
47821,City of Joy,/8aEfWFECThq5A1VnXsyzX8x2y72.jpg
34196,God Is Brazilian,/g7mDnFbYus7q9z2OtvJgFWLFjFn.jpg
34081,Ted Bundy,/bh6wHjHxmuSyYL8jSFqtLlzMSGq.jpg
37703,Flirting Scholar,/sK5k5gyE18yEHCw9AqeTEfqYqtw.jpg
500168,The Princess and the Matchmaker,/1hKUJ6YCVzlW9grBDoKps4KoDNE.jpg
43089,Roadgames,/mfjaQ8teYisaXKC1XjhqI3H78u6.jpg
1783,To End All Wars,/4fXRE02M2EckpGPZNbuZIo05dmL.jpg
334532,100 Streets,/1s5j2raM0vSQ5pqB41TKN44oO0d.jpg
47518,The Tortured,/s5kXFJaRYaR0KEROXhWlQaM7Wje.jpg
27230,Christmas Evil,/9GGAoIfXLFXE7L5gs69lf6rIz8.jpg
78206,Chicken with Plums,/w4BgzM3dvniMWIXvFyhJEcf9P30.jpg
74004,Pretty Princess,/pLPHCRHXDAVZFI9IznwDY0jApR9.jpg
784500,Pretty Guardian Sailor Moon Eternal The Movie Part 2,/f91rtk8dODezNLT3grQrELyzFwA.jpg
13986,Dil To Pagal Hai,/HKUrZZbXnwCM4129fPlgHEg0eG.jpg
28452,Slugs,/rF9PQkZb5UrqHcqx9dwmecRcr8V.jpg
1035806,Detective Knight: Independence,/jrPKVQGjc3YZXm07OYMriIB47HM.jpg
7975,I Hired a Contract Killer,/p343X7QppeByj9Sz6i003jNkens.jpg
18499,The Decline of the American Empire,/j5Bi5lr7Z2tr9fEJI0YuS0AS2iG.jpg
493483,In the Aisles,/7qmeZlLSBkQ34AtfeoaF7usnfRr.jpg
643236,Meet the Malawas,/lxJqMW8nU0Hex259NkaoyyOru7P.jpg
32275,Duel in the Sun,/dW479xuDWrcuFuxr7yfoReztlzF.jpg
548064,You Might Be the Killer,/gXsEtbNmY2hLQg49T3GvOLKdVyE.jpg
14588,After the Thin Man,/1fkCHOffEkPOY0UwSrvzG6YKDVp.jpg
398891,Bakery in Brooklyn,/JMQhYg65RQkpZhjeL4tPJVhIQ.jpg
343795,90 Minutes in Heaven,/e3LKk8UdDyXDkov9k8iP2JJNChi.jpg
397601,The Bachelors,/yAwoDmcLFuZxg5bHzYgRexYhykm.jpg
56937,Cold Prey III,/b1GYIevdcbdCN8OCMEjMmGYd1D4.jpg
373473,Little Men,/mMmXSUZ66XoxmT4zdkUkVDdU8Mu.jpg
495601,A Rough Draft,/5fT7yOqXhXoYrrUlz0ftavPrxKp.jpg
14235,Eden Log,/lNLAMUw2Cm2TJCS3764ZlAh6l1y.jpg
504582,The Whistlers,/i9UIjhnD5QNyhXrA0nZMhRpod5b.jpg
439059,Rocko's Modern Life: Static Cling,/k65BZ0njzoTXhJFeXhIZt6owqDI.jpg
25566,Ragtime,/vRjyakxRrMfj6sgyUJte9mVI1D9.jpg
714187,BLACKPINK: Arena Tour 2018 'Special Final in Kyocera Dome Osaka',/eHciW1OtAYPyiFJwDYbqSFg2ZlY.jpg
601169,Chasing Happiness,/qbJx8lLgGxMeBbieyYGHKcVWpN.jpg
491629,Raazi,/fF2xXApETxZqyluokyJ1x4gIiTf.jpg
42700,The Night of the Generals,/qcr0rCbqij3dSDpBsAUTItEBMaC.jpg
482114,Scribe,/5rRE78rZk07WNhWAHiNj3WaMkJ2.jpg
212470,Monster High: 13 Wishes,/iYcB72K3dTn4xNIRWxUeyrLLpN.jpg
248611,Mea Culpa,/sQMDe2GyxJsY8rePgySmVcawzc9.jpg
19274,Fearless Hyena,/gF6SqoziLHpKlTmwzm79b10LM0K.jpg
353464,Talvar,/ldwvhHfD8olH6F1nAvAwl7naOK.jpg
416691,1 Night,/geYX4v0Jy3PvzFei8QL1educKxh.jpg
256311,Stereo,/iTm2JEsdKNgUFPjm5UBo1541fTn.jpg
18158,Earth vs. the Flying Saucers,/qCOLglZvQgQAyWMCZodBo3wmgqp.jpg
10915,"A Genius, Two Friends, and an Idiot",/wVo9IIAmIPWztrmR2C25X31QHAk.jpg
18905,Caveman,/cfZfl3wxO8QxHKJsiWUHZg1D62B.jpg
59336,I Knew Her Well,/eyQibuSHTg2lwSeWj3VRF4EJKoN.jpg
373546,Chuck,/xRowWuf8Q5bazuPRIqYLaKRxxs.jpg
1874,Goodbye Bafana,/omL85DnSNaZLLnF0KzqSZihuWAr.jpg
319076,Listen to Me Marlon,/yhqIuN7VC5ZpBDyRnwyVRNR6CC3.jpg
308457,Advantageous,/xVJdSbDxKTanwZtD6qUyc7cGNpG.jpg
272691,Sea Fog,/gnqv8hSNKfNZXKsJXMxJocDVGK7.jpg
675054,MexZombies,/pTxw4GFE3ZfzJfvuUsPyD5njAuI.jpg
383535,They're Watching,/yPLi2PlEEbetgUkaFPESBAMG9Qw.jpg
14872,The Cutting Edge: Going for the Gold,/lDF8zGixn3WVWSKc2usVGjPWc7C.jpg
754765,The Last Journey,/qH1kQPQLus8UQSQ9tKZ7UeThlsj.jpg
348390,Confirmation,/9lxg4KidKhRAMupBYvgdHxAnxKE.jpg
426230,Band Aid,/hDYKhDkmvvPnYESr1yNG3K5oMZT.jpg
418956,The Ugly Duckling,/nCkMoq2penMxvdhQa0LGwK1G6fJ.jpg
38953,Ryan's Daughter,/c6PmqqdgnFxR6Ly4RUBodTvqbVp.jpg
408873,Kings,/sEQIshX0y64hYjjDbE1KqevW04e.jpg
487786,The Looming Storm,/qvcdwQfZszuv1quYpKc2M0ncbQi.jpg
241927,Hellions,/hFIimZOCMyoQvbGnz0gntgcbYVm.jpg
996727,The Price We Pay,/5G2vYBHjgeu7xpDBt77JOeTNShK.jpg
26956,Puppet Master III: Toulon's Revenge,/uSSZGAEnSJ8ov81i7UVYcFOeThP.jpg
321068,Mythica: A Quest for Heroes,/n75lUF6T2uvy1ZhVyjmdfaTfDT5.jpg
11914,Perched on a Tree,/91SYK4YPHZYwyM8Zp049xQDMrOL.jpg
428081,High Society,/y1jkYgGExy1MsAEgvdnxEu0yQsR.jpg
14940,Gigantic,/oCWQdoytzRxPivnvdVbFgkdksc0.jpg
559713,Fisherman's Friends,/4faFbkPf8aH5nrY4YcNvn40PXLL.jpg
502385,The Festival,/zokQMbuBst9z0dP5UKi9EkCSSnV.jpg
746817,The Call,/iKmykghTmvQj6zum79TsdUL5mPF.jpg
1723,The Front,/3h39YWLBuFd4SGi2eqNazEQlPv7.jpg
21128,One False Move,/x5xCkGw4jutMcc8nmWLKNzbDKht.jpg
27362,Drowning by Numbers,/zTltoKsUD5ArBpRBP6PH4iCjX9o.jpg
496096,A Woman With No Filter,/ayBqDoZ6Znvb9gMk2F4syPZr18f.jpg
12529,Boot Hill,/9gnmBJi9ioGo1WeQP6Hii02u9Aq.jpg
630720,Dark Glasses,/6dgpZwoNNlho0ZYWWTSFzjUpgA1.jpg
28963,The Thief of Bagdad,/8t4CJ591N2FATf2yUiQNQk9p0tB.jpg
47473,Summer Interlude,/3Yl2nPAzBcygds63L6yf4g7I2k8.jpg
589754,The Last Warrior: Root of Evil,/5VJSIAhSn4qUsg5nOj4MhQhF5wQ.jpg
22112,Criss Cross,/AwmyVw6h3nZWvkZUuNpZYDA2Dly.jpg
8892,A Christmas Tale,/yGLrE150vchL1q1e1UNmPRPKwii.jpg
47957,Madman,/2pZxY7b22LicdcvWNMCyX8VseVG.jpg
13960,ATL,/wi9VRukGburXfDwDKqcQQdgFK5S.jpg
38577,The Old Man and the Sea,/fvzw2rXqSObcBc1RAIWYW7CzLuj.jpg
25838,Devils on the Doorstep,/zpbyUenBJGhyA6RKa5RcQWGKOYb.jpg
955971,Honeymoon with My Mother,/zmXaK4ajfTUOeb8K13uQ4fNfE8L.jpg
542905,Ride,/skyZpGolECdQD3KrtqjYHLHC4to.jpg
28000,Somebody Up There Likes Me,/pyuqFqGJZuhFDAWCSCmRTdyJVQ9.jpg
609734,Above the Shadows,/3FrGhwhyZdNtdZRXS6jQbFw9KYB.jpg
883502,Fortress: Sniper's Eye,/61J34xHVVdQHbJ4MSCWQo4e727v.jpg
30840,Robin Hood,/3wvHxskniqALjqFBjHn6xPbUvzj.jpg
34038,Magical Mystery Tour,/uJSqSXCeK407l7t4zTXaYSJH0gL.jpg
484428,Becoming Astrid,/eEbu8tFPSyM4zt9dPJjeFj3qwlF.jpg
32395,The Greatest,/7dNynUNdYSxeOpuJJNv3Fyk54NA.jpg
298721,Cemetery of Splendor,/pK5y82ISbaBWa87R5neub8qojDk.jpg
483411,Ladies in Black,/sIC0Y0dGLnxbdCksftZ38FZ2c61.jpg
254200,A Second Chance,/89jXZYnP7RB6xTHhZCMUxk14HaZ.jpg
35172,The Son,/mbAG0JOVgcOIH8LVVynw87ONgej.jpg
36868,The Jetsons Meet the Flintstones,/7VSIIEJe79Teedg7bYgq9R5ejvO.jpg
45966,Day of the Fight,/4caX3IZkf7n2QCbxaJO3hyn0SCm.jpg
91679,Starlet,/upvSfkiajMmCYiENW9toTBBuQpy.jpg
34479,Scars of Dracula,/evgLqaJFu1jbEqe5fHrfiGwxc5s.jpg
1053419,A Not So Merry Christmas,/xdZ5BIkQTGjZgCacdQQy7qNnoQ2.jpg
606236,Family Swap,/qXeJkpKnG5wl2UqnudHapIEjyaY.jpg
34098,Ticks,/4zIDeC605zIR5YAUXVXC11ReWEM.jpg
3103,House of Frankenstein,/9HPcPasdgxjlSMlnyzIWrnGodOz.jpg
290382,Roger Waters: The Wall,/oFPVC3ival04a9Yijm716QXOsCA.jpg
21299,Benji the Hunted,/q7hZpaF8vRO56r3QgmJbC3vIQjT.jpg
392817,The Student,/8bRX3YSXNWzCTMRtlFkWcJJeg1r.jpg
76101,Freerunner,/AtnJGzT1GU31KsZGZRW0EVqX1qQ.jpg
227679,Pokémon the Movie: Genesect and the Legend Awakened,/5Yn9WvhVzrssgJqS5tnStITBGRN.jpg
337844,In Dubious Battle,/bC7N0pUc6RzuDqSNHsV0VXk06Cq.jpg
136278,Blood,/ZzTFu00nw3t7XD0ZAajuERkDX6.jpg
51071,The Big Picture,/7YgPcsjIqEUfpFDNc2DZz15yzs4.jpg
912826,Rubius X,/k6KAAVebtdVb0FRU2PWqYLnhgRA.jpg
699280,Becoming,/f0vo1yoEVlbpJ0Fkn0FgU7dTrO8.jpg
43642,Abandoned,/2ows44H5OftC1zu7bYS0YoofUTB.jpg
30250,Cold Souls,/4ejJjTwoEqIKiZJOyPaHlTJh2jL.jpg
19974,The Big Clock,/urnKMXbvNubipGbdqmXpXoNS2OO.jpg
5259,The Band's Visit,/vVY2gy1wgrRFBizT0fotlOJWThx.jpg
10525,Forget Paris,/c2RwGHqWwvh7nmRKpdIyYUWMEvP.jpg
13405,The Children of Huang Shi,/qjmo26BnSimVjhCE97cH8VCtEUV.jpg
42164,Camera Buff,/l4n9LXUanIKdlKTCfRqrhwQbtVe.jpg
33932,Shortcut to Happiness,/xmxvHnI5AVfd8nYzoGsgg9KEyy0.jpg
477508,Lucky Day,/y1Iux6HUOjoOBrqDyg3RZYe0pGh.jpg
29715,Major Dundee,/afdhdupMyfn3tDoL3XosgQF82gX.jpg
335970,Joe Dirt 2: Beautiful Loser,/nde744Wjaj11BXA4npXcByLDMkw.jpg
17403,How to Deal,/pD87iTm4MP7JNcxIUssAbpri8nF.jpg
21711,The Candidate,/7g0WEMac9iKlhjmVEslIX8sIxCF.jpg
31789,What a Drag,/eTsacNYD4grU2dAnINLUcttxzY2.jpg
19492,Captain EO,/p5txVytUOKpEQ869oKfT6wimTYg.jpg
38805,Lilies of the Field,/24qEwAnz9lKBNhUW7JZ56nU4dIO.jpg
514236,Contromano,/n2xn5H3PvgiUunC43gZo3vLA37N.jpg
1011679,Shark Side of the Moon,/v5CfpzxoJDkZxjZAizClFdlEF0U.jpg
631997,The Forest of Love,/ndAU1A3JgGRExX6VPyOXQbEk0av.jpg
15071,The Contractor,/udf7WGMqLeq4C91a4xEoS7WAh1.jpg
96399,For Greater Glory: The True Story of Cristiada,/7jgh0ej04j98q2NFpSZLlpDazUo.jpg
22681,Homecoming,/ALPTyUklWtULWAzaf0J9vrRfUN.jpg
429742,Still/Born,/kZ1BbnMArbnSISel8dK9mpRwWIB.jpg
315588,Dreamgirls,/jji0voa3xDORDgWXezKC5jdx3Q3.jpg
785522,Skater Girl,/e8yxFPOvNmhlfUXBqiNvvpMI4t5.jpg
13955,Beethoven's Big Break,/n6BFaobIdGWQhYI1uiq9gmY4FBq.jpg
16515,Captains Courageous,/qhJNHLwIcMqDKBwsr9uMDOumO33.jpg
26782,Shadows of Forgotten Ancestors,/9oSZTeejmx80tIBVSqYzJpFhjkI.jpg
14028,Behind Enemy Lines III: Colombia,/K5R3hdUJ5x3McuGQHlxi6ApasV.jpg
26811,Dr. Terror's House of Horrors,/ccQtFSAGievlTYpuS88PCTHzLu7.jpg
37757,Never Sleep Again: The Elm Street Legacy,/wjo0erw7vqzI3gGfbapCkZjxehV.jpg
18935,Ernest Goes to Camp,/pMmIFo5roUZ6hNqHOINbkj6EREz.jpg
17113,The Ballad of Jack and Rose,/sSdtLtdjjKIrGFXHgmhBYGFMiHJ.jpg
390059,Permission,/1YIGIS0Imzi5S2bbkjlQOhEJthS.jpg
664297,She Dies Tomorrow,/zzFftAIaCkNDt8TL4yQN8RweLrw.jpg
22013,Elmer Gantry,/5vd031r08rrfSMqtB9UarwqCUOz.jpg
42309,Fear Island,/ozq6b1kgFdEpHdJdaBVnet1cbeW.jpg
26579,The Heart Is Deceitful Above All Things,/nZ2lGgvXZpsA3Dvsog06xzjBmAO.jpg
7216,Zombie Holocaust,/cywaFiHQqWhl9USmPeTjleANhIn.jpg
627087,Lunana: A Yak in the Classroom,/wjJsQBaga2ikFLucV6ikAJYfXwU.jpg
2546,Zazie dans le Métro,/v9b6LNIsWUYqqWhX4FVH4YURx1i.jpg
192538,Hammer of the Gods,/6qfATvarIf0xlbE9WJRnXP1P37R.jpg
363889,The Funhouse Massacre,/vKgDw6miuun9ij8H7YSAte7PLZA.jpg
248376,Once Upon a Time in Shanghai,/wcVpL3h2ElqHdi8gxpEY8A8HSnv.jpg
26398,At the Earth's Core,/ntoB5onzp4Cm4LXHFRrLrogkeI3.jpg
298040,Gods,/5oDW4t1K8xAFeU0meO7PoVHPq8S.jpg
268105,The Similars,/s7DRD0wc2kP5OovLbpmPvsSyCvz.jpg
810731,Why Did You Kill Me?,/5x95riaxPFC8SUQTit4ZkkqxXh.jpg
115084,Piranhaconda,/oqgQghwDwyv4PzyaoMUnhgtiCjt.jpg
30566,Blacula,/yLqtFeZfRPoUUzzro3ogCdobB6q.jpg
31372,Samurai I: Musashi Miyamoto,/3kDRRF7WJeJ4YgnJYwk175KcRlZ.jpg
595216,Play or Die,/lBT6UQX3qpNz9VAqk40CU5fOzJ1.jpg
47104,Through the Olive Trees,/xcwCF0YTyAOMrVLgXHjvPP0gGbh.jpg
474444,The Wild Boys,/m1W1JFnlNwtEr99SYclKYhORMXQ.jpg
68941,I Do...Knot,/au0d6J8NmCryHD1sK5nDZkmLK9w.jpg
25993,Asylum,/dNLelAHNX8reXhtNfTMRF10gGIj.jpg
43423,The Wind Will Carry Us,/zGFailx3ZZmPLYvJ4VdodJ53zlq.jpg
773867,Seoul Vibe,/txaOvJ6HURmqFbpVtJezWNWqaR4.jpg
39037,The Good Guy,/xwSQ62M3B1LTpHhau4MaREIwfSy.jpg
734796,Don't Kill Me,/d76rZrqTzw3lRE6bQZC86tJ9W3.jpg
444513,Amy Schumer: The Leather Special,/ilM07h1EfcudkfRhmTjelpRl5IQ.jpg
409317,It's a Fairy!,/krowYpPk8PiINjZLnbFkk3Nvd5.jpg
592508,Sooryavanshi,/oCymRm6FG62zrKnXiHHJvDgkYoA.jpg
463116,The Stolen Princess,/titPCgI2xMAPv0Y2iasvqHj7vnv.jpg
1030613,Faithfully Yours,/gKcmp0l5kpvzEogOVZij4dSdLNJ.jpg
19155,Before the Rain,/e3oPylXb2nnoE5fVLaehi1Jaxsa.jpg
160085,Break Up Man,/3b9tQFCfnCGFcM7kRKWJAZcw2qA.jpg
24358,The Second Renaissance Part I,/t4Or0GcrxuvjTuwKBwHqpHyUsoT.jpg
41463,My Favorite Wife,/eRyGZiEWGn9bADSI5CXWMStBhMD.jpg
264001,A Fairy Tale Wedding,/4qhQL8DgUArAK21PrtjAS4N1F8Z.jpg
51996,Thin Ice,/15KTuJlR8GclVrgX0g58oACqiqv.jpg
30931,Dark Night of the Scarecrow,/qLGmL2AFjheZpxRke23943lElsa.jpg
409164,Boys in the Trees,/nZzSxliBkqVqRaXKCnQVr59VcNt.jpg
62029,Bingo Bongo,/5ve4VuCwi7Xas5s50ynEB7uFjM2.jpg
19846,The Interview,/yW462Tqs3pGcYFaNAAYlsfeDpcG.jpg
10416,What Planet Are You From?,/2VtgMZPj3uDLz0zOQqZ74SUZGK4.jpg
266537,Not My Type,/zmiC4nYqOD6DYU5h9IMHT5WOwb1.jpg
44425,Dabangg,/bPI0NEAaVicmpmzWcWUHNRaYSAf.jpg
241829,The Making of The Walking Dead,/8V7FDbfxqgA6rKTEYOKpgeORPFV.jpg
168676,Company of Heroes,/mdQqHr070c4mbfwJ6zani0asSDA.jpg
76349,1911,/iJNaLeyVk7KPYrTPESbXOd1Wk0Y.jpg
293644,Top Cat Begins,/qqgXfEgWUm3GjQ1QorETpACXeZQ.jpg
429765,Dance Academy: The Movie,/dduMngstBR9Ctn6Q4GN5f9rTEgJ.jpg
574088,The Weasel's Tale,/wcAHJpXWOOLukNW7nSe5snBt0xK.jpg
12656,Feeling Minnesota,/fCJ5eUZw6mGS53spQxGUu7rzFm1.jpg
17622,Fifty Dead Men Walking,/p5mYYqTPOcgieIeSoyq7SorEyKg.jpg
760154,The Secret Diary of an Exchange Student,/tladXTnCvsMDqJI8RiU3LpasSbT.jpg
194113,Blackadder: Back & Forth,/qECmOrIvgjAtNMbB5OLDdFhnio3.jpg
355254,De Palma,/uYYxSGwKWrnN86Uyuk0NyDzCLwh.jpg
104329,Last Passenger,/ntIHy3C3Xgd5bl0c85pFX6joTFq.jpg
456611,Lupin the Third: Goemon's Blood Spray,/AeF2oitbvWfsuyz2FUs9Ohlqx6N.jpg
50987,Fort Apache Napoli,/8hB2cp65RF3Odu1h35JNh7wcQko.jpg
294562,Lavalantula,/fOcUwBJ2eOekwqBtJZncnrshtos.jpg
10434,"Faraway, So Close!",/5VaPw0NgM4DloukmQTggzgvD4rb.jpg
517324,Yucatán,/6z3f3I2YLpaipyYGItOf7c7kqRK.jpg
279972,Digging Up the Marrow,/xCE04zhX6TSQF1VvViyVTBVqvkr.jpg
356149,Robert,/kTJ5n360iW97AY1Jw8K49gwHgGW.jpg
51072,Beautiful Lies,/s59yijelLaTRB17L9WTwY0UOn6l.jpg
799375,Stutz,/uOiJmotRM12wsgfwiEXsp3AErdU.jpg
54557,The Chaperone,/l5IKZ3V5OF1Feake5w1aVxIsV8R.jpg
18612,The Desperate Hours,/6dlnooyIBoZgmd1fGwlLIaKGe8Y.jpg
439961,Lo más sencillo es complicarlo todo,/fQPR4Xvpk7YktiXr9MwWQdFIv2T.jpg
30239,Vincere,/zt9yAFfkOia3NltkhjMT5WaPlcV.jpg
50211,Scout Toujours,/wfdAdoqZlSnKTFlhATVk7oUWVb.jpg
796849,Ride or Die,/c7JzcVK4OZY1u7HYiFBOASkKPP5.jpg
468996,Super Size Me 2: Holy Chicken!,/bq1RcG7UPEzyq63Gi8S59h50Z3X.jpg
45871,The Mission,/h6caee9nexiPgidsuR7ltSnaZYG.jpg
2165,Liberty Stands Still,/itFpp5ZvdrhrFB7PwFcaWevwdyb.jpg
499461,Mortal World,/pvCx6rNMqxodzxZi3F2gSEHxb2T.jpg
502350,The Tree of Blood,/z3GhO9usvGOkGm9Okiym8RyET8t.jpg
260063,Seal Team Eight: Behind Enemy Lines,/vRjvUbDaVUwBx3dXSJQoT7l2Oi1.jpg
28377,Hell Night,/djm5ORLWfZlpmowguJ7LqiL6WwW.jpg
444218,Three Seconds,/g7dr7pC2JYOBi3heCudlI5Ec5jY.jpg
57382,Halal State Security,/84NUzUir6haXE5dqg5vn6Gyx56g.jpg
364733,Blind,/cXyObe5aB63ueOndEXxXabgAvIi.jpg
566368,One Child Nation,/7sDzvNmjdJ9ShTPta5GhmZBIFwb.jpg
35215,Smart House,/wnFxy9bhTS5xNOG4tfxk5oLEqVC.jpg
751,Murder at the Gallop,/lCLJ6yutSJc8PkiazcEh8dB6Juh.jpg
280511,Fastlife,/AdzW7z9L1lKhVQ2uIESImGFaAWo.jpg
28165,The Toxic Avenger Part II,/m5o7B3VSAjvinjtSYxXD38senvb.jpg
17795,My Fellow Americans,/l5TDGKAUmqbmWPeCb6k30iNAVtz.jpg
112304,Soldiers of Fortune,/zWiufsMRKIEwl1x4B6MC8Cz75cH.jpg
291692,Brotherhood of Blades,/d2mXV6VXqpxxv5Zet9xc2rKVpJz.jpg
332718,Bilal: A New Breed of Hero,/ncWuEzxnXqssxRfHghZuUAIezCo.jpg
510284,Braid,/sp8dzGdwBh3cDU8ygyjtoejfZzI.jpg
158091,Metro Manila,/2OHaFLI0vIvW1z2kklNfpQZV2W7.jpg
48392,Sound of Noise,/fD4WnzQH0YrvqXXon9RDTnOVPUw.jpg
98162,The Painting,/ol4cgUIyw3FXFmJOILBowuGTZgI.jpg
34223,Vamp,/fWXjESqmqU8QCrfWowVcdeC8Uij.jpg
579496,Call Jane,/n3oV6065tgYpukAjLxSbWcfqdg9.jpg
12278,Soul Man,/tYwLh0wQ2Ggk4tRIbkEY3nkSiHA.jpg
9054,Gone Fishin',/lGRHE7s2iGgJ0JNO9gxm8BJKelt.jpg
204765,Anything for Alice,/trfopBZxRfuy9QNMSdlEvU5TbZD.jpg
9724,The Mistress of Spices,/4B1bLyeRdrVVS9TirZdPUyP9we1.jpg
15771,Class Action,/9BOsvZL2DuE2JFGYOssynTjs8K6.jpg
375527,"Half Sister, Full Love",/gyvMm4iN8Rsii2FgR2SRRZ64rr.jpg
17653,The Legend of Fong Sai Yuk,/pFqTVNWseJbikSGXEbIKk5ninbo.jpg
35031,The Milky Way,/8fugqdJerIs1j3pTNvhN54M5mcZ.jpg
47607,Tiny Furniture,/5T81WvUlc1Our3UwmluXBBc3L0k.jpg
392832,Two Stepmoms,/cBhtcPan4jRqmpbraCRjv3X6Db3.jpg
48243,Essential Killing,/gwLUPEqjHz55khkXeQB3hOYx1ao.jpg
300542,Queen of Earth,/pnkTFRx3fPh6NTSBYmSSjkp48SC.jpg
20034,Hush,/lJH4yVlQuMwqgZM6UOTVzfqFSp4.jpg
180371,It's Going to Work,/q793L0YiI5kmGRpIYOYVCJWgiAE.jpg
35977,Pumpkinhead II: Blood Wings,/fZIoluMNFq1KfMc4gJH0LLXxueq.jpg
1285,Torrente 3: The Protector,/s6T6Sg2d98FKo3g1VCAjzJcW4H0.jpg
12650,Il Mare,/csJ2BCbQaaNL4n8dk3W91QiAWmV.jpg
323694,Nina Forever,/l6fIaMjMx4bCHLvgCcnNfWctfm2.jpg
75301,Being Elmo: A Puppeteer's Journey,/7W2jIcJoWyMaYNiSkCxhZQX3OQF.jpg
75204,Imaginaerum,/kQWx3rTawlFtj3an599mqe6VdTz.jpg
271954,Water and Fire,/7Q91NanJYGIUljUM7STDLECllyq.jpg
519091,Carmen & Lola,/wS5tfqh2vPVaV8PZASZNRYAQgMr.jpg
240341,Ghost in the Shell: Arise - Border 3: Ghost Tears,/nrMr4ht4CgX4tyseN1uYVHXENJN.jpg
797946,The Djinn,/nJCPWN1NZCKmA4cfJNgGdyC6r9K.jpg
893672,Con chi viaggi,/wvKckOMqyeZlEXx0su4pQsc98As.jpg
843932,Nanny,/mPhXHRudGxsXIQq1WM6oVePkFIp.jpg
13391,Vexille,/xF5je4N99eoh94Zahus2Nhm45Yl.jpg
75229,The Monitor,/oKktKH24h2VmsXidgZN3SouSnNG.jpg
18872,Maborosi,/ri9sequtTo9K8I6AQoRbbBzU8F2.jpg
8060,Married Life,/AdJKmRh3AKX5CVCdwdw1dNTqEJ8.jpg
44571,The King of Fighters,/qDI6PbIjeEdLUoPHGaZqDMV9Fdx.jpg
43418,Beneath Hill 60,/5eHtQC77fmILNRd7FG70SOdChs8.jpg
869641,Vacation Friends 2,/wmH3VaUbwwTO3vDJhWT35BOFgb3.jpg
83660,Paradise Lost 3: Purgatory,/QNpVc4FEFcgQs3cwe7XRsxt8gS.jpg
3478,Ludwig,/9ruh503sW0dkIcWdTKkvY01B8rc.jpg
12568,Brideshead Revisited,/bfL9uCXHpQ8dryueFCh2BA8R75u.jpg
72721,Nostalgia for the Light,/62dxABTMRYgrMwK8nUvXzTITcR.jpg
159037,The Square,/fbhmYUTdRgnFvumVewTCLgbvYm9.jpg
11315,Dead or Alive,/a8IVGH4teyBpnekItRedOBI4xOi.jpg
22999,The Flying Deuces,/wXXA3s9tzRV7tgiFqhm7Nvu9W8B.jpg
397514,The Windmill Massacre,/jlmbMnrzxkFaSa8UnHefY4tNuOp.jpg
600881,The Son,/vcytE1v9e4RGjdhDYobbkFUNJxB.jpg
39410,Mothra,/87hiAyyGFHPuuJ3iXHK8xZSMcRP.jpg
136585,Return to Nuke 'Em High Volume 1,/elpbF2qmAh6T9U0vYDjFTt4BHy6.jpg
25009,Mogambo,/sKc2pZhmTz3xfItLAci44vCTrYx.jpg
380565,Home Invasion,/9Wbt3orDldytLe3JMOl2lzukxnw.jpg
15873,The Bridge at Remagen,/dIdzAPIYfDbjFP7yyKXbo8wOwLW.jpg
447743,Inuyashiki,/lyqkQ6y7d4YGVQrRjtmGTRMVcDY.jpg
54005,Getting There,/9MDDTvaiksJycSi1EMZSBvUndcw.jpg
34549,Max Keeble's Big Move,/eJ4olY0dZMC1MfMhRkLOWisWYtu.jpg
654739,Hard Hit,/y2Aimt8isimtigec3e4kB2G9FMR.jpg
210913,Blood Glacier,/b3TD8k4Jd7ah1Hasre8LZR3FpUD.jpg
20789,The Flyboys,/pQoxndesKFNyG3895L0yiVcVJUK.jpg
4499,"Pepi, Luci, Bom",/cNzt34XYkb7BZLyWXowQrTVOcdS.jpg
383585,The Yellow Birds,/rCJwKafIkkt1Z0sMhhJWGox99hB.jpg
594691,Lovers,/qfR0MzhqBW1wIAo3Hzo2MgmAfyG.jpg
26127,Joshua Tree,/kKYMrf2iwyyBYbGYnzPVWV8LXUQ.jpg
24914,Kid's Story,/lCpg6JJV1lAw55VCXF2sfgQelQP.jpg
289269,Lady Bloodfight,/ezcYsF2k1wJLuAINo8xhzub6JK6.jpg
353575,LBJ,/780oVVWLDHMx2DCn0xUHeOEw0na.jpg
10174,Madonna: Truth or Dare,/A16IjPcedRgntxfGdYCkQo4ykOH.jpg
47261,Carancho,/hkmLIIQSlWmisJ4SRGOgypiOmjr.jpg
16363,The Best Little Whorehouse in Texas,/b2XzEkhOzLc84LuZdQtswu2AJaN.jpg
414018,Damsel,/dNZxjsJwmKorpPvd0kquJffYROr.jpg
36877,The Blood of a Poet,/paHmfMrtQVT2cUTeteni3iDgRym.jpg
452406,Speak Up,/f6xznqPTxSgtRuED0YML7mr9bsh.jpg
357940,Mr. Six,/hVttIfMDjQwHdVpUYhxdBamkl02.jpg
124277,The Maker,/4geL2tHSHECuG0WjHYMxaUidiWa.jpg
30941,The Anderson Tapes,/6pjMMwqnL4qkl5pFnlfAqp0cNn9.jpg
613345,Une belle équipe,/wKwsFZq55QdJGUQhT63OCl96Vrs.jpg
770922,Canvas,/43KcPNPNi3KTpOTYghmYYm53RZX.jpg
21518,Air Bud: Seventh Inning Fetch,/zLsy4zylPWwcwEn0WPqBzNIJ1jj.jpg
29030,The Tomb of Ligeia,/a0fOkhL0zp2DSmRme2yJjcQTGJQ.jpg
866678,Furioza,/sSIo1vG0IILxzHkLKmtFEoTbVE9.jpg
79082,One Piece 3D: Straw Hat Chase,/krHkuzdmSYqXaVJnhobUh1V8rW6.jpg
207475,The Ouija Experiment,/EeqPNq8D4GckMFmWH2hlIpk73R.jpg
591121,Maria,/ygKutavmuPvoHIfKXRBgymt6ilv.jpg
18628,Very Happy Alexander,/rQkeFyDIm9f8Oj6MsmlIxShOfu2.jpg
43445,La Terra Trema,/fncv7eMZ2wjNYVjWrsd8EfQfYQC.jpg
31000,Amos & Andrew,/IdhtO8iqvmyEJtcjThthZPOiaV.jpg
40194,Paris Express,/qUrOeJl4OkUAtBqEJXeTGGDpfUz.jpg
474944,Rainbow: A Private Affair,/7AG2j8ug2sKVF9Mz58xwxTEO6IO.jpg
1018645,The Volcano: Rescue from Whakaari,/7LQUp64Ub9JfnLVuzyhEHdc7DBg.jpg
29267,Destiny,/zgRB2MhCTfOMkxRO7seX6GxOaKJ.jpg
28319,Nightmare City,/jbOkO2kxxfISyBWPCSKsVJS0MFc.jpg
326382,Zama,/kpp9R6iYKSIXxfyW0feVYrk0jsg.jpg
16392,Redline,/lE1XfidwJml7lNGi0D4KlB8uQFY.jpg
17729,The Glenn Miller Story,/eEuwIMj7jKYaUt0ZG6aVpYxlkrC.jpg
19035,Dimensions of Dialogue,/frllemYfEue2vgcqKUY5HASb2ub.jpg
56340,The Widower,/sK8NVHo9jtUDBU3JEJiaKXaiHbx.jpg
34024,King of the Hill,/eHTGwaYNnUrCH3qxDP3QKHxQi2o.jpg
366644,The Guardian Brothers,/A2Sl9BRnVG8LqYQqjvtRG1zZ2TP.jpg
49279,The Man with the Rubber Head,/yiqdrTcFSHzGMkKGk6huo6w0gin.jpg
4435,Aśoka,/3S9u9oMFEwvzt1OGSv9PBowzmiD.jpg
50719,"Silent Night, Deadly Night Part 2",/bg2wBjg5zNoVxZnt7RarVQBxUuj.jpg
295490,Digging for Fire,/ArdyFegHcWnCGqoKoWlWFFzvzn.jpg
39522,Mega Piranha,/vZB82Iqg28c5UxY3maGg1gGr3yF.jpg
12661,Undercover Blues,/r9yKccGLLzpPwRCyfCMjG2oNcbF.jpg
394412,Fiore,/xHq9J7uX3NudD8bogRF9cxFw5pK.jpg
3681,What's New Pussycat?,/seKbiGx8mjF04Bx4LVBQk741Eqv.jpg
145316,Air Mater,/sEixqafB6xfwovGZ38YPyUlhCuW.jpg
24126,Warlock: The Armageddon,/qpRtxbnLb0qFP93db5vwDDXvWz2.jpg
387399,We Go On,/dBk6ol8q7kzlU2o7C5LmNmIXCQP.jpg
532880,Ready to Mingle,/4xAcWQhSd5ANs9ipsXoac8yeW2p.jpg
