id,name,poster_path
1399,Game of Thrones,/1XS1oqL89opfnbLl8WnZY1O1uJx.jpg
71446,Money Heist,/reEMJA1uzscCbkpeRJeTT2bjqUp.jpg
66732,Stranger Things,/49WJfeN0moxb9IPfGn8AIqMGskD.jpg
1402,The Walking Dead,/n7PVu0hSz2sAsVekpOIoCnkWlbn.jpg
63174,Lucifer,/ekZobS8isE6mA53RAiGDG93hBxL.jpg
69050,Riverdale,/c1ROxK1Afo6YuGi3j6ClXmrNcHi.jpg
93405,Squid Game,/dDlEmu3EZ0Pgg93K2SVNLCjCSvE.jpg
1396,Breaking Bad,/3xnWaLQjelJDDF7LT1WBo6f4BRe.jpg
71712,The Good Doctor,/luhKkdD80qe62fwop6sdrXK9jUT.jpg
85271,WandaVision,/frobUz2X5Pc8OiVZU8Oo5K3NKMM.jpg
60735,The Flash,/lJA2RCMfsWoskqlQhXPSLFQGXEJ.jpg
1418,The Big Bang Theory,/ooBGRQBdbGzBxAVfExiO8r7kloA.jpg
84958,Loki,/voHUmluYmKyleFkTu3lOXQG702u.jpg
1416,Grey's Anatomy,/daSFbrt8QCXV2hSwB0hqYjbj681.jpg
82856,The Mandalorian,/eU1i6eHXlzMOlEq0ku1Rzq7Y4wA.jpg
456,The Simpsons,/vHqeLzYl3dEAutojCO26g0LIkom.jpg
85552,Euphoria,/3Q0hd3heuWwDWpwcDkhQOA6TYWI.jpg
75006,The Umbrella Academy,/qhcwrnnCnN8NE1N6XXKHFmveJR9.jpg
60574,Peaky Blinders,/vUUqzWa2LnHIVqkaKVlVGkVcZIW.jpg
76669,Elite,/3NTAbAiao4JLzFQw6YxP1YZppM8.jpg
76479,The Boys,/7Ns6tO3aYjppI5bFhyYZurOYGBT.jpg
60625,Rick and Morty,/cvhNj9eoRBe5SxjCbQTkh05UP5K.jpg
18165,The Vampire Diaries,/aBkVgChtyyJaHyZh1gfd8DbzQon.jpg
88396,The Falcon and the Winter Soldier,/6kbAMLteGO8yyewYau6bJ683sw7.jpg
31910,Naruto Shippūden,/kV27j3Nz4d5z8u6mN3EJw9RiLg2.jpg
48866,The 100,/wcaDIAG1QdXQLRaj4vC1EFdBT2.jpg
119051,Wednesday,/9PFonBhy4cQy7Jz20NpMygczOkv.jpg
1668,Friends,/f496cm9enuEsZkSPzCwnTESEK5s.jpg
1622,Supernatural,/KoYWXbnYuS3b0GyQPkbuexlVK9.jpg
81356,Sex Education,/zn6VNUOHGWKvSGRL6KiMtAe9ELy.jpg
44217,Vikings,/bQLrHIRNEkE3PdIWQrZHynQZazu.jpg
70523,Dark,/apbrbWs8M9lyOpJYU5WXrpFbk1Z.jpg
1408,House,/3Cz7ySOQJmqiuTdrc6CY0r65yDI.jpg
77169,Cobra Kai,/m7tG5E1EbywuwTsl6hq990So0Bx.jpg
85937,Demon Slayer: Kimetsu no Yaiba,/xUfRZu2mi8jH6SzQEJGP6tjBuYj.jpg
1412,Arrow,/gKG5QGz5Ngf8fgWpBsWtlg5L2SF.jpg
1429,Attack on Titan,/8C5gYahMFmzHKGNID8QrG5t25WU.jpg
87108,Chernobyl,/hlLXt2tOPT6RRnjiUmoxyG1LTFi.jpg
1413,American Horror Story,/5LLG9bjq0i7V5N4UfRhnab8zHK4.jpg
46260,Naruto,/5YW0RIlVAhyp3pGtugyNuvk2TWT.jpg
71912,The Witcher,/cZ0d3rtvXPVvuiX22sP79K3Hmjz.jpg
12637,Rebelde,/kQHXg2BOiODkF4yVI75NcodMmAJ.jpg
63247,Westworld,/8MfgyFHf7XEboZJPZXCIDqqiz6e.jpg
82883,The Act,/vb1sQLC2MqfCPOFqHd8SyVsyDVB.jpg
19885,Sherlock,/7WTsnHkbA0FaG6R9twfFde0I9hl.jpg
62104,The Seven Deadly Sins,/gxTojpKEOtue85EEFlozwRbDXwJ.jpg
62715,Dragon Ball Super,/qEUrbXJ2qt4Rg84Btlx4STOhgte.jpg
62286,Fear the Walking Dead,/l7N9aS6VyYvjelKoCB2eZge0Qky.jpg
2288,Prison Break,/z885tJn5kkUHppjIK1g2Q54iTff.jpg
65930,My Hero Academia,/ivOLM47yJt90P19RH1NvJrAJz9F.jpg
37680,Suits,/vQiryp6LioFxQThywxbC6TuoDjy.jpg
70785,Anne with an E,/6P6tXhjT5tK3qOXzxF9OMLlG7iz.jpg
42009,Black Mirror,/5UaYsGZOFhjFDwQh6GuLjjA1WlF.jpg
1100,How I Met Your Mother,/b34jPzmB0wZy7EjUZoleXOl2RRI.jpg
60059,Better Call Saul,/fC2HDm5t0kHl7mTm7jxMR31b7by.jpg
65334,Miraculous: Tales of Ladybug & Cat Noir,/psDcRgUX38cIeGeADwLRPyO7SYC.jpg
105214,Dark Desire,/uxFNAo2A6ZRcgNASLk02hJUbybn.jpg
62560,Mr. Robot,/oKIBhzZzDX07SoE2bOLhq2EE8rf.jpg
12971,Dragon Ball Z,/dBsDWUcdfbuZwglgyeeQ9ChRoS4.jpg
100088,The Last of Us,/uKvVjHNqB5VmOrdxqAt2F7J78ED.jpg
37854,One Piece,/fcXdJlbSdUEeMSJFsXKsznGwwok.jpg
61889,Marvel's Daredevil,/p7oImOiZAUF4DCreZuE11hWJRyA.jpg
62688,Supergirl,/vqBsgL9nd2v04ZvCqPzwtckDdFD.jpg
2004,Malcolm in the Middle,/ckLLIsNy3Z0Go1PYHA2PHzVymUA.jpg
1434,Family Guy,/hw2vi8agaJZ7oeSvS8uEYgOtK32.jpg
66788,13 Reasons Why,/nel144y4dIOdFFid6twN5mAX9Yd.jpg
2190,South Park,/iiCY2QIGSnmtVkIdjkKAfwDs0KF.jpg
87739,The Queen's Gambit,/zU0htwkhNvBQdVSIKB9s6hgVeFK.jpg
34524,Teen Wolf,/fmlMmxSBgPEunHS5gjokIej048g.jpg
4604,Smallville,/pUhJGETy2sec4vEkiqJ9eGeIywc.jpg
90462,Chucky,/7KbhQpg6OV2o58SoulRbEtK9HYT.jpg
95557,Invincible,/lxVS24ZhG3WQf3IMbkFIg6olT6A.jpg
60797,Scorpion,/hzeirSF6bRjssDh5JFrm5WRwFLd.jpg
91363,What If...?,/lztz5XBMG1x6Y5ubz7CxfPFsAcW.jpg
1405,Dexter,/q8dWfc4JwQuv3HayIZeO84jAXED.jpg
4607,Lost,/og6S0aTZU6YUJAbqxeKjCa3kY1E.jpg
13916,Death Note,/iigTJJskR1PcjjXqxdyJwVB3BoU.jpg
246,Avatar: The Last Airbender,/cHFZA8Tlv03nKTGXhLOYOLtqoSm.jpg
2316,The Office,/dg9e5fPRRId8PoBE0F6jl5y85Eu.jpg
94997,House of the Dragon,/z2yahl2uefxDCl0nogcRBstwruJ.jpg
4057,Criminal Minds,/7TCwgX7oQKxcWYEhSPRmaHe6ULN.jpg
2734,Law & Order: Special Victims Unit,/ywBt4WKADdMVgxTR1rS2uFwMYTH.jpg
5920,The Mentalist,/acYXu4KaDj1NIkMgObnhe4C4a0T.jpg
46331,Under the Dome,/fwH0ePhd7m3swtCuFeubtR49ZTd.jpg
43348,Pablo Escobar: The Drug Lord,/5u02bo70uzUFpEV9Pd0lFkLA9Es.jpg
94605,Arcane,/fqldf2t8ztc9aiwn3k6mlX3tvRT.jpg
99966,All of Us Are Dead,/pTEFqAjLd5YTsMD6NSUxV6Dq7A6.jpg
79242,Chilling Adventures of Sabrina,/yxMpoHO0CXP5o9gB7IfsciilQS4.jpg
1403,Marvel's Agents of S.H.I.E.L.D.,/gHUCCMy1vvj58tzE3dZqeC9SXus.jpg
63926,One-Punch Man,/bS6GeCRInMRl6oQN6czCqPFdcHN.jpg
80213,The Purge,/9CaS2XFd0Db42grzzVBnWcSkrbg.jpg
71886,Siren,/k906XXqqFMT93v2WMkIOtUcEAlV.jpg
60708,Gotham,/4XddcRDtnNjYmLRMYpbrhFxsbuq.jpg
16286,"Yo soy Betty, la fea",/iEBOiXiDGaxVR6w8aKgG5MEusuO.jpg
46896,The Originals,/2llbXc2BOkLkBGgcNJCRbrWedUO.jpg
4613,Band of Brothers,/pGzV187ogXzgJrvPRy2YPi29ofH.jpg
104877,Love Is In The Air,/bE71f9A3eztjcd5JT3MmHB8MbzA.jpg
1911,Bones,/eyTu5c8LniVciRZIOSHTvvkkgJa.jpg
88329,Hawkeye,/ct5pNE5dDHryHLDnxyZPYcqO1sz.jpg
80020,Super Dragon Ball Heroes,/8jq6xv5c1WK7KAPOXCsodm8eUxp.jpg
48891,Brooklyn Nine-Nine,/hgRMSOt7a1b8qyQR68vUixJPang.jpg
39351,Grimm,/iOptnt1QHi6bIHmOq6adnZTV0bU.jpg
615,Futurama,/7RRHbCUtAsVmKI6FEMzZB6Re88P.jpg
2691,Two and a Half Men,/A9QDK4OWpv41W27kCv0LXe30k9S.jpg
46952,The Blacklist,/r935SMphvXppx5bJjbIBNx02fwc.jpg
86831,"Love, Death & Robots",/cRiDlzzZC5lL7fvImuSjs04SUIJ.jpg
19614,It,/4ybQ6gopB3H3cu0seVZLznDnIKo.jpg
95479,Jujutsu Kaisen,/hFWP5HkbVEe40hrXgtCeQxoccHE.jpg
12609,Dragon Ball,/onCLyCOgszTIyyVs2XKYSkKPOPG.jpg
78191,You,/7bEYwjUvlJW7GerM8GYmqwl4oS3.jpg
46648,True Detective,/aowr4xpLP5sRCL50TkuADomJ98T.jpg
74577,The End of the F***ing World,/f1OV9xEJCZVYcYSDRr5xOD8NJw3.jpg
44953,El Señor de los Cielos,/Ag7VUdnrRz5Qpq3Yn3E5OCvFnu0.jpg
79460,Legacies,/mwJ3OxbliRwCvceSJvAzPiFu4WZ.jpg
387,SpongeBob SquarePants,/zDuKxQkG8EemvLdBn43ChdM0MJL.jpg
4087,The X-Files,/5BD0kiTGnDxONqdrsswTewnk6WH.jpg
67335,Sin senos sí hay paraíso,/7lBJ6lOS0uQqsH13U9iMTikawQS.jpg
57243,Doctor Who,/sz4zF5z9zyFh8Z6g5IQPNq91cI7.jpg
60866,iZombie,/q4nqNwAhzVR7JuYctrWJvUWz3xR.jpg
1409,Sons of Anarchy,/dNNZe7wqrcXgTSbiSlkEaodhm5s.jpg
67915,Goblin,/t7aUi8jbsIUSCNqA1akAbKjBWjU.jpg
40075,Gravity Falls,/dNxEEK5CdNQbp4YcEtICXelRqvP.jpg
63351,Narcos,/rTmal9fDbwh5F0waol2hq35U4ah.jpg
75450,Titans,/8e6QiSexmYKaiHGPvbhaFMmQEhc.jpg
15260,Adventure Time,/qk3eQ8jW4opJ48gFWYUXWaMT4l.jpg
69478,The Handmaid's Tale,/vEirHBHZIHKWXFEiv93zRU4XhJB.jpg
31917,Pretty Little Liars,/frB4pyzEnYnO3F67iYPGZGEpEbr.jpg
56570,Outlander,/oftZNfyTVNU7IfOqoGLoT8MGvNs.jpg
1425,House of Cards,/hKWxWjFwnMvkWQawbhvC0Y7ygQ8.jpg
92749,Moon Knight,/vKDUmKO6F9bSKKyHhg7YGbgcEeF.jpg
1421,Modern Family,/klL4yhwiU8aF4AuF5dCfJA9sRnS.jpg
110492,Peacemaker,/hE3LRZAY84fG19a18pzpkZERjTE.jpg
62455,Locked Up,/1kH9u5DkoDUuIlhFFWjz9VSlKhC.jpg
62710,Blindspot,/4AeYzamQmd9Fa6hawDmYKbdvBSe.jpg
70881,Boruto: Naruto Next Generations,/e0B6i48kxdRkMcK4tR4YNfXGWOc.jpg
1398,The Sopranos,/xjORbljyMZ8mgYlnftYOVujHoAi.jpg
27240,Seven Deadly Sins,/u7UUYOeMcQ62qHhRhWeGO09h8qH.jpg
60622,Fargo,/9ZIhl17uFlXCNUputSEDHwZYIEJ.jpg
34307,Shameless,/9akij7PqZ1g6zl42DQQTtL9CTSb.jpg
102903,Control Z,/8VNA0RdrPk8Ec7XVjpeT0Rnui79.jpg
113988,Dahmer – Monster: The Jeffrey Dahmer Story,/f2PVrphK0u81ES256lw3oAZuF3x.jpg
115036,The Book of Boba Fett,/gNbdjDi1HamTCrfvM9JeA94bNi2.jpg
1424,Orange Is the New Black,/ekaa7YjGPTkFLcPhwWXTnARuCEU.jpg
84773,The Lord of the Rings: The Rings of Power,/mYLOqiStMxDK3fYZFirgrMt8z5d.jpg
67178,Marvel's The Punisher,/tM6xqRKXoloH9UchaJEyyRE9O1w.jpg
46296,Spartacus,/c2GKN4VHCj1dnjFMANRpGkCVBae.jpg
58841,Chicago P.D.,/7gtp4lusk685hdmuEXMbYrmSQoY.jpg
62127,Marvel's Iron Fist,/4l6KD9HhtD6nCDEfg10Lp6C6zah.jpg
95594,Fast & Furious Spy Racers,/ejqbIUDbSWlgDeCoKBFGwbFML3N.jpg
75219,9-1-1,/89ZV0IBrNa1EFmivRN6jl0sti1n.jpg
80752,See,/1kZdBrH1C07Zf2131QUpmju3kO6.jpg
1705,Fringe,/sY9hg5dLJ93RJOyKEiu1nAtBRND.jpg
62643,DC's Legends of Tomorrow,/icv3e1l8od9VjQD4NlvpBySyY09.jpg
71728,Young Sheldon,/MpdROQ5XxQqOMKhJlLUf7PTxIC.jpg
16997,The Pacific,/x9Y1IMFdY8Ma222KcQadFEau0EB.jpg
40008,Hannibal,/pbV2eLnKSIm1epSZt473UYfqaeZ.jpg
67744,Mindhunter,/fbKE87mojpIETWepSbD5Qt741fp.jpg
61222,BoJack Horseman,/6JFWzlChcGgLiIUo2COgNlWGFKy.jpg
61374,Tokyo Ghoul,/y2roOFsew9nJKKVwwJCHSyzgpK9.jpg
1981,Charmed,/z4bPJ1BWU2EtV69NII2GVvsugQ2.jpg
38472,Marvel's Jessica Jones,/paf9wL3mOW9LT3ZjRxXqJcjeMEv.jpg
63639,The Expanse,/lLidDKUYF5pcmH7zaM6J6nyRQGG.jpg
1892,The Fresh Prince of Bel-Air,/3d6tBbClvVjgF6ZyPl3SojfFU3e.jpg
95057,Superman & Lois,/qJ6ndkbqgqS1n7ETi0YHhcjASym.jpg
4614,NCIS,/2exOHePjOTquUsbThPGhuEjYTyA.jpg
91239,Bridgerton,/luoKpgVwi1E5nQsi7W0UuKHu2Rq.jpg
1639,Heroes,/7Cn1Sj5yipu7tBX14BbaXuBHbL1.jpg
44006,Chicago Fire,/iiI1YU8akLYWdWuX1qHuMYPvSHC.jpg
1407,Homeland,/6GAvS2e6VIRsms9FpVt33PsCoEW.jpg
154521,The Kardashians,/q1tKB9Wd88GIIfUYFgyh0PQXOCv.jpg
69740,Ozark,/m73bD8VjibSKuTWg597GQVyVhSb.jpg
45871,Locked Up: The Oasis,/7EOWkNGxXq2MBZxfV3ZxjRM4vlH.jpg
72844,The Haunting of Hill House,/38PkhBGRQtmVx2drvPik3F42qHO.jpg
39272,Once Upon a Time,/49qD372jeHUTmdNMGJkjCFZdv9y.jpg
52814,Halo,/nJUHX3XL1jMkk8honUZnUmudFb9.jpg
11250,Pasión de Gavilanes,/91UV7pNcDPhIzJl7EuK36sK5vRG.jpg
1438,The Wire,/4lbclFySvugI51fwsyxBTOm4DqK.jpg
90239,El juego de las llaves,/aok4wrjWlQHyrPNQHXNQS4jfqEB.jpg
105,Sex and the City,/jfLp8gTfdi9d8onEFJ60kp1Bl1e.jpg
1433,American Dad!,/xnFFz3etm1vftF0ns8RMHA8XdqT.jpg
96815,"Sex, Explained",/nIwI7rlhVXlfDHNoLFfYzkz7TJ4.jpg
1395,Gossip Girl,/hvDlmhoImfX5oUYS2gXxsMrpSTB.jpg
35610,InuYasha,/m7gGPZCguDU7bmVqQ2ZiSo7b9Xc.jpg
89641,Love Alarm,/s87JyAWtRLLlmsYWXTED1l8henB.jpg
33880,The Legend of Korra,/dZgYvSfuh1YHDrJuILlVQ5oA2hF.jpg
1437,Firefly,/vZcKsy4sGAvWMVqLluwYuoi11Kj.jpg
96677,Lupin,/l220jMmURQUTzgkFuf6u8YpYs84.jpg
92783,She-Hulk: Attorney at Law,/hJfI6AGrmr4uSHRccfJuSsapvOb.jpg
71914,The Wheel of Time,/ihBi24EIr5kwAeY2PqmsgAcCj4n.jpg
65494,The Crown,/tjUEdX1Pzn1VqNlpUduEnnhhRH4.jpg
12697,Dragon Ball GT,/rLHhDpv6rrhuzBjNzaMRNv2fng.jpg
31132,Regular Show,/mS5SLxMYcKfUxA0utBSR5MOAWWr.jpg
1920,Twin Peaks,/lA9CNSdo50iQPZ8A2fyVpMvJZAf.jpg
31586,La Reina del Sur,/p11t8ckTC6EiuVw5FGFKdc2Z7GH.jpg
73586,Yellowstone,/peNC0eyc3TQJa6x4TdKcBPNP4t0.jpg
4194,Star Wars: The Clone Wars,/e1nWfnnCVqxS2LeTO3dwGyAsG2V.jpg
31911,Fullmetal Alchemist: Brotherhood,/5ZFUEOULaVml7pQuXxhpR2SmVUw.jpg
93741,Jurassic World Camp Cretaceous,/nkCbCmlwjwT6QL44DqG7qE9ch8H.jpg
2038,Drake & Josh,/udCvGctktHvvf8w51XyTPfcmzDa.jpg
90802,The Sandman,/q54qEgagGOYCq5D1903eBVMNkbo.jpg
63401,We Bare Bears,/3xWzlLZ0kAD6SkVZTekFM9lxZyP.jpg
47,El Chavo del Ocho,/d2xJ6xmrchmnVL0S9gsbiGHskxp.jpg
71915,Good Omens,/1ibIjP6puA4y2SfCn9icSehHrBu.jpg
76121,DARLING in the FRANXX,/oO5tir7lV4slZHTyhW8lTFrgyif.jpg
77606,The Boss Baby: Back in Business,/mUVZHkJPKDYgDy1dbDdi0Esj9eB.jpg
12926,Teresa,/5Thydptu5Ym3mq0XTGJXpdl624Y.jpg
1400,Seinfeld,/aCw8ONfyz3AhngVQa1E2Ss4KSUQ.jpg
90260,I Am Not Okay with This,/kf3yX0ILNlLJ42X3lX2iYJ3QRp6.jpg
110316,Alice in Borderland,/20mOwAAPwZ1vLQkw0fvuQHiG7bO.jpg
68421,Altered Carbon,/95IsiH4p5937YXQHaOS2W2dWYOG.jpg
61550,Marvel's Agent Carter,/yUV0l4Kzned4zZmOw4LpzZkGrG8.jpg
10545,True Blood,/ktEp6fzL4xzCWsSVtrcH8JaQNQy.jpg
45950,High School D×D,/nuGXXJMsinqGAva3niLI00x1h3K.jpg
1419,Castle,/diXBeMzvfJb2iJg3G0kCUaMCzEc.jpg
47640,The Strain,/2BWErT9QcADpf2G4BZ769eSnFTP.jpg
693,Desperate Housewives,/mmL7HMdGOEaA8tR58s1PrpFsSmY.jpg
62046,Scream Queens,/yeayXZYSU8xdmC8i5g5jTdxeggp.jpg
30984,Bleach,/2EewmxXe72ogD0EaWM8gqa0ccIw.jpg
16420,Boys Over Flowers,/Apn2ccFuy7uahKAd0Kb9DbQQvNY.jpg
45782,Sword Art Online,/mK9zGGk90VmHLOnK79sqlGFjZjW.jpg
62126,Marvel's Luke Cage,/quTfV803fGaSADzTeEqCbIZnt9d.jpg
31356,Big Time Rush,/5yzb0iWXilLpg3iz1LT3H3UGBYs.jpg
100883,Never Have I Ever,/hd5fnBixab6IzfUwjC5wfdbX3eM.jpg
4556,Scrubs,/u1z05trCA7AuSuDhi365grwdos1.jpg
80743,Insatiable,/lHZ4xqGQlmyiFTOVtwnNpTcZgkd.jpg
97180,Selena: The Series,/mYsWyfiIMxx4HDm0Wck7oJ9ckez.jpg
67198,Star Trek: Discovery,/zh7GLsorxecv0D8d7QAVkQUe1ju.jpg
1606,Ghost Whisperer,/nIboXXCporMO9Xskq7Rsf45Z6qW.jpg
60572,Pokémon,/rOuGm07PxBhEsK9TaGPRQVJQm1X.jpg
42035,The Boat,/tfifgKMWPCtEebp7wH9vBKkDpcx.jpg
85949,Star Trek: Picard,/bONYUEn7iMFCebhDuqNG7hqqwoO.jpg
32798,Hawaii Five-0,/sIdCKlmM2nU4akIvFQaAIiU8YES.jpg
31251,Victorious,/2ExjyvEcay5VgzqHjjXsVDHm4of.jpg
95,Buffy the Vampire Slayer,/y7fVZkyheCEQHDUEHwNmYENGfT2.jpg
64432,The Magicians,/A66dZN98BPEYeFQAhNdNCIXa57d.jpg
114868,Record of Ragnarok,/kTs2WNZOukpWdNhoRlH94pSJ3xf.jpg
4686,Ben 10,/pT0NlYVIkwM2zAw9oUkePwrOlxW.jpg
63333,The Last Kingdom,/8eJf0hxgIhE6QSxbtuNCekTddy1.jpg
1411,Person of Interest,/6FuKOyJgViZXgMDOq9djFJLWPqX.jpg
97186,"Love, Victor",/pcT1vivabBnBk0tZgVBO1I8aK75.jpg
46298,Hunter x Hunter,/ucpgmUR1h5Te1BYegKItoPjOeF7.jpg
71411,El Chapo,/2ClXk4PoOGmkk676y4q6T26GJOb.jpg
1415,Elementary,/q9dObe29W4bDpgzUfOOH3ZnzDbR.jpg
1620,CSI: Miami,/pNW64pjaHvf6purNaFhq4SHYRfl.jpg
120089,SPY x FAMILY,/7NAvPYPAu7MeHwP8E9sn81PqsRh.jpg
18347,Community,/3KUjDt8XY7w2Ku70UE0SECmv1zP.jpg
46786,Bates Motel,/xXKcfZE7ulYxgjjYv51s0zDG69s.jpg
46639,American Gods,/3KCAZaKHmoMIN9dHutqaMtubQqD.jpg
112888,True Beauty,/sld43SJArZqlnANJabq8R5wdOZk.jpg
79744,The Rookie,/jbMefmo6EjcvpOULP50nfMpGP70.jpg
68507,His Dark Materials,/g6tIKGc3f1H5QMz1dcgCwADKpZ7.jpg
61056,How to Get Away with Murder,/bJs8Y6T88NcgksxA8UaVl4YX8p8.jpg
89247,Batwoman,/pBpxKiitMuYXvtsXNSzya8DKKzV.jpg
74428,Rosario Tijeras,/q03eQL8AUx49lVH6IT3IlmWzhQu.jpg
62264,Ash vs Evil Dead,/zsX1atjvymc4CKu72jE400QJGzL.jpg
890,Neon Genesis Evangelion,/y2ah9t0navXyIvoHg1uIbIHO3tt.jpg
72305,Kakegurui,/94c4KfA5BHrqLODwvSvTaRtOm36.jpg
61664,Sense8,/kmyvlQ9QKzgdZY31rXaUlgCnzrB.jpg
75758,Lost in Space,/y8NJnTXzb4rio9uvVYFVrXEMofU.jpg
117581,Ginny & Georgia,/j1yqOSVVskSYpYreNT0VeD1S3Dq.jpg
2098,Batman: The Animated Series,/lBomQFW1vlm1yUYMNSbFZ45R4Ox.jpg
86430,Your Honor,/1rWWgTEDFdV330aLgCoaq7I56lk.jpg
80240,The Queen of Flow,/fuVuDYrs8sxvEolnYr0wCSvtyTi.jpg
30991,Cowboy Bebop,/xDiXDfZwC6XYC6fxHI1jl3A3Ill.jpg
79699,La hija del Mariachi,/a9J1rl8X4klFNMLTFGIJIHIjXgf.jpg
92685,The Owl House,/zhdy3PcNVE15wj1wrxn45ARZBnx.jpg
60573,Silicon Valley,/dc5r71XI1gD4YwIUoEYCLiVvtss.jpg
92830,Obi-Wan Kenobi,/qJRB789ceLryrLvOKrZqLKr2CGf.jpg
39340,2 Broke Girls,/xj35Wq2NgSiHFZ5XTEaY3EtMHkE.jpg
58474,Cosmos,/5o07ps0QZ0bNoRYxTn9cPdRWlUu.jpg
60743,Constantine,/gQ3bA1DBKyZwkDCHJFEAT0MkKpu.jpg
4629,Stargate SG-1,/rst5xc4f7v1KiDiQjzDiZqLtBpl.jpg
72637,Once,/sen4We5WQCRsGZe82ohTEmxFD06.jpg
92396,"Lady, la vendedora de rosas",/hkiNJTUqgltJvqEpFP1QpzuujO2.jpg
71789,SEAL Team,/6iSnec83UEMgLOXAtGYwaVNHLjR.jpg
76773,Station 19,/lcuCED5Ky2uM5VE6wILOwt5FEb0.jpg
153312,Tulsa King,/fwTv3RPRAIy0maOMns5eYRRwnDk.jpg
69629,The Gifted,/nshCqszjTNuqhrB53vrSqWO18sE.jpg
100834,Veneno,/megpI1kAHCWYvv08oKIn0CB1QwY.jpg
85723,Raised by Wolves,/f6Xg4mTARZi2YDqAh3WwZuebcHO.jpg
1972,Battlestar Galactica,/99PJSbcO2LeM10uOGWeFihNp77j.jpg
2085,Courage the Cowardly Dog,/dzD8EWDvtg7rBCINu0RCH5EUejh.jpg
100049,TONIKAWA: Over the Moon for You,/jJKTrIfZKoFV66HGMzSa4tkObK0.jpg
5371,iCarly,/kP8Z51s9D8tiGnoRbL88db0e2jv.jpg
1973,24,/iq6yrZ5LEDXf1ArCOYLq8PIUBpV.jpg
90461,Monsters at Work,/2gxgwhcuSmI5xtexb0t9zGj43FS.jpg
8358,Lie to Me,/rrTeGVXHqppoTUydoWV6bCzZs1W.jpg
66573,The Good Place,/eFV0O3u0CbVdhEYIozea4iZRn3O.jpg
79696,Manifest,/eTemCphrglLKrXOsNRhYezHA7H9.jpg
67136,This Is Us,/jFElG5Xi87bBVdv2rpaclvuyfnw.jpg
97175,Fate: The Winx Saga,/oHj6guMrLfQcBzo3uxwBJc8Y736.jpg
87784,Defending Jacob,/JTmkzwSDRiS9nvSPwpDB9fmZj2.jpg
66292,Big Little Lies,/zxGkno93ExrTMsJVllH6mzQ652z.jpg
64464,11.22.63,/1fH41ccMKvgDTbbcCxWWH6fznah.jpg
94667,Traveling with the Derbez,/eBbRM16FR79GfpMsd5pXwm36J3s.jpg
655,Star Trek: The Next Generation,/vkLzXddgUKH5VcpnYiRzpJFrZhz.jpg
84661,The Outsider,/aMiPwPQjQI1EZN3xP2V0sSU37dc.jpg
97546,Ted Lasso,/5fhZdwP1DVJ0FyVH6vrFdHwpXIn.jpg
89456,Primal,/9jIatSC61s5Y3d5Q63yIeZFvP7u.jpg
52,That '70s Show,/1rzL6DVmCSZ3jzLFon8mhYcRsUK.jpg
8592,Parks and Recreation,/dDuzrl9rUIBYieZjqmtNCdncrmZ.jpg
37606,The Amazing World of Gumball,/VYnnyA2hyxi3VUPgCA71mMtt69.jpg
62285,Marvel's The Defenders,/49XzINhH4LFsgz7cx6TOPcHUJUL.jpg
86031,Dr. STONE,/xbZQ3fDl0y5mt0ARwfeyrgQ4JTw.jpg
61923,Star vs. the Forces of Evil,/dKFL1AOdKNoazqZDg1zq2z69Lx1.jpg
114410,Chainsaw Man,/npdB6eFzizki0WaZ1OvKcJrWe97.jpg
45790,JoJo's Bizarre Adventure,/ogAWwbh3frWtiTyyXrZaVFtqCgp.jpg
73375,Tom Clancy's Jack Ryan,/cO4py3L3q5GNPrA0qr1wVDrosK1.jpg
67195,Legion,/4WLMWQgH3eXNP1aGrAuwlSiIx5j.jpg
103768,Sweet Tooth,/dBxxtfhC4vYrxB2fLsSxOTY2dQc.jpg
1420,New Girl,/8oCqMlKKomCArVtyOjRzMN6g40Z.jpg
61617,Over the Garden Wall,/m3lU8n7WxzMecxKZcqhq5y5ESy.jpg
71790,S.W.A.T.,/7Bttz4hEspKlpU0Me57dkHNR3nf.jpg
79501,Doom Patrol,/9HBqyuBAb9e6su6R9SfbWyVCGFf.jpg
21510,White Collar,/417XNiGvdzCsG9kDnnQJYaBsIrx.jpg
85720,Shadow and Bone,/mS9O9mjPlwpLTne4JgQlDkgREWA.jpg
126280,Sex/Life,/kfcJl5e8CRWDU7e4vX6uNABPRbS.jpg
128839,La Brea,/wEo5pzSZ3MF4EzNvY2R1OZNX266.jpg
79788,Watchmen,/m8rWq3j73ZGhDuSCZWMMoE9ePH1.jpg
57706,Ranma ½,/qb1R5iLZcjIgdDIfXFQXmJadQPI.jpg
58450,What Life Took From Me,/hHtfaqrGmpvgk6I6ARsqNcOoz9b.jpg
115857,Daughter from Another Mother,/lq0n5QzBA78ndUDb9SdN93P8hjY.jpg
4589,Arrested Development,/qMzwO952hMWQSCfHkp7IL20s4K7.jpg
47665,Black Sails,/mZcSwrDdw6cdOVgXm496DgwrQcQ.jpg
96462,It's Okay to Not Be Okay,/6CvvTWcw9vSf5Zpgeot2ppE0P2D.jpg
2490,The IT Crowd,/qZXkBoOUYzvKI4UCMzDQ5kqWHjh.jpg
80623,BAKI,/j4bL0G8h8k49MuXKYfZqhXqk2rI.jpg
83095,The Rising of the Shield Hero,/ftavpq2PJn5pyo5opJEmj8QleKD.jpg
4616,Xena: Warrior Princess,/qjUn6GVZVDifLHB7bvVrgZsOfzE.jpg
80968,Narcos: Mexico,/uYcZMiIIUv8NPebpqKbUGhf2M3y.jpg
54671,Penny Dreadful,/hQSdrXBYTbLGHYDIseHkBOPXTgL.jpg
45815,Brazil Avenue,/3wH4kZ0hdoizAcgqCgp3gUD1fFq.jpg
82596,Emily in Paris,/Ak59Y9bzykmV0wAiwKsqrbORDBo.jpg
74016,The Resident,/2IkYQJlT26yXef2iot7dhRtavSC.jpg
4327,Mr. Bean,/pUNQV35kDaKuejnXGNiUeEBurNE.jpg
65844,KONOSUBA – God's blessing on this wonderful world!!,/oRaOeQlwktbGSd2T31FYAcgHZlh.jpg
79525,The Last Dance,/oVf4xGGbDtwVHiKn8uTuSriY7PH.jpg
60863,Haikyu!!,/ecQ84z2sR0XapZu435MnFuEBzD8.jpg
42444,Saint Seiya,/dhtiYYbob8saEUFWle3aWgVY28M.jpg
120168,Who Killed Sara?,/o7uk5ChRt3quPIv8PcvPfzyXdMw.jpg
54650,Power,/ctftzvyj8b0odco7EoS9VfJhf7K.jpg
2384,Knight Rider,/t57NXzTrwp5rnPXiaX4BThrDxt1.jpg
67070,Fleabag,/27vEYsRKa3eAniwmoccOoluEXQ1.jpg
253,Star Trek,/qD8WmNZ4qDeHEgYktUXvz9ptgQ.jpg
4336,Drawn Together,/xhshQ2WgAa5zyXqwRcxKMDwRBGd.jpg
42671,Elfen Lied,/mYakikF9MYpiRRQKnXQD6ubRHwr.jpg
56296,Orphan Black,/xKo79AxtabAFoJTqz4RuC3APND4.jpg
76719,The Rain,/bBBpi5pgOEZlCOgx2q116oPdJnx.jpg
107113,Only Murders in the Building,/yhx6PnU3L2a6FnEFGOlBKTZ8TSD.jpg
86423,Locke & Key,/zuxGfRKziGHPogipnEXXykdDmyT.jpg
72750,Killing Eve,/4wKhTVw8aGq5AZMa0Q1spERdi7n.jpg
115004,Mare of Easttown,/78aK4Msbr22A5PGa6PZV0pAvdwf.jpg
87689,Warrior Nun,/fLP0mA7FiERZhDP1NJUaHpm6XM8.jpg
62017,The Man in the High Castle,/xhoDZbMNeyCA0BGPZQsdIiO43Dp.jpg
1891,Rome,/6TthtTTZ0H7SUkQxJIv0l9yhOOU.jpg
65708,Taboo,/om1wVOuEtwH3krHutIWO9sJzkS5.jpg
71024,Castlevania,/ubDtIBwdS9b29sBofAkqWz3PqkT.jpg
900,Skins,/c7yEYviYpMb9CfOASt3IEhMQ9PB.jpg
79680,Snowpiercer,/3s6ZyZKurx6wDJZMXSsbUsgjWCI.jpg
31268,El Capo,/hTwfFidPtRU3BUH8mK90jWyPyBr.jpg
13027,Amor Real,/leUsrci2EpuIj2PZQt3nZgbZHae.jpg
10283,Archer,/o51NY5Zjgh7ridCu93dKOdKftVy.jpg
604,Teen Titans,/sxZtM8pDtLlJPVdZwbapORg3AEC.jpg
96648,Sweet Home,/1h4OqxXYRRM2FA3Nu6GBgD3puJj.jpg
82739,Rascal Does Not Dream of Bunny Girl Senpai,/cU4jHfo1Q9AEPnFqFqtuSA74gdi.jpg
17610,NCIS: Los Angeles,/TIIgcznwNfNr3KOZvxn26eKV99.jpg
34967,Falling Skies,/bCCtTjSyRBNW7oVdgmEfbwxaE4u.jpg
61175,Steven Universe,/gKUuGaeZ9qiJ9Spoq0LrANQSN5x.jpg
5451,Without Breasts There Is No Paradise,/pSsQ5rFalyT7ehwgeSlITgBSi5S.jpg
1431,CSI: Crime Scene Investigation,/jBybUiienGpfLoDkbS5nvY4i40A.jpg
90027,Carnival Row,/jyhxT10e2z9IDsKoIQDKhyxSQJt.jpg
18011,Vecinos,/c35P7xK3RQDINeHhSXqqKq3oKBk.jpg
62823,Scream: The TV Series,/9hI1eJW2EMVM2KpOLqIjJ3jkYvj.jpg
61459,Parasyte -the maxim-,/cXBfjZSdJelu2r0wKD7qCxS71kb.jpg
124834,Heartstopper,/p0AtD0ivSlHq2MHY6JFgyhNqAQY.jpg
94305,The Walking Dead: World Beyond,/6HanIV2hTLE2w7A5bI1KJb3bTL7.jpg
80986,DC's Stargirl,/cy6NrjLr0thF4hinCg5p5GURdz9.jpg
90937,BEASTARS,/zKEFedE4KEUWdfPvjVC9G1VyEoK.jpg
61852,Henry Danger,/f3TEP5SROTpL6e520ohhSNbUv1E.jpg
63407,My Heart is Yours,/kMF4iYqlnsQMglOsr0C6KIVtB2X.jpg
105009,Tokyo Revengers,/arB3L9pZZBSzUPSC8BEv8c3X0bF.jpg
41727,Banshee,/5nXFiz8Rn8eezVjSTZBd7HmnF1G.jpg
83100,Dororo,/jyFHtqYeVvc2A9nLhFGvM49xGPg.jpg
1104,Mad Men,/7v8iCNzKFpdlrCMcqCoJyn74Nsa.jpg
31072,La familia P. Luche,/zBajkGhOB2FsVVhp4uagcy5dyLn.jpg
69061,The OA,/rueY4slMeKtTGitm0raFUJvgaa5.jpg
70828,Surviving Escobar - Alias JJ,/iaIFLYKIInDohWnq2Lm63PKipi6.jpg
7842,The Tom and Jerry Show,/qO0aveHUNqKciN9hO5EvBQGtZ3d.jpg
4574,X-Men,/jRGOY8KvL7hHrJcfKfXe99C4pc5.jpg
66203,Soy Luna,/78CUmir4MDINMKdkUt4TmW5d7k4.jpg
64230,Preacher,/ey1WQajA25E5sFGHSApcqSWUSEc.jpg
90669,1899,/gZleGu1MQVBArH2dlpZ9CGi0hhy.jpg
62650,Chicago Med,/gHP1tbA9XZ8rQTwgNpNKP8p3H9Z.jpg
2352,The Nanny,/4syShXMjaPAP3mG81ekhruv94sd.jpg
105248,Cyberpunk: Edgerunners,/7jSWOc6jWSw5hZ78HB8Hw3pJxuk.jpg
102966,100 días para enamorarnos,/r13t1ohRQAlZpsjxgTKY7ypkWPc.jpg
86248,Upload,/xHA48xeftf7hZmjXNZqDghCZM1a.jpg
4658,ALF,/shRed7ZrCRjdIMEYNx2YBVFkkNu.jpg
62914,Merlí,/eBzpj7PxyeRFCIYHQjB5kDnhX4a.jpg
81354,Ratched,/mDakjPhBYXIKSgeDiWl7hBzvsrD.jpg
6040,Ben 10: Alien Force,/sEocAE3h5iu8CUNhdx1gHan7QJf.jpg
33217,Young Justice,/y6oejQ0RGFZYILobsvze8F0xWEY.jpg
93740,Foundation,/1AZERr7KEJBpcchQ6vFcbUUC0Zw.jpg
71738,The Orville,/78xnHh9H5wYcUeZoB0bt1UgInAW.jpg
67075,Mob Psycho 100,/vR7hwaGQ0ySRoq1WobiNRaPs4WO.jpg
1778,Zoey 101,/A3O2B4cHEyMpvknrdG4bcV4eaYh.jpg
68267,Trollhunters: Tales of Arcadia,/9VZmMzINVdO3ZYGsKItU39pNO2l.jpg
83097,The Promised Neverland,/oBgRCpAbtMpk1v8wfdsIph7lPQE.jpg
5178,Stairway to Heaven,/o5hxzWnfIvBioeuLd8Io1Sg3EwG.jpg
1215,Californication,/jPqOY8cq9KXQN4bD7zJGHCNvcb4.jpg
605,"Sabrina, the Teenage Witch",/nNhj3coHNVVJPVM7fm5PEYVTCMO.jpg
60948,12 Monkeys,/tPX5Jg29XSx05qNterYGYGKbh3o.jpg
2309,Danny Phantom,/pBUOFBmZLaIxzjDjQP7d3QZrd4w.jpg
71578,Atypical,/iZ10Q7bEBP5bYD8DpKIbsRxdpeC.jpg
89393,9-1-1: Lone Star,/3bV3trdMZqQOpHEjClrogw8TJzw.jpg
66084,Acapulco Shore,/vM4cQleo6hdKtMaFtSeZZrPnUpS.jpg
109958,The Haunting of Bly Manor,/vIXQ8UymmQ7zJEPrKJP3s3fSbhR.jpg
79649,Project Blue Book,/rqrzjT5nc7mTD5IKVMLRhLeyzgD.jpg
1044,Planet Earth,/mfXulHiALTloIqivuC4Q3lI3RGw.jpg
74204,Big Mouth,/v0WrnCkqwXAVhVOu0bGo5ljaZJV.jpg
125910,Young Royals,/8o3agKlXNOIjN2SdCdbjLH48GKk.jpg
62110,Assassination Classroom,/qf0l0nQ2t06Es3cSXflqx6l6vsJ.jpg
4313,Full House,/7g0EyKsIaYjYw3gCIBKMHHE0Kcu.jpg
74440,Harley Quinn,/abDkDGruscppQ2zBb2qcrdkRzzH.jpg
34391,Marvel's Ultimate Spider-Man,/91hqeylCZsMLfcBuuflaVJ5w2nm.jpg
98986,Uzaki-chan Wants to Hang Out!,/4EBxanQHK1fSYsdeRVpBAGeknFN.jpg
63109,Moses and the Ten Commandments,/fQRLMWx39G3SBZSq8kVZ18bezBs.jpg
2710,It's Always Sunny in Philadelphia,/pRWO6ufqSNkWvPXDDQhBwPNSv4K.jpg
131927,Dexter: New Blood,/9EBKgrFIsCFSV1RZKWhYUdbtGiv.jpg
65249,ERASED,/EljUwZJhpuYfVuSfqY8Pt1xxpH.jpg
92782,Ms. Marvel,/ls2Hl8CXmqEHvkDqkN3fRtmDodK.jpg
79240,Swamp Thing,/yToyMn7Zm9hYD6K3CLZ1oOqUcEv.jpg
888,Spider-Man,/AsDMNZ2LtBQlN6WeS2YsWXL7dEX.jpg
73021,Disenchantment,/1WynayCqKRzrl4cFZR8NOfiDwd6.jpg
50825,Sleepy Hollow,/ooDWFmGR5foBvLNsX1t30Kv6Dlc.jpg
92967,Miracle Doctor,/29ifz2K8kqZD6eb2sTKBP9Hlc3N.jpg
39852,The Sinner,/rmibFGdqOe0kKKhPls0jVOdZCWw.jpg
91557,Ragnarok,/37p95Lpe7mfVX86ZcVr7TisAHPn.jpg
1600,Ned's Declassified School Survival Guide,/nmQJ1vR8fOhDHFriYrkImnGNz26.jpg
1621,Boardwalk Empire,/kL6SqlVPpfAof2nQbh1VxkUuXBQ.jpg
89905,Normal People,/c4mk4EQVIM11yd3W43DDdqDazDU.jpg
18123,Scooby-Doo! Mystery Incorporated,/mu8zU2jQfPbGO5bC6RHYrSypxUd.jpg
1426,Luther,/hDxOMX8zzH1FiqKWVBzNaYGBkle.jpg
63210,Shadowhunters,/66YHvvVduC21xcMXPpBBF0ywyVZ.jpg
2290,Stargate Atlantis,/l0JYr2iqwId6VOmCV8dHzlIM6Wd.jpg
93812,The Great,/tpz9UQ3hUwYufNcKWVW00FCjWyc.jpg
1695,Monk,/l7XKtJwl4uxXkbpHdJ3JAfBwRfl.jpg
43899,The Bible,/cqGupIDrTHosdGTm5N0V4qMrZyf.jpg
61223,Akame ga Kill!,/3c5BIEfAhTCWrIi4C8WMuwOl6bX.jpg
3763,Dinosaurs,/rcD2grjO6xAerWLkSgpmGkGhnTH.jpg
80350,New Amsterdam,/jsH4AeGZn5Q6h314A3OTUHKxHhR.jpg
4239,Married... with Children,/qxdOgESOkBMmfcWUizL01mbdqzl.jpg
897,The Grim Adventures of Billy and Mandy,/gxdTn5UwvriN1EzDSNnWr5AAQN7.jpg
1404,Chuck,/vEZvGVVMjk1TRs59nfypTI5lAXj.jpg
4500,The Wonder Years,/tkaduqdhFrF1vp8L55OJfB5jw8Z.jpg
252,Everybody Hates Chris,/3FjakKDEuaO8FpR1qJctV6njqYy.jpg
42589,Another,/6qGNb8onKau8LUAPdKSoRHpNc3s.jpg
64513,American Crime Story,/dqzY6BTXsbDzX5vxrZEXjG8U4rX.jpg
66276,The Night Of,/tNNihWkgioKTr5RrKdcg51qf2TF.jpg
61663,Your Lie in April,/nksFLYTydth9OYVpMuMbtOBkvMO.jpg
2317,My Name Is Earl,/57shLTTkHvhLUhyP1t0lNZPoAxD.jpg
46261,Fairy Tail,/h50lj7xO65qafNYZCrfQ7ztkMBD.jpg
1516,The A-Team,/p2qWJJ7Wyaq2xvgIHuBw4zVNBij.jpg
1988,ThunderCats,/fz23hySaUzpE71CvwcZXMDwqK1u.jpg
80169,The House of Flowers,/zAIp0cT4Hy6faiPYcOPl1VsuGR.jpg
82747,Kung Fu Panda: The Paws of Destiny,/x4yvmIVuXxYKfTlgRtSJnGC1Izs.jpg
42705,Fighting Spirit,/i3U3J2MWovIBZBnZYYiOLBXqNJZ.jpg
61859,The Night Manager,/hdCC5N42cXERbzIn6ED7oqTKtkq.jpg
70593,Kingdom,/AsICtiVtz4icMQQRwDvOzfaTzjK.jpg
18350,Atrévete a soñar,/5l9c4cjcauBpogEqaVbsITHA47K.jpg
83125,Cursed,/wrLC5kx0nEq9U0MyJD7dnOT6m5F.jpg
54344,The Leftovers,/ri8xr223xBb2TeHX3GKypvQPV2B.jpg
33907,Downton Abbey,/3mYwiv6rsnEHnbark7a24Jbx2M9.jpg
3570,Sailor Moon,/ylo2jRmsVCYAXcL1qX2U9GvxpZ7.jpg
110290,Mums Make Porn,/pmdlcd07Yucete8YvEfZyDmzZrb.jpg
60802,The Last Ship,/43pAddeD10rllMQMGN7ucuOi4NI.jpg
4630,The Fairly OddParents,/3ryMj7tIvVtiXyI2tLvHYTjOjq4.jpg
14141,V,/fV5U1eWPC8Dvxq0BUIoF7cvBK1o.jpg
97513,The Boarding School: Las Cumbres,/9KvN6eNNY9kbiWlZ8IS175xj4Ym.jpg
4586,Gilmore Girls,/d2Aw8BloAZQTmXMjNoy2M6KekLi.jpg
14814,Keeping Up with the Kardashians,/nddXOC8wYpIDv7giLzjjqIg8WDA.jpg
64122,The Shannara Chronicles,/yzoaoBSMww5D22Kfrd2LEJumIzl.jpg
83867,Star Wars: Andor,/59SVNwLfoMnZPPB6ukW6dlPxAdI.jpg
67133,MacGyver,/2zAogx9dmSAu2HYxbWzHe4ZaNY5.jpg
89901,Dickinson,/dDdcAfHBZ6Aalv53iR6o35CSLWA.jpg
76331,Succession,/7HW47XbkNQ5fiwQFYGWdw9gs144.jpg
902,Yu-Gi-Oh! Duel Monsters,/6ZOeCBMMoMLH2qdGrQJe8Aaub6N.jpg
2426,Angel,/yC7F367aFSOzsPEvEmzmKtIXyfX.jpg
95396,Severance,/lFf6LLrQjYldcZItzOkGmMMigP7.jpg
67026,Designated Survivor,/5R125JAIh1N38pzHp2dRsBpOVNY.jpg
67466,Marvel's Runaways,/zceMrfO17AQkeWJZNra4O90s1vE.jpg
72002,Dynasty,/rVQ35erLIoV8hyh7lIKAMiChmOO.jpg
1274,Six Feet Under,/ztuH5aJIZQpu5ci27tY2nx1gwjO.jpg
7225,Merlin,/8eR5Jg7CxsuCOEBU5wW0opObxpi.jpg
63767,She Was Pretty,/sIsUgKIFYAASpvvV5Aaip2xa7Zd.jpg
1781,Little House on the Prairie,/rrOItUbzFYzsl2Wl4XJjSeubb97.jpg
607,The Powerpuff Girls,/4CMPCuP6ihU5UvTStv23aGEEMuC.jpg
96316,Rent-a-Girlfriend,/6ZpDPUNtVw6UdJoStvVlRZ62yAi.jpg
66330,W: Two Worlds Apart,/rBuCoS0VB9M6zkEUCvnVrfeF0J.jpg
105971,Star Wars: The Bad Batch,/5Q6z9bjy8dHKA5T8kNmCd8hj6Gl.jpg
32726,Bob's Burgers,/couFnWryh9JRmmfDyPU6hUyTKIa.jpg
99071,Redo of Healer,/rGwsoZaB5oYJMSR9tU7vTsGtAEJ.jpg
537,Hey Arnold!,/c1Yv042okfvMdT1Ulwlat9Tj70B.jpg
127235,Invasion,/wWFs3pl9gWHYvDElQVB4CB809m9.jpg
80564,Banana Fish,/d2TW5Rtd0uCasHlQygsDfWCROl2.jpg
71663,Black Lightning,/h1xbvvO6oqchfLe6xh0yLNnQxeM.jpg
86374,War of the Worlds,/yThmbQkxSzW4HHdAaoj8RYHFH3i.jpg
65820,Van Helsing,/r8ODGmfNbZQlNhiJl2xQENE2jsk.jpg
108978,Reacher,/bQnnKBe3VsvXKMoNCaYmRzs1Dup.jpg
1855,Star Trek: Voyager,/gNS5tRSG3UlXodCxznKKOKweqxh.jpg
96160,My Holo Love,/nLbKNyUKq6WMMoPuL712m43MVhc.jpg
95601,Merlí. Sapere Aude,/kMHA8Ya0dLjif2gnhdWEZ0TprIP.jpg
1996,The Flintstones,/30P6ifagQ3fguTsI33KMmDLTAx6.jpg
95403,The Peripheral,/2e5NNQu9B1fXBNllRj8fzysCguP.jpg
62741,Kamisama Kiss,/5E7GL8KxpFemEFl3Lv8Fu4RuSwa.jpg
93846,The King: Eternal Monarch,/7SLlbkzOJb8v9wXVYIcqozx2hxe.jpg
83639,Girl from Nowhere,/9hDXqzN5l4lBmEtb8IstXr91k8z.jpg
433,Terminator: The Sarah Connor Chronicles,/vkMRWrVrNeX42ruRV5Q15mlBACG.jpg
42573,Slam Dunk,/65Xo6gKpREqXpzliLx9PYqSQ4O.jpg
6357,The Twilight Zone,/7uY4pCOxbEdv4M8jTE4uMPVoSIW.jpg
36250,xxxHOLiC,/5yY74hwLcG5rQSe6cEUW3HjO3J9.jpg
46533,The Americans,/lD4gTLrI81Crs6CDwwjQrnkJrUm.jpg
61418,Jane the Virgin,/DRRHgvsNEfBloMgIP8bBw4zi4E.jpg
100,I Am Not an Animal,/qG59J1Q7rpBc1dvku4azbzcqo8h.jpg
117376,Vincenzo,/dvXJgEDQXhL9Ouot2WkBHpQiHGd.jpg
2391,Tales from the Crypt,/sEQmw4B2eaPWGMlpvbRuzEn2QP4.jpg
106651,Hellbound,/5NYdSAnDVIXePrSG2dznHdiibMk.jpg
64196,Overlord,/aSjpVCanDAwCopdjIgWwrxOWnWf.jpg
62852,Billions,/edwYPQdZE998d748AdwWLsfy0rl.jpg
94664,Mushoku Tensei: Jobless Reincarnation,/z4rvmhoqQiGMnwuBHY1QcH3OqUo.jpg
34899,Magnificent Century,/k84vPy6RpXEaU8Gd6c6QmA7YMtT.jpg
82104,The Order,/x8vDUOvladgjJo8sdNpRelm4lSC.jpg
65294,A Series of Unfortunate Events,/iOmtgcEwXy5q65UIDCgBTJpapWi.jpg
110070,Horimiya,/iSOKGl5KIeOCAtigUDCfFZe2cOi.jpg
96713,The Midnight Gospel,/me3kxfiFRkdto6SmDQv0nczjfmP.jpg
37863,Fullmetal Alchemist,/nSRBXxU05zFCuU8SbcQkQyoXrVd.jpg
61888,The Last Man on Earth,/9TcvdOIBEnIDXbLvFUKluRDa3tZ.jpg
110642,Resident Evil: Infinite Darkness,/xCHJq63FrXCJAF7v69Obd24siDF.jpg
113036,American Horror Stories,/6z8xmLHJTuZPOQ0sXhW23oFZReb.jpg
85801,High School Musical: The Musical: The Series,/2KmbFkZD42I8Q7IZy4WxmZm9W6O.jpg
31295,Misfits,/1yjmRIp8A92FlAw5JpouQ50ATUA.jpg
31109,Ben 10: Ultimate Alien,/n4KwrlUKO9S4GvOdZzmnz4zOxx7.jpg
66398,"Diomedes, el Cacique de La Junta",/dloUU6Qy5yDVIBd6EUhatBCiRsL.jpg
186,Weeds,/gKUsBTa5b0GY7U4iWBseeBalfjO.jpg
43020,Continuum,/s2rTk8cNuaeyaLhrd3PIKCFyYZ9.jpg
61345,Z Nation,/gXfeDMkEcHoYBvtkbU11g3F81b.jpg
119243,iCarly,/ooQbYPupFxyvzEaJreuAUkcjqUA.jpg
74387,Final Space,/zT6tXWsJoBOWJT1PeUEKLTFOoHh.jpg
48865,Reign,/epNfFs0gPyrpekecpzyX0XTkZgI.jpg
69291,Miss Kobayashi's Dragon Maid,/tNznuhcf7WKzEmPQEsIgGMrB3Az.jpg
31654,Digimon Adventure,/vFJAiBNUlzEVa54mXgHGumr1z1s.jpg
46994,Slugterra,/hbAHSGKr0aJStev8w5ebWWZboh1.jpg
75191,The Terror,/eoxvAUG5hbqon869PXuFhvR1LOu.jpg
62687,Limitless,/l5BERaKn3ozRTLhoylIiNwMDvax.jpg
32692,Blue Bloods,/ceqomvL0e1jGkJAPVWFlq2hGl7i.jpg
60957,My Love From Another Star,/zLSzBDDHgNJz63zhXC8o1ngx8Uz.jpg
240,Jackie Chan Adventures,/by2GTFpd2BQ5uJxWPlfcmfrNrfB.jpg
114472,Secret Invasion,/f5ZMzzCvt2IzVDxr54gHPv9jlC9.jpg
12782,Marimar,/eLpQpOALo2VydCCMJzfjAdbE4Rg.jpg
82700,Baby,/xswkOJni9tJYda2yN1QQtgBVaVJ.jpg
65988,Wynonna Earp,/qnIaDelA81dmFaXrhpz6M6dpGSD.jpg
25707,Captain Tsubasa,/ttCqdE4RtUQ0b1LElhQlDYDnuu2.jpg
68349,Weightlifting Fairy Kim Bok-joo,/kyZKEtDNBS5S3ZobqJssdhUYUfv.jpg
61593,Mr. Pickles,/bSWmZnvXIOoqZ7eLderyInsouiF.jpg
4588,ER,/fuS63AoFTkprf8PFeL1f8z68zJr.jpg
54155,Hanna,/pe10EUjgO2jgwiu01MAv9l3IjxG.jpg
56998,High School of the Dead,/oPiNGGZyBzst3hKGFU1mteT0zhe.jpg
60554,Star Wars Rebels,/vOUxo5sfXyQPIoF8rtYK1OVVBPi.jpg
2875,MacGyver,/nLMziyY3Z98fbrPC4e6RwLNPWl2.jpg
61709,Dragon Ball Z Kai,/ykl67ghR2ug6KGFH3CQcI01pzQJ.jpg
49010,The Fall,/77g1S4HFtvjbvaCqxLsqOSsp2cL.jpg
110356,My Name,/h9p1zxKzti35Aqe6xpwkP9NlG7p.jpg
4229,Dexter's Laboratory,/inJJn8lUPWdvdy2h259UnoHWVqC.jpg
100757,Outer Banks,/ovDgO2LPfwdVRfvScAqo9aMiIW.jpg
3475,The L Word,/cRuye5mp69wfnsbfgJiBFQJQo1e.jpg
80748,FBI,/cGLQRv3MLWGrHMhRGn1zsSa9n2i.jpg
93149,Plunderer,/A0XboGeodpGlj33QUtjPMMwrMkN.jpg
2129,The Adventures of Jimmy Neutron: Boy Genius,/1o5ZA4TzRO9EbaMx8scRyn6Ko2F.jpg
87623,Hercai,/xDHKKIQrwL3vP3BKov5TeBTzvRD.jpg
80307,Bodyguard,/5DUJTrHTRLHLCKWriPhdusQogAv.jpg
124364,From,/pnrv8tfOcWxu4CrB8N7xK0jYJsR.jpg
88040,Given,/lTP5yFKt2wzv8vM4EheNgIejEVu.jpg
90660,Kengan Ashura,/pgUnbZScsrfMJIJl43FKOL9sbhU.jpg
1427,Broadchurch,/f5gQRyTZ3v4asugU2F5HXE2FIDg.jpg
84200,Justice League Unlimited,/8PY0OZ1xUbguPipb0a1uL6mg5Ka.jpg
1877,Phineas and Ferb,/haFnEJx44Uk4w2YEzQpdclVURlS.jpg
73107,Barry,/j1XpwD11f0BAEI7pX6UdMhUVX2F.jpg
53425,Wayward Pines,/mK9MowBCPEn7RbsDXqN0MxyPc4.jpg
62704,Ballers,/WyIazPyjmcFMC42nWEpI0jr56x.jpg
62425,Dark Matter,/oWYOFBvIMkW64n51uD4mdje6k2u.jpg
2996,The Office,/23Y3M7bYYhOCIHfbMWGX57hK2zl.jpg
73411,Maniac,/kCNl4QPstAqChFD0NnLpbDFG8ul.jpg
1660,I Dream of Jeannie,/ljlyB3C3uU8Hd1krfEsYn2BVyaj.jpg
61733,Empire,/gTrzYR6gWMhQ8yINW9JCLeoJHvf.jpg
1417,Glee,/62T2vsZYTje3KhdCsiLR1K1RFJW.jpg
75214,Violet Evergarden,/ImvHbM4GsJJykarnOzhtpG6ax6.jpg
1406,Deadwood,/4Yp35DVbVOAWkfQUIQ7pbh3u0aN.jpg
81355,When They See Us,/oPv3nNtkuc6EPEql5lgdOuQNHuG.jpg
2673,The O.C.,/xDc6BMGDaeyalpSZ9KKk7RCBCz5.jpg
70453,Sharp Objects,/1SGovj2qDdkJexvhFiXllj9EYfu.jpg
3854,The Spectacular Spider-Man,/dCNxOhXT7c4lqYuRpdM3m8s9XDp.jpg
32754,Terra Nova,/y8dFONeUSXhMHiFecqFoaGI7S6y.jpg
68595,Planet Earth II,/tUKomxy50suT4MyxjYfOJDkZUq3.jpg
3498,Wizards of Waverly Place,/spVI8Zns4Ep30zzxcoO7f7nwfck.jpg
88236,How to Sell Drugs Online (Fast),/szk2hXe7etcSgyp6WxXCW1an301.jpg
76231,Mayans M.C.,/510A0upV9WRAynEgs1E2B3eBxi5.jpg
132559,The Croods: Family Tree,/c0x8dGn1eurgf2TxvLHsPBrJKks.jpg
28136,Rurouni Kenshin,/lQ4p6OF9KjagTfs8otZt0VTe3Al.jpg
79732,She-Ra and the Princesses of Power,/o2yXOaHIDivBgX2rskW7yrN8pKk.jpg
39358,Revenge,/qx7XytRgg1F03NN5BoK8jx3Cyft.jpg
314,Star Trek: Enterprise,/tsbBTABtNgu0ycsFpnIhiQ5woOM.jpg
65320,SKAM,/89oewcrhN9fixEXxTWgL9X2TUGS.jpg
1423,Ray Donovan,/zxftW7ZGVrOCqH2ifuruieCTb5X.jpg
1447,Psych,/fDI15gTVbtW5Sbv5QenqecRxWKJ.jpg
130392,The D'Amelio Show,/1TMOWefVY5854oxEI0I6yLLMwlR.jpg
116135,Vikings: Valhalla,/rDFy1fUU6OC3Mm0CLFB7u0fGwVN.jpg
120911,The Terminal List,/71f3JHlJCP6V7LhHHiKZgjtFxZw.jpg
2328,Power Rangers,/8lnX8RWeGBdEQPOvf2IKoRtKfZO.jpg
580,Star Trek: Deep Space Nine,/37gPCTyiQOLa9vJeKrpX4HqRq6P.jpg
9687,The Odyssey,/rAm6B3WVRzT4XKD15qF1wrDbmmC.jpg
112163,High-Rise Invasion,/5uXaWe0LXTpBQVBBXL1ynae1DED.jpg
67773,Dirk Gently's Holistic Detective Agency,/q8oMpXPEAUJJ0KztsRs5K51T2lo.jpg
79410,After Life,/6eJf4h9XcvqK64vbx27EFlLVURm.jpg
62273,Food Wars! Shokugeki no Soma,/drteIrKPh0qaTYitGkxAOKoidsR.jpg
3452,Frasier,/gYAb6GCVEFsU9hzMCG5rxaxoIv3.jpg
2675,The Little Mermaid,/32Tb6HZc8yAWqHesMSMnMozr6pi.jpg
56295,Halo 4: Forward Unto Dawn,/Am1yFF4Ye0eJ8fd6mK7HAvHt3FE.jpg
97400,Midnight Mass,/iYoMZYVD775MtBYJfv6OGY1FsnL.jpg
105556,"Don't Toy with Me, Miss Nagatoro",/ogXmggjfiDHBOBwA3JyuEzCr814.jpg
88055,Servant,/plsSSobmPSSz4hm8vYMXeIVkJJP.jpg
46901,True Love,/vcinDWUP7qvFDVPaArnZgVgy4bE.jpg
38693,Ninjago: Masters of Spinjitzu,/fqb9X4th2p2voefRLqdv1xoZQmC.jpg
84977,Russian Doll,/1ju4vQ1EwlIkQxEgWiYmxOs3iBG.jpg
82684,That Time I Got Reincarnated as a Slime,/jQb1ztdko9qc4aCdnMXShcIHXRG.jpg
65143,Descendants of the Sun,/GtbPMgS8oLr0dvLpP9eYXWLLGe.jpg
111110,ONE PIECE,/rVX05xRKS5JhEYQFObCi4lAnZT4.jpg
57532,PAW Patrol,/8HXkgUBO5OF8ZK9XbY69RM4S5rv.jpg
606,"Ed, Edd n Eddy",/8BguP5zLyf3AzlTgRRhpXdz9bnS.jpg
95269,Toilet-Bound Hanako-kun,/qp2XSpNzopObSPkSAi7sujAsdh3.jpg
83121,Kaguya-sama: Love Is War,/5khbC6AuNgnvnoDbjIMKCOhEtIc.jpg
2723,Samurai Jack,/ddZ7Q2WZ0xAHkVXYvcEgNGFgVkw.jpg
94280,Steven Universe Future,/WtYiQk6432J0jCi61UQzLFtCCX.jpg
5522,Doña Bárbara,/4ZkGIkKtXOGy1KklouArbCoEstk.jpg
34415,The Killing,/mOzYV3QH5Nwm8CwkVIUmb0Ae0IO.jpg
65555,Endless Love,/wCo8QUccl6hBkCzOrm4AaLgc87J.jpg
68315,The Mist,/iwDmsffJ5qYBxiGTPdwgIKTscKu.jpg
46028,Girl Meets World,/oU8SXLKORjuSWlszJTFe7GG8r9n.jpg
95281,S.O.Z: Soldiers or Zombies,/arYdHX708nDq6oWNOSjw6NczWc5.jpg
2025,"Beverly Hills, 90210",/b7BYfkhu653D894krwGO1ysIKTf.jpg
45,Top Gear,/aqM6QnuhSXzjHlKbXyKUqxaGiWu.jpg
96203,Gleipnir,/eF1kUIoyL2dxPGGsxNXYrkrAPs2.jpg
97727,Inside Job,/qwJUDMJ4i3KBYjeUFK9Js87iJEa.jpg
62428,Saint Seiya: Soul of Gold,/3IhGGHp8ek5ZQZ53kuIJsaXzlJC.jpg
926,"Scooby-Doo, Where Are You!",/lTzUSCtXR77CmGmEHcaxpxu2b4h.jpg
74682,I Am Not a Robot,/2l1KTliFU7SjNT1OpTojbvjEnZe.jpg
2660,Codename: Kids Next Door,/ppM8Pl6e8JIr39HPLRFgqDH3Vf1.jpg
2228,Pinky and the Brain,/Aj0UgPAjPgF0gtPSBLfQ3Bd77eG.jpg
70796,The Marvelous Mrs. Maisel,/zS7fQiOZiKCVH2vlYSiIsFWW8hh.jpg
67116,Lethal Weapon,/jbMZkxLHVDSKiZh0HppCthRW96k.jpg
113901,"Maradona, Blessed Dream",/qjxEp8azTOezyEZe0EZ353mzdwH.jpg
67135,The Exorcist,/gcXOCWdv0ulNxEqV6jvZcUdZZRa.jpg
67126,Himouto! Umaru-chan,/5FQJOWJ0EyfICDKLWoKHAaDFnrU.jpg
160,Teenage Mutant Ninja Turtles,/AaihPizftZo5YCqzEgHMwkceaEo.jpg
98123,The Daily Life of the Immortal King,/yYcLpRqEZtfUpQCUqm1DGfl47d6.jpg
66786,Timeless,/wFaS9kROwztTWNxIKBbOLwIgApV.jpg
82,Animaniacs,/c1b2UtrhbMOdHKISB2ZvINo9eyc.jpg
114695,Marvel Studios Legends,/EpDuYIK81YtCUT3gH2JDpyj8Qk.jpg
84669,The Quintessential Quintuplets,/rxfiH4tL1j1Uf1C6RwMbizWiGNn.jpg
35790,Cardcaptor Sakura,/dj0uI34MOkZMTE233tfRebs0YYx.jpg
31724,Code Geass: Lelouch of the Rebellion,/2cBDhzbP7KOLbWtTzxS4WIDLh70.jpg
86836,"Why the Hell Are You Here, Teacher!?",/1yss3gl6mMNT9Txvdtvnu2KTWt9.jpg
2382,Freaks and Geeks,/tPqV63zcW6ZV0Hd48DMGb5UzQIG.jpg
42509,Steins;Gate,/6iysgZr6Upm5RlAlVFo5f4D9euu.jpg
4482,Bewitched,/7UZVO1SclbgVWM2ELrwWGaS7i94.jpg
83659,Guillermo del Toro's Cabinet of Curiosities,/a91e9hpWwfCqxJI4xM9Q2RhuxgI.jpg
68734,El Chema,/wuA7gcwhDMbZ4Y1lscXRrgmaJIi.jpg
99778,The God of High School,/AnXFYG7y2A65dr5noYvZSdVq8l3.jpg
1414,The Shield,/AfdZXqqlFsPUEfi6kWWWthxw7Nz.jpg
4546,Curb Your Enthusiasm,/tMKxFUneUgHFdId4DPuL05Khjqk.jpg
3322,Oz,/oTQ9PUnCgf9CimYeWuDGp8iaT07.jpg
98754,Club 57,/n5QNnIaJ5XZZGQcDa58ahIgLQws.jpg
33623,The Avengers: Earth's Mightiest Heroes,/8MwwAuDy6dc1GbiBUZdvWtQczqR.jpg
21494,V,/b2w3vq0uvfmahS6dB41WeWByhVy.jpg
67683,Travelers,/aUVeyeyTrQrSFuUkqLCT8FtV7pp.jpg
76747,On My Block,/w6oviv65UEducvjAdH3sYYaxdu2.jpg
93484,Jupiter's Legacy,/9yxep7oJdkj3Pla9TD9gKflRApY.jpg
96557,Pandemic: How to Prevent an Outbreak,/cHo4wXphisnd2MFZFa6EHDJLwkA.jpg
47450,Into the Badlands,/jtceMKMxHSriLFUGAUfqHsW7uCo.jpg
68878,La Doña,/xPe11sREBZIPUB1SnwckuElru1h.jpg
30983,Case Closed,/9ve6LW4ltMMpp9WjoR4MGViOp9V.jpg
90814,Extracurricular,/sgzV6RNvc3e7LyRdht11NTS6tVv.jpg
4018,Quantum Leap,/ujIGP3e3V6kDQHRhjNYtUE3fHJi.jpg
68716,Marvel's Inhumans,/zKfGip55oJ9tdzhyd9ayGyFFhuo.jpg
3022,Rugrats,/wmsINbZuEBLNP2Z26Xffx5NHJpW.jpg
83851,The Undoing,/3tDbJxobPN3EI2bBebL6zmusmw5.jpg
69470,Santa Clarita Diet,/5rBjNm2sRubaXKBnU904NInFi7P.jpg
90855,SAINT SEIYA: Knights of the Zodiac,/yzfjuIkWzO0ImMEgg9fMHDzR3JP.jpg
2458,CSI: NY,/4TGV4Bb3OPay4cHkQRlfwghv3vC.jpg
86850,Dracula,/5SqUNnExnN7Cr8rzyTXJTWmEMHn.jpg
67557,The Grand Tour,/3Pcqu6QliBWJ8vsOVClVLddPnZw.jpg
38974,Jessie,/tspQe0FuiaUj0U1R1norNbiYTe4.jpg
2942,The Tudors,/tGdf0NIGXrEnFQezRxh9UoT1Baa.jpg
97617,The Misfit of Demon King Academy,/xBNR7V4s5b0qQfRCiyEvIC5PS6v.jpg
5148,Stargate Universe,/n23WMoa9y5TYPuKSQjPArpbHr9x.jpg
2207,Fawlty Towers,/tvTYIjujN87dcKAmSLqcvAahykH.jpg
61339,Sailor Moon Crystal,/q1gtW5ei8tYlkoGhhfSJMj8HN2r.jpg
73321,The King of Fighters: Destiny,/mVwa7oI2MpPBChR6QAArAK4zXmk.jpg
1436,Justified,/aVYuGDlOZMCRt89fAnHTYgk3BMr.jpg
112836,Money Heist: Korea - Joint Economic Area,/mbsRGqJtdKcVbjQxkrfzKCAkYoU.jpg
4610,Hannah Montana,/sRqLl0SHA4diTL8zvUTgBw6DQeM.jpg
59427,Marvel's Avengers,/vchDkX1DtqTy3bIDJ7YqmSbX965.jpg
80828,The Nevers,/v6Xmj8Fy7ZruVTz3y2Po7O0TQh4.jpg
61611,Pinocchio,/i97YOqvylMMkiNzi4l5yyEVbYQi.jpg
18685,Hasta que el dinero nos separe,/m6elQKPtzBlfVa2cHz96NZnBQcc.jpg
65495,Atlanta,/8HZyGMnPLVVb00rmrh6A2SbK9NX.jpg
104819,La Jauría,/iRZX9p0miSsBVV7eBgH0HSjnmE2.jpg
104555,The Great Heist,/j52EFofX8hCoenmvDC4AOppoPWu.jpg
82816,Lovecraft Country,/fz7bdjxPColvEWCGr5Kiclzc86d.jpg
4345,Saved by the Bell,/9YC576fs6XQR2pfPDJn4kcmG8T5.jpg
44305,DreamWorks Dragons,/fDzGH0jGhJMMxbgsb9JiC7Ep4uk.jpg
17572,Kick Buttowski: Suburban Daredevil,/syxcG3suyf3U00z5HOuLbZ9eozl.jpg
4605,The Suite Life of Zack & Cody,/vKOdc6fWHaSTsVjUALFm5S4Vup0.jpg
62816,Quantico,/3ofY2mALEiE0QDyRlVOV3sDNMYC.jpg
4608,30 Rock,/eYYQWACx7ttUzRwTNYuo6zveqpE.jpg
197067,Extraordinary Attorney Woo,/zuNOQVI4rEaqwknrfQUVKtlKE2C.jpg
111803,The White Lotus,/gH5i3JbnLsyTvcImlofNvXtH3i5.jpg
60694,Last Week Tonight with John Oliver,/pJEMXgyI0iKAgHwGq8lPXVu2NeT.jpg
1481,The 4400,/nWpatnVtPVxjsn7mMiRZNAalEMf.jpg
72517,Classroom of the Elite,/8BtSk9DGIlS24otIB3qCagVCI6W.jpg
66857,Shooter,/oMmqtafm6Rdlka1ejJeC9BDWzyO.jpg
32351,Ugly Americans,/lGwH9KWYhU16ZYyNX7mz30M0J1U.jpg
98034,Digimon Adventure:,/7Qspx2eFX0uBSQLLlAKnYrjZgse.jpg
86382,The Stand,/w6XiuRK5QQaLNmIqDRCWOpEcHwi.jpg
720,DuckTales,/muplnM90daPCQ5Bn1olcwN1EO22.jpg
1422,The Middle,/u6FluiFx3ocVS0MgZszfpPKXT2p.jpg
64706,Prison School,/orHai1rrjIOVpSnzawWvlDYs6L.jpg
51817,Teenage Mutant Ninja Turtles,/AOzcRvrIe0lD86x93quSZbucx2.jpg
79008,Luis Miguel: The Series,/zs9nMZdCy0EzWe6ZQoVYWZJpVcm.jpg
873,Columbo,/ypIU92ah9ytKWhDyJJCFoZitbOJ.jpg
106541,The Witcher: Blood Origin,/vpfJK9F0UJNcAIIeC42oJyKMnZQ.jpg
40293,Da Vinci's Demons,/st0sNY1lOYAc69VSf6UtOcbzvtT.jpg
60808,No Game No Life,/kN4BhRDbP3b1nuxpYC443jVLEh5.jpg
652,"What's New, Scooby-Doo?",/7sX80eWq4XHvFGUmCg803iifUcG.jpg
77240,Captain Tsubasa,/zHgc9nTXiP77qoy14BO7WUFTwkp.jpg
42025,Mako: Island of Secrets,/30CkUKWKcMtrDQpE2k8L9Xi6FHp.jpg
4429,Timon & Pumbaa,/sn9PTOwI6ktLHZcysCrP8cqOw1b.jpg
96580,Resident Alien,/uJMbW9d1QqoJWmGOqJv8mAbegac.jpg
15819,Warehouse 13,/5AHe7Wmwl2T0qmJwktTgXG9sFCJ.jpg
136315,The Bear,/3MVHF64rlvH1eofKefIoazXwOK0.jpg
1063,Samurai Champloo,/lYpHeSm7BcUxAbBx1ucuEH7oGAe.jpg
57911,Doraemon,/bHMqPDsW7Lb71CVHXq4PuEvQ4NY.jpg
918,M*A*S*H,/6rhuM3oMoEWKxAdrm7IyM8oq8cC.jpg
12777,Corazón salvaje,/r7O2OTPM6xU6YAIVkHdhETLeqEb.jpg
68129,Yuri!!! on Ice,/oKVFf2uNCLMsovWBxAW14MmhHUm.jpg
11721,La Fea Más Bella,/iLjqdtSIMiodUlcSqRJ4JEW5gG1.jpg
33765,My Little Pony: Friendship Is Magic,/fwW7WgJIjhBsnzk87Gyh6g9187m.jpg
9160,Candy Candy,/xa63wUdChEZL6uDFRzjYITbVPqW.jpg
111141,Maid,/4brWcSXdH31BZUTtRTHj2BYFe6M.jpg
61389,Saint Seiya: The Lost Canvas,/eJNAxUHVXXUSbuc6D1ojSYH6S1r.jpg
2046,Alias,/Dl3KIxWlSEvnXogNHxdXA4pbAk.jpg
117488,Yellowjackets,/o4Ql7oU2W3U8RyeDoSREDdKvTlq.jpg
85922,Space Force,/zgu3p4NvisS8CI68cUfBKbvAvu8.jpg
48462,The Heirs,/n4RX9QVXjHbMB31TDWqqRLjshgu.jpg
45140,Teen Titans Go!,/mTMAxrRaDp0TFpdFVinD3grrqr9.jpg
90282,The Morning Show,/oTfAheayTCWoselYuty8D6Lem2t.jpg
64710,Noragami,/7pL2wGmy92v31ceYvCVIg4ilwLr.jpg
111499,"De brutas, nada",/j2z4qiYmHLelSdnqSAMkDB7jk7F.jpg
79434,What's Wrong with Secretary Kim,/w6muIYgrx1XZFombs3N8owfgLwf.jpg
4620,Eureka,/f2l5hUk63hPqYTucnFy2HmElFV0.jpg
35753,The Familiar of Zero,/edpG7IAoHtEfQ2XMMjcpBarlOF4.jpg
94796,Crash Landing on You,/1poZDh8kVEVHkDSFpuOT6xHdxdz.jpg
106292,Julie and the Phantoms,/m6uNY62Rx6gpUkC7urCOrOTlaj2.jpg
15655,Knight Rider,/e93H0P6GYoDUhHR5uCdmfLDAvKt.jpg
849,Monty Python's Flying Circus,/jugMPE9rTDySDyirqeDssPJLNQy.jpg
79141,Scissor Seven,/nuovZ11MA2pHx6xQVpOFc6Jl1V0.jpg
64684,And Then There Were None,/xbcGTnlxszacXztaOdY2hu5TI7K.jpg
4238,The King of Queens,/bhkkaLKrOdqmEtXHugY1uRCdZNg.jpg
66190,Marvel's Cloak & Dagger,/pYnRJuBPEqZO1o4fcxBTgmKNHfy.jpg
88640,Looking for Alaska,/9Sf2xUDLU0gyJfwDvmXhIqIzgrj.jpg
1558,Home Improvement,/sa3J2ZXeg7TiziuXGyfz99HdYDS.jpg
12965,María la del Barrio,/xGMquh71mh3w3QzUrl1AhCniHys.jpg
1432,Veronica Mars,/vOdJETEueGgUqJR4UvwTdUoJhvO.jpg
87763,Toy Boy,/5jhblvJAmiAVpxWOEXemqEUJYAA.jpg
99581,Unorthodox,/23lbOgje3fggsB8jPf2HnUgHM0y.jpg
63145,Charlotte,/udiCs1RBGfda1z52cBxu8j9JNmP.jpg
2131,Daria,/bBNREgem1hnJtJvX5Ysbwbnv1YG.jpg
14929,Heartland,/uc2gtWczT58BiAUJWFz9P5aZmNF.jpg
2913,Are You Afraid of the Dark?,/9CB16J0RHvbaO8Z7KXXwcknqlSX.jpg
88803,Vinland Saga,/vUHlpA5c1NXkds59reY3HMb4Abs.jpg
61752,Hellsing Ultimate,/evZtiZzMX9VFoM1zzvRUmPoLPBg.jpg
62649,Superstore,/maBJkaBM4UqAttn9UkLCfZEVEfk.jpg
58981,The Thundermans,/1tIYEyjK1LLcX0jYK3ZouT7601o.jpg
7458,The Cartel,/cSvzG2B2uafu5BoP5nt0OvrVrQG.jpg
96777,The Silent Sea,/fFT0IgqtCOks4munDTxQwkvNJkd.jpg
125988,Silo,/zBx1X06G1OlndbXTCZI13FECNz2.jpg
83631,What We Do in the Shadows,/chckIPxBbvyFCcCFz8VPHgWCIHL.jpg
93785,Barbarians,/r3cUaeLUGT8c0YIR8qCDDH2iJSU.jpg
70637,Akashic Records of Bastard Magic Instructor,/8TPNh67XvxuIK6TsFeXbodkGVeu.jpg
86034,Arifureta: From Commonplace to World's Strongest,/kB9tdE00Z5zWIJQux1jiYvRyPIC.jpg
6782,Pucca,/xQjSUOEQTrCqDoBiEYIrNlajCD.jpg
65648,Maid Sama!,/igkn0M1bgMeATz59LShvVxZNdVd.jpg
63764,Senora Acero,/vXhBxsvpW2mGuXRbIK5Yazdp8Zg.jpg
84452,Nicky Jam: El Ganador,/r0SIujs19jJcWTq5IQO1oyB25XX.jpg
4743,The Boarding School,/i5QjefM8tKV5QwoK84EyLvo5CK8.jpg
62858,Colony,/qfS0mp22XfTig2EK3jWKiyx7kNy.jpg
2405,Johnny Bravo,/obbdeoOk8XSXzJrWGiBbaeMMSMl.jpg
87527,My First First Love,/oTE13yLKzpNfGxdUcyEV6Am4WP2.jpg
32218,Soy tu dueña,/6Ey5MIVKGDXPo4TMZy2FkB7FxUH.jpg
2260,H2O: Just Add Water,/jSnemLaRSsmsinVRHDJKRb6pviW.jpg
81046,The Dragon Prince,/d7PIRa6ez7ZEl9D4JUrnSsmcnVD.jpg
62822,Humans,/iBjjSGgnjAQBSQGO9pYIh7Gp2PO.jpg
2122,King of the Hill,/3MnkwPdqQ4if7HL4rYTy6eUyq8q.jpg
42916,Toradora!,/2Z52nZaAQt1P7XJtu8fNlMXgdps.jpg
67389,Golden Time,/heCpefPuxekDMofvR6juY2cCew6.jpg
49011,Mom,/kIi3T7X0kmiV9vGDme146P2d979.jpg
82809,False Identity,/rGIVID9KFrE6oMOtqost2Ccd9Co.jpg
15621,The Newsroom,/2s6IPLtfw0GiMxlJznb1TkA6KXk.jpg
121,Doctor Who,/xinqAmYrZ1TEwowcQhgTkZVtVE0.jpg
107124,Animaniacs,/wmPZzLov9OhiknK4jW4qE6mgvHf.jpg
5835,Goosebumps,/Aekf4MC4JJomqGZcpxdLW1fwwEl.jpg
79818,Meteor Garden,/8yhIaFcLHBPppaeY1iu9GzHtaqf.jpg
88061,"Hensuki: Are You Willing to Fall in Love With a Pervert, As Long As She's a Cutie?",/qH5G6K09CWWgmiP3JCZK7UAkotW.jpg
71715,Good Girls,/gPjcbxrYfbrJNq1Ja8EGd0XtUnC.jpg
45783,Kuroko's Basketball,/5CEIm6RPRU9iy4jBpfreUwJkydv.jpg
141,Cheers,/nD1ZQBKbgKSmKcrAkWTofohsScj.jpg
1126,Happy Tree Friends,/2rYqJg1OzaDlc5kiBK4IdgrELMf.jpg
71769,The Alienist,/1qzuS7b2XjiVcWwmDkOyE5hIxUM.jpg
46928,Sofia the First,/AjtUB1siU3hvqNEA85VLOmuXu2I.jpg
45016,The Bridge,/pPbpaWnRlD2pILRDPIO3eBIj7JD.jpg
123249,My Dress-Up Darling,/A6mxBwvvv63JXZm3xXKv4SugE0L.jpg
2355,Lilo & Stitch: The Series,/997mXFpYV2zdXK4EOctN3hgciaT.jpg
2140,Everybody Loves Raymond,/dcCnVVggEBfNpzHrqzDJqhE6tGP.jpg
62517,Zoo,/yg9x4J3ZTslvVSz5Mtu9pH0FWcr.jpg
75208,Devilman Crybaby,/lNXoTtfBlgijQ9pfZCwisYkPiTc.jpg
87917,For All Mankind,/bfxwMdQyJc0CL24m5VjtWAN30mt.jpg
15842,El Clon,/61KPceoQCcmgoiCGGWURFJn9ICA.jpg
18197,The Langoliers,/xcySnh6hHc98G94dF8sXNJuD0Rp.jpg
71116,Castle Rock,/6dnUpv9ghx84pgxlMOb4uuJrWDs.jpg
63623,Fuller House,/gp9u9KgxQmk5zKBcup5J8cslikd.jpg
114501,Dug Days,/e5kT33XH2gX7xBFIK1uUJAvU5dj.jpg
81349,Devs,/uv63iNWOh69bSJYJQZjiX6n8B3m.jpg
99588,Kamp Koral: SpongeBob's Under Years,/peZYB3aFOBoZbpFhOZogrTHVlqX.jpg
91275,Unbelievable,/jHOrNJNM03Lsjdw7nsw7TlqBOhd.jpg
60726,Forever,/4OnnU4j2tQEOnsPnRZswW91v9vr.jpg
88516,AlRawabi School for Girls,/fP4tqF73imWZ6ZKyk6VDigQZV2p.jpg
77236,A Discovery of Witches,/l7MUpFAE8UEWYnO2Uv7SFtdZ2OJ.jpg
194766,The Summer I Turned Pretty,/ePpNZ6QCT5ylXniZmfQPyjyFCCM.jpg
1435,The Good Wife,/lasNCd45fpPLirlA7QxkuopWro.jpg
84647,The Society,/mxOlnFEQMpxjIltr9Ox06iyjjvK.jpg
86848,Evil,/kkVRKLRy3Gj6nIzMldSmtr8zU8n.jpg
136283,The Glory,/uUM4LVlPgIrww07OoEKrGWlS1Ej.jpg
79622,Hunters,/mjsz10d1abJXZwT9b8CTgniRJh9.jpg
90447,Hotel Del Luna,/8bizZsXoAsOTbhyFKfBogC8mgG2.jpg
32226,Personal Taste,/qNzJSdeNcPZCT3FSMe439hZXaY9.jpg
39269,Scandal,/4XmF8PMSqtHCGNoL15oHbjr5ZuO.jpg
65676,My Teen Romantic Comedy SNAFU,/8knvr1LbnPD8SZjZlkD3cOt3TYu.jpg
35935,Berserk,/zreH0OvbIy9djnV7LOq84UUqTJV.jpg
5739,Dr. Horrible's Sing-Along Blog,/wPXpC4AJHlwnVk5AtlBgsd0497c.jpg
1428,MythBusters,/9MxhqYvwx8FSb5cRWUWEDfpWSfo.jpg
96444,Interspecies Reviewers,/xJZwaZAXoon6wxkgXiWQNEeyW4C.jpg
513,Batman Beyond,/ix6nlIjaHjPnIHwpyHEr38FmXIQ.jpg
2287,Batman,/eJWKgqICVxgDOOWRNBQ7b6Hh5Xb.jpg
85021,Gangs of London,/fVgwa6wGw9ddGM5O7mqrrwB6gHK.jpg
99494,Flower of Evil,/zaD9sixtqMfxmesiWAIZ4JVvgXT.jpg
89844,30 Coins (30 Monedas),/b2i9aaV6ncULl9jYXEoPi7VFJg8.jpg
66871,SIX,/doqvfJojBwtprn3qPxb4ndO3lom.jpg
69998,"Hugo Chávez, El Comandante",/sEThDZHGrhD6UPDVnP7skTAa6mF.jpg
79086,Godfather of Harlem,/t2LLLdpsz7RdXNog0nnVFWrMYxB.jpg
36,Medium,/aqawO5mYblDRwEmHjMiLJa8LyIr.jpg
129035,The Walking Dead: Origins,/tcH17nN3XLcrBdX3HSo1tvPdX8Q.jpg
210232,The Watcher,/6RrseODZo2e66XOzC1XMzMuecnf.jpg
44824,Pasión prohibida,/uA5nvnaSBr6SIqPPgSeIPZMRKtC.jpg
1940,Entourage,/kLKP8zrArBtBboGz3qJOuMGC7rL.jpg
60585,Bosch,/lQPwNJ6DRpmRfTrKy8A94c7IvU3.jpg
1410,Revolution,/pNyg4V6kuDstSSxk6Q9GgaBn4B8.jpg
62699,The Young Pope,/if5zvE8rUMIsw4qyvJERPJUBZDA.jpg
61671,Unbreakable Kimmy Schmidt,/eMFHl0HyLg7k04OVeE4xPvT6XhY.jpg
117023,Sky Rojo,/vu2uJEdX3UPcF8NC6wvBXGcsDJ4.jpg
73544,Warrior,/ip0JTVXV4atOdx18ixlYPwESBQR.jpg
93287,The Flight Attendant,/Aw8sdpX1cvouqQz8SnxC76etn4K.jpg
88052,Black Summer,/d27fZpY8jSZDOs1k0JCL0RY0b94.jpg
2327,Dawson's Creek,/dmUJgcexAi235vXwDmYdLQFunbR.jpg
2902,Queer As Folk,/mmhL30PonbrrpEOQH5OdyUguyMg.jpg
66433,Scarlet Heart: Ryeo,/pAXjnHSmBidcCJzGuxEskeCZV7r.jpg
549,Law & Order,/77OPlbsvX3pzoFbyfpcE3GXMCod.jpg
100412,The Baby-Sitters Club,/afyG6cPl0jeV3SwNwyZxRG0Q9wd.jpg
33761,Triumph of Love,/qjuI9tYDJikLcomkFLwkKoOAagm.jpg
88046,Fire Force,/GXPzNvuDGzWikMEduV99kocohn.jpg
79863,Pretty Little Liars: The Perfectionists,/xIpqBtVpu9bUq05dT3VTRYPjBP7.jpg
127865,The Chestnut Man,/tdLJTZJ184PsO9QkK9aPeeAXLlo.jpg
60858,Heroes Reborn,/bHSkrlwjJgHq8Aa6AdDJvWuSI2X.jpg
3772,"Walker, Texas Ranger",/lldKpGEOlHJXMkb1pi7s7xCExmX.jpg
46511,Utopia,/dQTHgka2IA8gFZ6aiB12CaxBR0b.jpg
4615,Hercules: The Legendary Journeys,/AbmVXsi7Btr6cvppvaHAZflnjTC.jpg
2224,The Daily Show,/nhZhgLYBNYDFRkDwljtrrAVtjop.jpg
114395,A Love So Beautiful,/mNFn1UcwF9ABWS5RrjoZP12z267.jpg
1830,Tiny Toon Adventures,/j9B9RmerM2b39s7xzW6g4vN5B1m.jpg
116450,And Just Like That…,/ckl3YTckH7JeeTx55NQMFf7pMRL.jpg
1777,Boy Meets World,/ioIBfLdkp8HmE2HOJlkLKJGXXug.jpg
4271,Farscape,/fCJx7cCXKOEkmCVIIyP8qk0Pb7Y.jpg
197588,Man Vs Bee,/c80mxgOPvSWJBcgWoI5bf3et5Ws.jpg
42295,Hemlock Grove,/bHX40z7el1xEtAh2jAneFFwIvM.jpg
51019,Almost Human,/7KNvabIPtsfR01H1bJwc1sobRUM.jpg
88324,Virgin River,/rxWHdK7qGFcJIk28UubcduSc1sz.jpg
73467,Godless,/iTtP7jYZ8An1MM5jBeqvEnXfaSp.jpg
3137,Babylon 5,/rj87TqwabgJzslrH4G6BCDseBKV.jpg
82282,"Like, la Leyenda",/b8JynVNzjSzgikErc85lk6MtN4t.jpg
15079,The Suite Life on Deck,/oSXF3foACcGt7NFPjgO6ZeSI37E.jpg
112314,Archive 81,/l1jeSEm6a88GFcLzlHQr60D0dOi.jpg
79084,Pose,/zo682PgHPvZ0Fgy5li3UlLF79Cm.jpg
1615,Chip 'n' Dale Rescue Rangers,/3V9MXtyTgsxUkjGbTZtVF4EUh25.jpg
128883,Hometown Cha-Cha-Cha,/en6lrlJ1DhyvkeZEqrk3R6EJz1p.jpg
236,The Flash,/fi1GEdCbyWRDHpyJcB25YYK7fh4.jpg
424,Torchwood,/8fxK9SMaKvQMI4a4VAclf2qEtpD.jpg
346,American Dragon: Jake Long,/sAgoJOdvuMa3DD0JDpos9bdaF9S.jpg
68073,The Loud House,/2UJ9Txlll3umlRoNnfBzAeCHIhR.jpg
93811,Into the Night,/na6fk6WculNrUPCPPQSPNjNyjvX.jpg
58539,Wild at Heart,/yXpYJyLptcASCUQxLI4bbE4SmZ2.jpg
91977,Motherland: Fort Salem,/wxPxeGw7GRxxChlJrq5UlACjXDf.jpg
45094,The Following,/tiSvhb2cyPAULTql5atgxceNvpF.jpg
62413,Killjoys,/xnQ7WVAxlk9UAVWDLDeYGTKRaOf.jpg
16830,Hellsing,/wdSi1q7WNLNvxvmjrI4F93zzqQO.jpg
82585,The Inmate,/2Cs9p1kl6s2i1LfFmcquoFb56yl.jpg
1087,Serial Experiments Lain,/mAbr1imNV7gg4kHhP3VFDghmLrO.jpg
96129,Don't F**k with Cats: Hunting an Internet Killer,/Crc4XkhLddMTNJfj1iLca0w1Bb.jpg
5687,The Smurfs,/cezQyM5cO454vUdLiLOkv78K64D.jpg
82424,SKAM Spain,/sNqZzxDi7IaU3DBrsVud56iLn92.jpg
5459,Don't Mess with an Angel,/3bHMe5ERxVylmdJE6BLqDyEcVxK.jpg
108296,Resident Evil,/rmLvn4w4HMdxobPkjmIqrhJiXDO.jpg
71225,Cable Girls,/lAwLmgq1zy0xJnusszmvWTLjFlO.jpg
155537,Black Bird,/uAt2KJDb9Uvsh9K6lUnJoLW3Nod.jpg
14396,The Adventures of Super Mario Bros. 3,/qhOmMbTkQ8PtuB65YLUftVWRuvu.jpg
903,Black Books,/ujH4SBJ9qbsAYWPhklWKFz83ig8.jpg
32962,Louie,/wunIdpYD42rtTgu9luzyzXc0COz.jpg
2437,Pocoyo,/1fmaC3t96Napg7TR9SsfOX8q11X.jpg
709,Robot Chicken,/lMZv3mJC9QRolgzflM3ajtB3o2U.jpg
94810,Adventure Time: Distant Lands,/tw673pIwR0fou0fpfjymm52YIKV.jpg
92916,Marianne,/hpeaMzflHMEepUGiCjXld7lrnC2.jpg
51704,Defiance,/1LnkD9QZWo2dPoB82f8jyRk9ukh.jpg
129552,The Night Agent,/xjsx6rGEgHl2tUqkimo6Bz2KzVo.jpg
19649,Jesus of Nazareth,/dlGmVpZ2rpGRDZsSa64nzyu90xk.jpg
81357,Dead to Me,/mAj18PHeACxqcrEus4pD8pksRmB.jpg
1546,Recess,/nRKCxiZROeNaC5H80hVqSqWMYZr.jpg
66958,Orange,/9eoZbZMNZMThXhHep8odlt3lC6y.jpg
111111,Blood of Zeus,/zXRR5tgGLtKrRmuN4ko9SLAdCiZ.jpg
60699,Marco Polo,/syYTHCBvFlobr8eJjQMKAjrn9yV.jpg
2919,Burn Notice,/o2fnD3SNiQjGVgA2C3ezaeh2HK.jpg
37585,Kenichi: The Mightiest Disciple,/pLzfW5xWN9sOId6C6vgcv8otnN7.jpg
64254,Master of None,/nLGBrpSSLogxEP7RmKvBbxPTmqJ.jpg
94154,El Dragón: Return of a Warrior,/1eKrOjS7OSOjgmEIdCNmKEEItKJ.jpg
46883,Porque el Amor Manda,/1sDrTKOllfCnGrchEQQDGtO0dgp.jpg
97173,Behind Her Eyes,/sfd90NIf778KoBFmpdBTow4xTm7.jpg
155,3rd Rock from the Sun,/sUB4lZghNnwQywKqgjIfJsyBqI2.jpg
113367,The Wilds,/gHBtyMdHbWoM3tpM8VZymer8HfF.jpg
63375,Bear Grylls: Escape From Hell,/fRFr8E4rE3igUBiRM1HA3kQo1JC.jpg
77721,Real Girl,/3UmNynM1YXkYylyontGXPHncjOC.jpg
30981,Monster,/7ZhHyA0IIQOyz1hzCXpTilXg4Q2.jpg
103157,The Hidden Dungeon Only I Can Enter,/lTFJoGLCQxkMlUyxCha04JVnakh.jpg
101881,El Presidente,/vo6YFs7rdrm9vGHWYKzbXwGLZ5W.jpg
82591,Goblin Slayer,/x8ZQyxAFjz9jtCGivbOMYUC4Tp3.jpg
71340,Krypton,/uiinjmSkka6JOrk4FsZmrjlNM26.jpg
4879,Second chance,/jnGEkEwVJBhu45BKmUOyWdlLV7j.jpg
2345,Kim Possible,/qsDNX8DPwWydDn9oUIhe1WcTuUH.jpg
19092,FlashForward,/7iu2HJ8ZSNbBgFLi42JNcuPjBax.jpg
64394,Outcast,/x6ZCpAPDTAHuNxBGq5nU4nqpfYA.jpg
1720,Foster's Home for Imaginary Friends,/aerZJVODYwji4BnyWrHFmF3JxhX.jpg
46195,Monogatari,/swb4yRgFGpN09QZveBRUjFltzXj.jpg
4454,Will & Grace,/m2AWZDAHesXDmLwVm73BpGlP55a.jpg
4331,Wonder Woman,/7vHxWO6ahByDWzWufFL48MXaktT.jpg
3611,Cow and Chicken,/vWhzjxoHLrvl7JUKNDoXUfNqF2x.jpg
129600,Baki Hanma,/x145FSI9xJ6UbkxfabUsY2SFbu3.jpg
64439,Making a Murderer,/sy2nV3rCcJQaRK5M0NWvvTU7CBx.jpg
82428,All American,/c8FTtjQcQfqSI0McmVc1OOOf7Z7.jpg
86428,The Spanish Princess,/eRa9wsrvRiutt1xocfX2Wzf47sN.jpg
134949,Rebelde,/b1IBsimEJOLjBLYsdBZ1VAcmq73.jpg
135340,Happiness,/j3Q4Vamcb0p7uoXMkkvIp36oMJe.jpg
73157,Future Man,/49mOgAEa4eKpPsoBH8UvvXwEMDT.jpg
68467,3%,/bbwjI8rp88XNA4fdEex3kOwbr9O.jpg
365,Jericho,/a57H9UsS388Av2LSLKO9inNmY7j.jpg
648,The Incredible Hulk,/8q7uFuNuMWTWfcpnCpBuZa3KZXx.jpg
97645,Solar Opposites,/dPClRec0BXzWG7B9jsTdimoeJpM.jpg
3750,Nip/Tuck,/b8wq87RBCman73pxQzWWK93Eicu.jpg
135157,Alchemy of Souls,/gvOZN1NlAoL8iz9ghpES1zWA3w3.jpg
70176,Land of Honor,/cwBNC3e86zvWrznlqrImsv1MJdB.jpg
61901,Death Parade,/rBoJhqTxJUINuFAa2rL9E8Aj7eB.jpg
33001,Haven,/iKBXRi46aIHV2o8tUOiiNbWYJjV.jpg
668,X-Men: Evolution,/At5aZIKkN8zHTAXOnQR9D3b7usW.jpg
7821,El Chavo: The Animated Series,/98rkR62d1SeEi18p5Z46kqlNGzM.jpg
688,The West Wing,/yqDWr5NAE7m1IWrygYwLyEB6pN0.jpg
100333,Summertime,/pszPFwtQUwzarFvgv4UGSkfFtdC.jpg
118357,1883,/waLbm384SQDwLTCn6ttPqQS5kfV.jpg
21729,Gurren Lagann,/xL6HsYsk5N9PKwk6jFwMNQq3K3M.jpg
103516,Star Trek: Strange New Worlds,/7Cp5w4X8xH2x4xDk67C5kMC5ePA.jpg
1457,Pride and Prejudice,/rlqOyCEaZuKoYTI1vhZ0kVyCTV7.jpg
46004,Date a Live,/qi98miuMe1oB5WWo2lonuKFTq4P.jpg
61068,Gomorrah,/sGuyYTmTPUMOscdZOmrmBmx10q4.jpg
61738,Hi! School - Love On,/9XUMRNRxK89fWZ4DMtpdlJwKeNP.jpg
59659,Halt and Catch Fire,/iABJ86eaNPUSnivk89Y0Cnxmsvy.jpg
4386,Baywatch,/34t8WxHn1OcIVpcTxmjYmjX9tE4.jpg
32605,The Looney Tunes Show,/zZuQ4RHiy52r6EyXOT4AwmBroZQ.jpg
97219,"Hi Bye, Mama!",/mc5nLj2EM480d6tlxKsj2GRfsDC.jpg
127700,Welcome to Earth,/l9x6xh4KCgwMk9PYiosXXFGwI3a.jpg
9957,The Mask: Animated Series,/8IuTg9XaviDwpfm99IXUUPukrVA.jpg
61662,Schitt's Creek,/iRfSzrPS5VYWQv7KVSEg2BZZL6C.jpg
16118,Salem's Lot,/yaztNZUErjSmrVsuXEZiuIVyVj2.jpg
98161,Home Before Dark,/mt4P2epJrSaqrlkMP9fTUKLP9OE.jpg
9045,The Stand,/o4Gb63aXRh5mMqGifYACixnxGkQ.jpg
78903,Utopia,/oMY53BtS9vOTAhKgWr2gNYyLBOw.jpg
82001,"Roswell, New Mexico",/gU19YwCQXCoeQ3PcIPTOHwY5l7k.jpg
77184,Halo: The Fall of Reach,/11Hs7WmsW2htHTKQrx3nK9Ke8aG.jpg
61599,The Librarians,/bHozq314oNsSZvomSPFIaGrw1Zx.jpg
1848,Winx Club,/eKSZ3EYxnlu6gbnhhKxBziN65hI.jpg
108284,Tale of the Nine Tailed,/jXx9vLO9bwKxl81oVQnzEH7960V.jpg
79026,The Protector,/xoN4wJRzeaWBfuQDYPngJgN6y9t.jpg
116386,Doom at Your Service,/tgsWD4dJI5YFY8Kyk6vVjZoIKfO.jpg
30669,Yu Yu Hakusho,/qyqnXUsMSCWXL5vHLRhu6xiNdmK.jpg
4624,Roswell,/47CaTpah62bxbAkWANDzZdJxkxw.jpg
92983,Vagabond,/8Sud9wqG7WZMXesZhPZ4lergRvp.jpg
106600,BTS In the SOOP,/snrfWsJvdmg433Fm2L27FYOq2Y3.jpg
2692,My Wife and Kids,/eyQsN8bU27fdIs2D66gFmcIo0dM.jpg
72636,Made In Abyss,/n30CBH4BoN5Z34tCpOWIPGJYOaS.jpg
790,Agatha Christie's Poirot,/KX69tBuobsjtr9ea1J5OxtvIV1.jpg
60728,Kill la Kill,/4F1WtP3dFIwLPOfa3u29VEVnNkf.jpg
77532,Woman,/z4eY2vftw6yKjfSTd5Z9ky89x36.jpg
66025,Animal Kingdom,/rzvdKrnSRKPFI0pgqMQknDPpRC9.jpg
66676,Queen of the South,/rzdC5EHkkKJE6OPVdh6gT1pR1c9.jpg
269,One Tree Hill,/sOrelBaAhp7DZbPTivDwKEyPslC.jpg
7246,Blackadder,/pwr2DISBcHfGIHv50HAAbC6lYeU.jpg
99626,The Trials of Gabriel Fernandez,/qCkV7N9fsd5mRcvBfusYeojbX0b.jpg
33025,The Borgias,/2f7Vx9hLfbCOFxrWXiWeHFewTkG.jpg
77341,Enemigo íntimo,/81URAPXi0GP9Ul4MxcVSiDEnpPq.jpg
46080,Masha and the Bear,/wPkeRunw71Mm10xQYKAwGG0NLgt.jpg
4324,"Dr. Quinn, Medicine Woman",/rF32uo83bzezkEUQ8VGarbCJi32.jpg
93392,Raising Dion,/nydKXBiLn4vpL1d5o1utbPKYdii.jpg
504,The Ren & Stimpy Show,/wzAg9XBj0V3H8lrTf4SnImIUibv.jpg
99779,Noblesse,/tnIfTMaig2FmsOSL5wEH3rYofJN.jpg
2362,The Jetsons,/9e2wgxZpAu22yR77fRXzHwOtw9z.jpg
26453,TRIGUN,/lwLFZFB3S2PeOLtWksaWerF6B4D.jpg
44606,Beauty and the Beast,/6rZ2I1xRemLORb65spepVmsvnf7.jpg
14956,Dollhouse,/oq5WPzUn7R0YcIk7QGwpXqvgSWO.jpg
99310,Operación Pacífico,/obYae85E176ODqVVZDAPxUQ741f.jpg
4184,Deceptions,/xqHi9crFX83R8t6rSbzvDzOcGla.jpg
97860,Tower of God,/y1AqUftsCLNGRNE7McJzGqLFEdu.jpg
7695,En nombre del amor,/vpLkeUpVDwGqrlfeXUOLNVjzT4Q.jpg
1649,Sliders,/9cBXIPl83fE2yQusoEt6vMpSjIJ.jpg
3868,The Lost Room,/ixfo1ysvboBxYehdDDC9D0T3Q33.jpg
61387,NCIS: New Orleans,/1WJJUUZODmRTcFydLDBUtiztL6x.jpg
46922,Ben 10: Omniverse,/Re9I5tauOspaJxYCIqRqavKT4F.jpg
24835,Clannad,/bmugfsOLi5Q01nTsFkNwO0V4xgg.jpg
79611,Charmed,/doXHjfOtEmX8kEq1tsMnNqq9YLZ.jpg
84231,Wayne,/z8E1ZKTDhz477wjkT9ttIRmiVOc.jpg
91875,Prodigal Son,/1huPpms7f5MwBq37en8lOUnF1Zg.jpg
2407,Dark Angel,/j67SlN7bsDokENZLjrrbP5AKZFg.jpg
16961,Café con Aroma de Mujer,/tvcpeQNt28GQLtNljhuLwgRBRv8.jpg
2119,Airwolf,/4PAN7zPqmR9b73een97WkxqCTQN.jpg
61929,The Jinx: The Life and Deaths of Robert Durst,/qY3rk9hH6dzgDrIkonxxHBF3rp8.jpg
32895,Rizzoli & Isles,/dm80vpySzVtLiVAVJirmxIyQn8H.jpg
112160,The Way of the Househusband,/p63rAZt0s8kedJtdxGwD5VYZafc.jpg
2566,Dead Like Me,/o5wnviUMWiQALNFxKKtE72MowQQ.jpg
102085,Too Hot to Handle,/LKPgBAwkYlf2kEjGNDc72iQojc.jpg
38464,Blue Exorcist,/56M6i3Xo3kCIR8O6LB9j5pgEgpc.jpg
83478,Daybreak,/r0o7OBPCmRXJypYG8l6iFYUGD99.jpg
66008,You Me Her,/hXsniF3CTHRgCJuhgKu2KEWbr6e.jpg
1712,The Munsters,/4jkCx8m87aMA89X9KB9Adwgep2t.jpg
2022,The Batman,/3w7koeOR2x71XYMJDGpygxYtScI.jpg
1018,Bonanza,/y2jYBuTrC62hneBRs92LwxavMoV.jpg
4515,Lois & Clark: The New Adventures of Superman,/1LbPs6i1h4BKjVUwK5S9GjPCydi.jpg
112162,Pacific Rim: The Black,/zZyKvdT5oukcWZbcEp2G6ZlVu58.jpg
87083,Formula 1: Drive to Survive,/bTvsFzYK4ZdbcAIPSEJ3i8uLHSh.jpg
33852,Lost Girl,/jE6sqorxIyVU55VhDbz7NbqxZlV.jpg
1401,Hell on Wheels,/w24HTBQG6bYMlWUKSrv1uceVfXF.jpg
68202,Call Me Bruna,/mFEtIlr97xkYRTNhRXUCgR2PvUa.jpg
1618,Justice League,/caIAQIoM9NLZofT8fz8t47W1gYe.jpg
58811,Helix,/7goT0IcsXjRo9fdMlWKr6ZRmaNP.jpg
61014,The Knick,/oeEqDSIVOi6q0GcZj8L9Q6G7fGC.jpg
100698,Tiger King,/dXQCEjVth8P8L47XIsoRt0oL8Gw.jpg
73987,Lore,/xNixoyzlSfJVy3Lp7AB1Vwrg2Va.jpg
98178,Amazing Stories,/evcvXE6BP8fT8UoWsyiTBvxqyrL.jpg
42503,Deadman Wonderland,/m12JbXsDdB35RGAC1g3ImNQT4h5.jpg
99799,Alex Rider,/8LW2RULh1SeOgFreGtWLSzgshJM.jpg
15826,1000 Ways to Die,/yKZYX4D30R7ywy6f5yQDuXagSCr.jpg
21409,Dinosaur King,/y6KWd6u4sU6vXMA9b9Gj9M5NvtJ.jpg
18341,Sortilegio,/ZbasUYGZxdjJ4LuiDOTHDrmFEo.jpg
40143,Shaman King,/bDJLF92frEmKSr1OlCZN5P1kx6W.jpg
745,Spaced,/7g60NgYnYqYL1KZIRJvcT8hh7Vq.jpg
118956,DOTA: Dragon's Blood,/oZKYGKGs21iGA18WM5b4xbcoXAJ.jpg
1719,Gargoyles,/ivKO0IfHbgrZz3UZU3IixnMTjNd.jpg
34105,Golden Boy,/fx2DqPaW5OwFTBgS4nbTuCxdYFj.jpg
7317,The Inbetweeners,/qNmcaXDndOkY6v9QiJjnxQD09GJ.jpg
58710,Carita de Ángel,/sTiuV6vIkotMUhKH7HUTXhqE9zd.jpg
15632,The Cleveland Show,/Qp4gvTc5Cp15VBdt77oXKQ54xF.jpg
1667,Saturday Night Live,/sHGuKFjIBisPk8cvtCZTDVktYfs.jpg
88989,Nine Perfect Strangers,/oPcqsZIFHrv7HoGgFQnsGDiPulD.jpg
96608,The Stranger,/qKtjZ6f8ip6M7pYiDcVs0QXUAly.jpg
72597,Manhunt,/9ukZcwaqcObmmxxfcIXTgVMvalJ.jpg
111119,Súbete a mi moto,/eHbHQ1FdcVGXftkztSHB06n4xKm.jpg
12598,Black Lagoon,/PTmMkCIMZ8m0Dc1FtEkVRZ12r3.jpg
32910,Transformers: Prime,/ilOKsGRHYc78R2tSMusAd3xGJWq.jpg
123566,Metal Family,/2ts0hvhyai9ozurgNFd9TH0ZrIr.jpg
92592,BNA,/fwFYXaQz0mrY8v1HDky2wJsYa7t.jpg
64387,The Girlfriend Experience,/vkXG4uqXQVwfwmE6CUSPFvz6MLn.jpg
67166,El marginal,/p1GFsUK5nCVHYNtjRxoGyfGdD9C.jpg
59375,Liv and Maddie,/j5iGTENbOfCHjZJ6cCrhBVdxER5.jpg
72296,My First Girlfriend is a Gal,/nq7uJqddMpGMCcIfL6qiCVHUMB6.jpg
46849,Generation War,/haLUcGnLzd0iWuW0XbRryFxj1iM.jpg
34742,To Love-Ru,/vsWNCisRhrBbUaTR56qCk6pLsEn.jpg
34408,Mischievous Kiss,/7VIAQ9nc29od35NytFiEHSlTlkZ.jpg
32868,Nikita,/iGgHX4OOPWwVMlXvhnTdxbHgKjB.jpg
39525,Wilfred,/uYdvnvmlGF4ndWYqjCLCikEbU9.jpg
2530,Mr. Bean: The Animated Series,/1V2PSez4pNZ9a4Bbomm7KZiQJ44.jpg
83103,Domestic Girlfriend,/yT5HNeqQaoF4TmmQi3RMj8P7uwZ.jpg
61838,Barbie: Life in the Dreamhouse,/c7HIZXKDaDekFAIcWU7bxP8cTv6.jpg
1908,Miami Vice,/b5kLqC6eDiA17nq3jr1Vi340Kns.jpg
21641,Good Luck Charlie,/cyYwkXW1vd3YpiFVlb7y0hgIzuu.jpg
66185,The Story of God with Morgan Freeman,/qPVGvTWLsPAPsN4e7U3Qd28HipY.jpg
1663,The Six Million Dollar Man,/5pd6DayQgZxK9lQHdZZYZuXyaZ2.jpg
44807,Fatmagul,/uMReevzWx5tpymcSuPQF588DTdq.jpg
7311,Nuevo Rico Nuevo Pobre,/rqkZi3rcReCJ3zbJl4OUOsJrqh7.jpg
1759,The Cosby Show,/9fV71KxeALKkkznUwFe0eDq65rs.jpg
9907,Chowder,/gYIajTSlacI8LpqgqkvRW4oy5zl.jpg
288,¡Mucha Lucha!,/w12B6di7moo2otX4X4y3y3gKagz.jpg
2429,Aaahh!!! Real Monsters,/fnh1Mi108eNKayutKLSqesFgaRv.jpg
39859,Awkward.,/hRCQ0BDFcblyLitmio28pJqBN6s.jpg
72339,HAPPY!,/t17TmixmWhJeIC4ytLfis6frLYf.jpg
12961,Rubí,/8RZZ0X7Wy8zPi15hzOxjR12dglk.jpg
2617,Step by Step,/4XMxYOxNvxEkfxUKhs8AoGBQiVD.jpg
185,Carnivàle,/5pKvfZ3qLuKJd8PQfKcPxN9jTO9.jpg
17035,Generation Kill,/wiihoYOODwh82xVzPoiaztlg6c9.jpg
58928,Dracula,/oQUU8LKVl10ejpxJC0qfsSuPZeF.jpg
2947,Veep,/rsP68RZwUkhdi47hE8AEPLQNVfQ.jpg
113962,Special Ops: Lioness,/rXCzevakJoAN1qnZY0nAQPSLVRv.jpg
103086,All For Love,/oTmIP28BCEtgWBdxRMgK33nS0EA.jpg
70513,Salvation,/hXCd9FUT7ZjoB390cGioVhEiXOB.jpg
3793,Invader ZIM,/h9T3oTwclpHP13BeutA7wQjEC4r.jpg
19654,Rose Red,/wpPgTtvxJvTVSI8754VbsSmCzqo.jpg
100087,Hasta que la plata nos separe,/zWTzK4MCVW1HPHVfH61nw0nxNYQ.jpg
60930,Magnificent Century: Kösem,/4cSbpfXX9YPMPi1Ggauh7Xm7qmW.jpg
92137,ZeroZeroZero,/c0AISx9tx6crOih0KdjQsfAm3Uo.jpg
31941,Blue Mountain State,/dPWBuJZa9ARvDTvHBQnwcGic8ue.jpg
19253,Mazinger Z,/woGUtAdRwjzWgobGvF3ebW1WsKY.jpg
109470,Imperio De Mentiras,/5adCPn5cthQcTN1q1e45gYD6v3Z.jpg
14658,Survivor,/k2mLNjLFrmMXdXq4d5pn8qRd3bU.jpg
9051,La mujer en el espejo,/55mTUGuoj3r8xOf3pTqWGpHorm4.jpg
73944,Black,/1cBjzxqoNC9NTAKI4PeivjIEHoa.jpg
28379,The Diary of Anne Frank,/mCMtsNo7dbsi7BZ3vgehZUpC2f5.jpg
1567,CatDog,/3u4FRxfb3Vj7aE82JIcBZWficVf.jpg
85273,NOS4A2,/ccR64SXSsgWMW3W161VQKlrnjnh.jpg
65931,Bungo Stray Dogs,/wjR2BclJaps0XaGKdKtgAGsCGTj.jpg
4455,Get Smart,/AqhPucVAvnocglq5WYXbh6t9wuE.jpg
45501,"Love, Chunibyo & Other Delusions!",/1IapEqydEiGO0gCgBPVexTFbUCS.jpg
1835,Kenan & Kel,/ftRkgMhF1CofVSLMeonh9Hjz7a4.jpg
45666,Sam & Cat,/8zL3NVH0owqVDxKvlnG3Df5aWuT.jpg
64757,Vecinos,/fjNITzBxWcxnVVYVyRAXya9Z9YU.jpg
18712,The Search,/kHfbT8U8W9exQWYW49h3aVFdReA.jpg
97441,The Healing Powers of Dude,/oM3TaNKBnq8O8cDcuhrDUtY6pDk.jpg
46671,The Future Diary,/eQBO8pyuch83TonVJc2NMFv7W8U.jpg
31387,The Mafia Dolls,/5rDeU3578NCc0f1ZPb02MPo27Rd.jpg
13943,Beavis and Butt-head,/5hgVcFr4eWGGRpjYwxb03z7wuqg.jpg
93808,Tribes of Europa,/basisPnYulsmAdTxPS57ByKWnWj.jpg
9027,Rebelde Way,/wu4Vi93RxaE1kkFM5ClmcVzkIby.jpg
105797,Wizards: Tales of Arcadia,/aAMcPNLzCML40q7qmuB0jrZIcsI.jpg
123876,Komi Can't Communicate,/rOEaKS6jdZacivHnM56NQ4yhccW.jpg
84469,Cowboy Bebop,/lSsCxZ1dnjcB4cmXSgMJt5qunOu.jpg
95171,Prehistoric Planet,/yMdFsHKp4YX2CUkAQcZswxXDuoe.jpg
111838,The Woman in the House Across the Street from the Girl in the Window,/riSoMsWYkwqed4ul5PgHOnbIVFp.jpg
135934,The Legend of Vox Machina,/4fqfhmVNOHe2nLcligiVMtMnfeM.jpg
4414,Highlander: The Series,/vwoWfGx0ZYvpK7gTPeen64M0QS5.jpg
61421,Terror in Resonance,/smR33J9YTF8RtDbiLeiJIpUbviF.jpg
42942,Angel Beats!,/wz1PuXrg5ERQvyXKex3cGDie2hj.jpg
2171,Cold Case,/vVYi4meH1UGGpvgxZ9M9Ez9MUt0.jpg
39434,AnoHana: The Flower We Saw That Day,/2tgOAvOttp7rak3r2U5vIAaeyDt.jpg
2423,Celebrity Deathmatch,/aslBXglBwng8Sb3yrQ5zprp2jdU.jpg
326,Red Dwarf,/dAaVWMhCCrSuimSETs9Z5ZTZQ3v.jpg
75865,Teasing Master Takagi-san,/afIaN3BrXuoa4FxRf0821b1NoJN.jpg
154385,BEEF,/4b4v7RnPhNyPEaVGFarEuo74r8W.jpg
5639,Pushing Daisies,/oSRO8cGvve0pggPK9gHGItfl4j5.jpg
39518,My Babysitter's a Vampire,/bBH0zyyMblIecCWgc4zDGT5KaNA.jpg
1664,Spider-Man: The New Animated Series,/v3UfqXCAxAcI7oUO4zwtk1T9G3n.jpg
578,Numb3rs,/wOzbxJmpccPA5MYvBSGbor3WKh3.jpg
77696,Run BTS!,/guNo600nrTIIh88C9i6HFlCAhE.jpg
95259,Dare Me,/eLmQL6gWgWnhgdv0CxHaVQcnYOX.jpg
62565,My Love Story!!,/vDTSx6BuelrdAO1CjVGs9MuUnMP.jpg
66840,Bull,/r6bM2rNjSk5b9gWBOOKCVgKbjc0.jpg
3122,Star Wars: Clone Wars,/2lsuke69bRdyB1sxtKmavtwkc35.jpg
71809,The Dark Crystal: Age of Resistance,/xnMJ7mBC8Jx4emaj7TE4TU0Qm92.jpg
99935,Vampires,/l0wFYW4n8XiBdS7heDkW0Pan6uG.jpg
8392,Popeye the Sailor,/tQPDl1S1pRg2jzCQWtVUuauZSqa.jpg
99121,Walker,/gYXgu5zGAKx5IBk8CLx44Cjaw99.jpg
61463,The Affair,/8scKJeu6GoxMqpt7UO5aMeU0TOn.jpg
110529,Invisible City,/i6v77Rcez8BEbsQ2FbUVfzs3yT2.jpg
60637,Griselda Blanco: The Black Widow,/xkdGdQDXzL6uKDgSJRz3oJqOcrC.jpg
43865,Psycho-Pass,/29lrxUigmlzfbZQwdtCE8QUXguN.jpg
93784,Tales from the Loop,/56D0QFyLhrRp1ZTBz8Gw10qtZas.jpg
62211,Sonic Boom,/7Dyz0Lw5vbffyq90kLjL5scPs9C.jpg
4035,Inspector Gadget,/ayYkEcvuArO5mpI4Dxnqq3Z5WEQ.jpg
84380,Better Than Us,/dUigUEoz7IlImY4uJLtqnLRYEU3.jpg
4269,The Transformers,/evcHcl8Q3hCRqEIiUHevrHj3B5p.jpg
14009,The Addams Family,/aBZynbuxspjz01mxrWpP5ZyDIyq.jpg
69346,Saga of Tanya the Evil,/5nwiHomKZBBF9DLrolfZapi3fDm.jpg
32118,Generator Rex,/fL7S22SWWOjJTgHEkk68VZ4Z8RO.jpg
72705,Marvel's Spider-Man,/dKdcyyHUR5WTMnrbPdYN5y9xPVp.jpg
4606,Garfield and Friends,/3HyTfZ9sSCoZPYrYHMffhRVm3Af.jpg
2432,Taken,/dFMBPZvgbvhnpCW8YfYakNB2xrT.jpg
1095,Ghost in the Shell: Stand Alone Complex,/x6ZDEMRqOnCVd4jzvX8MukUoz1S.jpg
66078,Twin Star Exorcists,/dbGtsHEuV8zREyMEXmf5YFtUZyL.jpg
7072,Las Tontas No Van al Cielo,/arOzrmOjZVcugqMqz8VudjbmogF.jpg
103847,MATARIFE,/56EmervWIF4pOckHpwo89mb3pWI.jpg
43982,Line of Duty,/ysGUKnnR1pGYIndjXWcjupGbWpS.jpg
88713,We Are Who We Are,/33btSKKmjmc24hK9Vj1sRWQGfyh.jpg
67384,Goliath,/b7ygC3GRaq4xc0nkWdGnydtMfvD.jpg
73833,The Ancient Magus' Bride,/xlvB6j3M8nmTejSN2WCip4QMuSF.jpg
59186,Impractical Jokers,/oHibdUuae99sJ6U94y8El6v8jSG.jpg
877,Caprica,/wGCdHYsx0aY5Z5236XTC6JQMpNn.jpg
94372,FBI: Most Wanted,/vpprgWCuDJ4CucJhFB4fBHdX9D7.jpg
32729,No Ordinary Family,/2Hytyjin1oa8kwpPDTpRiEQvXpL.jpg
14853,The Clone,/w0pacpzDyU0U5tPSx44pfwpreCk.jpg
42282,Girls,/ikyT3hnELofnYRsPIqVGgUhDbOT.jpg
484,"Murder, She Wrote",/3UxBFG4fiuZ0P9n2sCrjXh64Avy.jpg
79130,Another Life,/htazQ0cPoloL5SJ2bqOCKh9UTcc.jpg
108261,Mr. Queen,/ozuyMnOO5pekDklyPpUL1Htkuzy.jpg
65942,Re:ZERO -Starting Life in Another World-,/5MrRCj7z92YLWMXHeWKp19eJPYv.jpg
61295,Pokémon Origins,/ymqGbzADVolh0nT6rr1nx0YGNoA.jpg
82728,Bluey,/b9mY0X5T20ZM073hoa5n0dgmbfN.jpg
71694,Snowfall,/y7ntzl7msiaS6o7dvDbNG7XFYcR.jpg
734,"Magnum, P.I.",/jkxAIDbDfXrptT9Ab6iKnXjAqEV.jpg
713,Chappelle's Show,/tE8Htm4oOELGCUw4IvejaRV9BqG.jpg
85404,Touch Your Heart,/kVFflfTOFqFBh34jcVRI1QCWSre.jpg
34109,Bakugan Battle Brawlers,/uW2xawK5brroGov2dyhuT0bUeva.jpg
63522,F is for Family,/3gkdyR58Hm0gMkItqvyNz7zSTWH.jpg
2693,Extras,/oxiA2O4wRBCOzvfxYjNKZQuitQc.jpg
96658,Masters of the Universe: Revelation,/vIhyANmvTiBjlmX0Uy48Z9AD24j.jpg
58937,Masters of Sex,/bC42ksckQpjfck2BZ5McaEDN4pk.jpg
77459,The Passage,/aquYKS9cFzmULgV6mSnS2RPjxdp.jpg
70573,GLOW,/aqQlgRgUwVTfbdxe33vfDEMiCa2.jpg
103506,Jeffrey Epstein: Filthy Rich,/5WMnbtcjJC11oUf1AWfQFW8EKya.jpg
92433,The Usurper,/fnBu7Ym3WeMZy2goTl3c2YReVqE.jpg
7482,Leverage,/t5KJXooBqJLKUClpvYuSKNrcYGy.jpg
70865,Broken Promises,/eUkz1YyVpoG4yZSAUC2twNIIi1B.jpg
62255,Seraph of the End,/5IlxL2PfQ8CyY4TLRru9TcU56b3.jpg
198102,Hijack,/szDEqqarPi3YqiPLevm7LObYrDJ.jpg
103026,Undertaker: The Last Ride,/ckKQrIUD9kKAtuTKEkybcajScyA.jpg
100074,Biohackers,/zgImtxprzHCwfHhjRo9uslrIZ9f.jpg
46041,My Little Monster,/qmGAYDNuENa94kGV56Oe0Kwm3dX.jpg
33234,The Pillars of the Earth,/952uUaNc6zJbb0rXSwFPskp2SKY.jpg
103787,How to Survive Being Single,/98g6g0hWlVeQNhO1Q5NARDP1aXy.jpg
32573,Strike Back,/rFy3EOZrRymjkalih7W3v8kSVWr.jpg
63647,Childhood's End,/4P5d70GyynagnYq4Rk881UjQiD0.jpg
815,Peep Show,/6rdoQ0cTjsEQLIwEjhBV8U98oUm.jpg
96716,Big Shot,/yBFqTVoQsFg53ein34BKbn7SU8Z.jpg
4625,The New Batman Adventures,/s40Ji11SBKaEYDgJmDc0ifklM59.jpg
5895,FLCL,/FkgA8CcmiLJGVCRYRQ2g2UfVtF.jpg
16946,Life,/lk6lrS81gDVGMAErTwEL9308kq1.jpg
33987,Corazon Valiente,/4YWuiRyqnfalauuFC06S5yw92gH.jpg
111837,Willow,/jhdSPDlhswjN1r6O0pGP3ZvQgU8.jpg
33873,Sonny with a Chance,/o1ZEkSiqzWcGV5lldAhLfaTzxQS.jpg
1430,Cosmos: A Personal Voyage,/nOGArjE0WMkzY2GW1taJm8l9gxD.jpg
83135,The Twilight Zone,/aEuzZqJTEH9E4JwQyv8JtuCu22B.jpg
133727,Acapulco,/gzBkO4zFr75A13GKnjvTeg25pze.jpg
2777,Oggy and the Cockroaches,/aFAN9aKm0OblOr30ROejJCV8rGf.jpg
103992,A Teacher,/rH2eEuThzRQh87Uxz6SY3BuVNBD.jpg
84052,Perfume,/bSbE4D4jGgk03Xc7qCuIHZy90sw.jpg
100963,The Big Show Show,/dsuQtGTIol9sUZFw1yJjqONKs5G.jpg
4232,Top Cat,/hnWYwPE7nwqAD1OGLEEXyML5LaH.jpg
81292,Messiah,/psem2jK9GGC0g7dcjb4N5SCYb1u.jpg
84503,Close Enough,/8aNYMcMyhv1m0MKibgCVmJrAeLs.jpg
6024,Police Squad!,/bWpzkpnFCQ50NgObaP5it2MiagQ.jpg
56425,Baki the Grappler,/2iafrubNKwB7iA7z8Y1TkHyOrsh.jpg
2745,Aladdin,/nlaiczW81kY46GBdfIcTrBIqr8I.jpg
128876,The Beatles: Get Back,/fJaJWwlGGC2Dqljq3Ih4HZHRdPZ.jpg
17149,Vampire Knight,/eqloipTo5S791bD6zHegJbs2BBV.jpg
4376,JAG,/zPyHpkJZ5O08lbgrQQIROXtb3xz.jpg
94423,Japan Sinks: 2020,/guWqteZJ16ABGGtXIKFyDBAo8Ik.jpg
931,He-Man and the Masters of the Universe,/omwfYtYuz67f5cyYqh7CvfqkpO3.jpg
126525,Elite Short Stories: Carla Samuel,/onPkMMtzcJs9A6vKljNBa3ujI8g.jpg
114461,Ahsoka,/laCJxobHoPVaLQTKxc14Y2zV64J.jpg
68427,Mars,/xlT7aBrVqrRVnlaHQLCW12q3NK9.jpg
83685,Penny Dreadful: City of Angels,/w8lrENZZBMHTUpXNUlxt81Ks7G2.jpg
2604,The Boondocks,/vAvT2RXjOpgH0COriRm9riPqA0m.jpg
116989,Crime Scene: The Vanishing at the Cecil Hotel,/9s5Za1RYXSjIA1g0KO1R7uywGlA.jpg
90766,Teenage Bounty Hunters,/gFtJaWcLAJJsSzfuWcLSeAS8aVl.jpg
35527,La tormenta,/hvuTxg4RV6w7jgcFn95MnhiIiNh.jpg
120452,Dan Brown's The Lost Symbol,/rc99fLHeOH4QBROUzAyPeKCvt6T.jpg
88043,Magical Sempai,/l4FJaBZ7QB4VQ2qVxwp0AxVRLOi.jpg
119988,The Innocent,/pfGlHuTMglPfgKJ84LmMvBAJdhr.jpg
1998,Moonlighting,/lrx6v9iD7WWkzkYMCvikvG3DIFp.jpg
237,Mortal Kombat: Conquest,/mZTKciqsha7Qi5H7Qx49ujKTmQY.jpg
62602,Blue Spring Ride,/dJbG3paFR4TeCENN7ognYyZ2Xhy.jpg
9302,Digimon Tamers,/uEs5GRuibXsSnAH2Hr0DiWupyzb.jpg
126531,Elite Short Stories: Guzmán Caye Rebe,/4Y3jaO9schbo32WB2fGQv1en8ZB.jpg
2706,Roseanne,/4UARHgxTm7xwhcEHiVDwF0Gv4j0.jpg
66579,The Three Sides of Ana,/uAKvhwlHncEm1HZfporYwNWGEbd.jpg
79588,Pennyworth: The Origin of Batman's Butler,/mEHMfWe7pCWMelEkdrtRvVULopT.jpg
135918,Tear Along the Dotted Line,/jD8abZSQ9zMOsqr1M7zButnzCuz.jpg
98214,Villainous,/uKtxJqOeB74Lm6ZNCyEqMaFlXbp.jpg
90811,Avenue 5,/inSe4HBqnwIoeqoChGlagVs0avG.jpg
4601,Law & Order: Criminal Intent,/mwynkwd6jql0qamRW6i5Dv6aZ4k.jpg
46638,Top of the Lake,/wBy1R8JogtLZNyRJithLksrl9AB.jpg
65329,Hyouka,/dnYx8jtn2JzAMkVYRG9mFZMJoDc.jpg
2742,Flight of the Conchords,/ynboK8qiOTz0X44r59LpfF8jBP5.jpg
73117,Knightfall,/5T3VJOF4ti3ep6JXqSgyzSGdv0h.jpg
37664,The Secret Circle,/3MwvNMhD9xpf1exlSfWgVm4sOF5.jpg
103411,Blood & Water,/NFHy3z1taQ8nzudDHeVIJnih3J.jpg
65817,The Deuce,/tKFUwmue5g45rthZOyYWd7l931y.jpg
6516,The Bugs Bunny Show,/4IAup0uytdt2S3HIStv7EkkV9GH.jpg
156077,I Am Georgina,/70e3SQBIAcjKSibWoyCA7lBMZA8.jpg
48860,The Tomorrow People,/3EavFY6TuhDm4ERbDGrZ1oEqB57.jpg
196454,Queen Charlotte: A Bridgerton Story,/eR7btjpvOugivUYSoEsD2iAOYsJ.jpg
3934,Mickey Mouse Clubhouse,/gHtEhlAZHxMawOiPq7JoKwkmETQ.jpg
61755,"WATAMOTE ~No Matter How I Look at It, It's You Guys Fault I'm Not Popular!~",/ykhZOdUjdpFuQZqnN4QVWlTjX6o.jpg
4575,Lizzie McGuire,/1ZOelP1XNP8eCwkhJvwRyVU9Ymd.jpg
1678,The Golden Girls,/lJKAjneNGquVBmUqHY6ZFOFImfD.jpg
49009,The Goldbergs,/pZyaKyry0V1muunoTt6pZ6cLduR.jpg
68188,"Kiss Him, Not Me",/aFjVWEAK2CZVGqUCFZjktqErWbh.jpg
61986,Bloodline,/qlZxERVeWhR2Vb82yKb5hp5nytY.jpg
43,31 Minutos,/rI0hXEJFcgRaigCWGEuqEXQvOjY.jpg
104157,Katla,/eHCjBITSdqcU85C8IdlQTb6aOV1.jpg
62640,Nisekoi,/x15LnCbRgRlZFnq2kQdbW9tlheZ.jpg
43062,King David,/5sWqEJSGfLq6ssXFexDAB5PdopR.jpg
1739,According to Jim,/iNegoiByXFILSmBccfISNpVmTAK.jpg
81983,Paradise PD,/desSj4kx0y9p61vm9QBE3Wm8GxK.jpg
37419,Zoids: Chaotic Century,/aVGuBvoBr9ujme4uUkAIRYk5vlt.jpg
13579,The Blue Planet,/n6Nj3WMrwFdA5x6FasE4vLCoQAs.jpg
85833,Conversations with a Killer: The Ted Bundy Tapes,/9cizWyG8WcrB7UmPtvwf3gTcCkG.jpg
397,The Dukes of Hazzard,/r9eXJUxP6zgrpCMEOJzaEXzXLsp.jpg
98187,The Irregulars,/qN6HCKR3ZRqbpGBWFctVlSTKR2k.jpg
83247,Haunted,/kGuqHcERMsnHGlVb9NVsqLJtiqM.jpg
72306,La piloto,/upX2fGyD4tPjJJLIOuJlB3yp2OK.jpg
105288,Down to Earth with Zac Efron,/eGGHsfDkZXek0qGJ1wsuoVzHEOh.jpg
2192,Robotech,/f3SIr4To9Tuie4I9D2U41XsIbpC.jpg
3172,Private Practice,/pW20ANAGdrgreYJExduUVaWos6H.jpg
66329,Doctors,/9aI9lb5whgG5tu85Xezp6Hvs2bu.jpg
72755,Absentia,/uy236cUbjkG0ncSmNeMz2f2OO9Q.jpg
68799,Gilmore Girls: A Year in the Life,/tjMLN79jnFtnYyg4NBFGTNCqMhq.jpg
114478,Star Wars: Visions,/6NgLGcOHscy6yLXpKCQi4Mz1yVa.jpg
7869,The Penguins of Madagascar,/1fRG81M83HgwupmndtgZQOBHh8o.jpg
64163,The Testament of Sister New Devil,/4yrW5uBgcx7GSehJotlxWjAD0NQ.jpg
6005,Scooby-Doo and Scrappy-Doo,/ctxdYzdqSlrfKrqEo3bLSrrMLSP.jpg
4656,WWE Raw,/7EHAfE0gOxttZZgjGuFWr4iC8R1.jpg
1867,The Shining,/YTH851DpQxoWFRu9gAYwPM56Yy.jpg
61018,Whose Line Is It Anyway?,/iAIiJFlGCnmNO1fLtXxsM0IKo8H.jpg
46976,Hitler: The Rise of Evil,/uQONEO18CK9NuIeWt3PtkGtd2Jh.jpg
219,Kyle XY,/4omwjf3HgGx4nZXcA0Avmd9bQny.jpg
89233,Away,/lkT776mSvQ9wZ8wkYsnpQuogp10.jpg
120462,Them,/aI5067AphKpSvg72O1JDwHi3eYz.jpg
156902,Kaleidoscope,/2nXJoSB5Y6R9ne7pjqL7Cs3zqY1.jpg
128252,The Snitch Cartel: Origins,/sjkzeJJOdr59VdkB4BjlSVfJmq2.jpg
98201,Cruel Summer,/mPiDMJC5vCz1xYR3qX7zzBxLRcC.jpg
72548,Are You Human?,/oVjRu96T5T68hoVwqPd8QZQo5Sp.jpg
83880,Our Planet,/wRSnArnQBmeUYb5GWDU595bGsBr.jpg
11767,Yu-Gi-Oh! Capsule Monsters,/uQshAcOLRi5o1KEeuXfMswA8JOE.jpg
75209,Apocalipse,/yPqg2d7b24Nh1p7KLbySIvj2lRW.jpg
1466,Joey,/bU5yBQsmt0CnIpi9z8zB3iL7ZHP.jpg
96162,Itaewon Class,/uW91bKQhdkwPLAE2lJJkY5xdyJg.jpg
58111,Extant,/nFwqHXoP1FxFbd8G8dY13y9bfAX.jpg
57092,The White Queen,/8dB8lh4OeQZz0A3gDu5aKwm25kU.jpg
81559,V Wars,/njOxOfBp0d7DgdrMnOH1VugC9yZ.jpg
154825,Business Proposal,/iLh7L8ZuvgdxFaM9sImyv2iKYLe.jpg
6673,The Marvelous Misadventures of Flapjack,/8dpk0bjBgX93ZkQxEI1daNSj3OW.jpg
134297,Olaf Presents,/mrS4Yp7VLgsKZONOd1aiR1S5iQD.jpg
94404,Dorohedoro,/8rt0bfnS2ZeSCaewgkKV4oYIH29.jpg
2009,Rocket Power,/gWPYp1PjYpxgNNMpsFEBC8deOX.jpg
85853,Perry Mason,/5QcaEyfSbJEmiaxf7ch8nBl0GO4.jpg
39276,Unforgettable,/6NsNh4qDhYiGp7SiHyk0Ec3Dns6.jpg
34793,Girls Bravo,/7oi1AruNAkgzKRn47muIP6Bq8iK.jpg
105177,Unsolved Mysteries,/a97V0nC9IVtidZAFOx7VrBT0IWW.jpg
60626,From Dusk Till Dawn: The Series,/gR46WnaehBDW1s32hkCQWvztcCR.jpg
114922,Citadel,/AcrDB32TqpAGwvQFbICALGxSzn3.jpg
64320,Oh My Venus,/b5OmYuMV2np2Zh0Z5sYiCiymVGX.jpg
46880,The Fosters,/h8pYmBwj76Pi2vt8HFnzdlsjEsA.jpg
91602,Modern Love,/cP9CJ9nvPT3cnnBSlGFgwq7odIR.jpg
39297,Last Man Standing,/klkbAsZxKJm74kWSpa1oXaCy9WB.jpg
84969,LOL: Last One Laughing,/qILEQJXoFCd93tP3965bSGFn1Zu.jpg
63201,Glitch,/po8xF3i0A3YbkXRDM64JdgFI8vd.jpg
129495,Clickbait,/89Asq5Gx1YvmfJ4YhygTT9rFvtl.jpg
100617,Transformers: War for Cybertron: Siege,/14B6I4FxCMiDoPOwzj27EcqqY6i.jpg
60905,Salem,/sS9pnQSjH2COeBvhRalfyZlN4TJ.jpg
12970,"Two Women, One Road",/rDWuYnHRr36xUW2gsDA4X4kwcJ2.jpg
67667,Beyblade Burst,/9Nr7ZDlBV8Jt2NiiuCsc25W9cIG.jpg
21631,Physics or Chemistry,/mRdexP7Uq2hLvOSkm57SACcYQwI.jpg
85844,Wise Man's Grandchild,/zlPIFzhr5uvjTmzEU2rjtwazrLX.jpg
65292,Ajin,/fnHBwIKxwrFleSzvHzTqcAzDRM.jpg
133723,Harry Potter: Hogwarts Tournament of Houses,/tEHHfzqHnfNJUp4L30wQeYl2xRo.jpg
78173,Dragons: Race to the Edge,/8p0raLxaxLeK4g19eXk39RfUrb7.jpg
132141,Maya and the Three,/zUBixNeHU0cbSUH7JMktl9OMEMV.jpg
1570,The Adventures of Tintin,/nsdVuFcjB9ahhBUlkJyzXo0Pudq.jpg
63646,Counterpart,/vBIc9SkfZUUUUYD5b9srR5NpX5o.jpg
39218,Puella Magi Madoka Magica,/q6e0NopVJRN8CiJ0ZVpIxabsyBY.jpg
4598,Boston Legal,/eQyJoKFGUTlytx9f2zNjqmMOR82.jpg
61695,Beyond the Boundary,/6cmtMbEZAYm3aWzthFRk6048LFi.jpg
17438,BOYS OVER FLOWERS,/ufMOKoIXrqjNgZginRGZnDOoBHQ.jpg
194583,The Walking Dead: Dead City,/wq3vuQzQgbS83zX3malAFWMsSwX.jpg
110695,Dopesick,/qW8Gpddy29faTcD7VuyKjwLXbKU.jpg
90602,Bolívar,/hRmGDjDL4EIIkaHedrndB9rlsvD.jpg
61720,Violetta,/b3MUGJeKakAZwQa7lNJxTP1pJmD.jpg
77568,La doble vida de Estela Carrillo,/lzPPH7s0szdPOt7mqycLbLs8yyf.jpg
61602,Cumbia Ninja,/goI7BLDZ9WBm3WxBh7CqulP1ENl.jpg
19125,Killer Women,/v6BUGwKWyFX6DiLyVYAz680JxgE.jpg
19566,Frank Herbert's Dune,/aym2pCRFGY2zHNQV3DedyFsd6hq.jpg
62917,Hidden Truths,/rw1bnxgPhfzg9EvBlgbtjLkWBzy.jpg
97951,Mayor of Kingstown,/86OUOPulMiM8rjrQSt4KMev7UAa.jpg
958,Beast Wars: Transformers,/lcXv4pFn3NhhFAL7oe6u7DmO40w.jpg
17463,Kid vs. Kat,/1f3DyCY4Xe6ZxN2blj0gNdWhS71.jpg
2567,Hercules,/lcFM3LHehsX2xw3AZNym8tU3umz.jpg
61381,black-ish,/ga1zJ6UejPIfyL8BA22pK6dqsC8.jpg
62320,Grace and Frankie,/b0ldaLD1rSqg5DMxHBkNFAYIUQP.jpg
97539,Self Made: Inspired by the Life of Madam C.J. Walker,/8WuDOSa9MKi3qUiFev0GYr4OxvD.jpg
111616,First Kill,/hwSy1vVaRzV70ZvAEsl6FGOHNlH.jpg
45845,Fate/Zero,/chUbHBiMX7buj8TzOEIjHHPCJfF.jpg
67676,The Disastrous Life of Saiki K.,/yjTBsKIc9rRQPqgVmrkSTz4hYg8.jpg
4303,Superman: The Animated Series,/7lhG7XSz0VkbUtXoXtUVdjDrUx6.jpg
78122,Saint Seiya: Saintia Sho,/nCVE9TWt0ku2B3JnFATKkEeeuKK.jpg
12568,Distilling Love,/L3MPoQSvfbHZAJEdskXTM1vdHi.jpg
10268,Primeval,/yAnmo6Tn4CbliJRbG6aU9OvyoCe.jpg
43016,Hatfields & McCoys,/20sdSd2UxKb6286zA87aufliu9M.jpg
61415,Fate/stay night [Unlimited Blade Works],/3bI8db4tIPtgFY8mOqp3AB0YXGi.jpg
43284,María Isabel,/t4MZiXMWU8F1eHLxA0ZwLDptNNu.jpg
44914,The Return,/sY5Uf3VQmxA3MVxSgdDrHQcKwCV.jpg
64199,Sneaky Pete,/5dU7taWEgoH1RnmBqyUKmcD4ig4.jpg
12504,SilverHawks,/mOEWtpkuqNMfY9c2UcWEIDQzo0o.jpg
93736,Age of Samurai: Battle for Japan,/wIKQRtc2kKiBmBnkOjjvMqIDfah.jpg
95314,Juliantina,/loqrU2DvWUhghU2hPkWPaen4lSJ.jpg
65784,Slasher,/A4j6zNyypLbsn0vJfrajlgNazc5.jpg
94951,Mythic Quest,/7QxQlpqEjx3vRpEtuh6Y0R6eY9O.jpg
39362,Alphas,/z4pjaJPojPTue3tGcualzwQqo1Y.jpg
51370,Resurrection,/2bs5QoJwZmew05052jST9vgIEJc.jpg
90257,Little Fires Everywhere,/7EQQMl0mp8L0hMxAUZNfoCh1Tkb.jpg
1480,Ally McBeal,/xjJqItLo2kSbl8VUPbLulNAPBDt.jpg
60956,Doctor Stranger,/odH9cebqUNHKh1p6BKVSs0gsD34.jpg
1450,The Closer,/sVE1SSDlXNCBh3sPYkIUTKfxOAk.jpg
99048,Start-Up,/hxJQ3A2wtreuWDnVBbzzXI3YlOE.jpg
95249,Gossip Girl,/9oY4OR0jQUbnKC5BhoUOQRrgIp9.jpg
110309,SK8 the Infinity,/ksb6QlSCsRLr3MNmxc8ojOOLK6V.jpg
96481,Rise of Empires: Ottoman,/nkvdPFYo7o2IQWooJvA9UE0nvAp.jpg
81879,Mrs. Fletcher,/8FVRHydZgQ09S4ANvhy1dQyI7A4.jpg
195670,"XO, Kitty",/hxvTdKAwv27PUfpXOQp6AwWr6V.jpg
1097,Ergo Proxy,/tHcce6PKnhNBneSMbadI4jynHpY.jpg
32778,Timeless Love,/zOUviZ6A4aExs2Y0TD3X0Y2U7Gq.jpg
95603,Kuruluş Osman,/aS0MWLkmVdO1o1Hk7dkATLIXOUE.jpg
87539,Katy Keene,/bUTZY7EHg9mWrORKFY4piD0PehY.jpg
127571,The War Next-door,/btZ7EjWaap6bdPTGKefn9rsc4Ok.jpg
73925,Kidding,/oYqvxrvN5PVd4Kvp46LnXVl42nW.jpg
1813,Father Ted,/hGgqGTVwZrifBX8T3f6ylqGFSXS.jpg
115577,Sonic Prime,/lMqruIEov5PSA7eu8mF0I4IiKda.jpg
2359,Spin City,/3Ksmbpg33PigXKWncD8rFMl24vF.jpg
114705,Night Stalker: The Hunt for a Serial Killer,/fOX6cKsDSCRKrDCk4vWFv2MgzM3.jpg
117030,We Baby Bears,/cXJ1m6f8KORhoIcrPSOYap56aAe.jpg
97890,Power Book II: Ghost,/8rbxvwGpPd9MWjdhAoSBj016cns.jpg
61378,Madam Secretary,/6Nl1ablo4DNTLb4ZH7Mycz81AEt.jpg
114165,Kung Fu,/ynpI9lvBe2gbNkH3a764xOeMajO.jpg
68854,kimi ni todoke -From Me to You-,/kka0aBfSmhxYopCW0FzDWzljRhG.jpg
69295,Masamune-kun's Revenge,/50jjmuwSwMxlXAP1jQ48kr1xrcN.jpg
135647,2 Good 2 Be True,/2Wf5ySCPcnp8lRhbSD7jt0YLz5A.jpg
33213,Shake It Up,/d3opexNCkiSaCaIZ104J8LiCqxi.jpg
418,A Pup Named Scooby-Doo,/h7Ejy5N9vsaLdwDt6Mz5sWgff0U.jpg
63314,Club de Cuervos,/fctsQt5NjZg5VxFVr9amJpHCjzo.jpg
80563,How Not to Summon a Demon Lord,/oVozVLWMTej4CRBpfu0ehxofBHS.jpg
79,Dora the Explorer,/wuZAi6JPdlX68s1p7iztmt0p13C.jpg
105213,Kissing Game,/i0Gmbo25STtJBIxTFyQpqw7Thxl.jpg
61244,Happy Valley,/xZK5iQSrn2mouZEk2PwyLPCwa4u.jpg
93019,ORESUKI: Are you the only one who loves me?,/4MojZik5N62IShd2BFVEHyaRBLP.jpg
8803,Sky of Love: Someone I love is there,/dDgtFUtsqbtEa6Dey2r66jV6qHb.jpg
7704,Legend of the Seeker,/ibclBUwEjsvfi8hpdO2i9jdOMUI.jpg
66980,Babylon Berlin,/jYShWyYllx9DhOS6d92mN2yVsbA.jpg
12536,Yu-Gi-Oh! GX,/jjHsHS1CsttogttXQRkXVzgSvXl.jpg
111625,Dash & Lily,/2VsVifJ5OCJ9L2419ZPPoGbD4up.jpg
221300,FUBAR,/ryqcPZCEnEahBW4X06QZBUmtavp.jpg
103786,The Cuphead Show!,/l6nGUyxKCi7ODvyfc8qQShliVEd.jpg
93292,Duncanville,/fLJ74pNLxYrAMFBNI95VSDPiOGd.jpg
66761,Medici: Masters of Florence,/vFtsI6Nk3cy2l4LGoh1aFRZKaQ7.jpg
120587,Haunted: Latin America,/q4DF2tw0Pjl56bN1V1atnLyuugn.jpg
49157,Houdini,/ba43f5KXfH01ipDmDR4lZSQyDkL.jpg
31687,Dragonaut: The Resonance,/mIGSdag3LAXQdP4Nl9FT5aNZwar.jpg
7831,Dead Set,/piGeJMaYQk1fMpRL4kBd2GLiMVS.jpg
10926,Sonic X,/mudrU2unvo34g65WvCrFRz2GSpc.jpg
3319,Darkwing Duck,/1gJMSXS0gwM8gDJnzVSITcxbQc.jpg
104699,SHAMAN KING,/teXqFftBqZJq5xPATc3WO1BwrgG.jpg
39510,Touch,/thjBc7hm1TUnI68QRf5cnYnX89f.jpg
670,Baby Looney Tunes,/e1ZxhAH73P3q7kIUr03qNymPW0K.jpg
101512,Felix the Cat,/qYefBMQZ55fwpYiKQnjRGqm6Mbg.jpg
61314,Apocalypse: World War I,/ilyercptCSZMHJC1EcDKLyDhKXk.jpg
657,Rocko's Modern Life,/9q42VPw9WTuR7yGoD2oRb6Hy1xG.jpg
42154,World War II in Colour,/1in5DbN4t8a7Osw9hCqWEmNoEZF.jpg
60741,Ascension,/nz4OyK9tfi0q7L9yz5BPa2n1zpj.jpg
2397,Beauty and the Beast,/vpSiTl7U1NKdDHroFUqCBQgqd2q.jpg
80335,Homecoming,/6GTzd7ZeivgBOrIn45720nsq0TU.jpg
97609,Stolen Away,/v4kNHEq0pMxMMfmpLOyp6h1C8m1.jpg
64555,Frontier,/mhIeCeYgG4WJHNzaw2EyRpvmGX8.jpg
73126,American Vandal,/hMbVY6f4zfUcX0xf2jo3xZFdrMp.jpg
67230,Silvana Sin Lana,/xGNMFrPtGSM37a7FMcPczAzto8u.jpg
95665,Inventing Anna,/4p3gJ9Ac0DfEyHf8mrbcmhUoby8.jpg
21755,Pawn Stars,/8GeBQWQOTu7yLwNfCV6iWyL8xNf.jpg
3470,Masters of Horror,/65QVXDWvWi1IN1Wd6FiPLhmYUMy.jpg
2719,Coupling,/dWfEw2YPrpKwHxH2K9SloCcMrnI.jpg
61670,Healer,/too4Zig9bDJOfvnFfU1SaxKmGlR.jpg
42280,Abyss of Passion,/eMo6VTGf3uNZrh9RShZDFSwwpfQ.jpg
5028,Storm of the Century,/iE32MOlNXMKppZPqYOe4SnTPrfI.jpg
152483,The Boys Presents: Diabolical,/kZKfZWwFOAicgoKS2IO7oM1GuHZ.jpg
62084,Poldark,/fTJZHMzlIGSJVPSe7Xz4p5SRwYP.jpg
12614,Clase 406,/jxDBJk0qwfoj18LMtK4gdvICa85.jpg
2410,Diff'rent Strokes,/7Z8BcfA2CD0CQ0m4ltgPqT5rdr9.jpg
153519,Neymar: The Perfect Chaos,/nZNd2kJMNg2qz89pQ0gVvPP064z.jpg
112077,Scenes from a Marriage,/wlsivaJuU6HScCFKcgv1cgtdmQt.jpg
82791,The Bureau of Magical Things,/13vxQsJSqpEylE7zrhNvZaYuTIs.jpg
15114,John Adams,/34qRIcLKkTpmM9x9gzm9nKvo5pW.jpg
42350,Por ella soy Eva,/2mjzGbbRRus8hZ5c6DidYBFMhsr.jpg
87050,Hollywood,/8AvVBcuCpESqdQicuX7s4WOGo1V.jpg
4459,The Muppet Show,/x1aZsosXqaCpZTI12lLpNYIj6HX.jpg
67752,Channel Zero,/oCutmhFznao1Pzy6wM1C32kxAEu.jpg
88512,Bonding,/a2GGurv3bY7W0qkfohlfkFNMQ7p.jpg
81747,Tell Me a Story,/56aw0q12N8ujbcEdCXaLZMfAYXd.jpg
99509,Freud,/2dvC4h5yFrK9yawvqlegem9ogv3.jpg
8624,Eastbound & Down,/hM9Yj5Q0yzZZf8IJ0dtFyUW2D9X.jpg
133086,The Five Juanas,/iFffOCcrtf5mSoGKd2J31d2b5yg.jpg
79593,Magnum P.I.,/srJGLcgZqjo6Ojt62IbGaO8TurC.jpg
83050,Spinning Out,/bAEGuEK0z4KTlrsx5UYpIvmPIPc.jpg
6549,Wolverine and the X-Men,/oSeJ2nESB77iC6SLo4qcqoadjdt.jpg
15822,Zorro,/iuo9I7AF6HSs4RdpwHb2QFOkZjk.jpg
67861,"Midnight, Texas",/jsBaMDKtE7BikyFI8v59YlwwhIu.jpg
109330,Madagascar: A Little Wild,/c9d59YbGDlg15tNOQ18oqRmf09t.jpg
93826,October Faction,/7yrXh19tH2ThJHXriORT16WKbBi.jpg
39336,The River,/8gaGHgNLckAQMwGGFoHzCc92FGj.jpg
83981,The War of the Worlds,/zcUkFaxUtP3V3YjoS1fh8YRW19H.jpg
80477,Angels of Death,/74OJEbRx1swuh5EuT7VNWxyWTZd.jpg
39279,Hart of Dixie,/xOwH2ZUtdzqeat5RhiD3oes2ASx.jpg
764,Midsomer Murders,/pz7tsWxe0TTdfJnWPjZAEnrSl5M.jpg
39331,Don't Trust the B---- in Apartment 23,/xgBBdHP4yNzmIzX8VYyXqPhjaAF.jpg
7217,Casados con Hijos,/432bV5D7aj7ACReG42bPNPeTEVr.jpg
64433,Shades of Blue,/kSCnmyWycGsxu8BgSoyM8GYsZck.jpg
96571,Move to Heaven,/gUvA20jcHABFPjYMIiZl5o9tWi3.jpg
37305,Soul Eater,/8ROoGBnHBscVIIomFl7DjlGidYk.jpg
153411,The Envoys,/z8mY0ZmsaFMKk5YVfvMtGxAuT62.jpg
70485,Mr. Mercedes,/t6W0Puy5MYi4EKOWO7lWGLcfU9s.jpg
136322,Dragons: The Nine Realms,/wXG7h2uH93nJ8QvGhtk8F3XEtlu.jpg
100444,Adult Material,/niPoxn9jPgB322BvujD7ZdlfOJd.jpg
62227,Triage X,/eQuP3VBa7asCrQdaPG2SeZp4KlA.jpg
94413,The Mess You Leave Behind,/lO3JkTPko8kEr2luYGwQocU1lJH.jpg
104108,Reality Z,/hpqLI8lq8u1biqZgdQomERkIsSC.jpg
73946,Inuyashiki: Last Hero,/53cafnW5gwzrSUagSCwippMlfDa.jpg
81532,Living with Yourself,/fLo2TqZ4UHHZU0UJbhi3lraCJNu.jpg
44856,Wentworth,/vRwuz20zSbZLdQttyFueMtTGNdh.jpg
92053,For Life,/2WeCMpWSrOOJNXoruq5bq8qmKEx.jpg
70540,Andi Mack,/wP0zaZVBNhZIoHgnZfv86rM0YUh.jpg
2685,Family Matters,/lIIPV3te2mxBQBHw2rfhwkUYsHf.jpg
80671,Cells at Work!,/sgwwEGvNy7vCJN8IVnl44tuVlMZ.jpg
89572,Nancy Drew,/cBXeSqUE4reXkGvs3lUls8M9J72.jpg
10331,Spawn,/sKZR2IIrPPo2LnMdYfxvOlXFls7.jpg
88045,How Heavy Are the Dumbbells You Lift?,/ciUqExShmSuM2tooxjVw3093cOR.jpg
105849,Caminantes,/8WQlghDDIXs4FK26rA4j8snGx69.jpg
4385,The Colbert Report,/pn2CVXjOlR8kY5MgOTJjZ71IM0Q.jpg
78670,Impulse,/sMZMj1gCDZA9eZzHpEmDMpQ0Iur.jpg
32871,Supernatural: The Anime Series,/4dHiX4cui1Zk0d6nwONSx3jQ8Zf.jpg
85948,Star Trek: Lower Decks,/2gVVCoxtNtU5fTTyGU1nGwrFl2f.jpg
89852,Trinkets,/1KD2zNV04SI6pvfbPnBOr6eFlam.jpg
134373,The Sex Lives of College Girls,/qaGYIoe3CQkTqWI1SWzFZhSPHsb.jpg
4278,Friday Night Lights,/Eu7MzZY1DldJ683z7vLkILHNRD.jpg
43901,Longmire,/yrdt5lscyJ5j5GSbhl99x3SRN66.jpg
113600,Equinox,/bnU3Rz3nR844WZNOyrCk8W52DUs.jpg
53606,Love,/wvtW9YoMkovpMqyZCWUbQC6FJlg.jpg
33428,MAD,/lpMdJzQUD0gXafoFo5L92DNg9QU.jpg
90972,Station Eleven,/xWlhMOzRxUpu4uzkWcDQOaESCE.jpg
70391,Philip K. Dick's Electric Dreams,/tyaNrGepu4HbkjLFkK6vgua1vgn.jpg
72350,DuckTales,/mBXPGrYd9wEzk7jpi5GkZJNDzZf.jpg
101591,BMF,/g2juyqFlVTbKqCSm6Xsh23HnBF7.jpg
1068,The New Scooby-Doo Movies,/slBx9Vkh0ET9m2lgrD8KxJDL5T9.jpg
19849,Blood+,/hc7xnAqzhfocgsWzY6K8W6nu6WP.jpg
35016,House of Anubis,/llPkPieIBfVXKIklkeP5VddpK8b.jpg
634,Who's the Boss?,/uZjNwfCNi6lX3jmYAxHB1DUuqcB.jpg
4357,Mission: Impossible,/bAnCcwe70IXHRwUgsRJT4ZlQ47o.jpg
86340,Undone,/wwCclQaT9tIAHVbAkGwQvnNUSm6.jpg
63418,Code Black,/xUpISrmAGP4ZglmluNI8a0ENXyS.jpg
87432,We Never Learn,/tELaz99EJDso1Zj6TpeOGuh2ean.jpg
40290,MasterChef,/42gO1qCC6GPtHKNXvOdhunhzyS3.jpg
70215,The White Princess,/8urYFWrEd8ue94Fm4JpHccQg3M7.jpg
59941,The Tonight Show Starring Jimmy Fallon,/g4amxJvtpnY79J77xeamnAEUO8r.jpg
74094,Our Love Has Always Been 10 Centimeters Apart.,/wa0a8FIiqAgq3zX78fmlYGObuPW.jpg
61461,Yona of the Dawn,/qxnaENqprdRge7MxQsEmOsEDVk5.jpg
72,Only Fools and Horses,/8QznQBwr4aqPIQTiymL7obM3qOK.jpg
4551,America's Got Talent,/xyd4aV6LZ8dcj1etoMLroUxzFDf.jpg
32815,Raising Hope,/uoQlWrYVERlifyUjDVUHiSu2ELo.jpg
91801,Welcome to Demon School! Iruma-kun,/aed6I1EMR4Lbk8bdikWrndbn5Og.jpg
86686,Creepshow,/fassm77VqtSDHv9x17eJ3DkGVml.jpg
75123,A Korean Odyssey,/7AJCemR9KHGEMvtaBVULJWbeodi.jpg
69158,The Good Fight,/8qoOHOfbUbrCcHZnDVxGcwOWinV.jpg
2370,Hell's Kitchen,/shOVFku8daIGRpgjTdMZBxUAvsV.jpg
128010,Welcome to Eden,/kZO0mtTHAgg9QVscLVtwCcQ7Hgx.jpg
35339,Alcatraz,/yES1yqjp6Jl2CEVKHdfwKrIsnqd.jpg
72615,Alias Grace,/m6ChYjCPMpzAPzR7jm0omLbu9hS.jpg
70128,Genius,/aOpBt23GUsamC2RH6lc0XU7TQCj.jpg
129478,The King's Affection,/mcfX0IqWibPhF5H4i2Q5gUlwwxk.jpg
158916,The Marked Heart,/M1q0HuyRnqxP8Si54srsPREFIH.jpg
61864,Good Witch,/FRthbnY1NaoOzBaB66YcMo8h8M.jpg
60685,Dominion,/2rBiS2m5hZbTSxorXQmUcbt2cTU.jpg
46619,Rectify,/tm9nQe9165cyjnTz8NB50izwcpJ.jpg
61192,Fated to Love You,/5JqmQ3EbQ6B3tQoMx1SFIbbhVuJ.jpg
75663,Deadly Class,/u2GSiPazSXpyNQz0yymOUCUm944.jpg
18520,Drop Dead Diva,/4J8DKF6UOfcHIWcyap9NK1acnoU.jpg
3845,Happy Days,/sepIwNPCEhkKvFOQSjXK6tekkjR.jpg
81290,The Kominsky Method,/vnK8b6bNl1koSthTGbzgMPnh7Ky.jpg
61335,Fortitude,/pQ6qVlx2kUbXmo8rF6PBLAIk42.jpg
21650,I'm in the Band,/cHTj9R311yylFlszfpQ0tk7Gpkh.jpg
41691,Merlin,/ra2F5ufWFV9qDMcZR1VbCfKZO2Z.jpg
49471,Danganronpa: The Animation,/2XKziwAUwPiOonJfSJxnEzFPNSU.jpg
67419,Victoria,/wtu2oxkUuP8bQu8YY7slIlvvvpX.jpg
24106,Captain Tsubasa: Road to 2002,/mFQYzHQr6IpzjR3bxFYE2pHBBny.jpg
121078,Mieruko-chan,/jWyIZj7yGbhvVRRxfy4ZDyfIIAB.jpg
9343,Paranoia Agent,/cQ6YiBTUlsKGm2mWa7mE9eZnlS2.jpg
74081,Blend S,/cRN22Xeb4kZ3GVBdfIJVPgD3ZH0.jpg
122530,Panic,/yNsVFQsXW5CYtFkrDSu5BmLEtdF.jpg
32608,Ancient Aliens,/6X2hftdC8y78SKMSgfzeUItqaVq.jpg
128095,Under the Banner of Heaven,/gKyXUkyKRg9LdZzZWRzk0eKD5HJ.jpg
11279,GANTZ,/spyDQ1Cv8m4L8EaXS6iXSpbLWA.jpg
95205,The Equalizer,/wwLaTuwsKPXK3hhHVclpx8Ix04Q.jpg
46616,The Returned,/x6B2UTMMU06GNzRgbDfaObuWFT6.jpg
2593,Without a Trace,/iNhE283iY7xtS8zCjhSxpTfOzn0.jpg
77567,Mi marido tiene familia,/jSuUar73WzYWgf0fwB2oKQTSr2r.jpg
110637,Overcoming heartbreak,/ntVTYZ5dCbGEwuQoMredNKT8Neq.jpg
36983,Rosario + Vampire,/wbJmT1SjraMZY7BPLLvVMaCm9fl.jpg
2973,Life on Mars,/kFmhMpfyCVsu8AdJmz0xzULUduZ.jpg
19544,Afro Samurai,/hb6GlWCjjik7ycuUJbmowWwFx2c.jpg
114503,Turner & Hooch,/o7de7nCLy3NNQuuf6JfnDGoRtCw.jpg
90,Mayday,/2uuVIAb4MtPmMNTpOyID5V8DzrU.jpg
3016,Without Breast There Is No Paradise,/n7MtHZj7se3bH9CaVXGkKGnP6aK.jpg
61555,The Missing,/czsrf4fx39ADnSTH7Og1Xk2SC4S.jpg
42511,The Melancholy of Haruhi Suzumiya,/5rbehM5zkF8xlLce4F9kJZWhqmU.jpg
2275,The Bionic Woman,/3F7UqtBXwNhOw6oUuK90xQs53R8.jpg
95480,Slow Horses,/8FM8KCgZQSbLLXcZew0MSj6so1k.jpg
96150,Seton Academy: Join the Pack!,/yXSH5BYOhYt26S5x7Aqz2VXj6P1.jpg
67487,The Tick,/8sngJVF54bugHfCkjJOsY4wx8Hk.jpg
4330,Millennium,/qi69yoYHNL30Mznult8mQc2dngu.jpg
60556,Bitten,/guhxl5I8J1WVEA3yeDt8hwgpYWx.jpg
64752,The Lion Guard,/AtDL8ZrOZxW1jakT2R3LcMdLvQD.jpg
60833,The Irregular at Magic High School,/y7C94NXHlSPUbhHE4McL1jvT9xy.jpg
8724,Frozen Planet,/rDlNybzqSf2W8sI5ht0fXWpSHWJ.jpg
114547,Secrets of Sulphur Springs,/2huc4Ef44MBNlbYMa2qjqFvyW2q.jpg
66496,Hwarang: The Poet Warrior Youth,/sXEiMRfG2IiSpa7gVWY401L6n21.jpg
86550,Y: The Last Man,/xcqV8XIAP6vhFFNW2ICV6a0qIJ2.jpg
87428,Why Women Kill,/fI3E1G5N8oimMeyYn5UzWRT2cST.jpg
34791,Claymore,/rQt8X4kjBxah0laGwUVJISf1086.jpg
99583,Danger Force,/lRvvNMqeEazS8XG9EaFcyhCA2qQ.jpg
203085,Star Wars: Tales of the Jedi,/k3nWQb0E8mLSR8acSkJP78VRVMv.jpg
2408,The Wild Thornberrys,/6SHAvvwmOFJwFhbkAqa6MjsiO7P.jpg
61692,Fresh Off the Boat,/pl9goLDKE5wG7JgMikAKimCmApx.jpg
15804,Batman: The Brave and the Bold,/tv2mOIRcPP4H0DhOH84xPgqui7d.jpg
78204,Sword Art Online Alternative: Gun Gale Online,/mkFSXuWzPemM1Ok0sBHl0SAsFbX.jpg
127635,Marvel's Spidey and His Amazing Friends,/etO5jDS5WgR4Y1lTyXhQcilJ6u2.jpg
111800,The Old Man,/euYz4adiSHH0GE3YnTeh3uLfBvL.jpg
100010,Big Sky,/4CUK42x0TvcWvuRXfjAFQlCeRdf.jpg
10821,Blue's Clues,/7h7gD3n5MT7mQa3zho6JR1lCfh.jpg
87104,Years and Years,/u1FBsyMH9Tx7K5yzMnJsYRvNEKQ.jpg
124271,NCIS: Hawai'i,/kYqsfXAMJGnw5EPtnyTtDikl9tw.jpg
76122,Death March to the Parallel World Rhapsody,/aVJUCmI7s22BtolCd0QoAztaGU1.jpg
115645,Genesis,/qZJt1XlRVbQhGV7MtZnbiR6vxPh.jpg
97754,Young Rock,/y7ta5bQKCPR0c4mKfFoGxFOejp.jpg
103505,The Unremarkable Juanquini,/d2jgq3q8MGHwP5ZNtnJ8GPCSQ1W.jpg
2416,Count Duckula,/xzT2j7tofLu9PHtAGjm7r9XmLl0.jpg
68006,Taken,/5TgdridU2w1pVsbQB2pt1xvazBX.jpg
40546,The 10th Kingdom,/aD5ISjx3AG1rygncAdv7eb8KYYo.jpg
85385,L.A.'s Finest,/pecfFki7ADklKNuqMrcBD7U9lWc.jpg
12786,Murdoch Mysteries,/oDeViEDiqQtIaqIaxIQZgmxMgBz.jpg
2188,Tru Calling,/jOqsAwPucH96rUQxZiRNwxd90Yu.jpg
93693,Are You Afraid of the Dark?,/seCdnVx50nhHmDqaC6QEYM3jSG3.jpg
126725,Velma,/zxkNhuPSHeDv3yA7sFu2RuEOGgR.jpg
82515,Fall Into Temptation,/2E8bvsc30vIglIAWuK3TW0hqdJ3.jpg
38603,Beelzebub,/41QZ3NTTBY3nZcGrkIL1fXbDFBK.jpg
45997,The Devil Is a Part-Timer!,/55jYHFT8iJuASF8Mzg0V8Dh3N3M.jpg
2985,Andromeda,/wJHCks9QrBOcxyYx1H8dvEjQE7E.jpg
99777,Onyx Equinox,/lCPi4hXHjLQWv7j2TVsWoLE99Uw.jpg
93256,Cautious Hero: The Hero Is Overpowered but Overly Cautious,/bbg1FMU7c3W06KUKrgIhIECFliZ.jpg
111819,Tsukimichi -Moonlit Fantasy-,/7XQ2dMEARAdUZQscnIJFPI54q3r.jpg
108291,Snowdrop,/3AhTqNJVr1v7Jfplg8Y1YOzzdWE.jpg
3796,Trailer Park Boys,/nIcIwVTYcZnW1BDzexGfFO7KmX1.jpg
1220,The Graham Norton Show,/vrbqaBXB8AALynQzpWz6JdCPEJS.jpg
72787,Patrick Melrose,/t6ubZ1Bpu0elTzA8tT2mxkrfpxA.jpg
2286,The Real Ghostbusters,/j1xlBYeyOQcH51xQc4gEFJK6o13.jpg
129677,Top Secret UFO Projects Declassified,/eB5aBU9TVZ3Lk7G7Ppy6Ym0rtAd.jpg
1032,Aída,/1SUHS2VjbhS76jeiOnMWx3xLhur.jpg
35338,La que se avecina,/oK9CdhXeFGyCLX9DLgv8nR137aG.jpg
76148,Derry Girls,/jVgbsFE2neCJwMvbo6nUiOR4eer.jpg
553,Dungeons & Dragons,/8SjMNAvP5IR6Fi1ubS89enmqele.jpg
1269,Spider-Man and His Amazing Friends,/4b8HFH1arZ4b05RHwxPc2JfueYv.jpg
2263,Friday the 13th: The Series,/sDYOJHlAQukeiwfZhE3BEfqtQKF.jpg
62742,Sankarea: Undying Love,/9yhc0g2g0m8cFe6BhHPeU1XqVNc.jpg
66894,Frequency,/lf0LWiJHCgXRJTVkV2svAtYGInA.jpg
36994,Workaholics,/kXg4tFUHN7h7bNdBTeLIIKqw9UJ.jpg
114892,Platinum End,/hxL3ZYeS1GYORKGHG9FI0l6QXQF.jpg
122194,CSI: Vegas,/7x1DwPyjVCFekAj6QBeS6DIOODf.jpg
61585,Olive Kitteridge,/2tuB2kGd4is7tFMhcOTfEGB96lm.jpg
3518,Dennis the Menace,/5Qs4gD2tbgBQy0GdAKqUOIPkyXc.jpg
502,Sesame Street,/14k9BfZ2p4rQBMeJ5crKTfUZVwD.jpg
93716,The Mosquito Coast,/cCwCjqeUSGcqHmryupjW2Hd8F3T.jpg
103913,Tehran,/pXV1fcIQIbpTNYRJ47rfUvG6hq4.jpg
85586,Coroner,/7zEVxcNEDxVtRf29zvjjy6cazm4.jpg
112166,Yasuke,/hgYqEkZQS2fgC6E9fe8Le1Kxbmw.jpg
96346,Luna Nera,/ukAWA52fqoNSfkbbNB3XkKqsycz.jpg
2005,The New Adventures of Winnie the Pooh,/iJFbF43bN1HX5EZl4OFAVmJDl1u.jpg
79340,The Outpost,/pqHFkhlO4xRRNOzWEEl3yV9KXiu.jpg
7354,Harper's Island,/ihpf4yvi9GWATXj7IApblIHRMP4.jpg
3461,Dharma & Greg,/zmafXjaQphnyHZ8oF3Q51DDIRWZ.jpg
106519,"Higehiro: After Being Rejected, I Shaved and Took in a High School Runaway",/aNpf4vaeZiucPqrOlIKs5Sqxzbs.jpg
113246,Tiny Pretty Things,/hvmOpnLYIYbTWdlV3RuE9iKlIOa.jpg
78950,Miracle Workers,/2ewQWXyrBNeeEEPwRa7Iwigcspt.jpg
83949,Treadstone,/tzoxJjPSgsPCepWgpl4LWjCKise.jpg
12406,Powerpuff Girls Z,/lJpPdByOlbmU1Gu40VOL6fEg9U3.jpg
87461,The Helpful Fox Senko-san,/pygu154QHVzb0Ro3PKTdFBKcdiY.jpg
530,The Mobile Cop Jiban,/oxEsZ5MNqOYE0ZWjznKS6Gisqoc.jpg
1795,Jackass,/lMN2OiHFBUFnuW4wPi6TEocR8nq.jpg
1310,Sanctuary,/7KIBYETkRSfHNsfWAWAt7uq7oGm.jpg
124800,Love & Death,/8WchbT0UPQeo3PZ6G01fhccYaQB.jpg
333,Jewel in the Palace,/oiDr9sZPluqKJH8o0vuX5Dh61dh.jpg
82369,My Little Girl,/8YfCSLOOQ8Me6y5CnTQfNsdz0ax.jpg
71673,Princess Agents,/diUHWYpMmCmA0Ad8RLtwPJGaCkW.jpg
99356,The Letter for the King,/4Pwp6tqn0bKRQsbisuJ0t5rBub0.jpg
93454,The Serpent,/mZve7vS8S7nyYMIJ5rJrjzOGwAZ.jpg
79048,La Prepago,/s8f5VSb1ANC9rjLgcS3lJLuK12W.jpg
90755,The I-Land,/Muev370hN3vdjGsC1ip1HcWqbT.jpg
61456,Free!,/aV195WULVVW6EFUGTwpYHO1lp3t.jpg
60804,The Night Shift,/qSfjudewdGEHAva8LvlbyH0ydof.jpg
74313,Blue Planet II,/j1NsoYYDYHnPkRr7Enqr8tlexgO.jpg
103302,Clarice,/7OFxU0bBO0HDL4klXmM1ahJPbv8.jpg
87956,"Ringo, la pelea de su vida",/lUkVJPd70pxDBzCoNtfgUsVHKLB.jpg
70824,The Girl,/uzNOxyNt1WIXt9KBRKytiqQZ02y.jpg
32709,Mike & Molly,/5TeRoql7yzyeFWMEA0aiEmd21HJ.jpg
1554,QI,/35SFXXXE05T23n7ztSHwa4cqzSy.jpg
10079,Spider-Man Unlimited,/fvmC5QzQwkI5ZNJauE4xpF24PTB.jpg
60557,Witches of East End,/jBWSp8hw8CNUFWxTCawXzAhu2Hj.jpg
1921,Gilligan's Island,/7PjIzzCh43hNU77C8oKLdL7XXge.jpg
205442,La mujer del diablo,/lhGcQeib5dltKUVlI7c7oniZUZ7.jpg
39957,Perception,/5L6MsJVdMDbdGZ4P1lGBunOp0VZ.jpg
41956,Death in Paradise,/lFvpF2V0xkiSdAVAViVqqEeeCt9.jpg
91520,Beforeigners,/iVX1jUchy3zTaZeL12Lo7HqDEly.jpg
6547,Maria Mercedes,/3sMyQjtS7H9Vxxo6vCMPoHz6vHD.jpg
167,La Femme Nikita,/pvm8hc0JzbDOcH85bPmlqmMJDvT.jpg
71722,Deception,/fRQ3JV67ADyTrRNyXqefqJkJsD4.jpg
8974,Hell Girl,/l50Wjrt2m362DjsKZVTpU2sp5L5.jpg
128113,The Winchesters,/oyleYabGfn6c50bIo4M3c7ogrfL.jpg
79061,Craig of the Creek,/u4LaONJSBi0khRe2L8nqBk81dlc.jpg
101918,Valeria,/zg7rwgjLTwbu2XtnLlizPF09ftz.jpg
62568,Yamada-kun and the Seven Witches,/y7j7cptjQvaMX2l12EkatqC54Q9.jpg
105904,Someone Has to Die,/srFvdWGF1ZJc8JYHx9AdyMy968p.jpg
106754,High Score,/ooN2RcOSi2tpfL1P6wCRI7LGq8I.jpg
119105,Feria: The Darkest Light,/k1m4aydO6752Czydk3Z8dR4yP0L.jpg
102904,Sweet Magnolias,/n1WDSFOnCCg3cdHHGBywZtYIzf9.jpg
3215,Coffee Prince,/6tKNlAXwKfRzLeuBOomr1N9gRsU.jpg
44549,Nashville,/roRHLyfhx231KKOibZ9BCB3uIKz.jpg
58457,Los Tres Caines,/ix5DHCHgp5KoEKyJ1FRjbc3ynyA.jpg
210916,The Recruit,/mLbFg0u2DPYuB5CILzwWk3kdI8b.jpg
63770,The Late Show with Stephen Colbert,/9jkThAGYj2yp8jsS6Nriy5mzKFT.jpg
157744,1923,/zgZRJZvZn5cpsWAB0zMUdad3iZd.jpg
90870,Wu-Tang: An American Saga,/kbZFfquhFg2EOUnKbZedWCs1kWO.jpg
70798,Istanbullu Gelin,/alVrRNxDGOlULYdXgnOpPrVP7KL.jpg
99080,Peter Grill and the Philosopher's Time,/ySLpzqCWSCacm9bDhLL6r2XG0Zi.jpg
87017,P-Valley,/qAuKjGNbcwdhbpxSciak8BFjQ5F.jpg
66789,24: Legacy,/zHL93gXjh7aPH368D0NymWJJx3m.jpg
87049,Firefly Lane,/vJdhhyideVVOw9nT9kaD4yKD53z.jpg
102712,Her Mother's Killer,/1oCRovKSZk6kr8ng2aaBWmE3cIV.jpg
42912,Inazuma Eleven,/9kQWvBMPWz1gykKLXuX6JBjC9uQ.jpg
101972,Our Last Crusade or the Rise of a New World,/1VtaTXsHTRfh8m49OVJfMb4JVuh.jpg
77939,MEGALOBOX,/OdNvZeDY1ruodyH51XsJKWgQIc.jpg
76438,Everything Sucks!,/v5jI54voHfhtGzG5EoDOVBEtAC2.jpg
46157,The Carrie Diaries,/ogoii8a7JsMFH4RNioptkyhzX2b.jpg
95612,Home for Christmas,/9ISBql67OPMVZtTt5ZBWD3FBQpG.jpg
127581,4400,/nTYDhLtHffPAJKWn2w8sfnYhLwt.jpg
10160,Big Brother,/vFYZvhzq5wbsmxm5K4a0csujxFu.jpg
196614,Hasta que la plata nos separe,/wWlPY4zmuJDelcOwb4ph9lGo5Ew.jpg
120734,Just Beyond,/yByXllpVtTfDf2wT0qe1MSGdRFa.jpg
57276,TURN: Washington's Spies,/AehTUycX0VSvCkOOkZzurLnjHsS.jpg
114466,Baymax!,/muzgYvvFniQnwiTdAvfMCEkHsT4.jpg
99489,The Penthouse,/33WzWRlmxjpW00zOGin6qrx6iqU.jpg
72792,Safe,/lrA2SSoWp3zzb0MBdjWKCVN0qEF.jpg
58956,Wolfblood,/jmzOvy88Qo1NHc7cewbUaF57B2i.jpg
62196,Stitchers,/wriOiQ3rdPhoMe1NofcLJRx9fns.jpg
42878,Anger Management,/vfWOzdgf9eB7IjZ9VqgXiWbxJ65.jpg
210942,Lookism,/qkoM63HDuCOSwxGfb0pljrgns9I.jpg
67272,Shopaholic Louis,/d97j9INf0AmjM7ieCi1H9hnJDnl.jpg
13555,Roots,/rmNglNhjo7EoK6PI4dDf4vHoKAc.jpg
76303,The Plague,/dgiq43f5CjDJSVJo7ujKS573at2.jpg
85349,Amphibia,/bFCgv9iWZECWSDxNQYc9soqvwjx.jpg
66551,The Mick,/jwYBohob30EeP1rJJMx9zcWSaGS.jpg
88367,Scooby-Doo and Guess Who?,/g7vQXsELihik4oHJwqhL6WuTJ3j.jpg
18202,Cougar Town,/s8JLZq24rbbJsYxjt0WcitYUY0R.jpg
19588,¡Vivan los niños!,/58DGISNlHgwD9WkXOcgnr3Rec8t.jpg
94515,Prank Encounters,/w0wXyx4NsjF9ZXeZJHf1daQmGSX.jpg
95215,Reservation Dogs,/t6hqwD5oQRGgNrZKN71BQYxteC1.jpg
31078,Bored to Death,/eCHirPRvImk6wTLJMKI8vVNVcOT.jpg
91425,Infinity Train,/wEhc48kGjoWw8qcHu2Lar7NFrgG.jpg
64852,Trapped,/bTpSWcEqeTXH7Ipr2XUfGW36n02.jpg
69088,Marvel's Agents of S.H.I.E.L.D.: Slingshot,/bwJej7WdmGRMCMyuDlotwAqVX7S.jpg
501,Battlestar Galactica,/27jl4H9PauenZlmVBbOO1pr1lGf.jpg
32415,Conan,/oQxrvUhP3ycwnlxIrIMQ9Z3kleq.jpg
4602,That's So Raven,/fLo2KYsE7gdM8ti1L9pcdaLoLPD.jpg
135864,Elves,/6upMMT2Uz4bhJabBCWhYKESIbF4.jpg
66082,Another Miss Oh,/AuMXoI73dzYaHHTfpSEM7G6C09Q.jpg
92209,Truth Seekers,/zRva67XCxkCRt4WuobrVVysdufU.jpg
97861,Night on Earth,/g6POM3aV8iKvxvd0DBs9nBYwMX4.jpg
40403,Miss XV,/6RHi5u5bDY4j5hUIaJXN6TbNjac.jpg
50035,Clarence,/rUWNAR3FlJDFRabvCBDNA3ryZJw.jpg
88805,Are You Lost?,/cxdXmGYY9iDaHZJdGwwKlEZ5Ji3.jpg
88408,The New Pope,/7u5xC08dT46vYdRxmcsqnUVDK8O.jpg
31718,Darker than Black,/iyxodUUXaeLk0N0siDWHA7rbURk.jpg
97525,To Your Eternity,/lA2jRBubr2OLOlbkJXuBXYqv4A9.jpg
17638,Falling Angel,/468xWS1crK1AKkvHXQtoIPxNNTq.jpg
75775,Junji Ito Collection,/umJEelwoLi3x123sbJ9pMTPA5Lt.jpg
103465,Into the Unknown: Making Frozen II,/UcbjmltlDTxoZvTSPbQtUBeZEo.jpg
3797,Life,/4zTDeRJxdMqH3Si2fIZjQi44k17.jpg
8514,RuPaul's Drag Race,/rM31D4ecYfpqUZ6s0o6yoxwK5UG.jpg
117378,Mouse,/qz0axqEwwIa5uaMsUYKGs9u29ut.jpg
42368,Lilyhammer,/o5I2D5oeIEafpyFw30v11AwkhnB.jpg
102321,Looney Tunes Cartoons,/2pDQfZMJq95hckoaez9ou93Hmqy.jpg
7537,Tomorrow is forever,/eU1eiM9kW9iN5AlSGGFO4YTxBSM.jpg
113178,Alien Worlds,/9EZSfJ4kc4wxk3EgqeGpw4xvcUj.jpg
38165,ThunderCats,/76M4IYMDG97W6lvSpGptico0ekS.jpg
987,General Hospital,/gS5iORCJHwP5moEXSF9b6ZcsZ1w.jpg
34014,An Idiot Abroad,/dXrrU2wDlUqVXjo5vdV8vmPv2wI.jpg
44264,Endeavour,/zlVQsugPBkSfIklJkh7XgnwSwqE.jpg
107775,"I love you, Güero",/1Bt8e3ciIjO6MaRiyCxlePqpQVM.jpg
496,Family Ties,/3JVBzBToscU4uCyA67piI1RNarz.jpg
129418,Brand New Cherry Flavor,/cX4acZbi2l4v051NJZfonqY0E3X.jpg
119279,Solos,/szoC8f6wAXGmgn0aiSDroRx7Ngs.jpg
66023,Marcella,/yyEjwLzlfso0V5qwAwcQRbuE31R.jpg
32368,The Killing,/9nAOU5zz01AWkzBg1ffpxLkmXwx.jpg
15489,Down with the Beautiful,/xC8D44yOvLuTe9ttF4KvlRZipAi.jpg
3579,The Angry Beavers,/vjwWVj2u6wqNiADaf1hbSlxFRbJ.jpg
88974,Angel's Last Mission: Love,/ltoY1cMTdh5ovUe6JhEsuU5Twd3.jpg
72509,Tsuredure Children,/aTxUzYlMAzmtmO1S8R99irHL2hi.jpg
35894,Zatch Bell!,/cBcHLTG8UgtKi1i1iN0XVcRAB78.jpg
99807,La Révolution,/cSj4x6ZTTc8evF9NwE5pBjXclW4.jpg
63441,I Dare You to Leave,/4OodlZVeOnydmMK0MTYsSLuHINq.jpg
81318,Love By Chance,/7OvHcQKApiCLw9spc04Er1CkTmo.jpg
39468,Mildred Pierce,/eZ7TUocetldADAXZfnMSEVl7SbJ.jpg
209167,Conversations with a Killer: The Jeffrey Dahmer Tapes,/5BTn4GxWL48BP8OkfiatxZ6qpuE.jpg
71146,Condor,/28cIK70tN2t4gPTV8CBQZED1H2G.jpg
126254,The Midnight Club,/2Y4F9BHkacKIMnDBZI3GGKpG1If.jpg
500,Mad About You,/vvnslQjc1LnERuroGVh8bPdBi2r.jpg
43270,Blood-C,/oFegavhxI30ISV0jSD6qAvuson1.jpg
93265,Pup Academy,/idjldYg3bgxyzmfHMCOKdvDG1RM.jpg
121710,Inside Man,/7tZONSnzKylgzHJvtoOGjRmYlgU.jpg
19997,The Andromeda Strain,/6sLbP198qk1czySbc6yE0RnHYY.jpg
68814,Strong Woman Do Bong Soon,/i7SnZmNClwtsRFknlXisc58Xkq3.jpg
79126,Evil Genius,/nyG5snyr6nqbIBwn6vTCYFQkxsi.jpg
94795,Cagaster of an Insect Cage,/yOIixxFPbfcGytrcYdRrC9Y1bT5.jpg
1871,EastEnders,/z4jgyI5TpoRZiJTNchkVkMrGQyz.jpg
478,Captain Planet and the Planeteers,/oTUdMgcSs3duIjoWBiZlgtVUNN3.jpg
114502,Cars on the Road,/6QXirTPUQecr1BAEfgVSXPD1np0.jpg
31631,Covert Affairs,/pRWUGSGdByQHW93DH2braqkRjZa.jpg
88166,I Know This Much Is True,/y6bjZiYZa1U8UJ2KxgJuU0B8M5K.jpg
11245,Angels in America,/rrV0kCmzcP8oB00gemSZDns90rb.jpg
61811,CSI: Cyber,/p56xB5YJDeYaGGOaYFtsjWycTYl.jpg
1043,Ouran High School Host Club,/5B8DAu0cfmzwZNny2B6NYNkDrTS.jpg
93394,Cuna de lobos,/n1xy8a7n6GpKEjqxkMFbe8TGC1x.jpg
99610,Feel Good,/ri3dx91b3QeRGB35gnEiHGhXxdP.jpg
126164,The Wonder Years,/stTtZ97QiXTvCQFDF6rNfFfFt9K.jpg
63648,Death Note,/4hA8qcsmwgVpSCRmDGeW3WsCxol.jpg
43720,Neverland,/iNfcvFaCjVZkPWBcpH4faYMdEhM.jpg
65493,The Ranch,/lrbHBAxF9Ir83rxgeBrfmEJriLt.jpg
127529,Bloodhounds,/kxU1hhebWZGaz8gkMVi8zkZhzVt.jpg
100226,Sexify,/fTSZcItpRyRpolA82EfdKinmLRL.jpg
4626,Ugly Betty,/5W64XnpFAId4gGyRrR6nmafE8lV.jpg
61744,Mozart in the Jungle,/4mTEw29l1HCfsHbBp2QCYxy82w3.jpg
2389,Las Vegas,/sLDHKh9zfsBf7eU1mroFhlO22jH.jpg
384,Doug,/fEzGDVHsUlOhU59EKSePobldyIf.jpg
62745,Is It Wrong to Try to Pick Up Girls in a Dungeon?,/h97iHupymkJXBv0gyr4qlePhKAk.jpg
2730,I Love Lucy,/mPUSrFTvQqwEqTtfukxJBtkbxWj.jpg
5303,The Storyteller,/4zyfBsIxQfEK0RcfJvwXgHTKqfn.jpg
37527,Chobits,/9gjM4FgXyjzzvP6W6MckC48hK1R.jpg
99047,Record of Youth,/54yTLS5d4OPOuunzOvHlmP82eIT.jpg
94167,The Legend of El Cid,/jTDpdYASFxX45GWkGPHmS74BNvz.jpg
81114,God Friended Me,/u2LsYYVniqK95fKHid85x2kngRT.jpg
12117,Human Trafficking,/AtCrinNTMypgga7Y20H3BcCivuT.jpg
799,Sherlock Holmes,/thC0OuUvfGbOcoJ3aY5L4vlO6lA.jpg
91445,Two Weeks to Live,/cOhQYHbHVo03elgWA4mTW5bzNAg.jpg
114925,Pam & Tommy,/u6Hfb3EsnvlPChr01jErXDTsdan.jpg
5622,Hamtaro,/heeMIthcPavUaNJJl0YPARva2ua.jpg
1069,The 13 Ghosts of Scooby-Doo,/v7S15heYWQSJLM60uZjim7Y9nzG.jpg
61398,Terra Formars,/nZTpfSicZCwa1R6GXFFy8d2Ir8k.jpg
1931,Disney's Adventures of the Gummi Bears,/mqbX2l5Te3yMdAjDxvs5kRk0bhN.jpg
62117,Younger,/feWw6i09zaX2apzRqd7QbKEAsx9.jpg
77601,Wild Wild Country,/kprB5Jj2LYQAYlqVQMEucT2vGt.jpg
95202,To the Lake,/8zIwJf5rDZU04uj0gS1hlz2m6Ui.jpg
91725,The Spy,/bCGC6cAEKzm45J7SPsApAnp9mNx.jpg
2211,'Allo 'Allo!,/m42lb4UxkpaFil4bw0bqqjlWCY4.jpg
10400,The Little Lulu Show,/1PqJQjsaFuf3x9Xnkv8sLo8g7EO.jpg
30773,The Yogi Bear Show,/alDnwQ75JZu3V3aoa4F5w7LoyL7.jpg
45579,The Moon Embracing the Sun,/zr6XJUtT61gWhWwjPIraY13SkAE.jpg
122066,The Dropout,/9SkOJF92FE0H1UXeOgLz7lAnoMb.jpg
89287,Instinto,/a2dB5yR6CfMNsOoR18EULqdCIqQ.jpg
62450,Plastic Memories,/omOgvHRgfdWku75Gd8YSk2n0pX1.jpg
32730,The Event,/mQllzcEIIa6PvHmziL6gczP9fOl.jpg
93166,The Capture,/bCuTIRmnd6eBNZ9oBBQ2KAtErid.jpg
37632,Switched at Birth,/db5XnOxGcUHeNhBRNbHfqTlzXmk.jpg
82328,Bitter Lands,/1GY2OOMAW9bzxslhiciyc38LgTf.jpg
39793,Call the Midwife,/b1p0nL00x563ACkcmGNIRP4ZnkA.jpg
66053,Berserk,/kN0Nca1Deq0iK1AK5RtAiohWhZ9.jpg
118924,Marvel Studios Assembled,/v2BHRwtQVkt5fssLdo5MpFgHJPY.jpg
32209,Al Fondo Hay Sitio,/g7cuCCkvoBuSwemTHYz3k0hvvmz.jpg
1487,Static Shock,/c4bMyE2SZv9B6rS0Anvlwej14R1.jpg
95599,Kipo and the Age of Wonderbeasts,/4yPluNRnnaO68VOhwDTA46wDXVN.jpg
85940,7SEEDS,/eeGRd3ENc9vetozwDDMhl9S7l3G.jpg
14755,She-Ra: Princess of Power,/49ZbBp4eUQnXYRvm6HjNI6sSrdW.jpg
99654,18 Again,/AwoC5PiNdi1RZTZTgOGGdHqCzrC.jpg
9156,Frank Herbert's Children of Dune,/A3FJKCuvqRontYuMnlDjiU3Ig4h.jpg
17937,Ghost Adventures,/cxv4FHAle7HoFXGnWHNqwBobaB1.jpg
66310,StartUp,/mXiB1e0x3iaRaaPPVhC1c7rgwPr.jpg
33841,R. L. Stine's The Haunting Hour,/keZqyr8EQLCjHejuZ3U4HAopxrY.jpg
116799,The Lincoln Lawyer,/9TaupczRcEkOaYbsiQuLg3kXPLq.jpg
103409,World's End Harem,/kcxcTt4yA3MflFQ4cTNLM62yitw.jpg
5273,Alfred Hitchcock Presents,/ko0h8oz2bC1NWnhcuMnvNVDpfJj.jpg
37678,The Voice,/sjtly63wIdTEgdtGvCAOB9AeEyg.jpg
36581,Shiki,/8goy2DZJ1bZdLJ64pFBsKmAlOF1.jpg
380,Little Britain,/ty4FDYzUydInUnxzExv2G6nuC4h.jpg
106238,Hoops,/3umUQ5DcZe7mSZGImCAStl2FRbm.jpg
127445,Tom and Jerry in New York,/bLVyhu8d9oIanVqVLCV0b1jqhzE.jpg
44169,Brickleberry,/nLeOBqvDWuZfyMq7DGRT13YDRNK.jpg
42272,Baby Daddy,/lwpaNYFacUITOtfIZ1UDq7vnKeD.jpg
104711,EDENS ZERO,/nfkn7IVG5aY2fyjHBIF3A98rMcl.jpg
35279,Austin & Ally,/g4oZ5AU1ZXVnVf4hXqbRARwRJwq.jpg
107171,La CQ,/e3R3sTrIMOp6hOGlRUprEfXhP8X.jpg
10126,Taz-Mania,/ozqJKBZq3k7BjyAwv2A7V1Zv6Ba.jpg
86189,Betty en NY,/sPmwvryzRnCoEv8oeTAT2jeM8Yy.jpg
78102,Steins;Gate 0,/lmx0rW83DCh60ARiZqM6DY2XJhB.jpg
62977,Tut,/AoKHf67aYDUOkZkS9tVOEgDzjMa.jpg
93533,Thieves of the Wood,/jQNOzoiaIQWxJAx8OUighnvnhRA.jpg
130,All Grown Up!,/e950CuuRk3MdRytXJ9cE905QrLS.jpg
25760,Higurashi: When They Cry,/z6GrUoKte5lzPxR7HWyiSLVieUC.jpg
8880,Space Cobra,/pzXDu93SkniHnGq8Ht0e7MFeCGw.jpg
2808,Totally Spies!,/zvEit6c2zC2PosXROb85jZwb0gx.jpg
75666,McMafia,/jdt7RFfVCGWrNnrxeQ0Us9kGhJu.jpg
50628,Intelligence,/yWO3w2isgxBarZEH4vE4qbrpqTd.jpg
1472,Kung Fu,/vUqmS40PRyAe3COHh7wHpDFnspC.jpg
126526,Elite Short Stories: Nadia Guzmán,/z4IpgHHjcFsNEwaP8PubUanVyRj.jpg
99335,Get Even,/7hkp2nLI84G6btRGwcYVHYZ9coT.jpg
3902,Shaun the Sheep,/z2gPfTQd3I0JLWOAEdKYMQRLoun.jpg
69851,FEUD,/obztijEwCVkKQutVK9eARn9jyNh.jpg
88987,Helstrom,/8fPIcaRIZgsoBcgA5yAm3GNz61M.jpg
124010,How I Met Your Father,/gPvqh9AIIuoAV9SlFnjjZzxbNHz.jpg
7087,Being Human,/rlDefnxVHcXwwm2bxPHknNRl4l.jpg
130372,"Doogie Kamealoha, M.D.",/qS9NwCJDPnHWtJbgiFmpc8T90tP.jpg
5381,My Lovely Sam-Soon,/hqam3HaYUdZH1uXB9BqwJ7UBeij.jpg
74083,My Girlfriend Is Shobitch,/sKWiTWt01UX4ioJkU2mOvsF3TPf.jpg
512,Third Watch,/rWQmgNLdyZGIL6Xuo9ImL0Kh6wt.jpg
106158,Law & Order: Organized Crime,/mtncMZ50iyeRMJOwo2TwbaMCHZM.jpg
78074,Sintonia,/safjAD2bBNT1grB23rFff5ChwDv.jpg
679,Xiaolin Showdown,/A5i8MBDgl6hi9MmUVGGAZPccNJC.jpg
22172,The Atom Ant Show,/sKcUojLk9MEBYvfRlzbx0EBof5a.jpg
4920,Damages,/bowEbW8Q3Oc02BvHBKTL5gWv9Nx.jpg
1482,Spider-Man,/y85QOYMhcZsEfHbrntBv5SZXH1w.jpg
84553,Blade Runner: Black Lotus,/plMSCIKcZAFHrHXa18PQrZHLw2N.jpg
121964,The Case Study of Vanitas,/csDlC4rE2AgGS9wdsiKo1y7pUOP.jpg
80546,Harukana Receive,/4HLvWlgTNLQMht1oOXAm9N6j5Rq.jpg
88053,Doña flor y sus dos maridos,/gHqdttfjhaBGX4fkbMncsc5PL8i.jpg
99073,I've Been Killing Slimes for 300 Years and Maxed Out My Level,/iyTiJqrAs2YItyTYGI18PdqX65c.jpg
45125,Btooom!,/9WGXIXqq1Y12KyfxEVmtaDe9b1H.jpg
213241,Lockwood & Co.,/lxWSGo8D6MbFbQmM9tqhbaG80TP.jpg
100043,Bloodride,/tYhbw1wAgSy0bTATlAw4OgfG0Ly.jpg
65150,Vice Principals,/5nQPG8tO5SBugcUDBxE8NVdkzBx.jpg
127626,How to Become a Tyrant,/kdWrvDC6ApgZL9HxDVYTXwtHZkM.jpg
90677,Fate/Grand Order Absolute Demonic Front: Babylonia,/4XjD4Hbyhnn9wakIehZJJ5rtqxn.jpg
61118,You're the Worst,/whXfP89yXz4AwQ9dzWCTGcl9YvV.jpg
54728,Beyblade,/l6ZQhEHjtOd9t6lOvVGzs5YEHcG.jpg
37858,Fate/stay night,/lgljp4dA4AGevAvKmuEFYDL7pBi.jpg
83131,Horror at the Cecil Hotel,/o8svN4ZwRn5LRz2cDAPEFoJy1Zq.jpg
78462,Devils' Line,/2tz6rfssj7rGmveOaPshPLd20VS.jpg
1952,Mystery Science Theater 3000,/29a8Xqz9o87f7n4zf5K4bGMhXbp.jpg
44317,Saint Seiya Omega,/qjgGUtZsosDehY49oshGU72TwTa.jpg
72039,Escape at Dannemora,/odk6ccUtUJlGTzPApKS6s4CTTrK.jpg
57577,Blood Lad,/wbtTg8kp5gsciVKm4TnyXGNhl70.jpg
21561,The Outer Limits,/pi6uo8huONeyuxcliK7o6jAc4k4.jpg
114505,Pixar Popcorn,/pRpwcEKPvsj0WKbhrowQbyy4bIg.jpg
4550,7th Heaven,/s6mkZKanKim3VGUIxR2gGGf9jn0.jpg
42445,Borgen,/3wB4R3Ac3lKSQWKpoU0zeRY8XqL.jpg
3382,Charlie's Angels,/pvSdc81hTTiTugMEGjObuEMijDc.jpg
72462,Free Rein,/g3DccaRLKOiNPHnH88sxGIL943B.jpg
85727,In the Dark,/dvfuQNUItkbQ8e2o80i6HgySLI8.jpg
46879,Mickey Mouse,/aAJ5T2Ab28vbbP9s6wWqdtK3arQ.jpg
60839,Broad City,/fRu9zQFdWHjEVyHwnIYqm0LRoKA.jpg
25065,Red Eagle,/rZsVB0knyB21UwFBC6Bn2p7fqcw.jpg
63535,Vinyl,/t8RbNsFIvqHxwAEvgn2WXmJK8TL.jpg
137040,Black Knight,/ucz3ZboT2Sb12yum51Q4J8M0myb.jpg
64353,Versailles,/2VG9wrd8LzwYO7JZObbEmvfqu7x.jpg
34158,Magic Knight Rayearth,/pm3hODqtNDLqucDVvakky8FrhMx.jpg
65523,Dagashi Kashi,/lca8iodKGWfMIbVmq3Taizm91iF.jpg
58957,Nathan For You,/6tGXlz61c44onUg6EdRkbhjcaPA.jpg
112613,Ranking of Kings,/ujMjMUi6z02uOfQEerEDC4rH6aG.jpg
87462,Ao-chan Can't Study!,/6RmHv1BXb8645cfVAUPdTkf2rgj.jpg
102518,Iwa Kakeru! Sport Climbing Girls,/afeKKe8KPYDg7DyVtbfqSzh63NY.jpg
64671,The Asterisk War,/7DJgn3qWaG8g7Px947aZcMDO4ua.jpg
103759,Betaal,/87nmt1R1W34fNOb31fvDnw15fUa.jpg
60834,Black Bullet,/lGyKLch5mVZJbVK1dPHHc8fc70j.jpg
80707,GHOUL,/r3cbfNl77zK7XhFMNpdbxy0B7gW.jpg
61746,Inside No. 9,/lbHTsN5x7h6aCt7DqPQN4kYHfky.jpg
43631,AIKa ZERO,/kBchOJQphBiz0veW8wYz0cKnHap.jpg
107365,Bel-Air,/c2K7cYixUApPJnkleU1weed3uuO.jpg
177,I Am Weasel,/ibSVhfayNItAAoGkI8bHYOHPQdH.jpg
13093,La Madrastra,/kt8bb1jcMlcYObzPpoQYV8Adf9p.jpg
126528,Elite Short Stories: Omar Ander Alexis,/18KJZIUudPb3zjrvk63xGQSV5TX.jpg
39357,Suburgatory,/tJ6rU9LZ6SSigvJF5P4sot0T8V3.jpg
126118,Chapelwaite,/v7Oix3Zkhg3ftRxmLmyDBJc9ycp.jpg
4419,Real Time with Bill Maher,/pbpoLLp4kvnYVfnEGiEhagpJuVZ.jpg
133748,Twisted Metal,/3Zr9qJXqHQwi9IyPBDwukgg1jcZ.jpg
76132,How to Keep a Mummy,/qMuIyXJAT8rIHUzvj4hLj0w0s08.jpg
985,Wacky Races,/yHeolC3qvELoeq8poh7BsMpBKd9.jpg
100281,Moriarty the Patriot,/lLcmshfrLg7JUMwMCnp5fuNqtoQ.jpg
129680,I Know What You Did Last Summer,/udvw5tHwEu8VI7e07qpVLZAw8o2.jpg
92892,Ahiru no Sora,/buUgxLguqSOuc4phBsrrlc4HrlG.jpg
96734,High Fidelity,/6OTZ66ZlJvOVb5A8ALiPzTD0n3H.jpg
4346,Freddy's Nightmares,/tISTXELQn3ZFC8mgBwEH77xKXkZ.jpg
79352,Sacred Games,/uEbNtFbK4At9WBDGap23lt1qO9n.jpg
18053,Nurse Jackie,/efKrmVB9Jwmh6HxFjED6FyeOUpW.jpg
7361,Auschwitz: The Nazis and the Final Solution,/tLomUa8wQd8IKursGSuGW2n6kt2.jpg
102182,Te Dou A Vida,/jyZD48yf8P3j8QOY9MMRFf5qiDB.jpg
43125,Guilty Crown,/sMUzeL5G8NkNpNhgPZPpauS7CYD.jpg
86951,Leaving Neverland,/mIU9T1FUd9nVYuKgUb0MA0io6Gk.jpg
135385,A Thousand Fangs,/tayfazRzkhpyKAhKS6PALXKJUj1.jpg
82744,Catch-22,/d5dNb5RE5fG7WtCSV7pTXCjpYpr.jpg
1026,Amazing Stories,/rrRDymHWaQUa8LAsIxJc5OOigea.jpg
994,Inspector Rex,/tCzMaMoOdA1cPzV3Ll32ftg3EVO.jpg
39483,Major Crimes,/fZ502JXujnxVtprmigTO2jA205P.jpg
1918,The Twilight Zone,/5OYHoUEKE3RJMqiHcJ8XA5kB7bw.jpg
83300,Diablero,/iWc0wt0tgRQiiSR4QzE4WfMTiF4.jpg
135868,The Patient,/aXAg9KY0AQ0FNAASvyG0Vu3xdb3.jpg
9894,Mission: Impossible,/4AZwDa0RZLIVsOgZxlgOqNUw3U6.jpg
40,Dallas,/w8Frf2mO0DUVHmSRJWJWldntKCt.jpg
5107,Reaper,/uYkgVxxRvRFceDHXlbSrqXmMut0.jpg
92926,Criminal: UK,/bfsLO69G3ly9OyPlUxWFxgjbrLt.jpg
198004,King the Land,/oqpzn6xcqqZpk3DB3z3sT6UFkZp.jpg
2418,The Venture Bros.,/ckQE1aLYQkRpp2HmHljiELAiOr1.jpg
71577,The New Legends of Monkey,/jwu04xIT0kNV9ZpVZ6wNBGPr0eG.jpg
42410,Durarara!!,/zscUURiEGzi1UGvwnZ9I6p2QuyY.jpg
95941,Zoey's Extraordinary Playlist,/xhF6IXlq4HjEqoAqoPTq4YkgHB1.jpg
36189,Boris,/jPZe3X3mfQdqtWMLlTg8VYB8y5N.jpg
83127,The Politician,/5Bm3rMQAoXSFKAVYMxPYQRyM07U.jpg
57041,Gintama,/f7vK8pzZIqhyA8sYmBpWmp9Ae7.jpg
70484,Britannia,/fjdXymXAas9NSehc6GCOHQcEM05.jpg
64099,War and Peace,/e9uqJMuJXTlqgHrzmMjzhUsw7nI.jpg
91962,Emergence,/r9nmcmP6IOIJV9K61dXIUuNWxdV.jpg
118821,The World's Finest Assassin Gets Reincarnated in Another World as an Aristocrat,/iusQCT2pje1Mc8A8LKnW1uZ5BOO.jpg
66090,Wolf Creek,/4QKrCBkeRFGPJMk4JV0MmMJ5mBv.jpg
76874,Alexa & Katie,/jVLqM6g5vF63Zq650lNSgtDx6hW.jpg
69630,The Bold Type,/cKloQpl6zE7kdFf8SUeYU2qPT9H.jpg
129897,Day of the Dead,/iBeWa2Ds2uCjTOlMikiBqETsS2X.jpg
68295,Ben 10,/a4H0UR7aUkGZlT6Q9r9grBrjJWR.jpg
115521,Alba,/pubcatJw5MZNuTJ78atJBkw9crW.jpg
136308,Stay Close,/dOxXkneHeiAVbdpkEbajgiwobO9.jpg
81322,The Time Traveler's Wife,/m7gKiAdNHf0uLkZAdgWgLGrPtll.jpg
67883,Insecure,/sGMwPIE6m9QI3LzCRXnZG8opZtB.jpg
5,La Job,/heOhqAyj2L64R2HuFZmEay7zqoj.jpg
7777,Better Off Ted,/u6QkbGwjH0qtGO6Cz9fFi6BxRi2.jpg
41692,Lonesome Dove,/qK4iseZGf0YhYx53ecawSGhL0sl.jpg
110534,D.P.,/3LqTNjibg3XySzP2iUHyKinEyw7.jpg
63510,Attack on Titan: Junior High,/el6yFiXQxiPLZLCJsukAI9UTI6J.jpg
77702,Magical Girl Site,/tNVxRfjHcFSkciIHXMPdjXwZAqg.jpg
16684,Dark Fate,/noEK1XucNeKEtpLYmpSaMNEDwfT.jpg
73640,The White Slave,/8U3UoUfK5WXOpzB0gfE6nHSoglw.jpg
39361,Awake,/gAXMk6AhGNNIT00DyCiXZ2gIQnK.jpg
653,Metalocalypse,/aPOjCtJJIC1rcnitWmJUjZStMdd.jpg
1769,Johnny Test,/cGceNrHpUl3utUzE502xSY8l9ST.jpg
47699,Queen of Hearts,/5xdC1a8pSCKdacd2ijVZzhP1a1E.jpg
251,Aqua Teen Hunger Force,/jCWOkfMLsT2sGHadCkmR65MWtJu.jpg
93653,In/Spectre,/sqQUbshLEsJoA9QKVUbUGNRtnvX.jpg
43249,AIKa,/tGTBxjGSlJKXtS4b3LpufJIHytx.jpg
31736,Eyeshield 21,/yp29cySITMuZF3Exw8gnRomupz8.jpg
66939,Gypsy,/dNiI4TdbTb9Mc8ACKQnW9gHCxGZ.jpg
40351,Green Lantern: The Animated Series,/qSSFP3va0q2WL2a2DzcdcjVe463.jpg
211684,The Walking Dead: Daryl Dixon,/kdM24KINoAVK9wjCtDJCkdffEpc.jpg
91545,Young Wallander,/8UhkwuaDFDarOO1GffY6XX6ZilP.jpg
65819,The Sniffer,/p6OjtwOfwcvMrpq1VgfdCJ5f6Qz.jpg
76409,Kakegurui,/iLrKRd4z9AwFNhnfpB6LpRctW7L.jpg
12656,Rosalinda,/9giAcHn2tOCqJ8h8x9sxQipkTeI.jpg
99769,Dragon's Dogma,/m8VA5fudLl3jXywxxSsE4g5ltYS.jpg
12577,Devil May Cry,/xDGxMQk24gt4proydCyxddPzTIG.jpg
6618,Total Drama Island,/2mBbbvAIK7rrZD2Zhuc9WYB28xJ.jpg
1706,The Pretender,/76q5tPOPQkQYIuZu2SG6viZcp2b.jpg
119464,Navillera,/pBd6pEhszsWk95TrUqo4bdXhH8T.jpg
5917,90210,/6uy8Le8X8qqvc5X7pSFn3BJA69M.jpg
13230,Pokémon Chronicles,/wjQKZR2IdQpAZU1ngPHGzrqcknb.jpg
103445,Ju-On: Origins,/18cT0p9UbJGhKDlwcOF214SXnsZ.jpg
26867,Mushi-Shi,/6hcZcirYerZzLJbl658xn1KHr6d.jpg
80054,Truth Be Told,/zBc5nqwYy9cwJGoA16Sc4jmgyuP.jpg
34801,Wolf's Rain,/59p0MqCAXnzUcGu8nI8Mz4CCT59.jpg
1950,Everwood,/4zmuA2Ql1QdUtw9OM6MdmtXnZEF.jpg
33238,Running Man,/2Wmmu1MkqxJ48J7aySET9EKEjXz.jpg
103849,Curon,/vmNpI4C0LDfWGiSYWyKLVkCSaOi.jpg
341,Brothers and Sisters,/oNlltZLabDv5lbiLz9dQ6VonECs.jpg
98036,Box 21,/jyZvfGEWmV81rhWgvk1TZo6rydf.jpg
90259,The Third Day,/rNx7hgp3Cs6YPeBgvE6enNmR1Xz.jpg
61967,Wet Hot American Summer: First Day of Camp,/depAfoSmNgjQWfo38a4L6SnKtek.jpg
75365,Wolf,/jSJy27yMybtzou7eiUZTa03zWFI.jpg
129959,Kung Fu Panda: The Dragon Knight,/7C9TKvU5dNyhvoG9kQvRFsg6vlA.jpg
133700,Devil in Ohio,/AsdjYB61U8zVAsEyQgOebAjCoUN.jpg
31585,Rookie Blue,/e3hfrKjLHKjj3p82xvvGvfIu628.jpg
30826,La rosa de Guadalupe,/9RaNva340arNWeZn2uKpKePkg91.jpg
50137,RWBY,/pTLBkalS00rc9FSxgdt4bcwWdvH.jpg
95467,The Club,/w2TPDBH3BjlaLwH3qEl48VfWZZb.jpg
60632,The Color of Passion,/jjsl79Tsuu7rd25oExLEpwoJz6P.jpg
76530,Price Of Passion,/zbcjrrm4qKslZ7JRxso8XipbJab.jpg
39702,House of Lies,/xrrNWeMC9p2J0fEUCYYsyA67EdB.jpg
13643,North & South,/A9kkVb5YNtZRyCrMNsgw5LjEZpd.jpg
7171,Going Postal,/s6SLgXTCVpJIib4VTAvEVdrY02L.jpg
214603,This World Can't Tear Me Down,/ifJzwm47nzVF4mxiv2n6tzMh3av.jpg
16169,Esmeralda,/vsW9cQo4XL50zCz00groza5EmW0.jpg
62417,Emerald City,/xjJSsAMd1kQrIslv4qHSMyGx9UT.jpg
62266,"Kill Me, Heal Me",/dNH6NO0akHMIqbq5EC4qnCeeuC6.jpg
113985,Outer Range,/nO2qkja0cYBlx59fJ89TnrzDvHe.jpg
32062,Human Planet,/bjhP5yIeyWMRMxJdLjBuiIf255X.jpg
2957,Fraggle Rock,/nyvNej9aHC2wydFflPMrASS6MF7.jpg
94536,Hernán,/adJ2jnpz77ai4coQqNzzBQ0OiXN.jpg
67043,91 Days,/d2Ly2UovZ2C2wgHRpctopM8KyMf.jpg
123591,The Smurfs,/uiOT3X9p9eB1V5QQeSP0yAIP5gV.jpg
103,The Time Tunnel,/6E3Ncd9iLWqi8m1GcdkU5bSwOnS.jpg
31497,The League,/2l9lrTVG0BxU7zqsf5UQ1g4AbBH.jpg
69581,The Worst Witch,/fLhJKgPKeBsQaSe0i7VOnRQl37r.jpg
2321,The Unit,/ftwhXqizcVRo4pgqFnTysR9tAIM.jpg
65944,Haven't You Heard? I'm Sakamoto,/rzWTW9DSToU7mW5RPos91fJSbBV.jpg
60655,Derek,/nfcvAjfV4u6uFtrA9X55nyJjrN7.jpg
86163,Gentleman Jack,/hLQl8LKLXdA4gF4ArR8TXzXGRYV.jpg
95160,Soltero con hijas,/k6OK41OFAE8gzj6TvAeq0gmKhVw.jpg
2150,The Scooby-Doo/Dynomutt Hour,/geO8f6BdJ0E3OcJSzqyS3AakuEx.jpg
96348,The Gift,/lQasevgdY0sEc4KHWmIWAxxdM1J.jpg
17287,Party Down,/hbsoFctJ1dDPp3KUIuUgd2E1U4r.jpg
61915,K.C. Undercover,/r7NHpXvn2wVX1tV4po8iBrj9ybX.jpg
118043,Amend: The Fight for America,/a7i3jJe9rI7RSvlGoMB7aYI7XVt.jpg
894,The Prisoner,/1FtqAlj6jsBk25PKwL2NrgzdFSo.jpg
85854,The Widow,/f1UCZ21QfcfuOOQGnczTOJWk1dn.jpg
100052,The English Game,/vvOccQ5Mcn665KXS2KSnldhpvva.jpg
62195,The Whispers,/kSoXUOYmzvCfXzElnAVl9cSEnTa.jpg
2243,Touched by an Angel,/jiSv0xNx6MGhAFfv05Ov7DgDELJ.jpg
61096,Rush,/aQiWbhicCGDJAgCV60pmfkfFJNB.jpg
56304,The Men Who Built America,/kmxok1OGUFLd2psEMzZ7mU0MjQi.jpg
64158,River,/fhiVcu9RA3MEVQtMowwQUsHJfJR.jpg
60654,Magi,/cDIDw98GGkVvyDa2ko0KGmE5g2A.jpg
73550,Gunpowder,/3eHeKVmm08g8LDoXobBioyti7id.jpg
16089,The Tommyknockers,/r41hDFTHfFYYYBxiPP0osamSB8h.jpg
5665,Choujuu Sentai Liveman,/gSPZ0cxv1X8jwJdMNmyxNU1CRWY.jpg
67011,Magias Academy Ataraxia Hybrid × Heart,/s53DVqH9F2cw22O8enndCBQgTsF.jpg
72502,AHO-GIRL,/ocsFjk6MQkklhrw4PyFycE9rSyk.jpg
20695,Yu-Gi-Oh! 5D's,/rzfbuGpcpg8jArmO2lPbO1KwT9O.jpg
3670,Cops,/nUsdcwmoYP4DiZtJcAWkpxjRnay.jpg
42531,Powers,/7imMR8ySLCPG3LsNlGej8GGtXBg.jpg
60644,La Malquerida,/mzWwaA1Jp0N3048vkoBL2NzhPwa.jpg
2622,The Universe,/o3LhwEcm9M7B1Sq96mzCyXOtn2g.jpg
12584,Tin Man,/9skg8ZHkiYVTJ4AbGaivfv45G6y.jpg
102918,Bloque De Búsqueda,/1LU5gO3gVOm9IgxLfhSBpMUVYW6.jpg
85702,PEN15,/9rbyzSTXnrPHJZ1YEOQDK8gnNm8.jpg
72248,No Trace of You,/4I70tn6iJxPM7jLfNoH6DuPYWaA.jpg
67129,APB,/6nobSVxOse1XFO43CLyH6r6u5DN.jpg
5768,Paradise City,/fSWXCeTS80yR1vHTLVRRagyQmjQ.jpg
111462,The Liberator,/kivHJpsGFWgqnDMRDnnpOSgLD1s.jpg
90180,ABDULLAH,/m5Dh1RXQaDKZd2J0wYjZ3mhQZNo.jpg
43017,Great Teacher Onizuka,/cgcvNzLUQUjkur8zfhHwcadwzVz.jpg
57736,The Musketeers,/6kOMlk4hlavwO5L82eLdklN0fm5.jpg
1823,The Love Boat,/fnsnazlj2bt3Fuj0pJ7wBPmuMLO.jpg
45857,REBORN!,/6x7mx9f3ufHCC3pNgMoMnzVo3jw.jpg
117648,Clarkson's Farm,/yKc3FqwD2eanWBUwqcRH7bChE3V.jpg
100897,Love 101,/4OOhHLZeTtNji4V6ZRYHQSvjlZc.jpg
208336,Revenge of Others,/ccej6D8J81DDJWqhP7OG6PA6xcl.jpg
73671,Suburra: Blood on Rome,/ri1WF0vxDfJcUW8iNUOu8OsmVeJ.jpg
93289,Brave New World,/vPl7hAY0vt0OPhIflRb5IXrssBv.jpg
62681,Deutschland,/6N8H9As0ZvFHUhvJpwwm8EvzD4Y.jpg
80665,Hi Score Girl,/oGHR5DXFHIWc9xGwvTmxo2dHwr2.jpg
4241,8 Simple Rules... for Dating My Teenage Daughter,/81bJijYZedZ4TSm34rYmW9gEDvN.jpg
12751,Automan,/4dOlxvavpgpDyAFmLNIre1JmcCf.jpg
65251,Crashing,/7X09F4FWJa2OB62KVpYaFrX12ea.jpg
87393,RUN,/rbYfDspa6vUTAxif5SZJABgB8pr.jpg
87491,DC Super Hero Girls,/xpOW4hlnkqlIXrjkUHUWPF3Hws2.jpg
99385,Unstoppable,/uVAdl1XsfHe6mqaZX7bvLYEyjgC.jpg
135251,The Idol,/gO9k7t9jSdkkWVG0deMZDpELZGw.jpg
45859,Daily Lives of High School Boys,/vTTdZkPTrOb9BXv4DjQtUl0MQc6.jpg
66606,Roots,/nBYRp5pL1FPEfMpfDgfM1Fo4oCS.jpg
62919,Containment,/eeNd3ovnS8rztZgIpbCDx74VjSs.jpg
32022,Being Human,/9R3cyxV2zN9xB7dPhsE4mVQCUIi.jpg
64554,BrainDead,/glUWJyqN9EUO2kb8rB0T1PUmiJU.jpg
58565,"Amy, la niña de la mochila azul",/n5cKXFBnzdMnVdBrwpNhtn0TISM.jpg
82823,Boarding School Juliet,/lArjqSSSaSP5LOQO9shgn9HsuLB.jpg
82092,Grand Hotel,/elafoT6TmQTNB7imJLqxLq9yOXw.jpg
1153,Men in Black: The Series,/hmXG0SBVg0vjD4xp3jWQ0cZJIOr.jpg
136369,Tomorrow,/7pOC2Wr6aavn6OPkFJ9YqhCV5hW.jpg
64552,Shomin Sample,/bUCMLqtoYVywYcLu1XlxGGlRot5.jpg
76307,Dirty Money,/hAnNeIPSzV0a8jxE3nkEdCtYWp8.jpg
107329,Go Ahead,/c9TNv9KryKb16eDDBzFg9eKwtDC.jpg
83245,Wild District,/coyfjuyskcsuQXQEWoYqXWUEvVf.jpg
20056,Broken Trail,/yjYXwnRLZFrWXdS97IoXxsSbADi.jpg
71834,Manyuu Hiken-chou,/oQFRm0GPn3Q9lZB2SFklft8gZBt.jpg
63248,Show Me a Hero,/dDxqWY5Qpcy6Smf7SGvGRlf7u6e.jpg
4334,Freakazoid!,/ig0pc2AhY5d3GEghcxEWwo9AUtg.jpg
137437,National Treasure: Edge of History,/noRVimjdx6PwPBCVikhExYqogsX.jpg
65345,The Get Down,/zeEeNDklukfG1Y6jKgfCm0cgI97.jpg
77947,Harrow,/z0H4iQBe1YL9I8pZF5jRifcF369.jpg
114463,Zootopia+,/inzPPPr2BsE92m4rHhQn3sf2yPk.jpg
94703,Bronco The Series,/uWf4Yrnr17CHwJjhAOcMgVdv7Cj.jpg
13179,The Slave Isaura,/k7mAReVoGtDYfHGt5OVqNhwIUTI.jpg
15354,Storm over Paradise,/iGaEgeloGtoiNYYgyRMlEnEW58m.jpg
118541,The Slime Diaries: That Time I Got Reincarnated as a Slime,/1yDKDR4yZLI19hl6FQM7x12et7M.jpg
116174,It's a Sin,/3nLdJCSAek7JMHBwFIBhJOm64Ee.jpg
69557,Fauda,/oDU0IFMSoOdzFYjsj7nAagdRDOZ.jpg
7143,Fear Itself,/vlcynm3pJf5tRsyXre9oEnVAEVb.jpg
120998,Poker Face,/8Xm5dyMQC9whMJKnGdFugUAW73C.jpg
99741,Devils,/l4Pl7APWpRANULCirWTrcMPfdIl.jpg
85950,Pearson,/aI0KQTi3YgXZfI5gxfK6A8lP39U.jpg
96853,The Forgotten Army - Azaadi ke liye,/iEKRHJB9lb4qT56h6Pf6aulLmXr.jpg
63175,Minority Report,/a5roakc7vI1UlS9tgbfGEomqC7X.jpg
111743,Love & Anarchy,/c8iN8MnIP27AbUkEPtI4DeCNJv9.jpg
62725,Bella and the Bulldogs,/5jTmX79QjbuBuVnH9xVoA8jFAMT.jpg
4507,The Thick of It,/xuOz95tUuXclfnlOID7ejtREYqf.jpg
101048,Doc – Nelle tue mani,/6yFfvnYMGXYmGbtmiIrRuRzJzUU.jpg
4709,Man vs. Wild,/9M4xXcz9m1aUlRsASv7vsx776do.jpg
80006,Good Trouble,/b9OwPQZr4dVv7K8SrUbAYJ35uLg.jpg
111312,Marvel's M.O.D.O.K.,/dOOFAtzsRQ641p2NL4s4nyThJSO.jpg
116259,Lo Que La Gente Cuenta,/psQZmpJmGmvP0RDnMpGS5YAi4nK.jpg
32716,Kickin' It,/spbGbQZD8C5ikgrkUoMO5FGlAcp.jpg
73000,The Miniaturist,/bO57OA7pR4dXBQLTshuDEpkPyHF.jpg
32604,Dangerous Affairs,/zjSauj4sVzdpQp00LbpYeY9Jy1K.jpg
46958,Ravenswood,/iyHfTSDTSkj4sIGcFCaj2LcqAim.jpg
136311,Shrinking,/jFUZebOjrjZfvg7ZSrc19GvTRTg.jpg
19239,Future Boy Conan,/tmlhwdTBA264iQF2Us5vWdKz1fE.jpg
57646,Master's Sun,/8dNQTTHAirWwCpQM85amONPcZSA.jpg
226241,VGLY,/SYvwtsk4vWPAtB0wlgLlecWCFc.jpg
66859,Better Things,/oydV7sWkFSBvHK57DfbPZzz4aDJ.jpg
207717,From Scratch,/s8D32MA8NlNgixnAIxVbmt9cazX.jpg
64127,EXO Next Door,/tLdmI6Hp4sr325NwPVHmxiA7VpC.jpg
32829,Happy Endings,/uTrHn5iqu0lRKWjbfnFADNcSQdE.jpg
43082,Key & Peele,/qxBLWVlKLj04LECpPNBn825ZPf7.jpg
46930,Ripper Street,/6w8yKYsA7RkuyauW224kBZQebFt.jpg
5885,The Colour of Magic,/bsjAjZChPTvZs9oTcuER41RChRe.jpg
85964,Patria,/yTvhNt0QxXG7ww5hrUQwFtQoKIw.jpg
130523,Ganglands,/3E6IPkHH541ii41NKpU5loI4fcr.jpg
103425,The Woods,/cA0o5dT1xCAQNKl8ShYNf84AySO.jpg
104229,Grand Army,/muCLCLA9RiYsVhk7pjzcbShsUYq.jpg
12753,Rosa Salvaje,/x8ykYRp7lrEgHXE7ffcRlnwL99z.jpg
74140,Waco,/14q24aBfJPrjumuWjKKA6Bwml2A.jpg
46434,The Vietnam War,/tKt4lYTA4YmfBUH5Vtd7qqgqGBW.jpg
155895,Juanpis González - The Series,/i0ASqTjZAgHdmmAvGFmP2vWC0md.jpg
34121,Baccano!,/qOxUTQAOTrMKTHuC9HQZiVsTK0F.jpg
70767,Dear White People,/thHk9AncE8g2Hsb1iK1xHnlq23j.jpg
33240,Battlestar Galactica: Blood & Chrome,/fuHuvxnfcPXZauX1Pm7qwmc9k5L.jpg
77529,B: The Beginning,/ouigEf38GDHsH5U46J7iwNUBqIN.jpg
66911,Quarry,/iRv9QhsnNVwMKJ7Xqmmh4PXWSej.jpg
94722,Tagesschau,/7dFZJ2ZJJdcmkp05B9NWlqTJ5tq.jpg
64434,Second Chance,/vXQXjPQ0qq5caOSvTElc9UMp6Rf.jpg
2755,Rules of Engagement,/fLpcVz9020H1gGmK23PW5UpCNtd.jpg
12727,Cómplices Al Rescate,/m2l2V1AUwx878DrvF2H0TblMj4X.jpg
44652,Last Resort,/sU4bMBN12QZxSNp6A1U3UHUGxlY.jpg
69017,One Day at a Time,/yiQcmPm6pTYyAAp3Q9Ge2xMkf8b.jpg
118663,The Man Who Fell to Earth,/p1aBjGkyG25ADy4xu69joNMV3eQ.jpg
562,The Ellen DeGeneres Show,/PhUYIGUUk1RzWq2Aw3TqH65McE.jpg
3714,Pippi Longstocking,/k2XHyHigWJFmnkRQqGInY9fH2Jh.jpg
72426,GAMERS!,/2VjS9XA68JUPBUFsX9NTuXBqR9e.jpg
99633,Puerta 7,/nLQkRwxwKJqbnJZG3vh0UcyYVxj.jpg
94924,Trese,/zNYPSo9nhrLyy453s5SsC0MCTuz.jpg
26101,The Keepers,/7xwOmCNOTcb5GUfX7r62LUwBKID.jpg
50712,Black Butler,/iXGs130TRoUplHf0o86zp9MqAYc.jpg
2404,Sonic the Hedgehog,/zQFFrIbgO3yw9Y9gf2vznEvrJ9E.jpg
67117,American Housewife,/uDXPOk3fx1kPM1tQdrTdE2f76p2.jpg
31841,Episodes,/yyaU6cayJQCr555VgYYETbDHu1E.jpg
82094,Whiskey Cavalier,/vDw6JCPcMbGYaeMWz1AEcwdlGaA.jpg
61239,Aquarius,/dTihIjUI2ScBXVgcZiyTAq1PBBA.jpg
47141,The Bridge,/bjjhRrQrgbwAMEapwSiu6IobkKT.jpg
106590,Paranormal,/fCEc46PoQ5uZlX4917jEYY3Ohoh.jpg
43146,X-Men,/sXNDCbP5sjq1FeXBxGovN21VVOG.jpg
62099,The Ministry of Time,/sNv6aE47PTTTpHknT3gzmF2rBgh.jpg
113808,Seirei Gensouki: Spirit Chronicles,/utsDTNblL4LojGqdPEncqsBLqjg.jpg
1922,All in the Family,/s2Y9QWyuyjRP78DZsatknEjn0iN.jpg
135250,Mike,/dF997CwJNM1953E45BfWPB5MffY.jpg
13862,Shogun,/gPD879f6s4rBRCKv5B2WltBCkX.jpg
213762,Be Eternal: Champions of America,/kBlqr507IV9bDKHLEFBtEtTfCw3.jpg
92443,Apache: La vida de Carlos Tevez,/jN50JvMxnVmctBeKxZenQ2qHyL6.jpg
37652,Una familia con suerte,/961PI1431tK8p5Lv8oZXQY9MFg6.jpg
60611,Believe,/1h1txgv70Rl0b4OrNIJi6korazk.jpg
102625,Ana,/nzPk9IxCXruC0VS6RVBHJ2i2WRp.jpg
3626,American Idol,/wF9LQcz2EzxO2Q34CvKE8sOxGTu.jpg
2898,Small Wonder,/beaMCxE00CGMSk6MVCcvhZkwqSV.jpg
132719,Money Heist: From Tokyo to Berlin,/7YuQcbPXgk6CP75TOeCY4VGkJgt.jpg
76796,Collateral,/3ekqFDb0IbY7pJbL772TEs2GifX.jpg
86752,Wu Assassins,/b3nMqPFY8skSfYLF3xEz8oQZxPa.jpg
114621,The Mighty Ducks: Game Changers,/ohfKOxy4028jm2XQL7Wy6cVMKhm.jpg
129475,Inspector Koo,/4FImpkzYmQqvZJSpWSY3NiHMx8R.jpg
60972,Tyrant,/14xKxbF3Si8m5u0m5yPj9ZGlEkj.jpg
88328,Abyss,/ttcqbLutnHABQwDiW1k7dxnsJLV.jpg
82817,Go Go Squid!,/xWnuIoWFejrYJXeEyJYUH4ILlVo.jpg
19531,Salem's Lot,/hcdFVK9CLsnHIF4mU1ITCmKXYMq.jpg
126116,Time,/nSxE6STKTRWb5XLNJgH6q2AKGas.jpg
72748,Strike,/oPTJfwuMLz6Lr3suGK4584MAJAC.jpg
69541,Harlots,/w6F93B2ZUCEUhRpgCS1cU82htqz.jpg
83870,The Plot Against America,/rC5GUHvKxlk3WPyCh4mQ5q6HDxG.jpg
63161,Crazy Ex-Girlfriend,/pvYh3fdrRvreWmqw4onWJJmRXf5.jpg
1549,WWE SmackDown,/hRB3HnC3dyPX542Tcu9SWw2T8gT.jpg
34634,Gold Rush,/zRlu3idMmqfrtnw7h2qHaAGzxnw.jpg
109939,Our Flag Means Death,/k6CAdKXyR9RMWXZrWAETlSk7b7v.jpg
17611,Southland,/pMwmVO4929JYTh8jl3HiFsap4qI.jpg
11095,Tour of Duty,/uVH3fzDl5vqYolREnppV4Os45gd.jpg
4576,Just Shoot Me!,/gMN1vgdQjymySXMVjjq3p1lFeGX.jpg
207863,Anne Rice's Mayfair Witches,/zKRBfuRWGbs9R2nxhlNP8CfArUh.jpg
74080,Anime-Gataris,/xfVB4VaFot6JDHySoiSC1pQoxDC.jpg
110562,A Woman Scorned,/i4dD4K0udXVosxOa7wBXpkCKgP1.jpg
39758,Bag of Bones,/ziIOygc0X8rOSRw3AIGzDJdq7F.jpg
70626,Stranger,/blbbtx7DyvZ3JTGyc9MCArDL79b.jpg
102825,Football Dreams,/6bVOjUi2O9agymn83N5eyVkAAsa.jpg
90970,Made For Love,/mfQiuyhFM4Yv98WWV0BTswKG8rM.jpg
92621,Brassic,/eNsImPA95J5Q1qez26Aqt4FK5FF.jpg
65764,Absolute Duo,/htf6hp5BR5V6CZyGutjIpTzGFTQ.jpg
73964,My Sweet Fat Valentina,/cduGmrNnER1r5bVvi6NpUgKLD3n.jpg
2282,Aquí no hay quien viva,/yj3sVi1fJFKJPSPPCJC94yvEDQy.jpg
21421,The Staircase,/djPx89ayJ9rmVXRMDCaBlGQkzkv.jpg
82822,Zombieland Saga,/lrY6TlF4xPVvK1K59BilkWrcPS9.jpg
76692,Catherine the Great,/s50flEj06i7HmZx0lVMTHD4p6MF.jpg
11235,Medabots,/rlSqPQng6LYkNuhEr69GLM74j97.jpg
62267,Beating Again,/2BZknHHXDOUxE5qifjDRLMbaXq7.jpg
77607,Laws of love,/npiUbnBvgzAKvFe0eqT8VqhQ0yn.jpg
1532,Starsky & Hutch,/aBj5oTi1uibVcXDoCJeKseJNY2d.jpg
58931,Broken Angel,/eo1QrCSL40RlNDocWtW9h0jN7Tp.jpg
68001,Powerless,/oAAAqgKiWVeZbotsR0zukHjM9B1.jpg
67018,The Legend of the Blue Sea,/A0wXjeh3kNVCI1hJgxpAkF4E25G.jpg
62490,O Negocio,/q5euB0h7VAOxSMVmnF9xCzEpXRw.jpg
94245,Swagger,/hmz9rndn6FfN0sN9wuXt17pshNj.jpg
9155,Tekkaman Blade,/9rgjq9um07rzEQDS1oTvyya6i1.jpg
113268,The Uncanny Counter,/tKU34QiJUfVipcuhAs5S3TdCpAF.jpg
90296,Tokyo Vice,/za5QWRfCLwgRLLVXUkx3NUSAm6G.jpg
2284,Teenage Mutant Ninja Turtles,/lmHTrAACwiNXWqqCey6UfCbbxzh.jpg
81358,Mr Inbetween,/1FkONly4j7hxi6Pz5CmuhRN1Ops.jpg
63329,Rosewood,/zjrfQbFzmOaOrgEbJHG2eIwjKbv.jpg
195530,Tekken: Bloodline,/bi3XOKS38K7FdH9nPtsZCcmeL1F.jpg
46881,Corona de lágrimas,/pSksCIGlXAIi58XMgFv3tUgTXDr.jpg
157080,Treason,/qOitarv5B5ydsScN3dkJPipYPg3.jpg
2720,TaleSpin,/gObO6CMSRbQNehvJyF4CwOHC5VI.jpg
32676,The Rose of Versailles,/lPbgsSx2yBkZb1tclwfSmNsy5f9.jpg
85942,Darwin's Game,/dk5QFqxVt6WnTWTiK6hHdkL2SMz.jpg
45213,Usagi Drop,/nMeOuxeY1Djly3xIFoam2H5tU0Q.jpg
1977,Loonatics Unleashed,/oHGY83FvCpMqBGjftalcBzI6tIx.jpg
19505,Los Reyes,/gVadEZSakesdGRJzq7HbQh7yKyS.jpg
3764,Hustle,/6UTmAZnaqcIsWVKSBWm7pDmdDTI.jpg
5690,Moonlight,/3rWk9g0Oup5WHcrpjvw5zW1WhLc.jpg
78183,Nightflyers,/faQ5NoMN7q72itGYkSTpUPsp3JN.jpg
67132,Kevin Can Wait,/mHKyzPF6qntG29zcdZ42JH7ecUC.jpg
178,My Life as a Teenage Robot,/1l2olmIShEAP36T2z52IVmKh9mR.jpg
71885,grown-ish,/nq09OaG43ZESp8uwdkFEBC7iFbk.jpg
213713,Faltu,/lgyFuoXs7GvKJN0mNm7z7OMOFuZ.jpg
4344,Rescue Me,/2N3VPD5wqqwxJZJ0lpMaFPTAzDU.jpg
70191,The Liar and His Lover,/aCwhU9oTA08tDCGR8sRc13Bt1SV.jpg
99479,365: Repeat the Year,/w1LyWBjxVv0hns4w8NekwWA7Mll.jpg
19699,King Solomon's Mines,/hZWMm5Gh6KeWmPbp59Mz9yJMOhR.jpg
45967,Yamada's First Time: B Gata H Kei,/7yxpWuGxw9rTlJ7hZJHttPHj4Fb.jpg
79618,City on a Hill,/rxa00ipClA8SUQxTdZQOyt2NlB8.jpg
125940,Vampire Academy,/fVwWkJBbOtxM7VKg7PS1IkjYpQc.jpg
6391,Breaking the Magician's Code: Magic's Biggest Secrets Finally Revealed,/m6JNAfRYVaEtD03sJhqPlsqXW4o.jpg
99618,"So I'm a Spider, So What?",/oTbqSiJx2nxFJ8zSM8JLdkTUFKZ.jpg
27167,Lovely Complex,/dpIlgXXGKZDG5jafeOURRuwCqrh.jpg
11294,Kitchen Nightmares,/10XpD4aEOExWcOg9bxCA28NNsMQ.jpg
103319,The Day I Became a God,/vE0GqiDa3uNZ5zXUrFtLO6BYghc.jpg
81821,100 Days My Prince,/5GoF6fZGqEycUqgcCNmBCN3OdWM.jpg
47523,A Young Doctor's Notebook,/vIq5UiskJjBFOPKXz8EgxQgGPSR.jpg
2440,Highway to Heaven,/yH8VQmB3cv7hipzwjtxy48PLvl4.jpg
1682,Teletubbies,/orb9uGxgXs1Lo69SWwWeS5MxA2l.jpg
1073,I'm Alan Partridge,/dal43UDeYGNZ14vDAHbE7U0mgrv.jpg
124101,Hacks,/q32wjcRi7Ix4DAqFA8kR7KGneyo.jpg
75,Two Guys and a Girl,/ulm7wLxyxDNO8kEe12oTM5efWfb.jpg
110382,Pachinko,/wUTXdmL6oNjhiStGveOaPeuFOYQ.jpg
121658,FBI: International,/o8udJ5s6lHbP6B22Eu4R9WwsDpL.jpg
2686,Three's Company,/kvnolCAcN1yfPReVFIsxGceXdLS.jpg
96230,Leonardo,/t19XDd3pLIsBGcIsG83IcEVQhr9.jpg
62066,Ask God For Forgiveness... Not Me,/t7rEhuowbJXUPdRAMVuTgQ6s7Wh.jpg
12901,Salomé,/7PdXJHMxRnn6eFfyp7xLmspQZPD.jpg
126386,Somos.,/opHopqkLzkftwUl4jTLcwckjuu.jpg
158793,Harina,/7U1yGtb8Oz1Yej5idGh2mKtDQK5.jpg
2612,Deadliest Catch,/thjh1mHkwGbTs3Wz4tiajuJbmbC.jpg
67993,Chicago Justice,/hZ76A8l1JoONy2NoL0BF4AU2g3c.jpg
97062,Killer Inside: The Mind of Aaron Hernandez,/2MfrqxkMGIqsCHYTz2pMhEoOJpB.jpg
72071,The Chi,/niD8X5pEXpmRUDhSPdDOgI3Gw5Q.jpg
8779,The Vision of Escaflowne,/6uX0Q7Sn9JYWbHqQ5ZRJoJKcTmp.jpg
230,The New Scooby and Scrappy-Doo Show,/hKZL0OVHfKxuCPnhhCQl7nVkPRf.jpg
224387,Queen Cleopatra,/9j0u72TrqdVEFDTj7uG5KOFwbSg.jpg
9026,The Triangle,/mOASmvCKDOtUtZLxG4er4bDfycq.jpg
109616,Sneakerheads,/nyNFE30mDGiVBxebUS38nPmmc0j.jpg
12861,Amigas y rivales,/l1ufpjYSfQ0yqf860oXmlIaFS1M.jpg
44857,The Mindy Project,/5YFui8dtEGUglm6pHWbBzD01c0t.jpg
3266,North and South,/ptQaNLJUTUrEFdpE5pAH2PtSzvl.jpg
2388,Queer as Folk,/hAGvYeda9yLvZ41xxHEKkWRSasZ.jpg
63085,Ushio and Tora,/wV7YyAG5rH3ClgGUcLlxe02Qk8u.jpg
90955,The Naked Director,/nbeRva0jrmJAvRflXAe89CbD3Kg.jpg
2153,Arthur,/l6aD0HPh5nZbCxCPFk8LadeT02g.jpg
134865,Wolf Pack,/rbCANmS1ogweUkIBghP03EHtdHB.jpg
60846,Log Horizon,/vrCAD2KvtGJPwABIPd4z0gChi4g.jpg
65798,Letterkenny,/oan0wmR7gPjt7EltLrGM9qSJo1R.jpg
20992,Sonic Underground,/29FVFvLt10iFG6Lyu5tks9IWdXT.jpg
63417,"Noble, My Love",/iW1QES340q5dPcLtAcOvt69cEg4.jpg
64411,The Miracles of Jesus,/zqTVizgMpNzJmpKnUaei6EMYNbZ.jpg
102619,I May Destroy You,/9awmdcJsukBEY5Er8t4Vi1Ji7YX.jpg
11466,Kaamelott,/d6P4O0LzE4WFp4GnSkzauUTmC2P.jpg
104359,The Mysterious Benedict Society,/1DVum8mKqi1YNwtSpix1kSOV5d4.jpg
60705,Faking It,/vb9J7q977HB3AmvLETpmWIyIyTP.jpg
78483,Kakuriyo -Bed & Breakfast for Spirits-,/r1SZWuuPcAKcX4EzuEhZsO7LtTk.jpg
18779,Royal Pains,/4WW26JPHeG5mgrFkgjvv3Qmgcwg.jpg
61433,I Can't Understand What My Husband Is Saying,/6km0BzT3m4bPEHsB9maL29Eh1Xv.jpg
110948,The Snoopy Show,/qgB5CZwqrnZ99f8NHUL7ogPrgi3.jpg
85990,Hitoribocchi no Marumaruseikatsu,/btoTzCw3zmjRtB99g2M5Mw2GUQG.jpg
3002,The Benny Hill Show,/y3mGj6YAy7CRWMq06gjsXf3rIJ1.jpg
15907,The Brink,/6lEy8PfwzIYc8J582rECuJ2BEsV.jpg
123192,The Crowded Room,/vRmopCFp0j1eJGbILLsYsYzxmL8.jpg
106514,Tiny Creatures,/1sZPEDnltNC1v0Nacv4qHpQ3sXN.jpg
71693,Blood Drive,/qB9PBQMyKrp8diKGxVpfayKZbgd.jpg
2187,Reno 911!,/phkCW1Hdoijl5i15H7KnnnBhaNL.jpg
116612,Beyond Evil,/qvR2V6BlXrJ7VTuhEfnXc4rTJTR.jpg
38867,Lab Rats,/6aqLN3szS9zTpnRl9czt4dCDjJT.jpg
18614,Hung,/A1lIVsMDmVsQ5k09Y8ovNWx3odH.jpg
67726,Beyond,/wbioiPregE2EZZK93H7KcRA8JXi.jpg
43078,Miss Fisher's Murder Mysteries,/AeHJVpoWWKtCyFIZ6LbLkAR52vz.jpg
90795,Most Dangerous Game,/begeAFRPkHzrW05ZQXHrB9pqugt.jpg
77994,Persona,/OjvNOeB55tVymgybfWZOD7yXAF.jpg
4396,Northern Exposure,/4yPQY1PcH7W2j3fTE77xQcoEgbZ.jpg
4068,Hogan's Heroes,/qifpp3AmNx54Ko4obdwxOWNf0lo.jpg
92553,Heels,/iTCoLeWL3CCCxFQsHYajysmX3Vi.jpg
33958,Camelot,/kT4yBlYjB0Cm6Qp9bwkjXrFPU1v.jpg
81940,WHAT / IF,/x4xf8bd5GZB1FZw2FldfCKLWkOD.jpg
62884,Forged in Fire,/qTeChgTbGdrxRy6X3TFRW83e1U2.jpg
119955,Dr. Brain,/3bYYLQAFWHsTtJyZb0vIReJJv07.jpg
90812,Industry,/peq2FyxbVMZKYdI9jiuSUhzmbVd.jpg
17174,Ghosts,/3Xz4JtqISyVCKct96O94k4Mz5sU.jpg
44493,The Tempest,/s4hzD6xMWVAJEybhYcozS8GDpF2.jpg
113987,Landscapers,/gdtEDSv1j6HXRHheQfUYCiJk7G5.jpg
106108,El Candidato,/z7R516ljjfrr3Wh6UUStdOxJxW.jpg
751,The World at War,/bWdwEYQQEsz9HuXy5m95z95BYQM.jpg
71641,4 Blocks,/jVObyxtNxuPbG5czuKvm7pW56EV.jpg
76887,The Little Drummer Girl,/8Y137iEKnlBtfBWHRi7aAODdD9Z.jpg
215874,Far from Home,/svGLFlbjDKx67CVUEFtPGooW25F.jpg
20993,Galactik Football,/iGZe5JcfrUwZvZVtImFONi2ZzqF.jpg
91242,Preso No. 1,/8tTpbFJzcjqLZSiPeoeINpaPG7d.jpg
82782,The Righteous Gemstones,/lbkYq13TM6b2nM33fxQDVs210J0.jpg
125949,We Own This City,/qNOYmU6JYMeu2I0xOX9pgCBOBXi.jpg
1054,The Young and the Restless,/dUx2ybfgx9wz2JhUM2phTANSJxM.jpg
122196,The Staircase,/jiAcdCyf1UbWYBImcNtVeLW0pRj.jpg
89571,NEXT,/u9bJd2cx2I3xfJqHKVVSAOCmdyL.jpg
124394,Power Book III: Raising Kanan,/b0OCAxrI9TT3C2MputjTNfE4n68.jpg
36837,His and Her Circumstances,/ys1VsQYMNMlQIKt3eCx2DWUZcxW.jpg
2855,Relic Hunter,/t04oqIsBlRnxKOWhBL6SlEQowZ5.jpg
11823,Alegrijes y Rebujos,/z4q4aWDunOGSw6HcDZf775SOrsk.jpg
4493,Absolutely Fabulous,/y961thfQVrK3VV4PItxPsYeoGwt.jpg
46923,Shetland,/rKnxmir8m5I3RdSTdZr3jaQaCZi.jpg
108303,Tiny World,/cuU2GbEwRiOYDKMeHj4kmVgUogt.jpg
110531,Pretty Little Liars: Original Sin,/igmLgglembi9mZ2RYQRaGKigbvq.jpg
249,Clarissa Explains It All,/xTRowD7IflrJLXrka0U2NgCpBnI.jpg
60888,Young & Hungry,/l2n2WemhvroaVh0bPE9wQgHl6WG.jpg
18689,Camaleones,/h4lbcCbRx81EJ9VvoPebRn12goj.jpg
18653,Human Target,/28DQmHuzVetpvq3dcK0snfEXflG.jpg
105804,Candy,/gEIrHezGOp0xtIU7FLTMwt0ecIc.jpg
126167,Vigil,/ddMnBwhbtKGKhKwgIE1Duv6iY3a.jpg
1341,Lola… Once Upon a Time,/nEThAMS4RVVq7BaTlGQD8PlHusB.jpg
68654,MECH-X4,/acHYpTfMVKHxpI91Y6qjR4w75VC.jpg
93297,Monarca,/oXiTq8dm9ugYjLCKFDnLE4pRMGT.jpg
68126,Norsemen,/xCt02AL7i395Nwfq8jbq1C54mvX.jpg
118958,One of Us Is Lying,/hKMpbHY7xqFKaBR8W7jE61JlQB6.jpg
86621,Quicksand,/dyktLijhV8QY65cAqGIir2PjOc5.jpg
34,Keeping Up Appearances,/s1efxAPGvVlvWuHOgNXW2rRXEcG.jpg
14069,In Treatment,/jT5aE1ghJL9OKrxmAr2GUiWCcYw.jpg
65261,La Querida del Centauro,/y3FLXQFdqbSJh10zbk3XbHPwzgf.jpg
1716,Early Edition,/uycL5H5ir0ckyyt17FXZAuSQU4p.jpg
32315,Sym-Bionic Titan,/e1HgZg7ReDfS4UXDho7CTSRcGXr.jpg
30980,A Certain Magical Index,/v3Ka0J3iMte50oiH4cmXPISM3rm.jpg
13987,Victoria,/dwytw6meU43StC069duRHf9tV1v.jpg
46441,Tyler Perry's The Haves and the Have Nots,/6BkYldJ3QWe9huaRaqvcM3EzdH3.jpg
89440,Stumptown,/3KphzAbThulphwHGCu22RzFlhqR.jpg
62335,UnREAL,/ldLTSFnLR642BAjFca96VOY7L98.jpg
60730,Haganai: I Don't Have Many Friends,/c4zXDKYM3HQicLpqfGmZ3A6XvVN.jpg
34141,D.Gray-man,/txCtE7ToSLuG8sy8tAIh9q5JAYS.jpg
72304,Fate/Apocrypha,/fzLQF8OJDqHDcHHyx59tlGv6GTq.jpg
1489,Jimmy Kimmel Live!,/hWLCBGQ2RFpjXyaKRMbL5bGEEDT.jpg
44593,Pac-Man and the Ghostly Adventures,/tdSMY8A4yNGPh5F7fJ9AglV1paX.jpg
68780,Star,/poQgqeiKzA50etdQoJxELMA6M4s.jpg
78742,About Time,/toOQhrPZEDyMd4ghTID2I1Io4LL.jpg
7097,United States of Tara,/newGv7rjbWdBkFySAg3d2g94mD4.jpg
39360,The Finder,/iKJ5hTFvX0IScXrxcagYsePTnTd.jpg
97,The Drew Carey Show,/nkg8zTDmHKau54dJechoLdzgTsh.jpg
18408,Life After People: The Series,/g4dcxbptJnDKfDd3vOF9ajtxlPM.jpg
66870,Magi: Adventure of Sinbad,/7yE2vCroqyu6uudSUdwWKGN1tO4.jpg
66912,Chance,/OC3QtOSM8fURbkV6nJ8guOUFnu.jpg
8962,3000 Leagues in Search of Mother,/cNyYHaHxOytT7DFbVhRrHpkqlst.jpg
67743,Cardinal,/c1ZSmaRsqV8WSgwkWkeW3E1vFbg.jpg
16188,"My Love, My Sin",/qz0qAST2GGUljbyfTK8u0S4RxvB.jpg
62717,Jonathan Strange & Mr Norrell,/Aq6aqgHo3nzRTT84kV7DrJ8Ifyc.jpg
119934,Calls,/lzb4SwMTwNZPaifi0qDc9U0imzG.jpg
520,Sledge Hammer!,/exYBfVOkRDg9f7HlRIDZ6gy3A73.jpg
63296,D-Day Sacrifice,/2EjUTEnnoC0sK5j5FS7dC3vOZcl.jpg
60796,Stalker,/pHw8OgL3U7Ys8D8hlbOnlgH7ExM.jpg
2406,Crossing Jordan,/bywFoHoLZvW2vxDc7n4ToAKkR0y.jpg
12925,The Addams Family,/myPIv0CpCW2Cw4L8dsBuZNhZwXg.jpg
75820,Mr. Sunshine,/iftMALeIzTYYOVmPOCsS1mQvoNz.jpg
65950,Kiznaiver,/wk0zTNzmB8L2cR1lkvDMMFGAqvJ.jpg
60855,Legends,/gXZbSYN3i2DjHKJORZiBf8P9LDF.jpg
76130,Killing Bites,/uyIowoKd2SGu3ahUs669QuLFHbF.jpg
197429,The Boss Baby: Back in the Crib,/18f8ASmigtrQTm8MARHD8Af47db.jpg
95515,Outbreak,/dwfYZrGs898pSfMU3IxR4fim3Nu.jpg
45630,Hit the Floor,/8JOXbnqWsjmUhWvolYbnCyMwn2C.jpg
65856,Girlboss,/w60XVdh93UU9k7yyXFItnZkVA5y.jpg
498,Late Show with David Letterman,/fTBC5EpsgKmli9VQcJMtqQ08Qj4.jpg
67710,Servamp,/ws1dZfIaptH3A6zeWC7ANIXDcLl.jpg
60603,The Curse of Oak Island,/gtkxUUmHDF31iDUOlxQqUXmiU71.jpg
84896,AJ and the Queen,/f4rxVYDVCTeHAyZf1W8tlUMvd1.jpg
158307,Ice Age: Scrat Tales,/mTfYwY7DELH08SeO8LyUMe9Tvfr.jpg
71887,Marlon,/7jCZupMTSyS3SohvE14T3xVT36n.jpg
46025,Infinite Stratos,/yNlNasqGkEwJENNT5ad3T2xU3pJ.jpg
106159,Debris,/cILrZGHgsIEpZ6VKEB3VwC2CadB.jpg
93657,Extraordinary You,/vse6Aq2BGz1CI2pa1JbOmyjXM37.jpg
2251,Taxi,/pua3A2XSaO6bP6WhVDBRbcyRTAS.jpg
80539,Asobi Asobase - workshop of fun -,/zWE3bnCILcRpfQCsxBkMsgcEjOE.jpg
232125,I Am Groot,/3QfQYECgu6DX5UUWCBvv1Fl0BAJ.jpg
5256,The Mists of Avalon,/iVEbAgsYBVwKH8goTkUVd59fIWB.jpg
73536,Dinotopia,/4tHOStqnM1ZBN9KTFLd1XdOiuIj.jpg
102434,The Head,/gFiFKWx8nBjo3iRYcosdJeYUtaX.jpg
95356,Matchday: Inside FC Barcelona,/dHB3uysBq2hiyDmkYKrH7QqVXAR.jpg
98494,Glitch Techs,/c4sjmIkgnDGaTDbIXhfRNXXdtbZ.jpg
62505,Unforgotten,/2oGdGsrNhODGTFQleGbNcN4XNNJ.jpg
46746,In the Flesh,/e4tZDFurNMf1nWzBamhz1hOEsFZ.jpg
61406,Transparent,/mrLzehvZpm5osA4MlMR41gYayWZ.jpg
45952,Hunter × Hunter,/eobAuhCJA8oRp814V67WhezVXtQ.jpg
61698,Galavant,/3q9a5WFsf08v8RQYVfI2DzNd7B4.jpg
543,The Proud Family,/wcfbfActZ9VZ3anFqe3YYNWOHsG.jpg
72027,Raven's Home,/bEyovwWgUNML5ycWec1WhTU67yr.jpg
64165,Call My Agent!,/3whFzxzeKuTIgPzm2c0pm5xAhEL.jpg
85703,Always a Witch,/uzabhHPInLMsIozkW0IBVeXFRrY.jpg
197248,Conversations with a Killer: The John Wayne Gacy Tapes,/dc9IY0ZT2T3gw0RfjmQdsoWp992.jpg
1475,The Dead Zone,/j9l4svOscUWoVqGoATtGEDfTms.jpg
90265,White Lines,/3O1lB4ZhTMZ0Q3VsU7SHtFBDYI1.jpg
13455,Tales from the Cryptkeeper,/3gsAFMW4SXMvXPY7Kqcozk7ecNr.jpg
115694,Shikimori's Not Just a Cutie,/i6WK5JY3ziYdCARgG2l1ragQ5fI.jpg
88239,High Seas,/lzrnCDxQDvciVPWH9idxKRNaLKk.jpg
43135,A Gentleman's Dignity,/zdYmI1uYrHsNbw9qMHiWDnGRwXX.jpg
32900,Through the Wormhole,/cEziWNr1n1HKAuKhngF2n4engOR.jpg
197428,Blood Sisters,/7Y3B0DXJztLj7CAZ4QVGfV6iksX.jpg
226135,Arnold,/o9KmWrG9rbFhB7jWW4vFHTmqv28.jpg
3787,Chaotic,/95dRzoPD1lH5lrYhD4pl3kdJBhq.jpg
93749,Dr. Death,/4xPIBtOWHzigSNTqbxftzAZS5uT.jpg
27845,The Prince of Tennis,/6Q1yvR5q5c5EItFe2QKfN4Y4vGF.jpg
70384,Tin Star,/lFHZBtugqDiLtjVP9GC3Ig5GfwU.jpg
1749,How It's Made,/jO3DKZyiEWQsEE6ji7IXwobDnl8.jpg
73613,La Mante,/qyZtFzKozN6oiIhCwctdrJwO50b.jpg
90521,Love Island,/kU2y21cls8WargMaX7KI47URMjD.jpg
62142,The Returned,/cKp0ZDYGydWxI3v8KS3tY8W9aM7.jpg
65813,Rosemary's Baby,/rJ9lgdZd8qGabCy4HJXSy5nJjYP.jpg
80055,Chambers,/h6jgj9zwwdyxIEsmWwkQHHdfEJ6.jpg
133423,Rap Battlefield,/fhct30O7WyOJVP77b0U4J7pvWPs.jpg
60864,The Messengers,/8kLGrSeupZQh4XFU95DcHiWC7sL.jpg
9262,Pingu,/nLE7NR3EsEbv2NfG0bLIaOEhGfY.jpg
60642,"The Poor, Rich Family",/AiQ56hQBPsiWM8fTCUk45vk3Jz7.jpg
32708,Body of Proof,/nZaJymzkQeJPsqv3vm7Ok7iRenr.jpg
85077,The Chosen,/2pnZWHg9E34LLwLBLYUPLdZwer8.jpg
31500,Miranda,/A4DfB9frbQVPXZUfB0rQj8Qrq2d.jpg
126,Unsolved Mysteries,/1bOXbWqNsRU2ykPiE586I18coLf.jpg
129612,Echoes,/hz8YGIZETHJhXYWGaHsFPVwU4YU.jpg
68183,The Hours of My Life,/jZTtpReJhpntlgE08gGf5u0Q7G2.jpg
9148,Great Mazinger,/7nGqtwa4Ll4gscabYN7uGCFQdPa.jpg
76125,Record of Grancrest War,/tECUAfNnSrNp7IS1HwXboLvg1FQ.jpg
66282,Berlin Station,/zn26BiTyU3LjQVB36ZQWtVBWseD.jpg
5829,Flashpoint,/3Bp3vJrPxnrN8iRDaclsVUPwgWa.jpg
97401,Cheer,/5GzthY7qguoUs43K9qmwHJWjI05.jpg
43513,The Adventures of Tom Sawyer,/b08ZN0isUCr6WG5GvUbNaW8GpeL.jpg
106,The Andy Griffith Show,/rGd7qBylf9NVdrXGVItt3hvmP8O.jpg
95433,Kakushigoto,/d69Vp6RRezCK85TUWbJBPI06esT.jpg
63913,Doctor Foster,/gJiaterDM3tZ2yioR24RzJpLhzD.jpg
406,Ӕon Flux,/3745n05zXNMfWwkXMcCiF64838s.jpg
62476,The Bureau,/74w6JIhOu0joPIJMLde89fMPLSS.jpg
50558,Crisis,/BvcrUL7G9mVZo7YrfC5uWu4fpa.jpg
32613,Cantinflas Show,/nAsbnXKiAI6XBAvUdP79SSEslRX.jpg
32166,The Count of Monte Cristo,/qvQSP7aIsknQXZP3KaLo8reDs1u.jpg
255,Hi Hi Puffy AmiYumi,/dVlsQzfxewEdHpu7SiVUpRAVNyU.jpg
9892,Grimm's Fairy Tale Classics,/vpHfw8wNSFEFEZIrG7YGfudzlW7.jpg
67497,Jean-Claude Van Johnson,/1xWb5jAoe2s8ufyxNLrEweVOp1o.jpg
44242,Devious Maids,/gn61HHk9KRa9RKeFCz476EqLR61.jpg
67443,Crisis in Six Scenes,/fNb2QVOiqxmfDhn4r5F1zZRQog1.jpg
2126,The Brady Bunch,/63MN0GwbAW4Oq2VxbpZODYomMsi.jpg
30957,The Amazing Race,/x1jq0atcQg6UkaZpco0kFL6QHuM.jpg
37437,Heaven's Lost Property,/8H4aVnkpueXv9EEZUI6G3thU9Lh.jpg
88042,O Maidens in Your Savage Season,/woxT7a6VTElGzrxFH19WDmN7gQ7.jpg
60638,Cadenas de amargura,/q2F4aojsspbSmRn4HvazL4XvMzK.jpg
61445,Rage of Bahamut,/osUNCb2v2kIlyLg9DgM5zBlnyRB.jpg
71737,A.P. Bio,/8GwiuZazRFNrmvSkagZlEDH7qSS.jpg
618,Brandy & Mr. Whiskers,/58Ao40FU4uA35WUTyMcd6XdN1ns.jpg
119861,Zero,/843MWmiaoMOrfnM2kPC96KfLUkt.jpg
105305,The Business of Drugs,/blyObONhcnleib1xqcwS9uvAfIM.jpg
36041,Bakuman。,/o40Xwa26gO6iqcu86Shs7jStQC6.jpg
113984,Anatomy of a Scandal,/e1pUQkXbFNI6xH4oDuHnyJoOSib.jpg
102272,Code 404,/4mxnGq5ysyqSDF1UyBj9wAI3TwF.jpg
114772,The All New Pink Panther Show,/xuzz9yDTHl2Ox1f0YZsNwflaBGt.jpg
3072,Stripperella,/bP9QJQuz7dCYXawvLMEmDoMuwlB.jpg
139099,The Consultant,/dbmnbPdDIgH9RR1Cs0SkG4DaYgF.jpg
12976,Quinceañera,/odQgI6tPmsoRWz46ktIULK0LdEi.jpg
209265,Land of Desire,/33HrrOZQKRp7W3dNXPmKB0udA2m.jpg
21567,The Outer Limits,/f6IxRbfpfOiJgs15DG42s4BbCb6.jpg
881,Days of Our Lives,/7Zm7epVFEovMEVLpM6FvrjhaNXn.jpg
51168,Star-Crossed,/xcKlTgoRlVMyIG8t9c1br8RO7zI.jpg
33153,Fanny and Alexander,/gkMna2ZLm9Z6gWn7jADzLjEwKfO.jpg
71383,The Crossing,/cvoSPs6We2u88mXz2vSqjbd4kQ0.jpg
5031,The Fall Guy,/gV8CB9WbCclGCENBkxoKXYnwh28.jpg
8991,Digimon Frontier,/oPdbgUOdvgw3HUKCUv4cVWantdI.jpg
2235,Goof Troop,/vfUUKRmfKkxo7TOEOjWZ1xRHOH.jpg
62433,Between,/uO5dfkfesnbtJIOMmcGfzfhYNZy.jpg
157061,The Devil's Hour,/mFU6ZPAs6g8Y9Eld28GULJYt3rC.jpg
6670,The Charlie Brown and Snoopy Show,/3wAaBg4eIrMi8yeMf79tVXY8KfT.jpg
94801,Mortel,/pl17VxY5BPKlWIGlUhFIGTKCKZ1.jpg
38294,Life's Too Short,/bJQnuGaXML31QyjxwMXuu39Tye1.jpg
73602,Greenhouse Academy,/2pmRIz7Dc2cmwZUQiOsStOixyvZ.jpg
18048,Burden of Guilt,/fu2YJx75Yp3vIMmRXIupTzgW0ep.jpg
1072,Scooby's All-Star Laff-A-Lympics,/xnOyqYYx81buw4YZI6xuqxPaD6C.jpg
33922,Portlandia,/pfaxCP6YqlFHCL3QytnTanwRTL5.jpg
67684,Incorporated,/kdjLwa2EVxcH3xyiXSyMbyHalnL.jpg
39898,Kung Fu Panda: Legends of Awesomeness,/rkq5Jt7boR5v65bDbELHz3DW7sv.jpg
66941,ReLIFE,/aRK64bB8hMsuZZnitebPyKqOR5d.jpg
62829,Bonnie & Clyde,/nBx1uz5Tj5aiiuztYolZJbvYhtJ.jpg
93520,Ghostwriter,/cylPAXqLws5yM9oJa47MsHItBy8.jpg
108664,Five Days at Memorial,/yLx44hdSpt9GhP67JafP5sMEoMB.jpg
204541,Three-Body,/buXHm2shttFRQIBsCFlv5L2TmKh.jpg
114068,The Offer,/9fdYX5uc3HZEuYotms3XJ72AbCr.jpg
64248,Beauty and the Beast,/6Wvca71Xt8s1Hk1pb10Lq7vTG5f.jpg
15830,Get Smart,/cuVYMvDExkD4TYz2qsAKFEo6AWx.jpg
21720,House of Cards,/evQlyXJtIjI9QiZUu180RsyWVCV.jpg
21762,Parenthood,/9KjKLJrrUI1sU9bNsQaQ5H8kTyY.jpg
111761,The Minions of Midas,/kj3dBq2B98HRH2qcMcUP27c9Uqb.jpg
2552,Mork & Mindy,/mzWJikslTFFeRloUNQmbAWbdU28.jpg
78941,Aggretsuko,/PAAskjDFxJRdgAlvI1AspfNCHe.jpg
100567,Combatants Will Be Dispatched!,/tk0LqlgKzc79nWtTmgGz41yu6p3.jpg
56353,Oreimo,/efZcn6XAMhz4n5vHVKRPVvvBfJ2.jpg
214609,Smiley,/b9EDtDLIVHKpErMpNSREw1KcDOj.jpg
8068,Shaka Zulu,/w9bMK4TmRtRzSIlvBkWPH6bUSjr.jpg
81211,"My Secret, Terrius",/9GIT4P7pVXTmVGWS90hGFCa1HDY.jpg
119284,The One,/klL9vBIRdEeSLtjhn83pCNcVguZ.jpg
126027,Ghosts,/pmmvsHj6gTOxRheVoiHSPq4ldhk.jpg
68018,The Blacklist: Redemption,/cEyPdB8KFolsfhXJYZHI9fIV86H.jpg
4573,Late Night with Conan O'Brien,/gJZ1rhLLFpatuAeylJoUI82DKC7.jpg
64010,Reply 1988,/mqhYVbe20pB0PQXVZVdtbMakOCF.jpg
34573,A.N.T. Farm,/aY36imZmrZkDVjZB4mmhAHQpl3n.jpg
203857,The Diplomat,/cOKXV0FalCYixNmZYCfHXgyQ0VX.jpg
65227,The Path,/se3MZ1OVfIrZqFJkpm3kVnpkKpO.jpg
61865,When Calls the Heart,/bPjZGRnQvJ3L2y2Caae89Rdh6dx.jpg
103254,Yashahime: Princess Half-Demon,/vfbBzqu5wU4qgbGlamEmBCHSU4t.jpg
215333,The Snow Girl,/xoxglyQtYXsMk15DpsWVvbG1X9F.jpg
72925,Stargate Origins,/esec4AKT1BVNeQbPMO9rCHHvSvd.jpg
116725,Vivy: Fluorite Eye's Song,/xRakd62ihUP19NBgWyJzjO26NxE.jpg
54,Growing Pains,/7BtJmCVz0hW6C5Ze9Ofl6wYGPut.jpg
194,NYPD Blue,/hrdusQVSArJPRGnB5bHzd2ISP4V.jpg
61259,Aldnoah.Zero,/jyMfRWgO0vPFtmbKEN2zQLCxXyQ.jpg
113710,Lovestruck in the City,/ylSkgVyStX0DwSF8irjQVAf2P4H.jpg
195822,Keep Breathing,/6t0hmlr5jLauJJp2WsB5DsKntYq.jpg
95670,Medical Police,/6Zy5AtrKJOMnVWgDqHtnogOfI40.jpg
70372,My Only Love Song,/fThJ53QI5LtdYSf90GnRcYLgnPr.jpg
67265,Chesapeake Shores,/wAWnKnDwrhfUZZ3hKlwr23yBOwM.jpg
78154,My Brilliant Friend,/73JsZG2jXe5yYZ5k49HP8oPh7rq.jpg
45610,Devil Lady,/bBeUz5FFcIoJxSS6KDXOzYDH4Hn.jpg
124920,Rugrats,/bk5bqkQVYC32lozZO6Z0ZLw32jv.jpg
40137,Assassin's Creed: Lineage,/i9H4PEtufr7yazAAkShwGemkwHz.jpg
116727,ODDTAXI,/1EjfuzlLayjraY358hB8fSmXCSr.jpg
7166,The Mighty Boosh,/dKlYEo7mc1XLN2PutYlRuTLUXlC.jpg
67048,Barakamon,/ywV0aVUbJy7FOt3BOjh1KVq5WaO.jpg
4349,Melrose Place,/kIc03DwT3DPd48lKlbpyPxx3O1S.jpg
70639,WorldEnd: What are you doing at the end of the world? Are you busy? Will you save us?,/3ovabijZNSSXBAloBFzUVqmmLXC.jpg
331,America's Next Top Model,/47EIfjYrT80AOfpAIkvSxdpwGOv.jpg
133357,The Billion Dollar Code,/9EQLnJp0aBuuBdudJ67osS7Bicq.jpg
117987,You Are My Hero,/2PD3rQ218D4C0cgCNoQvJLAYDRf.jpg
111894,Night Sky,/juwOjcai3aYJvybwAhLS79miHq1.jpg
34356,TRON: Uprising,/9KuIDiBuWQ5VjezynTZ8YJCPBsL.jpg
208730,Romantic Killer,/ocCtP4MdXE0keyfmrt6X4JRbhmy.jpg
6647,The Bold and the Beautiful,/8EzeAbyorB9vE0dnzMg0cyqSm8E.jpg
80730,Who Is America?,/c9mfeInTpaaft7FzbeAdTj1eCAt.jpg
63495,SCHOOL-LIVE!,/46C5g7zAN4KHfZQBaJamyWia8l0.jpg
66599,Private Eyes,/yPt9IuY2D8g6Lpwh8O8wCDixzt9.jpg
86389,Cyborg Kuro-chan,/rjTuVZBLV7DCNN7R0CtPziVFPb4.jpg
35281,My Heart Beats for Lola Volcán,/72e6kgkrScSvLcbn1c1QGr3uqch.jpg
78314,Tres milagros,/dE3k1uOAncEdaIA6Gtx82JFzI3p.jpg
99346,The English,/aAFAwxj0VzBRyX5biAHUJM73qYG.jpg
205,Garth Marenghi's Darkplace,/zKwzmsJ3tYXPY7QAJWuPOCPEqac.jpg
64437,Outsiders,/f1zIu7mxsAKyJqnR5hrQN525KMK.jpg
5172,BraveStarr,/zNDqyAhOFNplKQNbTqYshdj5tpX.jpg
2303,Hawaii Five-O,/6jwEtk9UgHoQCVrqHuRmbgSvwMS.jpg
39056,Para Volver a Amar,/1zygrGAI3tVuqaL0w32DtpjJw9n.jpg
92394,Por siempre Joan Sebastián,/1efZPo4B65PZkwOUHhVee8BSqpo.jpg
80795,Ultraman,/5Qn2oAVfIs9juoN4tJ0gnk3aKoK.jpg
154494,Lycoris Recoil,/dfGf0Ti3BEKpBpVCVtEXKTjQjNR.jpg
75893,V,/Aps7fkPWZbhyUvB0hkZ6NV8LtE.jpg
33466,Alice,/2lvWLSOPtsqkgVIfEz9ai7D6TUr.jpg
2912,Jeopardy!,/xPssauNTDyrsdeDOzCqo8lr1rC9.jpg
153205,Love Once Again,/zIfx3KAcIy1IktiVocpfYFMetqt.jpg
18156,Emma,/wNttqvbBP6JqfAGSgJGgomYVwu9.jpg
137569,Elite Short Stories: Phillipe Caye Felipe,/2i8blnrndrDFfo4T9LdbxseRp3d.jpg
7330,Iron Man: Armored Adventures,/uwMIL8PR1jHpHQksIq7kzdeqg2A.jpg
115970,50M²,/hQfJUnWtl2GfqkJufSKuYqOl70o.jpg
5383,Alien Nation,/mSnZFa4Yv3dFCMdcyJXjlq0lj4c.jpg
80826,Happy Sugar Life,/51nw1Oor0iiXCwp2ieYuY3WQ9vt.jpg
96884,Dragon Quest: The Adventure of Dai,/i28TVlLozR09hqkGsSlu5wa1X2J.jpg
83054,Karakuri Circus,/pUhEiAZXI6OqlUnIbUjlANzY8V9.jpg
6484,1 Litre of Tears,/yHG3D2ZElSYU6ji2tJXQapewAT8.jpg
62668,Lovesick,/2JDE4yNnxbHYiZZqnnMyR0u4auv.jpg
1486,21 Jump Street,/9w2y0146P5EjLw63FHGWRRpqQ6v.jpg
46910,Catfish: The TV Show,/gy6kqWfIWaVyjU7ifa3KkkTDSHd.jpg
102088,How a Realist Hero Rebuilt the Kingdom,/ymbGZbNjHK4uAy3l29jUBvqeXIX.jpg
2289,seaQuest DSV,/kOMhrTlSUkhv8EGn4LBioAQuAwM.jpg
95272,Lincoln Rhyme: Hunt for the Bone Collector,/khEwRnZKfPTaXjYqbASB6jaZsEs.jpg
34732,Tenjho Tenge,/m9u9tDGT1r2MkNd07XkoJ2w4Zwd.jpg
59717,Comedians in Cars Getting Coffee,/hpK5MsFa7k7RQdClvRglBo0wAoT.jpg
223313,Obsession,/8nQmxCYvidrCMxYCPdhuls94cl9.jpg
36406,Yu-Gi-Oh!,/j2PBnjCSbWr9XtJttWYmCkhJ7zM.jpg
62773,God Eater,/5H2XJUqkuLdhoYAxUOpa3NYLo8T.jpg
34435,Friday Night Dinner,/aGVttwpCQ6pMXxLcOIHT82XMTCS.jpg
64551,Baskets,/kkbttiaCH1brriYAoBFVvNHHOcn.jpg
108298,Challenger: The Final Flight,/nJqCgP3vzu79mtf3i51Dv2B20Oy.jpg
70721,The Looming Tower,/tfnHCDJISHE44lLD0H3kn0lTs64.jpg
61258,I Don't Trust Men Anymore,/bRt4AQTdKkcTakj860SjZ62eQOc.jpg
72581,Room 104,/wOyn9r9VC2pJhXasUKxlpEmCAGV.jpg
4549,Yes Minister,/aHIlqouFwRJsQx0rfLSOO5cGrqj.jpg
110344,Black Narcissus,/3eYusIhAodlw2Lgoh1k8npejW8Z.jpg
3291,Manimal,/k9UBrqYKYiBri7iZcMwf0HSqxis.jpg
39796,The Day of the Triffids,/65NkzdNNlvfwbkCuRcZvZBdtJdf.jpg
79299,A Very English Scandal,/xQU99bLRjTegRSGScLDVqpcx5QV.jpg
76954,The Mechanism,/tVnmpjhELgmh7so237wgDUck7kO.jpg
57774,Looking,/cMIRpZUOXwZcDoGyRJnwrrZQYzW.jpg
42029,Valiant Love,/lg8kA5QLt60bNNf1znu3eldM6mC.jpg
2632,Once Upon a Time... Life,/2cylnl0qQp4OnicoLgRUx4gOhOW.jpg
65945,Kabaneri of the Iron Fortress,/a9lY3DCLU3DWvUshho6hAX2hKKh.jpg
92588,Deca-Dence,/hcDTYRr5dORfHHz6vVNLZ9nFlma.jpg
117682,Transformers: War for Cybertron: Earthrise,/63E619RuPL9EUjPzVTWCs2jUChl.jpg
66636,Love Island,/xcvfGvsEyKm01dIHLh2gxnhM14A.jpg
11100,Godzilla: The Series,/elcF4hnfQ4tx0lmW9tGKDsI3Vct.jpg
20450,Witchblade,/1IQVeZqeEZSfgPVOafc4ld0kgOX.jpg
14188,The Angry Video Game Nerd,/ooVBPGUi2LQqHXJhqYj4eLJFrU6.jpg
70168,Too Old to Die Young,/xGBwXf02Mu2zzqxh6TomLC7xfk7.jpg
67490,Despertar Contigo,/j5Ay9IrwxrrLPuNY2ko97kx5SBF.jpg
3486,Surface,/ipFnYr4VpVKVOzKTPPtNEVImZaE.jpg
96005,Riot Police,/nJyARtlOZfwONBoCGLhxtpunwYL.jpg
87399,Sherwood,/7Jjt7NT8a0oDopR12mCjSk6IEcG.jpg
19033,Damien,/l6wvwTlF9hlZ6Yg5dqBYTtmzYkb.jpg
81829,Light as a Feather,/xwX3TLo5eVHKAhX8pysq4cMQgi4.jpg
65454,Horace and Pete,/vMLW6dhKcAzTweIuxl1iL0Ogbda.jpg
2640,Spider-Man,/38AVLCBEoQKJWMyzt9jkxqeefGb.jpg
1101,My So-Called Life,/kuyxEBpuAYdfHqfzip2Y6UYRI2C.jpg
61920,Catastrophe,/eUDUramteLE9ByHp6PtFCaeFHKi.jpg
3557,Walking with Dinosaurs,/j1hQdzQvOeZN84N8FTYTcS1YZ8S.jpg
57754,Once Upon a Time in Wonderland,/p0Tq3A9CzvzjGWR3L7xBuqIAoJT.jpg
3534,Space: Above and Beyond,/bybuA80TNiuDFrxS8Pxlpi2APls.jpg
215103,Teri Meri Doriyaann,/4BHDmYiuSnNL3nqKIOzLJKYX4AN.jpg
136998,Express,/1orT4rECc67qLxLeo0g4rdcLaF4.jpg
509,CHiPs,/obrPwSPS0q9zK5e7xwlVGlAmWSg.jpg
7782,Un gancho al corazón,/jyNmzMm4bqmIoB7DUmmMPgI6YMa.jpg
2473,The Avengers,/uU7CrpWkD7W04HBpuK4CSbtSKRi.jpg
119845,Power Book IV: Force,/cR0ursLXoT0zfX9XDGAzQRAnK0W.jpg
74728,Carmen Sandiego,/jpis9X6awQ1X5MBm9eHRUc0N0pu.jpg
56590,The Eric Andre Show,/3OX22kBMeDBxgYNlVuMYlieoanM.jpg
61970,Ben-To,/tilQgKy9zLo4nSVAaphRMhC0Tbu.jpg
199318,Bad Sisters,/z63D1Y8udrrFOhLFCT9YElcTr0w.jpg
62875,BUNK'D,/at3gMIGpvoofKMgmsnhVFgmBnAe.jpg
64383,London Spy,/whE6eWgDpmAP93mB6vGvIzu4SK5.jpg
7022,Burning for Revenge,/qTbAFrYK6jIlvHwv7qdvRKfA3jE.jpg
96718,Genera+ion,/k2T6PmKcTIZRvNAP5LV81MekoPf.jpg
967,The Huckleberry Hound Show,/fur8UZZX0EhvvfjtxGzhPQzzdQ5.jpg
46550,Flower Boy Next Door,/qk6EWrC0vsW8umHikq33sBDFfst.jpg
13851,Jane Eyre,/rj6SOvMzH1KOILZBR8bkIqXztRO.jpg
4483,The Young Ones,/9BQCGkKkVUxw6zF1P2BF1gHSMXB.jpg
44725,Nobody's Boy: Remi,/vWPWVexfLDWU9vszZJVKtcgyuiL.jpg
47054,Atlantis,/bmdlBu7y0pZq3KZwtFFHzWPEsbP.jpg
42253,K-ON!,/70hf2538UAf7mzzNgvqTlWq6PDf.jpg
80039,The Underground Railroad,/CrrTqw7LHafnbdH9UcK60aOZSm.jpg
65333,Myriad Colors Phantom World,/3ky8gx87AIsrx54AN7k6eolPHK2.jpg
60791,American Crime,/7L0DPc1HB4rPA2ZidnE2la7Pqt0.jpg
99530,Transplant,/ukvqJZI0XctnLst0CTE2r0AC2eu.jpg
67780,Easy,/uh0pHb6JV0m6Vjmz1tGhohr9B7y.jpg
62223,The Late Late Show with James Corden,/4yLOZ4Y9loZNykxYkLcsQ8k12zY.jpg
332,Los simuladores,/9LFNewnTzahEuZ4YKxEZoMmDeqO.jpg
42413,Demon King Daimao,/xdogTliKCAQ1PBtp6IK7nabfBRC.jpg
5279,Princess Hours,/7l2aN9cT7CZ8QPUKknlRsiTAx0k.jpg
61873,Street Fighter: Assassin's Fist,/1qrk8cVHgQZoq3Lo4BdqlWaHV8m.jpg
106388,Shining Girls,/qmN97JxhZHgCThRqgzaiSF7C2mj.jpg
4392,Big Love,/38aaxDXz4qim9M85VTzpUecKlq9.jpg
134,Space: 1999,/77Jn71Aw4mct3phi7wpjLdvO9U5.jpg
78214,Sin tu mirada,/j76mEuvf6Lidb8U2QDEMTaJ8ZJz.jpg
4417,Da Ali G Show,/lHexYsGWvodXXRn7PXy2ii1MV8z.jpg
75896,V: The Final Battle,/yTN3fHZ7ki1mXxFbJtbZfvLxj3t.jpg
156819,Rabbit Hole,/zb5MArsrMxK4mSSLzUmbfcXAc60.jpg
589,Remington Steele,/3UGDVrdwavyU0WIddhZf4eov6yv.jpg
130542,Bhagya Lakshmi,/ywyBpl0z1R2jCOgEJlIRTAWd9oz.jpg
47318,Graceland,/oX3Hp4snTJH1chqnC8La0MkJJlZ.jpg
64396,Patriot,/xq3xeWFfjb8UeNy1y9JMUhL6Ptq.jpg
90665,The Last Czars,/quGmzISvzZeAd3ijCLbVMIfEHni.jpg
52891,YuruYuri: Happy Go Lily,/IA0nSV6uvzlQxFHK2ynALqE22s.jpg
936,Super Friends,/3AvUm2Lf7YnEb7yHIJmC87mh0kK.jpg
67052,Handa-kun,/lX1pze4sY9qQf1LIiTQDsAYETzV.jpg
106393,Star Trek: Prodigy,/qiIHiqCwVu5SGa7Fkg0AVZkRGSR.jpg
111177,Godzilla Singular Point,/thWc7mYiEFFdLyG2fqkeqmL9nrB.jpg
72499,My Little Pony: Equestria Girls,/xwHNfbJ15jwUeEhEgZpyyK1yex1.jpg
128098,Interview with the Vampire,/bqGvWXI2kV99ejEh25AUiAHGSk9.jpg
59312,The Bletchley Circle,/ygItTl47TSyP7hSwMzVwuSOYyDf.jpg
12539,Winter Sonata,/1Tg4L1vRV4jCl64jmNqbxjdnBWK.jpg
81723,The Gilded Age,/ynAJYVES5ignKInbQhKSOY1MhKT.jpg
79093,Star Wars Resistance,/xul6SG8rar3wkHPY8YusUtxcdlZ.jpg
7263,Wallander,/xK5jgSqoOfKwNG0WwrFObmIq0YJ.jpg
61969,Angie Tribeca,/s2VMPWcrpg6vOJtpZOZWx2rOe9y.jpg
82456,Hilda,/zDOuBpemOsOlnx6Mjp5bonuUjhM.jpg
64840,Signal,/4MzvA9GpzztBTFWw5nHENj7hU9a.jpg
557,Camp Lazlo,/rCy8pHXCOFjYtmuOmPTfs0nGzTO.jpg
2940,Invasion,/q5s7o05wcsUJv3Vilz2MGIhbgts.jpg
96628,Des,/9llAQpT74W2fajazgRvgN5Z5fyG.jpg
106149,Little Birds,/jphkLkXt32e5kmlcdjShpI1rrX1.jpg
61425,Cross Ange: Rondo of Angels and Dragons,/wUSu7WKW4KfNARFL0eEmdXdqbpn.jpg
98830,Find Yourself,/mMfgXLuWsnDRfQPeg6Fihdh7TZn.jpg
11573,Blue Thunder,/mVajSQihZaDpUI5PcaqH7EErKbv.jpg
65170,Scenes from a Marriage,/7emUsAq0IUDC2b2bcyHh60rI7Kx.jpg
12592,El Privilegio de Amar X,/bCwQ2GIa68VQfolqcQR03ucyLjY.jpg
99002,Pieces of Her,/nl94OTanC4udTHARATW7yet3MiB.jpg
100565,86: Eighty-Six,/Af48PyiA4DT67i7DFSRjHRw22lf.jpg
128036,Q-Force,/30m8oSz46yESF57ihmWMIwneG7d.jpg
81049,The ABC Murders,/bYfF6mK8DQIhi96kzOC9ULdDjTp.jpg
133903,Marvel's Hit-Monkey,/1aK7hApRSDUv8xxDQXyQil7qBjN.jpg
45234,"So, I Can’t Play H!",/qG5lFAlc4rJ7wZxRFUlc2Xo5CIj.jpg
70837,Charité,/5CD8MfminpPROOHoiIWguujmu2S.jpg
61427,Kingdom,/xkRyopANOnO60KWm6DjozXlq9w4.jpg
66558,Voltron: Legendary Defender,/uoqfxbyDILRYwi0CP4yRqVCQkPW.jpg
102281,Lenox Hill,/1MvaZ5WbRAqjhkiMGH3trRXcYgG.jpg
217460,Shanty Town,/eqRQQeyfWMMj3DQqsG8shSbaGtp.jpg
9773,Captain Caveman and the Teen Angels,/fnpIuoq1tg74v7OE4DMrTOvYMPe.jpg
38324,Dragon Quest: The Adventure of Dai,/hPeJS43hqPINFrIi2uZEhKTgl2F.jpg
4477,Becker,/w8qCJKotfqh5M2oMsbFNt5xuWP7.jpg
66017,Resurrection: Ertugrul,/1TDwn95HYsVQzBuJTgsc2ZNhFg8.jpg
70880,"As the Moon, So Beautiful",/5JtqWxw69IanadNcraJ9v6Ccj2W.jpg
4623,The Emperor's New School,/g1TlTdWPcofNIklBdInaJFp7NkF.jpg
2774,The Untouchables,/80IDXgaHmcxj6CKRImkpHjnIMcd.jpg
30703,Shark Tank,/AcNfFFhKGYUtUpsUx67yxv5scmG.jpg
39185,Vera,/7qpXXG6Izo0NvmxHib2SKRDXmXQ.jpg
93786,The Right Stuff,/bBmSygz6GfmDotQV57THjAOVnmU.jpg
1992,Star Trek,/kvWG0bsLVQt23gZO6DI1mPosLxZ.jpg
62125,Vixen,/tf0guyMkK92Bvsnk7vfMTM7ybt5.jpg
19053,Augie Doggie and Doggie Daddy,/hEnbZzRBmlx713Mc4Sg1hpiK2rt.jpg
215902,Katha Ankahee,/uhXU0SMPMlemKGHmwbldM60qqmW.jpg
127426,The Time It Takes,/w5mrhRIJKjSIwuwSMnCh4TVyZYc.jpg
97084,DAVE,/iorStu3DHuscNfQiIyQomvMyO0h.jpg
155631,The Santa Clauses,/4qaGEywPNeZT2mxexdJLWHidTym.jpg
78292,Who is Who?,/xzMQqTTmjofphjTdeFaPm16G6gp.jpg
97923,Sleepy Princess in the Demon Castle,/gIK0KwShli9aH0AxI3fh0F7KlOh.jpg
204284,The Rehearsal,/uI2nDcPa92UDK6c88J4Mni7yHqR.jpg
65579,The Catch,/yqaRCjgG2dbBtCLrHISkHVCnGDE.jpg
130368,Love Between Fairy and Devil,/mNgUuTGkOj19Z09zKa76bE6J5Di.jpg
67679,Queen Sugar,/v5FtHPzooqBHsjEV7KAmQhFvd7w.jpg
37567,Dr. Slump,/q19uWJMNLcyQ0I14DaH4XVwW8TQ.jpg
92402,Big Steps,/8wfiZWuiKzNScoMMT5b9g8jcknv.jpg
65614,Witch Craft Works,/elt434eNLMhZQBM0tPu4mUkPqGo.jpg
34971,Storage Wars,/aI4HWTpEnps1lDyxy5vScazpxDy.jpg
31991,WWE NXT,/iRPS1BJlo7jO9VGUOTv7d3gKjxH.jpg
100436,Akudama Drive,/1s3fwsH3AjuyzObYHiptiYRgFa.jpg
97970,Narco-Saints,/8ivM3YptVuFgumcZMjCMi28k2EF.jpg
15151,Niña Amada Mía,/nc5ffSPdSJArb4VaUmKhJX5PaIn.jpg
91699,Green Frontier,/5k2cnf7DOCgOxVf7DlWSqRkGroY.jpg
94659,Giri/Haji,/mOeqBvuGOcq0eN1ssGCcRtWA7XW.jpg
63398,Life in Pieces,/vac76nqALSJfy9AN0D9sSh1fQFE.jpg
95341,Shantaram,/ti08KfQbBf0BfQP86ymJ8YxCSVA.jpg
1767,Bobby's World,/zrcPIkzTim0ICyc6h81LfmBSQgB.jpg
21781,The Super Hero Squad Show,/3CdaaPZdU1Xv2c6hDaSVWhsXtuO.jpg
43188,666 Park Avenue,/gWBT8NpjeoPlOq6GtwiNVzCuukX.jpg
72710,The Continental: From the World of John Wick,/v1YEOdGptCyNxnc4mJSYNd4cE8E.jpg
171,Martin,/inQQEpHiaSy8BEd9XEFF2W39vO0.jpg
1930,The Beverly Hillbillies,/oGE7FI29ihpWlO4TAC7bJiswW4H.jpg
16072,Attila,/e8sSkLQ9CMH9nckLk5RSc0gxOfh.jpg
81144,The Neighborhood,/uItUViUsFAY7wzufTS2zWNbuuAm.jpg
17380,The Real Housewives of Atlanta,/h5HYOsyc1sJQYjqevaWEaLRjd6E.jpg
5721,The Secret Life of the American Teenager,/k2XTj9D0tzca3dSgvVojU9xk8F5.jpg
64421,The Frankenstein Chronicles,/gEkUGlWXruIb8q6DvQDbqxcfjgi.jpg
62137,The Royals,/5XLmgVS3HPWE2gpTVOyD4c9mQ7D.jpg
88118,Blood & Treasure,/xbWqfPKBhqOZQEGq7HdDkX0Bjib.jpg
74163,Recovery of an MMO Junkie,/5oUwmrjFcMzdRBl0YPb5MyTBWPl.jpg
117465,Hell's Paradise,/hYHXIqdi8bmbU7oZqgu9GW8hm8j.jpg
71199,Claws,/3XtQTSWYpmv9NpC9MJt96nJ9fbf.jpg
4292,Bottom,/uAlQ4VmHcBuTzHm7r0niovvBfaU.jpg
51488,Crime Scene Cleaner,/rFSIYAqBNrU9XfI5lDZELlPF6Fn.jpg
321,Voyage to the Bottom of the Sea,/4DIyJUvjJnoqzEU6KKa6fHDov9f.jpg
84105,Mirzapur,/p0qM8hhlMF5DuxHBzl2EZR6TehX.jpg
89008,Crime Diaries: Night Out,/gY551mmDc4W3pmUL7OiFNoB5ulI.jpg
86799,The Hot Zone,/6CSPieuzXvp4gcSSPZzuUwBXjaP.jpg
4464,Homicide: Life on the Street,/nb5310xlFjx5r9TnpKoaOTQsAlP.jpg
77396,Ultraseven,/4HEtZZY4OISae6vpMCzREyzXFQi.jpg
1906,Shameless,/kE30UWJvJZ03KIIJMmL6m6YoG0l.jpg
61350,Please Like Me,/wp2P1El7POTv5vqdQFKmMofnObE.jpg
2506,Wings,/5i27L55J23vvMF3TJlb6BoxGk8I.jpg
106454,The Afterparty,/8UgHNgUGjYLTnyIrss1kHoJ8jHg.jpg
227371,Fake Profile,/3KyyfuG5VxUmpJFnw0pa1SkTsuL.jpg
4046,Spooks,/5kODxCYihuM49oQWke6GfHdsRT6.jpg
124067,Winning Time: The Rise of the Lakers Dynasty,/6B9hTge98t52bQofyvs1M370k7n.jpg
222100,Meant to Be,/53NfAtLy4Bv9tL5WJTtLdWD8TfT.jpg
81499,A Million Little Things,/Li7uDf1jUEOP4HJaKHX3iXxlad.jpg
6971,XIII,/bUabEbeborjMYya8YB0xqV8phUc.jpg
67156,Man with a Plan,/fCJMHR0GmR4layd4KQXC1HUPMlf.jpg
565,Muppet Babies,/oJc14qy42hABKKWlQwEguFdeTdU.jpg
3476,Inspector Morse,/34M8vNNtYqnrV5ilokWkGbc51Ia.jpg
95324,The Collapse,/9tkNyzvws0X2HR855vRmHuoCgte.jpg
4177,Perry Mason,/1th2fC46icNw67k51FykUn3wwC0.jpg
13780,The Thorn Birds,/hlBkKc9JGPszx9FjLnARad9yQA3.jpg
103023,I'll Be Gone in the Dark,/wP8ypum7Jpy1UBfR6HLxdvMkqX6.jpg
13039,Contra viento y marea,/zUOHC0QlPHWxoAbbcSsJuU4xX2I.jpg
42821,Welcome to the N.H.K.,/hIsRcWso57zxD2MWBSqze5G4NDS.jpg
17967,Treme,/k4pV1FUccFmmbz9DwUON7KWT0gi.jpg
34035,Aurora,/8vn4YJ4dPb6sCg5Tql3l5xL23pp.jpg
4540,Lucky Louie,/f9YSKUw3rlw2AU4N3FCzrJR4bCM.jpg
125282,The Cleaning Lady,/brkbPCoxRfsYHT5gh1m3chwazTq.jpg
41597,Romanzo criminale,/4Ib3nB4kuHoqjtUC8og4270oBWt.jpg
76922,Queer Eye,/9x2loam4P2YbDsjqIrzVeBgVMaP.jpg
1617,Stephen King's Kingdom Hospital,/A3Sk7JU26EEmW5eK3TYWh6AEAcE.jpg
6080,Once Upon a Time... Man,/rtKEeBmEFUVzrNLnYuMnVot6DVK.jpg
40026,Dance Moms,/eLtHnDXNCdBeyC5h1987C2FR3kQ.jpg
3809,Yin Yang Yo!,/qb8gxfpjQ2smnnDIEiEsFmK1lqE.jpg
61828,Detectorists,/5BCQaZ8HrLjq6diLsIQxZuzXqiK.jpg
90670,Pandora,/yiFgP8qmJ44C60fKof2BIlUGiIe.jpg
4469,MADtv,/xBhqJk2Uvn3XzQxKnq96ESwDYES.jpg
33189,Apocalypse: The Second World War,/2feF6DifC6HsfIKwaR3O7yafyrb.jpg
135959,That '90s Show,/nZcufEuqZqNYMx6mNjlh2rmjDqx.jpg
61457,Grantchester,/5Itrb1x7OiA5A0XUreRuevR1hA6.jpg
88041,Astra Lost in Space,/9IkspqaIiNMNL3mS1QmVekYWokv.jpg
3948,Undeclared,/uP6XCJGjeV09Z2GfTY9qmEtLI4i.jpg
87313,The School Nurse Files,/uemn2sQ4FsnplGxRGebMmwbgeex.jpg
65291,Stuck in the Middle,/kjwCK7CPUFDn7mGedFM4DfM6nuh.jpg
60831,Knights of Sidonia,/4XievuWijy0V9IoB1Hkn2gCEZK5.jpg
125935,Abbott Elementary,/nkktkKeIfzuQfuS6f2hXenoTtJz.jpg
81154,Driven,/lVJe0I0dYO1vY527g3SixIwVQ1D.jpg
92647,Twice Upon a Time,/rACSv2uaTHT9Szr3Ci5nLbTpp9t.jpg
61112,Manhattan,/qZeMzP3mNC9JbufbSmZYT0Z7rpj.jpg
86942,Undercover,/vxMMFnDCMw9ZCSHNQSb2XLNr7gt.jpg
94686,Tyler Perry's Sistas,/9UtwdSXDkDMvqAdMJsbB8JLlBEH.jpg
4266,Party of Five,/5LZgFeMynMeeKX8Bn9s1RWe9n9S.jpg
132188,"Boo, Bitch",/b3zagQAHUUePg29xjp9SYoxtsv7.jpg
65386,Stan Lee's Lucky Man,/cnKC1Az0uWTyMifFoG2t2mtD2xD.jpg
130219,Furia,/kmApIHsFUTqcEdF8QpLhdwTlhSl.jpg
1691,Studio 60 on the Sunset Strip,/9n9Sr54cykU2oIiKYUt3jilJ27W.jpg
661,The Young Indiana Jones Chronicles,/xwAj9rzMk46ZtPs9MVehBjgNI2C.jpg
32504,Hellcats,/j52TnaTJ0yHN1m98NKkNj4bvku1.jpg
101129,To Catch a Smuggler,/rdXwhmTcxEmQetosZEgjrfghuw1.jpg
29452,"Heidi, Girl of the Alps",/mgoJetisceavucF7WgJbzciNA6Q.jpg
71967,The Forest,/gomZ0inbIl5zm9jdMqcdzMvjKdp.jpg
195868,Gotham Knights,/5riy7SdIhMhhYcDqeEOICVvXEHS.jpg
66186,The Detour,/hXR3Vxu8BVtMF9YxRrbCV6fcEWr.jpg
32861,Breakout Kings,/yAAuZlwVnAKEquHbie1LD4EPK0B.jpg
76662,My Mister,/o5cBRMF6syh4yUBgZ2Ust8LvcxA.jpg
88044,"Demon Lord, Retry!",/d5hXGaqit05qhYP4cqZs0BUrLG.jpg
99624,The 8th Son? Are You Kidding Me?,/r568fLhO21eMC05ewlVdC45qf4T.jpg
15130,Monster Rancher,/lzh49cRWKSjNm98Cov0bBDvBww7.jpg
202250,Dirty Linen,/fiK3u7oQb2Nsi2kuR73RRyIIGDD.jpg
93825,Saved by the Bell,/9iIIRPetuBmOl0gd7KC5dNcK7bX.jpg
115304,Disney Intertwined,/t2Vs8KaMUDQyY4Nur4zkrfQVuOX.jpg
74802,Deadwind,/cUKqWS2v7D6DVKQze2Iz2netwRH.jpg
19780,Please Teacher!,/nVM14W0mkAW6mNhbgDWxjClUv24.jpg
85526,Pagan Peak,/wyn2GkRnnU3kpfGenWS4uG7YDBe.jpg
216811,Triptych,/cuV5GizaYLjGB3yikqJ5EH2rLus.jpg
61871,Man Seeking Woman,/tGM15l33nrzB4GBHarN7NAQn4FK.jpg
61263,Hand of God,/uTykpEIdJmWVM5Q3N4QrZHjkkbP.jpg
89785,Family Business,/qftRRegBYNwNoutX660hMx85BMi.jpg
137720,Frankelda's Book of Spooks,/kV09Ni2ua20Z5C3xcpLBL9rFVS.jpg
33933,This Is England '86,/hUwvcDAZG0nbVQokqZh1oQt8Cpm.jpg
62933,I Remember You,/5g60Pp5z4pSioMqWekRVTcFeFLW.jpg
62313,Lip Sync Battle,/6QJPG6bU0iCUQzowisc9ZJ6RwMs.jpg
64073,Class,/74W4oKwZR71cXv76R6BsAPMlTr7.jpg
43775,Dog with a Blog,/3MOm5Yxtm2h4c6ZtBVBhTTNpBn3.jpg
64264,Game Shakers,/bd3AIxI9397xdr2Xl8Q2rDMObCk.jpg
96102,Hospital Playlist,/clYgUKk4CzmKpEukW2I2oDg9k1Q.jpg
1818,Lexx,/oSDZ9YpDvAbXxzbC3YdknfyBR3W.jpg
119181,Physical,/rViN9CbQcR1QB04c2D34m1O6KvX.jpg
117821,WeCrashed,/rFlYeo84b5YtzNkN0IonN6ZCPic.jpg
81946,The Enemy Within,/AaEEjBDTuoLA9e0e4EQDBRxwDtZ.jpg
71181,Troy: Fall of a City,/9Pw6Vu2HXra6ird7s4GHJFUyU88.jpg
67118,Conviction,/7GZAKNbm4e1ljnTuDNhdYNPzdyx.jpg
6396,Kassandra,/knw24Hmmy6OXVCIsZfL2CRJWY6d.jpg
64161,Celia,/fgcmTqdvc0W9D5FOSatGMBDtyIR.jpg
3162,Hart to Hart,/rK7eHDVQVYwwuxf91rmSNn6ykQn.jpg
93352,The Family Man,/tE1NUJqw9gV6AVjQ1GTK78LbWJ9.jpg
31388,Capadocia,/fUTgY7Od8QvSwPiEjrt4YmR40LK.jpg
99657,The Chair,/kz14K7vI2KNGyfTyBnYjBpA0pzQ.jpg
38890,Behind Closed Doors,/aWvfk8xyktcdow7asUgGO4fchSF.jpg
84234,Balthazar,/og51R7e0iqF9h0Hqu7WoHJyRkTr.jpg
122694,Dead Places,/oL6vUA4UKfXCz3b25fljILYhyln.jpg
67014,"Hello, My Twenties!",/4MdSbKFGAzgFhF407e9fcZreqvm.jpg
4288,Beetlejuice,/jsgGtGxs397D4TbsWD1lbaaCfnP.jpg
80741,Familiar Wife,/CsVRNfNVmWeyHp6z4gBh3OGwFY.jpg
67232,The Son,/eTlc7oTjL8R5sbHxiRbSSjMQyo2.jpg
85991,Fruits Basket,/ht9b1uQImlHMG5ooaM8hgoAEHY9.jpg
45282,Inu X Boku Secret Service,/fX9toocrrR6A6iE9rzBMnFsKmRV.jpg
192,A Bit of Fry & Laurie,/x2BeuxXkbOoiUCyECb0AdUHxw0y.jpg
43167,Accel World,/eNodkllQPCOrWlPCRfPUc9Deyo2.jpg
120932,Expedition: Back to the Future,/5b0XqGhFxLYUXwTNRvGO0vU2pO6.jpg
102693,Marvel's 616,/wBOIVb6zgsnfRhvCgdX04pLaYXQ.jpg
416,"Harvey Birdman, Attorney at Law",/pvOkz8wBeIwaxxmNoChm94Zcuf6.jpg
1982,Wonderfalls,/qioFpx1SwUXrob1ruKBk0lAk6gW.jpg
120909,The Tourist,/3jLF76FYBh5YHb4n1mQz1ayjDD4.jpg
90293,Ghost in the Shell: SAC_2045,/A7s3pbj8x8nWcXSp54xfJSiR3xs.jpg
62552,Lo imperdonable,/3vYFr3aKxWKNDbvjO29p0Bbpc5p.jpg
215803,Batang Quiapo,/9McqS8mgMf5NJCAKZIY6J1oOl8y.jpg
58932,The Crazy Ones,/s2e7hTrdmNUaJDf0yDP5b4AHvrD.jpg
33091,The Glades,/44mkq0KpOngpJSs22m0LdP37Jpp.jpg
72745,Instinct,/pAW6Xrc3E1yg6N5ZMJ4pgRg9T8N.jpg
14315,Secret Diary of a Call Girl,/uDr4SM4PRlMDRyfcP3gQrX4En4u.jpg
153574,The Puppet Master: Hunting the Ultimate Conman,/aK6s9YZbZ5UI2zqqRN2DrYp4B1z.jpg
117974,Bravas,/ajWQL7jS5dWW8oHztUy7KM2kCcK.jpg
30986,Speed Racer,/7o9x0cdLjNXLeKfPM7p8h7DBL9B.jpg
112745,Ethos,/80xsUbpereUwUGaaMwcM9e2QLCq.jpg
119615,Demente,/xlZrm0aUfeziqHtTAQi2T9IWspS.jpg
66556,Wrecked,/h84bOAmmxDa2qfOu6KWDOSEuwLq.jpg
69293,Little Witch Academia,/dIeb4SEjkgaIrS1Vrvie8KUIDa0.jpg
71739,Ghosted,/3sH6dEC1m7Ar43BeZU0NVl20gpV.jpg
81686,The Mire,/a2Ckhf72DfQKRNZpeECxyrqaIV3.jpg
64481,Criminal Minds: Beyond Borders,/mnjvHqQ2jt6rNAJsDXvdgkidHTT.jpg
82879,RADIANT,/o19uFUrC9gLa366Sr41kSJM8vRz.jpg
94551,The Twelve,/qn4hUvR6aYm9A52vO87q3Q7u1pU.jpg
83605,Mrs. America,/cTJYU7lpFbrz5hoIQugGBDEdezy.jpg
12597,"Yes, Prime Minister",/n0QRcx4P9ZJFGnTBbNt359MvUh0.jpg
1960,Dave the Barbarian,/ipzGJybXsUyqP78Wn6zC1XXbyRy.jpg
129888,Twenty Five Twenty One,/yCQFnmYhYf7XALMka2EoBRAFmPO.jpg
89630,The L Word: Generation Q,/riq4xVG3FflKAB7JlIQPs9bkFw5.jpg
62244,Angry Mom,/rCqKUifoZnNAwLCubqCVheASwSL.jpg
2304,Thomas & Friends,/s8RtAklJqHo6iMtKz1FIVBm92R2.jpg
106431,Paper Girls,/6eaySyOW29li0CgXHqy7pgb0IUT.jpg
162,Night Court,/bpEVtr4NCkbmTdponemKSjt9POc.jpg
89092,Barbie: Dreamhouse Adventures,/6MraV12DdZjQEgQztjTQ2s9t5CK.jpg
10938,Bob the Builder,/shADJt16bXpuyGphWCTg17tMN3u.jpg
94813,The Devil Next Door,/sLv7OzCqqCoMG2l464BNXhwni3q.jpg
6138,"Nu, pogodi!",/m0stXWOtebK7puIWIPzsMcI5Epe.jpg
208891,Tengoku Daimakyo,/4ovwNVod1bQy83IZe65o0uccAi0.jpg
40244,The Client List,/14T9c7aBwYlsqAc3ShzHBJwD44T.jpg
84666,WATATEN!: an Angel Flew Down to Me,/yaIs7UDJ6Vo7DbWPl4cTdv4bUw7.jpg
112940,Battle Game in 5 Seconds,/nGuTtEc5q3pO6Kl2Pmszc9IwEe.jpg
4415,In Living Color,/zW0mrEhzycyAsqrkOAH4m669ij2.jpg
74183,Ousama Game The Animation,/4U623rLgz8a3gbBMMys6pUlvrin.jpg
46345,Tokyo Mew Mew,/vEBuze5ULPfMYfMX8BYuVa2moRs.jpg
2430,Doc Martin,/4lbVts7F2v1X9SNXnE0fqD1iY8B.jpg
38657,Ridiculousness,/roJHQI0FZy9gUCf7gRWD2ekf8Vx.jpg
1060,Jeeves and Wooster,/upV2JYUcg9tlVmEpicdKrSoIXup.jpg
64836,Good Behavior,/qnXx9TMHCfOHgEZ5vv76pPmIwTS.jpg
75770,The Century of the Self,/baz9Mv5N8DryVZcr4wVxR02dytt.jpg
80560,Sirius the Jaeger,/cUd3s6KOOFInJphLS6SFI27z2TA.jpg
32294,Hot in Cleveland,/mvSXebWlltJxJUNNkoLb0tzygi2.jpg
44949,Husband for Rent aka Husband for Hire,/9mMGWB5RVN21Ez6CgnkIIIMCVj5.jpg
243,Penn & Teller: Bullshit!,/b2jEQ2XhsUnCLSyGu6QT4bTtRCO.jpg
3034,Scene of the Crime,/sqGAH4Koj0poDi65arOK14rTDVu.jpg
83936,Das Boot,/95EdW1ceG0EgoMp4eL825WbL4Y3.jpg
39497,Transporter: The Series,/23ESZ6mTcJw8zHOkW4G38uIz147.jpg
38922,Boss,/1alxC6GZwf0Q0g1XPvVt2j9JeWQ.jpg
35305,The Ricky Gervais Show,/17pjo5C1TO6PxfEtMAZX31byHRN.jpg
107904,La Línea: Shadow of Narco,/dcIe7ec0NnFARQVsQhfV6BHhab0.jpg
34663,Zenki,/sFhXlSqk4FnAvDBaG9YKYnJiE1V.jpg
123377,DOM,/sd7gQpzRMM6WMj2n6RJLsSZGFRP.jpg
155226,Big Mouth,/gJDvYUJcPEDJzB3SnQokifPUtRF.jpg
79356,Tuca & Bertie,/i5zoHZgTBT5lgNrR5LIBZwGBPzB.jpg
124426,Mine,/69QIVItTwslQsZpqLuCNyhxk4cC.jpg
70583,Asla Vazgeçmem,/hKAUTdLK6Y9f9giQ4AZv5fSMVKj.jpg
35466,Ghost Stories,/9muUVVBl5gpBzZTGUmvjzKWUge9.jpg
67154,Chivalry of a Failed Knight,/g2DoS2AwOtaRlJStUNlcTsm3pmS.jpg
86941,The North Water,/9CM0ca8pX1os3SJ24hsIc0nN8ph.jpg
2443,Buck Rogers in the 25th Century,/551l8ybr8TPIZozSteGVTs0si34.jpg
62327,Blood Blockade Battlefront,/37Kvfpk5rxX2FYcAm8oiuqxkbfv.jpg
92891,Caliphate,/6HF7rBN0deZ9SjZks5YslH7ha5c.jpg
92090,Blade of the Immortal,/QgzPVGxED2TLdMBQzzbXwu12D.jpg
3051,Lost in Space,/dGhtCpYZutuso2P3GKWnQnqwhSi.jpg
130477,High Water,/9YTkbm95KNSlfgRfwA9MnJnBE9e.jpg
80662,Miss Caretaker of Sunohara-sou,/mXASMbUAaUjB75efTI5zl2OyUSB.jpg
116736,The Crew,/mtPmPA20hSUooy1En9qnseaYkPR.jpg
72091,Magical Warfare,/wZPRKxcCO2jHt9yCBr9Rb9uuHdC.jpg
66830,Greenleaf,/dnKwzDle0E7tHnddW9gbFf44GzH.jpg
95386,Nurses,/cpA3nNFtf09RxXQxVY8IpttzOeT.jpg
44987,Go On,/v23Z8R3phUWCTeaHiNme9yepOAG.jpg
93522,The Barrier,/qvlAuCWqBkXH9tO9kO6CTupA9XT.jpg
3755,"Sister, Sister",/fzJHEbfgRM5uJaon5AVxwJxFMSF.jpg
122672,The Sons of Sam: A Descent Into Darkness,/jtswwFmnOv14Li1hdry8tZiZ4Mk.jpg
7389,Nuremberg,/6ENHJzAqs6JKYWLZgtpWgPPKnSA.jpg
33827,How the Universe Works,/fRqLfDnoTdvGCb7PB8igOO737X3.jpg
2349,The League of Gentlemen,/wLAWxtYXvqUo4uVwiVsU7ACui6w.jpg
65369,Grimgar of Fantasy and Ash,/vDs4SVtbEcklxseEoeTV5B5U3n.jpg
63404,Taskmaster,/oHLZyN7G7EpXCHxYdpMcuUNCUgS.jpg
1242,Greek,/xiECPWEyydPiB7XJtciAiS2spKN.jpg
156898,"BASTARD‼ -Heavy Metal, Dark Fantasy-",/l9JU3dlMumuRXxHilT6RSWQ5OT9.jpg
31628,Pair of Kings,/k8OQOO5DWtBTgTtc1xoXxYSCy5O.jpg
68417,AIKa R-16 Virgin Mission,/cUdRWc50BpSfhyN57NpA90vPmMO.jpg
67697,Search Party,/tGXDlbbRCTWsXzv2FLVb201Jqs5.jpg
13892,Sense and Sensibility,/orYPEKHsB734AFFINcCbjT57Ifa.jpg
97405,The Valhalla Murders,/gYmFudSTEu7t6a5fWUV3c89d8tQ.jpg
208397,School Spirits,/eb7ZJYZjed1bBQ8a4aMDwp5nvjF.jpg
67439,Aftermath,/g6yUXELmMWiSGcoAbloAxW0kEUB.jpg
5487,"I, Claudius",/1EgS8DxHeRwoEYhIZF0D3YbTdxK.jpg
62391,Chef's Table,/2aTdai1vsWr2NjdYEBDxA2hffXb.jpg
105489,Fear City: New York vs The Mafia,/jQntaJvCakqbGJs8ihahXV8xk9f.jpg
216,Duck Dodgers,/d2PpdUKSTHSLsnlkScMyHkAxC2i.jpg
84910,The Masked Singer,/ln72h12RNpWbX16mdaqhN8fZjSw.jpg
65816,Undefeated Bahamut Chronicle,/ymEG0G9uMSzTa5PZLDvs8UjJ9zs.jpg
600,Renegade,/xdpsXW6uAJDWOA0xsWX6tJACQmF.jpg
61861,Until the End of Time,/2V7Cgg4q7sROgPlgYCeQtVikT8R.jpg
70496,Riviera,/tBNwUFHjo4BgKU7thgrlwbWut3z.jpg
93481,Dublin Murders,/3olPAGfJXQ9epf8kFCGzg9B34hR.jpg
112581,The Rig,/buRe826xkgyU95nyMaDMuCNxfQn.jpg
3769,Dynasty,/bKBTf22IDwD39GbpQ6clYQ2WCtA.jpg
3562,NOVA,/giUBXYnDAaJgNqA6iE3BMVE2EHp.jpg
46975,Crossing Lines,/xraj4mL476xVyevEM2dNoTfvPMS.jpg
39775,Fantasy Island,/ppxhytiPrgojE4eb6Tw0EonDzeP.jpg
61741,Secrets and Lies,/y1HaNebKAtwHOSpC3T3NTChoKtJ.jpg
134675,Little Women,/oK6q2rDVXNpPyZaZhhiqG2g5Wty.jpg
1839,The Critic,/fZoOHDU18OBXSvoiEViuBvSSUZO.jpg
81239,I Am the Night,/sPRGQlCcyNIIoH1HSVEkhJKME75.jpg
125350,Mad for Each Other,/sav9luRrij21rBQfhUcbiI0e5XQ.jpg
210235,The Bastard Son & the Devil Himself,/aNZO6UIMh3CRJgkDyNZzHCXTF7z.jpg
12859,Den of Wolves,/89Qr4jpO9eHK5gRZ9WdEansqIoB.jpg
99617,Halston,/uBRpPFcYAYLM7V3x6x7bP3Ucumj.jpg
136248,Tales of the Walking Dead,/zRMUHvTgQ79zteQafNI46Nd9XFm.jpg
93016,Inside Bill's Brain: Decoding Bill Gates,/5RIVJnpIkPt90EwJQwPzqS1UTPG.jpg
4600,Robin Hood,/g1UicxmKRmNMiSqpTeFrRxxkYrT.jpg
5257,Mortified,/w92ZGOCDqy5LAbxoXMFIVpIhJj1.jpg
82199,Find Me in Paris,/uOTYMzTlXFbWDZCxxc0vX9CvBsl.jpg
128032,Boundless,/ug4DCGWKIDMVTOFltSepD5XzUng.jpg
15,Mister Rogers' Neighborhood,/qhbeRYVg120cBmc9XvGxvk6EmJF.jpg
51001,Chosen,/guIOd4hzYw7yoW1haJbj4u5iTs9.jpg
81241,Dispatches from Elsewhere,/zMgkk0ri4IieIJKjKSROAFFl29p.jpg
3251,X,/mblTlK6XNGBrnrK3ftEIv1antZP.jpg
111647,Seduced: Inside the NXIVM Cult,/2algVl1riUbFcFBxxy1Ops6FNM7.jpg
896,The Lost World,/iCpCsyJ1CYLQOp4y52ctrAco9oj.jpg
58421,Las Juanas,/b29hqVjydrLLQ9uJMlJf3HzUjsD.jpg
12712,JONAS L.A.,/42JTxZkeAYTeAWwcol6biM6L5ul.jpg
95555,Daisy Jones & the Six,/ltfscPUljehY7IwGG85vij2TEbQ.jpg
83755,Hymn of Death,/xhi0dblvDPyNZb8jl0HPQEXGhy2.jpg
54930,Dusk Maiden of Amnesia,/yC0Ia6TukxzsEe0dtwjbn24a2Jp.jpg
590,SWAT Kats: The Radical Squadron,/uYQuJVMhxedaeqgzCJbuE21N2Mq.jpg
78036,Creeped Out,/dj7dzQsVv2Gh21g8NUjij90pGB.jpg
40204,World Without End,/vjXkAzctVlVJ2ZXR8Rc2LFv0GNu.jpg
208925,Diary of a Gigolo,/xuqszO6iQXqBsD4kP2xhlBN5ggc.jpg
2543,The Persuaders!,/jDzoUNUwVKIPMaf67wAg4Nby3oo.jpg
75540,Seven Seconds,/mexUP20U3sPzu8jfGeRIHzI3TUC.jpg
18014,Tosh.0,/6PLXAci8bZCtzDzqzgfpffWfaHe.jpg
39980,Digimon: Data Squad,/4QTKbEorKBdnrjf4K7UapqarMa2.jpg
4316,Combat!,/4Xk9VQ5Xa6jkRHBINkHiRzRNgde.jpg
16399,The Twilight Zone,/sS1ykUhvyurff4CohExIh8qYO99.jpg
229221,Dear Child,/bBj5EsnoClhEhnspe4YTV6Gs624.jpg
89446,Stateless,/i3GrdpvcYEIS3INh1Pj9sikcRIA.jpg
65336,March Comes in Like a Lion,/sokReNdjEwG2TkdUzJcVnD6sChT.jpg
44684,Nichijou: My Ordinary Life,/qmi1VpOvPFRHg02fbLuc3pVrMbt.jpg
72752,Ghost Wars,/hdOWk4uAKXXPBdyLd54ejmbzpVP.jpg
74851,Beyond Stranger Things,/rHCFO8RJ3Hg6a8KjWAsvAsa38hp.jpg
3968,NewsRadio,/bX8HcTfON8dwt4fQWwY1mXxG0Uo.jpg
79166,Grand Blue,/ii1yrluzWisy1rygSKz8lJkAkil.jpg
96659,He-Man and the Masters of the Universe,/khU0nt0PAbX0t6IpBBvTxm1uzoZ.jpg
2625,Diagnosis: Murder,/5yhozeY2KgYXQQE9kfbiIyypYiI.jpg
1964,The Jeffersons,/iFjIaWr9qDKMLnnh8tHwO6Tzp6D.jpg
67040,Speechless,/7EHM9vaAWBBWgBJnQapYKjGIVHt.jpg
206010,Kleo,/aZVaaEfrEyeOneIDirqEE22gLvb.jpg
50864,The Impostor,/4imlN0f1m5NobVpu9cXSBtOPAZq.jpg
31936,Melissa & Joey,/4Jju36sQpOTnMICesTDsenOREK9.jpg
35341,Ringer,/hgsiNvtG8BdLvCqhbBR172T3YQB.jpg
17450,Whitechapel,/9IxtiDw696DsHXlvqa1lZaIdzbz.jpg
76758,Hinamatsuri,/p0jfQInPE4xrJKVNWzSTelgg2EY.jpg
63119,Oh My Ghost,/6GZhtgZNDHmwmUA4yRmrdfEJQNu.jpg
81224,Les Misérables,/vD5gUfFYEuYXwfOVJQjLIQTGs0s.jpg
215315,Rabb Se Hai Dua,/6ikbefd7VeopbBuGgioYMNU5bQj.jpg
1449,Mutant X,/yiKg027jdpkSsguVBI9WqliNWez.jpg
87382,Ramy,/2nQDckzd20AbUeVMh58WCjG1bjE.jpg
32651,Interns,/uliYzImXV1kaG006nfp1cZtgYgF.jpg
43058,Real Humans,/ps9LymVYTVGcNpAvgqzx2RwwK0Z.jpg
84154,3Below: Tales of Arcadia,/eWoplw8QJhSGDnhyYCrs9OugdTj.jpg
71890,Friends from College,/38HzAmLPNALw0fSdZ7rMH0EymqC.jpg
62593,The Enfield Haunting,/qwB262cW73Gro2nG3GoRI8ePm5c.jpg
220499,MH370: The Plane That Disappeared,/3ORzUPJHFy9oFVKlwUpS4q8g87.jpg
131378,Adventure Time: Fionna & Cake,/fi1b6U1kp73xheECzqwzMn8u3mX.jpg
6127,Agatha Christie's Marple,/nVswrZQpqQND9TgwgbWgz18KgAo.jpg
11599,Inocente de Ti,/qKwtx6BXMaQzyebyrWPlVgPJUaE.jpg
81519,Paramedics,/6OlzOCScyOC4dJBaq4ADPk32T6c.jpg
70613,Black Spot,/24YXi0GA3DsrPBe7ttw8XVV3uL7.jpg
114198,Full Dive: This Ultimate Next-Gen Full Dive RPG Is Even Shittier Than Real Life!,/k4dMicD0xtMXVYKqrb0lunPuvLr.jpg
100414,Suspicion,/muLbLW8kWOSiEBLgmHeAw6gKpB0.jpg
26707,Spice and Wolf,/qy5enaLa2Iy8zJAnXC1UNA1Ssjc.jpg
1878,The Backyardigans,/qph2MAw82C2DTQcuzRQdaglo9eU.jpg
64016,The New Scooby-Doo Mysteries,/8ZTpCIym7UxTmHf4X5HPrLm1vJI.jpg
61579,Mortal Kombat: Legacy,/1qeEg8XOPWp5V4v1zlcdbnFNl7n.jpg
67243,High Maintenance,/qmYqwOW0QTkJy1UGUsM2t0Kowpu.jpg
30892,Rubicon,/aYvsIIHsHkIz8fv3qbQCJpkgmLO.jpg
2253,Ultraman Tiga,/lYvAiTqXFGuLqos0Wi7899scn6z.jpg
76059,A Place Further Than the Universe,/iERXyBf0K6DfAQ8oKEYrdjf1vIs.jpg
35430,Tinker Tailor Soldier Spy,/3HlMztiMrTnhU1u807MGUizEXxH.jpg
3696,Gavin & Stacey,/jNpySE7Rwq1DlhHadMZnGquralv.jpg
214088,Woman of the Dead,/v9gijQNMhZjGSglOh0nFpfFHhC0.jpg
15768,The Guild,/nDMtG1NwnpA3rPDld38BvWRsVf.jpg
593,Shaggy & Scooby-Doo Get a Clue!,/5pGwh9BKmw6Ciy5EvXqm9aKPZWT.jpg
20455,Titanic,/gad7CZAWlyGJAcMunwX2I5Jm12e.jpg
92875,Sanditon,/iKMCbTAkEgvA97M8Isdqp4t12Cf.jpg
42910,Love & Hip Hop Atlanta,/lAiXiiTWsqPDKhafq9XNoboZ8gC.jpg
2093,Matlock,/2eGYyekQjcAXVmcYW1g4keR4plV.jpg
46664,Africa,/emrvQId86K5dXKRSnFGNQAH3XAO.jpg
128306,The Boss,/uez7jwNd3oO87ceRr6nX8yCQvsL.jpg
7485,Survivors,/4aoLtU9XZ4HT7rlFnc0vnk20pos.jpg
85310,The Pier,/fprc5tBdHndrrX9YVYff3xyKCL.jpg
4025,Ulysses 31,/fJLwSnPxQWDj6BFopbAg2qTMQPr.jpg
153657,Bosch: Legacy,/jaBQkpjXw0wtbAFLJ23SKFc6fa8.jpg
32025,American Pickers,/obWweSxU8XrAtCqteHLasV8ktmD.jpg
73132,Wet Hot American Summer: Ten Years Later,/cpztqCrGNEjBQYlW0behUYMVs1t.jpg
80443,The Loudest Voice,/zEWNNN2JEKylPSUhH1JN3hNiJ92.jpg
1685,Project Runway,/3JKvoVulQXwibxdGQYqBQyZBlBj.jpg
40417,Leyla and Mecnun,/epQhFbDRSCh3xvivJz4QhRtM8VB.jpg
31572,Lupin the Third,/aywOqgw5opNykCW4R8os1liPVnq.jpg
69850,My Runway,/tCKwuuTZr5Yx8rTt1FWvQKDrXnw.jpg
67482,RuPaul's Drag Race All Stars,/vksZrQG9bIeqZnkMTT2hqOvQ86W.jpg
95839,Lisey's Story,/ge0Lk0fDBoFNGdtBXnIEaonyfTW.jpg
93219,The Movies That Made Us,/1EpwMUmY6BhF1r082c3SYzR1rFP.jpg
71349,Suspicious Partner,/e5ytMZlkGlVWtxSoLypobMaqZEO.jpg
87093,Family Reunion,/1FOJNlszjqBk5S1CDjnGvFTP2e4.jpg
62516,Flesh and Bone,/yP4vPgb7Inpmhxgy9iTEsy1faSy.jpg
137571,Elite Short Stories: Patrick,/621xOYHKFLEekd7xRqJUBJjVSRz.jpg
203555,The Imperfects,/ntbfqgORC8JRRWQ5pQ56psC2Wot.jpg
3556,From the Earth to the Moon,/sSnYvoVT2PYWJbF0aWdUFvLqKhR.jpg
79746,Explained,/4iiV2Fh4EA5of5B9Wtgllu0WDWA.jpg
8302,James Gunn's PG Porn,/5RcxzmX6EVzzHEAqNhdMfM9y35R.jpg
60874,Space Dandy,/ypaXEydotwQyDvdV7bgVND9fOTx.jpg
32694,Outsourced,/tE9lH8OpF8qExJYmz28tMLUlhjD.jpg
40245,Death Valley,/fPKQ4dWFMfjLOBQsHyebaWkfWyh.jpg
107422,Alien TV,/a6yQFzk86cLgUfuTvjobMc3TL17.jpg
31343,Jersey Shore,/9ropZHoebQlYX8VziojRplv4smu.jpg
228093,Titlie,/5kZi1LCFugNAeDCWOF3ornGNm2W.jpg
60715,Bref.,/alaRcixeZ1lLVb5NuvmJnAsfbyA.jpg
15277,Embrace Me Tightly,/pe6xbA6rnrxkd6b9oJuULWimCMd.jpg
3828,Hill Street Blues,/mMfqHsOeI0yLwifmfCRGTaItvTS.jpg
36243,The Tatami Galaxy,/3Ngmk2kNh6JTdqPwMdiZvDSdlGH.jpg
61123,The Honourable Woman,/9EiRdOWqzkO7bHHQxxPnIIJ7s8G.jpg
63867,Occupied,/oXEPfgLiMUETYcfhvTFLB6IrAjJ.jpg
4333,The Saint,/zwNVpAJkE4Gu1jv922IH7GOQlen.jpg
90546,A Certain Scientific Accelerator,/10KGPY9ihuI5v9an0VF1eU5cxOs.jpg
7248,The Magic School Bus,/3A70wxUpplD4V3IcL8WmNFBgAbV.jpg
4545,Blossom,/qZVQ73nf4N43LLvKzs0cSkXRne5.jpg
69889,Imposters,/1nezOc66ykPbbUbZGlfjuJaJH2d.jpg
154647,Angry Birds: Summer Madness,/6ko4jfA5BrcRADDaAfMagZ4ZGpG.jpg
5146,The First 48,/i6bSut4XPepaJ5VC6oG303iGKQU.jpg
9723,Hello! Sandybell,/y57X49iIctPzGbSq4Lpbx5FcYWj.jpg
76652,Dogs of Berlin,/wOeA0fPtZfNfljUUMFdgl8Lt9La.jpg
61218,Discovery of Love,/rmVapq0GVNacFHs46jwzXh07wf3.jpg
210922,28 Days Haunted,/AqcHMbvN4lkYUXKNalOxOFe025K.jpg
70787,Choushinsei Flashman,/8jlvGYATgv5bVbP2tybmqIdd7rS.jpg
1458,Franklin,/rkUNucXagKjXXcIykQfrQgPgbVb.jpg
3572,Kojak,/7F1eH97Bpi8zQbc172drbJCsOsG.jpg
1508,Dancing with the Stars,/xoLzfI4HJtpp6a01zsJlBuxJEQt.jpg
4340,Nightmares & Dreamscapes: From the Stories of Stephen King,/30bZ3M79A3Lz2iwNmQnRpisylz1.jpg
40632,Fresh Meat,/hXYuLWNrUIOt7j2BGruBS4JnCc9.jpg
91455,Azur Lane,/f9Vd8DSs919p2pufqN7AddTv9DA.jpg
66134,The Durrells,/sgZiuQ9PMeyHU7xMaIctwRu4SLa.jpg
80550,The Conners,/k16ZHgdeYxaRtmrcqVk0L4ltrpK.jpg
53300,Hello Ladies,/2jUOzE8pcwn0bDGfbX7GtTqSqsT.jpg
60811,Ping Pong the Animation,/frgVn3ww547TVQH8vS2bWKZnEBu.jpg
126035,"Nevertheless,",/pWIcIhpQibR1eDU0As4HRZeb8EL.jpg
291,Coronation Street,/xe6y8SJU0NyGEECu2LV9cXoY81g.jpg
82360,Mi lista de exes,/yuIqwY1fcynGiUCmYTZ52ilYEqZ.jpg
10724,The Adventures of Aquaman,/346THllqSorcNec6HvIMy0NmqFi.jpg
2120,Crusade,/nro8P92M0XFA4sxwD7xy1h6yFIy.jpg
90999,"Science Fell in Love, So I Tried to Prove It",/hY9YBN3arW6yWA01IhzVZvJfMbJ.jpg
9921,Back at the Barnyard,/9O988PZT6hOyA9Pqb14YAEA1r6C.jpg
93514,"The Mind, Explained",/xpT3549LLOsS6oHFyGinFDDlA7m.jpg
71714,The Brave,/jC5SzIJP8zk1sRroGM9v7nBx9xp.jpg
12301,Naked News,/kZZl47H5zlM8z1Rqe39h46NC17K.jpg
39379,Full Metal Panic!,/5g88MnYX3HkV9uRpBdsCnPNZ8s1.jpg
95986,The Confession Killer,/9EICsJ2tAagT3crgGnvWRErv1pO.jpg
35,Cracker,/6TafPjjdnquokIOxHywBtUvI5DS.jpg
70813,Fight For My Way,/55w33JzFKBkz1evjBjqeF0enDd1.jpg
101873,Cells at Work! CODE BLACK,/ehz2kV5YxoIbfD9WQnP5pkSkKUv.jpg
2179,"Quincy, M.E.",/sZ58zg6sU5jKhKiHCzstlokkQ90.jpg
72743,Burden of Truth,/2YLg5PQ27kgRp6uncqUhKHoXXUC.jpg
1338,Alarm for Cobra 11: The Motorway Police,/mPhVxedeais0wtR38JIcsJdqH5Z.jpg
96228,Around the World in 80 Days,/j8Np9NZlkzrSdEmpLSgoUkoyJeh.jpg
133620,Karma’s World,/xWoTBTcWicfHnB7hRq1EDKdV1Mw.jpg
13675,Gulliver's Travels,/fBwZWaxVlAXovH3dhv3BtIjtu2O.jpg
70649,While You Were Sleeping,/wFp7pVJbB5aD5y0A0AEBP4vmzCg.jpg
4498,Top Gear,/2aM2eoynonnHYwy6fBw6uzBRNTq.jpg
21750,Eden of the East,/z7fWrBzCwd5DRPvNh1tr7yaQQP8.jpg
116986,Spycraft,/3JJMgQ09UpZKzfsbjHatqhSmPJc.jpg
96213,McMillion$,/xyUciqZC5hGYJqefmbGbTy5fxYh.jpg
133678,Once Upon a Small Town,/9DNkebzIQNAzr5YSi96RCZ0D3Q6.jpg
3713,Gunsmoke,/x7WjYizqcrA64xi9XLqUWCz5DNk.jpg
63663,Gate,/bCuJkIUg1n9etSYrrQKlQuSrigE.jpg
115771,We Children from Bahnhof Zoo,/tXulRafHUB33uN90oMcPijXcKVF.jpg
1180,Ashes to Ashes,/ky35fNxJQkO9bCwB010pB4brTL3.jpg
73554,Liar,/hQFQok8j8vErenASWIUtBEsbTVY.jpg
131026,Dali & Cocky Prince,/r6X8JNFfgiq91MDtXBm3fzzmyGB.jpg
89410,Search: WWW,/P8mbKpjahZyF5i5B6KE6DWVXvt.jpg
62815,The Muppets,/hFivVcGlNe99L4Zj6aGVB0iuE6t.jpg
1246,Bionic Woman,/lAJPZbL8x0HKtqQZLW1gfNFlPWc.jpg
128067,Not My Fault: Mexico,/xuMZp0ZADSi0HEEQkCDkhNXgQEP.jpg
83251,Dirty John,/epIeL5ru4ETHTL3X3XOmT1ryd84.jpg
17519,Zeke and Luther,/nlpUmDYb2dhKUUegZlibCs2taW.jpg
2,Clerks,/xunXvzFlkf1GGgMkCySA9CCFumB.jpg
204832,MASHLE: MAGIC AND MUSCLES,/6tCgoRCnGkZ2FNFznIv6XBnw6xL.jpg
66489,Dead of Summer,/aYnBbx6VA9soKqFZcj0iEwGM47B.jpg
77400,The Innocents,/tLrRQiJfkqpldyIYuCNTMmR7QJv.jpg
61367,The Mysteries of Laura,/f9jBbq8GyuBOK3dAFPaBg7aaMb9.jpg
3097,Iron Man,/nTQWWH6CFtl37x1nPx8HRwbwvGn.jpg
99127,LEGO Jurassic World: The Secret Exhibit,/sHZTpnuV2ywmLC0cMVZF6gGtFgQ.jpg
1750,"Doogie Howser, M.D.",/uNGrGq7tJ1GiKUsfnchC07l0Q2M.jpg
61697,Wolf Hall,/w6nwMuJMQcfu5JcQ8iEKoDwwjee.jpg
42738,Duck Dynasty,/jTXJFP9E9jo5SsGbhFs5L3WWUNX.jpg
3370,Eek! The Cat,/scqjDAOkZiswdZwG5Z1C9LKyLwr.jpg
64228,"Be Cool, Scooby-Doo!",/rJksJvJnvrVQL9dMdqy1XwjD5KQ.jpg
2343,Lewis,/rwf7nHqAzUFqGEMbN9lxta6UbbX.jpg
1948,Degrassi,/58SXbXUvMCimb26hRgdfgBeeCAR.jpg
61379,Monthly Girls' Nozaki-kun,/maPv22inKIcyfOCil3wrWiyJ7gC.jpg
9693,The Civil War,/qs6J3T0mfAlmoOOUt0B2d4zd6je.jpg
43512,Les Misérables,/qQU0VgFE9kzGXdZbVcPPwah39CU.jpg
49920,The Vow,/tFxJyCDS6bGCTG5DiNjQJOAEl1C.jpg
72798,My Mental Choices Are Completely Interfering with my School Romantic Comedy,/3jdxPOVdqE0GhEv2jdqAgqdXIcm.jpg
43065,Treasure Island,/94HhCCbzl3ZVVUVZGlUNYKkzoW4.jpg
4775,Would I Lie to You?,/gpOHybs5mDoEEbskTtfZ1mKsPyD.jpg
112833,Juvenile Justice,/xH2wTVlsUlYeFEOVGFDaamHkMCm.jpg
43097,Saving Hope,/1OGQisCT1T5ChkzZVdFqhX4O1G.jpg
39754,Between Two Ferns with Zach Galifianakis,/puvJM8LPlp5YttZByZ259A87XQT.jpg
78457,Wotakoi: Love Is Hard for Otaku,/fpDesSzDRMFGIJbcuC2WVCveC2P.jpg
2527,Emmerdale,/ualtuRRNYa9Fj61wSuBVcuvaVDP.jpg
4318,Night Gallery,/9HwOgv29Ab5aSxB7YRH9txouvD1.jpg
126506,Smiling Friends,/xAJIdD5u9lo1RezhfcSq6s1jH2A.jpg
64969,Sr. Ávila,/tGfM0NIHSikAt4F9coNco8y0O4P.jpg
16703,El Manantial,/r2HBwduzyePakcqvkdclbWM21RA.jpg
10159,The All-New Super Friends Hour,/k1RUrHRmx1QjdLIxOJqCte6HGD4.jpg
206246,Trainwreck: Woodstock '99,/hFWNQTiJ2VXfZeKrsykem0o9nWc.jpg
138489,The Mysterious Class,/jdOcvOnM3ePiXNO6hrgN3yeyR6n.jpg
14666,The Listener,/8408RJvs3zRjA0e69I1zJTRxQye.jpg
67391,The K2,/egziV2hfeNcDTQwZCGgtbKfUEpD.jpg
2221,The View,/zn5ZtKXYo8XOoXUgtQxw7q2CjVt.jpg
35058,Property Brothers,/ccggWzKxSao1VNaVFJNLkZG96Fb.jpg
74764,Tabula Rasa,/rZW3ZCScA98Eej75JcTqUWfxwhS.jpg
60129,Murder in the First,/o3QTeP5jwPJDHLhNqf0pHNDc6qV.jpg
1909,The Greatest American Hero,/sViWrklUxxYw4ZYuGsrthnS63X2.jpg
227318,Who Is Erin Carter?,/1FCsjYtEtuine1TUssIFjy6vmJW.jpg
74074,Because This Is My First Life,/aVVmGHCDf32LhFQBXmTXl2APAPw.jpg
62456,"You, Me and the Apocalypse",/uXZtrxLWRR3HitOTJ9F9WhESR60.jpg
64783,Dawn of the Croods,/cyCAsMLGECvEAFDfKcxcWy7YTOW.jpg
83634,Memories of the Alhambra,/18UuytTxcPSrhptyW7hHDenN70C.jpg
60616,My Mad Fat Diary,/wBMgY5slc8kzbGpKSnF2Evel9HR.jpg
210955,First Love,/wZLfNxm6OTTDD5BYVE0zpqO5Vhq.jpg
116045,"Hello, Me!",/8ZlKn5qEuv3wTzHyG4RSWJY81ec.jpg
139799,Kitz,/c7mFWh4uLhX99CP16YiVHmhBydI.jpg
34327,Soy tu fan,/bOgm5lY1z9KcgJmG9Cpxvppdw0X.jpg
77570,Falling in love with Ramón,/bGeEhjXq6bdYZ4tXIHwuMU1nRrP.jpg
83381,Tidelands,/tGVQa6Fym1wGkoM5o6LYFTlk6jx.jpg
65396,Secrets at the Hotel,/t9gokongxxBZmq6eFmZ35W0P6d8.jpg
744,Jekyll,/tnIM53eW4nDJAwsYfwkPFVum0JR.jpg
83601,Top Management,/yjZdSUu368HcVJUpxkqEDXi7mJg.jpg
123349,The Sound of Magic,/muaqMAPiEEYILOdDv72PC8sZ7HQ.jpg
201874,Blockbuster,/1seIJ8wIKo3KXp7hnwS5wj69U8M.jpg
131041,BLUELOCK,/tP16wAT98CLwnQ14iWTMZZwfLBr.jpg
18846,Victorinos,/9kiOCeMahOv8upzLt3Gt0cbGLNG.jpg
4681,Zorro,/3NYCvY6TEgjbJc9xYrgH98qNeMy.jpg
108171,The Essex Serpent,/lSVygN5ZLmSMycBTe94umdKfTSd.jpg
100022,Kemono Jihen,/vlEYvTnexLVEYGnX508DMwWGHYv.jpg
98892,Schmigadoon!,/s2Z5Rm7H0DFHX8cF0CQjIFOd6Am.jpg
111495,Carmel: Who Killed Maria Marta?,/snmVxrXyZ9DShBL5olPvcuWlCab.jpg
63323,SHIMONETA: A Boring World Where the Concept of Dirty Jokes Doesn't Exist,/bRq7nVf7fkWA5XrvlEME6D3otth.jpg
3940,Judge Judy,/qwyjQAgJuOsxhyW8DTzxUmTxHXU.jpg
210905,Physical: 100,/lGXjcx4l31TFMH4gtJ59hE9DZAL.jpg
108255,All Creatures Great & Small,/gqrxHNAkRWafqCCfMewthbwc27j.jpg
65332,Amagi Brilliant Park,/1ZFzedg6kYDBFjZANxcDdERsN08.jpg
13999,The X Factor,/pHXjjGnPgKcU7vekSo4K69djr9G.jpg
106116,Echo 3,/xG94Dc7LJ0NEYZ0hGTNnHuMKugl.jpg
131651,Turning Point: 9/11 and the War on Terror,/jZsV8GInbLWcAX3mAFxE6gE8bTR.jpg
16291,Piel de otoño,/6LnpNsINdgUjw4LiIBL8BRlsnox.jpg
68106,Kim's Convenience,/82Vue6MPuYZzlpggR65cvWdBdy.jpg
146173,In From the Cold,/n1eL0iQiLx141MSVbDoY4B24Oqo.jpg
93742,The Bonfire of Destiny,/zAJ8MDAdmxMntcLYpvvfR4UkgDp.jpg
654,Reba,/ngMBdjwadGj233A3DApyIijCGlg.jpg
23004,Captain Future,/o69Gvj0iKzGr7AQt8ilkX7zHvHf.jpg
61511,Father Brown,/u8LUC3O1hiEDKP2SFZK68iYqMzl.jpg
93544,Top Boy,/7Kk3gRMypBHX6gHqbMaa1gXPycn.jpg
30623,Shin Chan,/zg19Paur3lVVSh8J4LJVO1wgBIg.jpg
44,Adventures of Sonic the Hedgehog,/wMDixjRrrWtuOWf2La4Vb4a5QKw.jpg
102086,By the Grace of the Gods,/bfYje9AgtWzYCeCQbMU3nHdE4k1.jpg
85427,The A List,/dbYZv30YGh0bwCNslXkw0NFHTpy.jpg
119100,BOCCHI THE ROCK!,/se9xLGHlSqQwVgEzLw326CJjaRm.jpg
65367,Rush Hour,/7vDMkZnP3pHruaqwiVfGi29lJOe.jpg
211240,The Swarm,/dAr6GCccudtiZHpzhquMg3TalvW.jpg
220116,Swarm,/5Byf0mciDQU8sMtw0pjsV3veKaq.jpg
64835,Hap and Leonard,/6v3o7UF5SbkbkMFPR0lJo9GyR53.jpg
85,Postcards from Buster,/7GZ3nM8Mod24ego7IdIi9hqSSsN.jpg
56336,The Tunnel,/qpuGcfrFjvjsEHtuVjyTVQCWNzV.jpg
14540,The Tick,/rRme2aeGyDwel0e9NSPx9FzIPq9.jpg
203,The Sarah Jane Adventures,/AfNVuHBdgkQLC4kzZu0rinRzcg4.jpg
1794,Defenders of the Earth,/cuRklKSdUyQOSI9WR2BxAkRylAf.jpg
71308,Disjointed,/gMVzoGfyFNew1RTn4UaMjn3iHCT.jpg
472,Megas XLR,/d4Mc687WE8wFAk5nlmJJh4qNuIO.jpg
2798,Space Ghost Coast to Coast,/6MJisX8mwCaccNTTftp8z6uTanF.jpg
954,The Rockford Files,/dN1r26OF2eHTVqryoDTHM7TETI6.jpg
63187,Monster Musume: Everyday Life with Monster Girls,/8leXiwIwPRPQqHXKDhqgf4OIwBU.jpg
78385,Something in the Rain,/sTNXMCASbNn7cSzcQ7DVazixnAc.jpg
8621,Late Night with Jimmy Fallon,/l8WzbOr7vg3WDlB3hoy32wZDxwj.jpg
19341,La Pícara Soñadora,/dDZfG8FIPySXWc3JfR5Zjd25VDF.jpg
88378,Mr. Iglesias,/nRLuPKk3hKD5fiZGi5WGNdssox8.jpg
106359,Immigration Nation,/lqMU6yRjho7w6advYliIK2Od4n4.jpg
2899,Long Way Round,/jjlvPST54azxRbvI3MRa90KauKp.jpg
60182,The Wrong Mans,/fLuNqPmaHu64QUw8lRtLib5iFEm.jpg
13091,Acorralada,/1DD1WVGrjSEVDWpKaDBrVjLvCC8.jpg
15242,It Started With a Kiss,/hdYeaNSPE6Z3DgG8YUlRRh33fIz.jpg
76541,Jose Jose: The Prince of Song,/kSq9jBmQFF5CyrCycG9kMXppATn.jpg
50325,The Pet Girl of Sakurasou,/euzCsaY9Jb49gSqUWXSDonBF3su.jpg
74430,Ordeal by Innocence,/fCNgaOIViqrFyo9duHUd76h50BZ.jpg
134029,True Story,/7zMbzJijHQv5oOtkb8rdYarn9X6.jpg
3308,George Lopez,/jV28WAGIqAKf4uoRK4IqJz4KMY0.jpg
84383,Total Dreamer,/2fnrIUhoxXUcmnYyncFj7Rctvju.jpg
3411,RoboCop: The Animated Series,/rIdaPIehrNdQvNNrVQs0da1kaEQ.jpg
128255,Transformers: War for Cybertron: Kingdom,/r2IouRpN9IXMyY8RX0YnJhkCirE.jpg
56299,The Magical Legend of the Leprechauns,/cZLINjdoIVPQ3VacMmkilC4amcP.jpg
32213,Filled With Love,/znqgav7dkAOxs4OpEz6PedaWxEd.jpg
215492,Harry & Meghan,/nxbQLpCm78w5UHOyLrnkFJVCY7p.jpg
93705,The Pale Horse,/x2wu80dxUAHVmksi33rST1AbkWE.jpg
37646,The Nine Lives of Chloe King,/5dbVI8Cwf0HwDmPCjsw36ZgBXNq.jpg
73575,Temperature of Love,/vuxx8HdoBZYljSEPNFQKiQCHOhP.jpg
2852,That Mitchell and Webb Look,/b1VtW1KcWoQGZByWQIgPetquTzs.jpg
89498,Deputy,/dlnbNP169odKEYKCfzBipRrUDdk.jpg
1651,Fantastic Four,/o2jhtGqOR3UAWg4wIBu21Ub4ecP.jpg
16145,Topacio,/9XzJEUbxsbUmbj3VzejU0J1wqA2.jpg
4940,Bad Girls Club,/5NZkzLqH5eDL7JjHVXxEFpp5kM5.jpg
3050,The Practice,/7OKZSUIWhjFP0F2s478zTrAYwDB.jpg
33400,Terriers,/51T6VEO74kijlt2SDowGiiq0Cti.jpg
40028,Scent of a Woman,/oRffoX48mo1LtsqyuTsJJuqZETA.jpg
56402,Monsuno,/jyhga7c4QUqOlj0qDwzmZEjukS1.jpg
3026,Richie Rich,/fhrIXZDVK3wc3FlX394ASanVH8a.jpg
63130,Red Oaks,/jGI54TyocVBOAAfPmq8sytJGxeG.jpg
400,Shark,/um1pU14K6ox4VRznnqB0F4c8Oe6.jpg
474,Nash Bridges,/hJeHSCFoxWN2Pt2lg56CKOi9g87.jpg
95638,Capitani,/AltQRrBvpQNecDNFtrAQmCNAqvq.jpg
117992,The Duke of Death and His Maid,/cHRE2RI6KsyrBTRSAJwddfBJWao.jpg
66949,First Love Monster,/4yXU5I8ZtYh7aNE6mZBGT4BLsiH.jpg
32609,Into the Universe with Stephen Hawking,/rPUspKNhiB47nzR6gA5WFgQ7Z8F.jpg
951,The Archie Show,/2lLhwR7nMpIEzBt8IJGE97eAGFD.jpg
32200,Criminal Minds: Suspect Behavior,/g2eFa0rnshPHqBOYZLyOaeh90I0.jpg
20353,Magical DoReMi,/iCINo8JNXswWelsEycO1frahHS1.jpg
46283,Blast of Tempest,/tWpXtS2EcteJiJtd38BABoMc8Oz.jpg
113218,Imlie,/sltUDXvpDZK3aVIdtkbImhcJv8t.jpg
3262,All About Eve,/n4w8f5pdTjlgEY4rjyxByRgXx0A.jpg
62783,Best Friends Whenever,/euWwJsDLPzfPny96UrbD13XOFSz.jpg
72505,In Another World with My Smartphone,/xlXdtc8QfwALtJW1o4UwRLt31Qy.jpg
72812,Metástasis,/9EOY7brrFEuunZBGXDTFfFyJJFy.jpg
102540,The Shrink Next Door,/61GjPSU2HNAsdCVccSQEcdQHy1f.jpg
128009,CHIVAS: El Rebaño Sagrado,/kDs0wVzNw0NMNsrfQEE6pIu5YE9.jpg
125474,Naomi,/xwS6ggTI8hTkVTz1I4U6BZ48pgZ.jpg
32702,A Corazón Abierto,/ipH8hykZHXhGWPeD75etXLttq4E.jpg
68327,Bordertown,/j7G1Ecfx2iOP5OlqpmjfFOjGguO.jpg
9867,The Sylvester & Tweety Mysteries,/b8AkMeacC71nABALm5GgT1x5nMo.jpg
42518,Great Expectations,/lcS3dqdpYj07cysAqkaCpKf6y7Y.jpg
120494,LOL: Last One Laughing Italy,/g5Y0piW276vOcStW0s0uYXOf4Gw.jpg
95004,Tyler Perry's The Oval,/b5PTXErp18fzi8e2MQv2HlEiE23.jpg
66992,Taboo Tattoo,/yd050mWaZHyRNMszkVzm3BSnqrZ.jpg
15129,Lost in Austen,/cyAOGrVj1x5jrLq1B5RBJvquLcX.jpg
81947,The InBetween,/j4aKlHjHuLqZiBlYLCEkXKlgakn.jpg
34549,The Great British Bake Off,/4lkXuLZhxUczr8ufy0tKgSRRYD2.jpg
80737,My ID is Gangnam Beauty,/8lj40cE1DhW9jBe07fOI18MDQDK.jpg
66357,Secret City,/hISuVJoNPPdwHMvaWMW1fTCSBMb.jpg
53052,From the New World,/ywghUXAMWJ2uY43bPUgRCPnusJF.jpg
32406,The Big C,/72M9N5bONawkSifdfjNlryWZ2uM.jpg
102905,History 101,/3wY1EwinwrtpNZCwFmpDHZ5ISaK.jpg
4618,Day Break,/hYvpkSzMtCL5N5hTPKzGtsh70Yy.jpg
78081,Constantine: City of Demons,/w7I3zKEk8E9o061jxJz7s6UuxDg.jpg
1456,Green Wing,/6QxjkLuyiC52GVFKQEOxboAxKfM.jpg
117706,"The Fruit of Evolution: Before I Knew It, My Life Had It Made",/5HcGeXvGybHdnKeMqKAJyCBknqI.jpg
47510,Jack the Ripper,/Ltuc0ebhS2zl22R2YQdinSlFjW.jpg
22634,Shakugan no Shana,/sesXxmmb2TZ9uq6ETIkOQkxK1wV.jpg
93895,LEGO Jurassic World: Legend of Isla Nublar,/wMoL1JuARTsAPxf8b85rQfT6Opp.jpg
113622,Sisyphus,/eUspNQUhTVVVYE2BZZ7yKDfEkE1.jpg
3163,Foyle's War,/n7e3xP17Ue5zIgu0SGwVQHTZNxk.jpg
117933,Summer Time Rendering,/9qFqCxPr1ebHbOmZ1vEmPAHLIM4.jpg
3725,Life on Mars,/opP6O99cWRZ9tfdPaLsWefbcPRs.jpg
13296,Oliver Twist,/tKq8lSVNVq0ybaLMcNGK6P6YuZx.jpg
1803,The Facts of Life,/wzmqhmTdqmxWPKwrlrTaKVgJOxA.jpg
69309,Ransom,/msn327MnlMG2iMess6CSTcn3HT2.jpg
3184,Journeyman,/vCIvpqJlzxV5BV6kcR3fNd1Sesm.jpg
87508,Delhi Crime,/xkpkTj6KGsjSaet0VQaq0aTn31D.jpg
90872,All Rise,/72Npi0KAQALw0M2djkLTos6I47E.jpg
113828,Spy City,/aJZF8UweljPpUOdedfHttBGK0nU.jpg
72340,Little Women,/6qzMhtTyNwpaAthrAbojojfHWrs.jpg
115626,Irma Vep,/gVST8KoYxV8A0ZtlitzEaKeE5L2.jpg
75379,Step Up,/kl0TlLAvR6U23KQsFbW14iFkwOe.jpg
125928,My Adventures with Superman,/tMslOS7noUUjc8BLvePk2QsV75v.jpg
93816,Great Pretender,/rI7ieYbsIquhDLkLoVIlDC0J91Z.jpg
18686,Fanboy and Chum Chum,/bPmpbceNIH7dbsYKAuBsPsjACpb.jpg
4043,State of Play,/h81KwtXdgewZj92v6ZGj9a5NaZS.jpg
135814,Lady Voyeur,/5BqzppbUELOLDUSuS8d9mWz97iH.jpg
107005,A League of Their Own,/3sqXMRpidT15QylW6GlQFuGpGCc.jpg
134375,The Endgame,/qH0BuRkZmP6sdi8R6tvlvwdBxmo.jpg
2132,The Dick Van Dyke Show,/sAPTSCOVJO5zqoP9Et54jfiI70U.jpg
46643,Mr Selfridge,/pm4wMixNf5QPYQbdt0tnkbhmQvW.jpg
6759,La mujer de Judas,/iLbgzLsKfG3eeKR8vPM3lMz89b7.jpg
1786,Perfect Strangers,/wZ7RomWxcrdMwK63XzVeQGFK6Dy.jpg
94693,Wandering Witch: The Journey of Elaina,/z5DovowisN9CKl9JYM0HXtQX1O2.jpg
194567,The Lazarus Project,/ilfIn5DGgZMJbJi9rwfJp3wKc0C.jpg
135966,Papá soltero,/qtYW65K3Tfc38knh6vKJepuzn1K.jpg
76604,Kiss Me First,/jn3c91wLnPOFVoSUzh5G97Exgxp.jpg
81942,Proven Innocent,/uHMOqU1kn9pmasac8aYCImW49DW.jpg
2301,The Thin Blue Line,/cLFVKvALFrUVPQ6G51NlOMYprq7.jpg
65733,Doraemon,/9ZN1P32SHviL3SV51qLivxycvcx.jpg
4955,The Dresden Files,/rujRcP9fZAk7Sq0U8iDITOXouCW.jpg
64339,Chewing Gum,/g7K7IrHzfCMbvJDahkymKugyfuZ.jpg
64537,Adam Ruins Everything,/1GafOvGp5QtzRRUMpJye2SrF1G5.jpg
14651,The Tick,/oy2Wr3XtH0UybnnQPjJUjU5Jsyf.jpg
64566,The Dandy,/an8NFIDiL0L4HgZ5gpBrqalRKOE.jpg
132,Fantastic Four: World's Greatest Heroes,/zCtCW0JlbMpzfQDAX1bO1o1KLi.jpg
46184,Campione!,/h46tgmaPjq7ojhgqlR7lE8VxVfm.jpg
84303,Jett,/oVG2Cjk0qlZKpcRLMNaq5c7KWec.jpg
45576,Hunted,/f7xmk6fNp0hXcGI9k0vXeX69Afq.jpg
34607,Penn & Teller: Fool Us,/qRwNXEgOnLE1ujntN99QXZ5tFI7.jpg
4274,Tom & Jerry Kids Show,/pApniCXhegDnhxQda7RcpG8gFP0.jpg
62798,Blade,/ql9YpFD8J1zeWzLMHHjp4nKKD4n.jpg
154117,Cecilia,/yGWTHlzIBlPGFaKHWKnrhv6Woqq.jpg
60793,Selfie,/wMHyfRltVBvmlkDqMZgMGURnwHn.jpg
106969,Lying Heart,/vs8zdm1tTNMrxxfEg2s34qL7W1O.jpg
56387,Fist of the North Star,/yypGXmBPvyJiD7pOeD2R3q84FlA.jpg
88728,I Think You Should Leave with Tim Robinson,/26fMaTPRczCrTUOQ5svA1Db7l4h.jpg
218896,The Law According to Lidia Poët,/9k8cA7T8hOwjoKZLEgFvvAVHP6l.jpg
89959,Strangers from Hell,/o66rEzPzZZWxSrcus2f46CedHhq.jpg
20,Wildboyz,/sM3SK4hx4eI6mdw1piUyVdV9WaW.jpg
91768,Ascendance of a Bookworm,/uJ83MzaYgR6xxB3QyT7Q7FxpYXi.jpg
14981,The Late Late Show with Craig Ferguson,/gGC7zSDgG0FY0MbM1pjfhTCWQBI.jpg
8510,Wuthering Heights,/9fJgEVUt7iOvSWtmuSygTwG4zUx.jpg
115176,Hellsing : The Dawn,/v5XHN1EUJAnY1zjSq6M8K1gn0Ev.jpg
45418,Iron Man,/zOTJT7JbzSrMBX2OCGPqUnkQA4y.jpg
63,Brass Eye,/1aC9QRe4yiZUw0qyrJfra1I30sc.jpg
77238,Kamen Rider: Dragon Knight,/4iUza77ACk3cpCqs4z4Fk5joJr8.jpg
70296,Anti-Magic Academy: The 35th Test Platoon,/8xbHgFPwQiWyf9mSj3cx9UD5xot.jpg
39553,Missing,/m6vmCXWDU5iNPxDag5Wi0nmUoU0.jpg
136738,Wolf Like Me,/8eZerQDLDkdvQ7vrv6Slkr36sHX.jpg
66238,The Five,/dAWDDSMkx0A1D9QbiBeUoV954qF.jpg
1551,The Kids in the Hall,/gTToBnDk50q9JxRjKHv4FjnhsVE.jpg
2586,Sanford and Son,/zIGPWBFjfnOzqsMxZeQ4UmuPggQ.jpg
118189,The Serpent Queen,/srrcHV8EcSOAgDdqrge303k95AD.jpg
25397,The Bourne Identity,/qf9oaMLIaS6xtWcaNeimQ4CPUL6.jpg
2396,Punk'd,/sqcaFHnnJU1nIbUikN3cpm9Mjn9.jpg
67831,People of Earth,/ag69dhHZIgUVAZPWFVCbc2ANUjW.jpg
3318,Street Hawk,/r3bajIlqFrqcd4aztq8E2Dcouur.jpg
95550,"SING ""YESTERDAY"" FOR ME",/fB5WHX8NNThiMcLT0zMIeiiAjEO.jpg
56484,Death Comes to Pemberley,/wsW1503e8rO24CbC1x4tO9sUKqS.jpg
101571,Talentless Nana,/erj3B3eRpcd9CEPN55IAY8aupwc.jpg
34965,Mrs Brown's Boys,/9rLK4Vd1byhd3kPVr5xNaW0FCwD.jpg
96402,"BOFURI: I Don't Want to Get Hurt, so I'll Max Out My Defense.",/heSXQlWvhY78FwdPHDFT6ehdGl6.jpg
5021,The Waltons,/ahT0gKtdQHLgnM77YYj6uSIferq.jpg
81496,The Truth About the Harry Quebert Affair,/kgUogaLrvHjpbI80MPmNhGyBf1R.jpg
5391,Voyagers,/qPhJpkri0ROaNrKjMi3UgL7mdBn.jpg
86769,Ares,/iVUiL32XmwQyba3EH2E3g77dXge.jpg
117067,KinnPorsche: The Series,/hdPLe50HbZHsETXQRcIP8gw7cKz.jpg
65635,Thirteen,/kwTHwy53aXITTWYNZvarczlo02S.jpg
1976,Pimp My Ride,/kF0DWjx3MfYRncPGSBoaL41StPe.jpg
34164,Haibane Renmei,/uSrIXnPIUkapk0JwMldDZTusl5O.jpg
154359,This Is Going to Hurt,/9evrzTMmsMIKXVAAzWtzzn5gdyj.jpg
56219,Drunk History,/6zTclFjUEm6aTodjYciYtwzh5tY.jpg
68343,Angel,/5nISfuXfMTC0XTzUWdx5auLCipI.jpg
42174,This Is England '88,/hRr5njcXWbY94xipa2Lw8Jx8G49.jpg
110115,"Good Morning, Verônica",/pCjXfCDnbO46N0My7rJ23zQ5K1c.jpg
77701,Persona 5: The Animation,/p7DwLYL0jV10eMkmokoTS9ZXIXc.jpg
58460,Bad Education,/3yq3psmB0cVz71KftncFcPU9kU6.jpg
206087,High Heat,/r8mcDchpcds0u3yhpkkOtFXP4qb.jpg
85828,NooBees,/wN9jKi659AGladvLjPiwNfEoiuR.jpg
111188,Scam 1992 - The Harshad Mehta Story,/2mwZEGm4Henyjo9BDg0ZhYKyOfz.jpg
68398,Dr. Romantic,/5WC5zEItQk7Av75osRRjbcKfHWD.jpg
109086,Yabba-Dabba Dinosaurs,/ywpDEYIo4KhhtGLfpCQLVmKrwwg.jpg
110545,So Not Worth It,/wiByXTq5vaDppWnYCLt6fzDuu7x.jpg
28061,School Days,/9HyeExC6ovPWt6u4esjZ72n82EA.jpg
2518,The Tonight Show with Jay Leno,/xAFMZ3wFIEXTISryRZD94AAvWng.jpg
56343,Baka and Test: Summon the Beasts,/waaRRoFFQNGhidrCvoxEjpxcg0D.jpg
2553,Punky Brewster,/zvzhXpcJhTBR2f189ZdQkemk3SS.jpg
87476,Mr. Nobunaga's Young Bride,/8afDfK1TJeRV1jqEoahEAx6Tri9.jpg
2274,Home Movies,/m3yC4oIdb6vMxgoghXGPbGQNxu7.jpg
56550,Packages from Planet X,/arFEtOVbIAFZNnUANZZ26KvfWIx.jpg
98537,Reckoning,/6tJg6csE18HRNvLrpLxcoY4PlZE.jpg
75975,Tada Never Falls in Love,/3BazV6nF9Cr3vVepAhWCFMp12b4.jpg
67832,Stan Against Evil,/4l6BIYxGdAhffh2KT16C6yAJzRn.jpg
32390,The Real Housewives of Beverly Hills,/xRRLPOugJC7gjIGJEJw7ErriVTa.jpg
2468,The Streets of San Francisco,/9Hpeu6FfEsWuy2rED3JuAMdNKhk.jpg
4731,Grounded for Life,/sbcNGnpZsvZUuyHlGZ5LBbaEH6m.jpg
134367,"Sex, Love & Goop",/rYDiYyEeP1zRIa2tBqIF1VVIkFy.jpg
211747,Island,/vg6XsKLcO4dCzqBce045laQ82S6.jpg
2118,Jumanji,/58TFZp1kLi1r4HKEsWzvyokFj7D.jpg
13278,Legend of Earthsea,/lPUNXBVgM8p3ePfgQWHUuJfnnou.jpg
63509,The Grinder,/4oKpcD8KcLI7Fsh9WmUE8D4ys9C.jpg
9410,Basilisk,/oqLJUgkLjL7FK3NdSpnG7NZHPva.jpg
115391,Surviving Death,/xk87pgtyn7Kib8iV8yhmH0CnsWx.jpg
210757,The Knockout,/SIY6lVRZ9W1C4GU3Dvi3l4MSFs.jpg
656,Curious George,/AWQF9ZP7X5GqGUoXnyj1NSQjKo.jpg
127425,Jaguar,/10tPBGrg1tM0Gck4db6NPwT6NfF.jpg
201331,The Longest Night,/sbT2rJSszeYVaWfOqz9dT8cz2Ra.jpg
94156,You Cannot Hide,/5QVyAvbiOGNOcIbyRJsdyT1bant.jpg
42951,Kaiji,/hKTG76a11adML9ecbJt07D3jH8i.jpg
102316,Love Life,/y39Qhqee8TV1JIag5xYxGosrf0Z.jpg
61922,Mad Dogs,/vrsOiz0IhykIITjSIvChr2PZlOw.jpg
46926,The Lady from Vendaval,/ep2Xr4CC6foyFnVrGMEDmwGrVUC.jpg
86588,Hightown,/haF0kJ9MNUgh7hIVhjLTCIBcKsw.jpg
1894,LazyTown,/r3kTUFEjaEN1qihMvYs6rJjAZhI.jpg
110283,The Sea Beyond,/i318aG3wUpGLDPxn3cmKM9UvpOy.jpg
8607,Defying Gravity,/cH8U50mHJ9JkhF5lJktHOvV30pP.jpg
79272,The Rook,/wwAy8PF5fx1ttY5T4pltL2vxNgs.jpg
2661,Kamen Rider,/fIJNVBa6MJStPiOvhLV69nAdu0e.jpg
226658,La Casa de los Famosos Mexico,/uh2NbTkUheENmBlUs7Kwb5EaAXQ.jpg
77717,Mom of Number 10,/lqAmMS1uVAcJqXc3pUFBf331nXF.jpg
114419,Headspace Guide to Meditation,/idWdyd1jGQiR6p9F4I1UqKbzYic.jpg
135897,Our Beloved Summer,/bA15g6OLmhQ2HkURRaCztA2jwqI.jpg
153588,Crime Scene: The Times Square Killer,/biCPeLB51ZhRb9OhprVc02G2Xz3.jpg
70047,Rapunzel's Tangled Adventure,/s12Z2uGrvjj5sA7LsBStTtfTYjC.jpg
2264,The Care Bears,/cEfqYEzVlnBLnT36GJ3y8Jm5gAO.jpg
7859,The Face of Analia,/mQJmZpHjKTsqt64PPGucObvU1gy.jpg
65766,Lab Rats: Elite Force,/g5zm08nb0SRS7Pra4iImrQiROzk.jpg
2767,The Vicar of Dibley,/pjPgg5AkcoXXGr4qqXTlPc3tPJ8.jpg
43066,Detroit Metal City,/kWPhuRsUdJWskvNUd1aCndjFZIl.jpg
2584,Dirty Jobs,/mVWrO9JANfiemg6u7tQmob55tsM.jpg
137570,Elite Short Stories: Samuel Omar,/8oxY7sjFOO02KbwhGOQsEEfxP3p.jpg
74712,Deep State,/mJgUIqASiJg5nTp8SsKcqTzBpqk.jpg
12848,Aventuras en el Tiempo,/4rGkUUvAJEUxF7dEPybxfRaXHF1.jpg
50,Pacific Blue,/lVyEixUIkSWSuUQ1RO4fQMXcXgB.jpg
156888,Mask Girl,/6SP6NiyFxzUaegvg4TB3TMZlv8H.jpg
131488,The Empress,/9AWkNkZHwNLuM6H5u6dToioHMAI.jpg
51388,About a Boy,/fTMbfMqUZ1OCqh9CQq5H5Pi13CH.jpg
117656,Canine Intervention,/2di7dBLfYpTo4DOeISgxRkL30g9.jpg
65592,Full Frontal with Samantha Bee,/Rr5QFKeao5G35dddh7iXpF2ePz.jpg
202160,The Maid I Hired Recently Is Mysterious,/prmCIIk3HBIfpLlhR8ikVqgPJnP.jpg
105488,Street Food: Latin America,/zuM2AUIlFn4S2TfZ0oKKEIwcNGT.jpg
124416,Hit & Run,/6qiKrLdGQRUp2vgmkpOR3fwmzA.jpg
61854,"Nicky, Ricky, Dicky & Dawn",/nBkA2uXAaySBmlrinn5KroFZn94.jpg
57389,Klondike,/2GefrF8K5fqyiHoMF0M5Qh8LCi5.jpg
60605,Hinterland,/5embjatUwLawjCYNKKhwnJwmO3p.jpg
64164,Sun's Daughters,/kVJbUlcWGyLp0H1xXLo1OicmU8x.jpg
34604,Come Fly with Me,/pY2eKpu2C15QLP4Wv2WUT98GLFn.jpg
88358,Wisting,/68AjP1mVBFl3lUUypShCafc9mTF.jpg
34771,Saikano,/hScmm5ToLt0v0b8Yb0e7IboEyUd.jpg
138971,Billy the Kid,/hwsHUaVw6Cj83951EIQwcVzP45d.jpg
61637,Togetherness,/efMjjsthjr7UDsc3ab7DVUZNY3N.jpg
92835,Stars Align,/nHvY0YZ5gzvQFKuK4m7cCXFgcjo.jpg
87940,Hudson & Rex,/eZsAH2EDCg92pW6tT6LrcwCtH8i.jpg
93878,Criminal: Spain,/u04ur6vZj2ZxAW6mB3PMY1Yeyb6.jpg
112869,Holiday Home Makeover with Mr. Christmas,/1SvpzeRMcYZpftWDgRIZEWFZnj4.jpg
47035,Uncle Grandpa,/zLVOgigPMsd2hkwmcY5AqNhqgcn.jpg
205715,Gen V,/uuot1N5AgZ7xRCKgm4ZCwOhgIJu.jpg
41889,Top Boy,/iBqgEMnbleoeLqdadlvBGDxVvKb.jpg
94252,Human Resources,/l4qa8Xv0kC8ZfAiXCyZcKe8AWNK.jpg
118443,Thus Spoke Kishibe Rohan,/6z4PODCyzHvUxH8M1MMrfiwAH6v.jpg
86343,The Name of the Rose,/4BYZOJWa7VOSp05sTlGitJ6vnLL.jpg
94587,Merry Happy Whatever,/u13IRqOMXLZ4G7xrwosgUV8KJAj.jpg
42567,Ai Yori Aoshi,/sBqJgnOAIJzc8MO6okjlH4ePfJh.jpg
110971,How To with John Wilson,/jpHziYpJniprEFDFwMbOHabgnow.jpg
76819,Requiem,/ahEpW6eJIc5CT3GECpXDG477aC4.jpg
30977,A Certain Scientific Railgun,/dZt1dqw0K4JGhwcqTh8yExHYK9w.jpg
2840,Earth: Final Conflict,/xOcw7r57ppfPHdaTIauMnE64Npz.jpg
2051,The Price Is Right,/x2wMeWFWJhEl0jVp9x5P5wmVBpw.jpg
30386,B'T X,/6wEUIRqChdiGpzEgIjgfIpGFG6T.jpg
119,Cory in the House,/kf7aiSIFDP1tkxsqckgWxIyuumw.jpg
96917,Witch Hunt,/9JpIgCF7MxN3XnU1PEmqTgAVGYZ.jpg
51078,Rita,/1DVjL6rDc1B73rwYMWSgZMgYSGe.jpg
7235,In Plain Sight,/sYxUjS4PblT1YKg1Cy5YdXPNeuN.jpg
202880,Keep Sweet: Pray and Obey,/P2XopQuggmKw4KGi3NXjDinvJu.jpg
72362,Welcome to the Ballroom,/iGf49kruXI3mMpfBD43ZtxXE7MC.jpg
91505,The Family,/5uxUa1gF15oVTyVwaKPzIBWCamM.jpg
120849,Zero Chill,/y369iTgAG9oP0ffheGM83wNUJFC.jpg
76123,Fate/Extra Last Encore,/5qveZHKo8RatUbZDzgGG9QEj558.jpg
64978,Whose Line Is It Anyway?,/lZM2uqQL0PObXB9fQwU2c1eQ9Ii.jpg
62974,8 Out of 10 Cats Does Countdown,/16cygsDtOv8U0vPJsjb9WTi2uli.jpg
42699,Dekalog,/v390wlQKSVpnuGuM3ynruH6PX7x.jpg
63180,TVF Pitchers,/zjNUHEuPOYsAeISFQk1tc1tSC19.jpg
124337,"Money, Explained",/dEQ9YB4GBWXuCoZNrn5nvJWko7u.jpg
128384,Tierra Incognita,/l07AXl7V2GfOy4zeiFQ77CoyHJv.jpg
35370,Face Off,/rlEzwvdlBJ0PvUVr4nzZbau9yKX.jpg
212186,Vatican Girl: The Disappearance of Emanuela Orlandi,/d2Cp1k52YwufEysk5T8vF4lQc6P.jpg
74159,The First,/nSnlOGjeDWWVbDMjQTdYCtavvBv.jpg
67725,Famous in Love,/ae4z2yBQr5htmHyfh89XdHlyQn2.jpg
202102,Quantum Leap,/zyNyPN9XRJrkyphvKcF1OKVeesk.jpg
137043,Connect,/bVgwlYamm5gplckeMWKNFBVyNXi.jpg
61836,The Saboteurs,/suKrjsnOV6BGufvWYWXN8ZaLtAt.jpg
60845,Riddle Story of Devil,/rfmsXihfuUodPTB4lirJtTcYkKN.jpg
71951,Get Shorty,/ism3TUNdIl5MpQR6E8ApjE89LQy.jpg
12984,Misión S.O.S,/AkKbgctkm5Zr5KbkAmmK00oGOCJ.jpg
31319,The Prisoner,/f19crRpdTxW3gXuwRTKPjARyrKX.jpg
4488,Robin of Sherwood,/e5fYg1tdFao5MurLWgXjfPI85WF.jpg
12143,Azumanga Daioh,/rvKqdJUmTjx99sOapCrTjIvwYP2.jpg
66390,Gangsta.,/3HagxW9ZHDN6IHU4fUuZp6N9ZL1.jpg
107003,Peach Boy Riverside,/LgbUpJiaEDsMnbsnWioqjxbuaW.jpg
216228,THE DAYS,/uvIz18OiHiP3FCkT9pwbh54Nfk6.jpg
61725,The Odd Couple,/i2HewpxYyy6pjkjdgFWQst7sWJc.jpg
136735,Let the Right One In,/aRsmGF1AVuMY26ArRxMpKJ8S8NL.jpg
4402,The New Adventures of Old Christine,/j1u9EGyEQEVFjl5VxK7NbRCxdZ1.jpg
38967,Magic City,/g06xRDpwPmhFuhqx0srjM8oqwn3.jpg
64043,Casual,/wWxTA0T98HRaIqP01iQtuY9QlOC.jpg
13291,Elizabeth I,/dPCD0MdbMdOkbKjtLdqemM57ZH.jpg
76142,Magical Girl Ore,/rZRPZ3304WByopmP0K4zVDar0Lx.jpg
65315,Flaked,/5UQMhuX3bhIqTuvYPp1MAt9fQge.jpg
62644,The Producers,/wtOMeQS4Yoeu1LdGf89XEk5XJ6l.jpg
45998,KissXsis,/5bH7lNOwLbnY50rtxc1uWZuYQho.jpg
111576,Shadows House,/lyB5T6lWA4yCPZxolZ2KuVm8YV3.jpg
82895,SSSS.GRIDMAN,/4l9EA3CCn9BQi95Rj2xlj5PSZB.jpg
2395,The Legend of Tarzan,/w5mGLHBT59nFilSPgd5TgJnZ1ix.jpg
30877,Brigada,/jK9om5c4XpWjnf1tB6vsZcO4Ta7.jpg
32817,Persons Unknown,/kp0kGKLo6kPkUakdtzOtWPL5XAI.jpg
5084,Kolchak: The Night Stalker,/lgP91rWAjgqvA7IzwG3R96sAU8K.jpg
80341,Sugar Rush,/e6acuhLK1eGaJy46uqJJE8q6MhP.jpg
9550,Ultimate Muscle: The Kinnikuman Legacy,/oONgggpDToiOQgCDY4NCyHFK6yv.jpg
168,Are You Being Served?,/2wM6nMKtZOUxmpZMJqoVmvimQAs.jpg
80483,Weird City,/gFUXy6hfbe3QaUl9AtFDIbyquzo.jpg
34061,Chrono Crusade,/v2DDGnv9kElP7ECd4j6jsLxEDSb.jpg
33301,Franklin & Bash,/so3xbOsAcG5lkxgfRjHbTFkXxM0.jpg
72313,Sick Note,/zdHbU1QWSZPraTRyJyOusSsrynX.jpg
1059,T. J. Hooker,/zcHUwD20mqMD4g8LKdpKD12QRhE.jpg
47562,Inside Amy Schumer,/f2CwT3O7WD03hJrZNNE4BtWt9sd.jpg
2102,Simon & Simon,/nfSn8PP24hjkKOBCsfY89Hd6WZQ.jpg
39651,Mario Puzo's The Godfather: The Complete Novel for Television,/wY85GEeiYybI6IoxVTSwPUVUHgs.jpg
66373,Residue,/3wGU9pJbzZdygZizEGOl9TwAP8w.jpg
93886,Criminal: Germany,/timkuHv4hvNIr3TqfGX9MA5pjIZ.jpg
132159,Pistol,/qHswJ2FXpN9jJIqNlxgc5ZooFb4.jpg
31756,Impact,/tW93Zpgin2YllmhnwjXnh5EeGAy.jpg
58832,Naked and Afraid,/plV0HqZs3nHW8PhaLzV18puxtP2.jpg
119565,Snabba Cash,/2euUp19voQVYaPVJZ2XRrXfl0sj.jpg
2750,Silent Witness,/15OhthfCEbCBSjcWAGykyxM2vYM.jpg
4571,Hunter,/kmC8d3KQozh1SlIih0hdfXsGLe8.jpg
3739,E! True Hollywood Story,/zuXXivVEjOkMswJvNFFRmJW0bTZ.jpg
63891,The Player,/53d9irSbFJGramziasFjByOcDZX.jpg
46316,Motive,/gA5mK6VO1tJ4DCGhmXEcsYetvqH.jpg
111453,Ghum Hai Kisikey Pyaar Meiin,/u3NVGYCpkAgBArXogLuHPfpSNwG.jpg
38861,49 Days,/wBwDrV7HFK0SNhwTyYaBVn5OiIz.jpg
37471,Nura: Rise of the Yokai Clan,/qHY5y8pQiIIJfXeko7t9JTqA32p.jpg
95211,The Luminaries,/sLu91BuGaBK0YCUleK9VTwknQhF.jpg
99631,2gether: The Series,/akc09R4tIDHclb8vvLqX6wNWLXt.jpg
39435,[C] The Money of Soul and Possibility Control,/wSbUIXqnwpA8K9Osd1ai8vuw4CE.jpg
50971,Backstrom,/jX1hRlRiBilKbOciczFgOibe6rO.jpg
12974,"Primer Amor, a 1000 x Hora",/iTlKwBRZroesR11Mh0xeqjLnfHT.jpg
67148,Haters Back Off,/kSF3AymHUK4XLuh1rzIX1TnRXAM.jpg
123138,Fatma,/cv00RsiObCvTcmOdzLnvoTVLnYq.jpg
60998,Every Witch Way,/yHXraTKWaCIAHvrLbMFU8NB3g9r.jpg
116266,Edificio Corona,/idF1Q4ndx1V3fFeAFByIMOGD9bk.jpg
68574,The Disappearance of Nagato Yuki-chan,/1usg5ElzRxorATTr5ImYBj6fj3D.jpg
25,Star Wars: Droids,/b3gsZSTauRBJDJvWCbD9oVAsFe1.jpg
80411,Daydreamer,/4Cfjp2thaMMjAdmGuIelOhl3arA.jpg
84584,Dollface,/r2pc7Ybq53iMZj4fOI4HDreN7LF.jpg
74321,Will & Grace,/iRsgY1TRNTccltEGk9V9wNqqKOx.jpg
97855,Extreme Animals: One Wild Day,/x2NSrTSM9bZCADxn4A56VV83S6h.jpg
133064,Scaredy Cats,/vhgh0RZgN3h54Xlpvuz6Atruq7W.jpg
39346,City Hunter,/dbvXhmKr18oHdY7kwkeRXAbfDvD.jpg
154535,Framed! A Sicilian Murder Mystery,/16pqJMSwW9R0V35DZoXSUsi7Kjc.jpg
67826,Hooten & The Lady,/pfD26Lsst9auQkoHb7GxTzuvuo3.jpg
124429,Queer You Are,/yrwuSZYBpqSubmAFAU37LTry6Df.jpg
155594,Murderville,/q55FVqMOG5C091tGENGixgRggcx.jpg
2583,Prime Suspect,/dkTwajGd46vR4vkLaiROvowDTNc.jpg
13812,Fingersmith,/oeuaIzJyw2XrOzQLO07IoU93ouo.jpg
13549,Science Ninja Team Gatchaman,/9qPFWl6LUbA18kBkV6Hi19Pi0Tf.jpg
4621,Galactica 1980,/spBhYAvmJnP6wSxT1omQn7TZwoY.jpg
155099,Heavenly Bites: Mexico,/wROX6TYSbOWp2IRFvzyvQ4VudzH.jpg
689,John Doe,/ngMl9h0wJ1mEgBSOhJuZo46KBZm.jpg
42779,Seventeen Moments of Spring,/1D4Q0BJHyKQbCxFhLxynbVE7914.jpg
61399,Red Band Society,/5P9YyoiiP2mtSNcROhqMywO4RB6.jpg
57961,Mighty Med,/hCUPAY96rZdKTiwMM2JRsTTtdk5.jpg
158876,Copycat Killer,/xSkcZk9bh1wIkP2vpMA47Bdl6UI.jpg
45994,The Kitchen,/juqlBUbTxc4T90lMSYxvEYTQsL.jpg
40424,Initial D,/7C1PMnV0uMrMNcfws5J7aLNxe3Q.jpg
77026,Sen Anlat Karadeniz,/1KBw6dPRxS7fIl68YspojjATtWO.jpg
71979,Damnation,/rmoUClMYqrQ7EWWQXvgzWcjlb1W.jpg
74091,Land of the Lustrous,/pUy4Dcb6UstCI64AYqLbdPISkDS.jpg
32519,Ezel,/2BmzCFtTPK4PJVJN6K3KVrOeHAp.jpg
1463,"The Adventures of Brisco County, Jr.",/lL6s4WiImhvOg0GayU1tMduUn1s.jpg
35299,Supah Ninjas,/8flRUKqsUOpYFhEmuUS0umgzMkX.jpg
107851,Goedam,/fxjyM73M9AEWk1uIEgPadvr9sZr.jpg
37636,Secret Garden,/2G5m6cMGN5DR5GsGGdg9OcgNNlG.jpg
90761,The Untamed,/8TZbpPpLQVS2i7P7yUVhrFlFsmW.jpg
76063,Citrus,/1h6v8gS1vKybZciqpNWeV5MFQNb.jpg
10797,Samurai Pizza Cats,/zQ4lohCOwaxb9T8VofAw2SkudxO.jpg
68224,Poco's Udon World,/jLVmlYJI7peZ0uU8KHo5aBPTf3S.jpg
69217,The Comic Artist and His Assistants,/hVpdJnlz5sCcq0gIUdIfbuHJ4CY.jpg
84777,Sunderland 'Til I Die,/xBb1OvJxOTXtjdZDPfkzi5nXkAd.jpg
158083,Painkiller,/7zYtVymTxVEhgAOuMl4l2NoFCrO.jpg
30,St. Elsewhere,/mEfcA56iisaOfnK8FsY1sSE2wLu.jpg
214257,"Blood, Sex & Royalty",/ov3BkiVaY6t3YypbZ4eulbn8U04.jpg
67046,One of Us,/qHoIoeXcGRkzC4Rjlamml4f6nKe.jpg
103416,The Lying Life of Adults,/cDy24NY2QIXYUxRzelvhkWGbkPH.jpg
127714,Uncle from Another World,/ixYH9Ngm3IcPtK4964jbvB0Czi9.jpg
68837,Justice League Action,/AdTh5kAXYwo0dwHONqCFO7y8Jmf.jpg
5583,Wipeout,/7K1IU6sf0w7TYqL8ao8dnEreQOB.jpg
109930,The Wonderful World of Mickey Mouse,/8F1V4ve64YPmyRZZ5u0jh7KCIID.jpg
76075,Laid-Back Camp,/fsTqmos9zikrNJfP0uwFsmuZOh.jpg
67084,Cinderella and Four Knights,/jgE63Z609gr10IoFu4pe4OdliBr.jpg
96723,James May: Our Man In…,/xA3xDIaGgu4ZA1z2bgQDHWV7zJK.jpg
126485,Moving,/vf9SNXNAFqzKBGksFwrXhkg9cb7.jpg
108857,Mortal Glitch,/yyL04v08CEm94Qb3IAaS1elcRhc.jpg
74821,Prison Playbook,/vlPZbMxbEAxQG67TOAYFMYwMBjo.jpg
82491,Star Trek: Short Treks,/pZxMTBheuGwNBQxF5JzLp2hHdDs.jpg
113240,Run On,/nLkBiwVDMSpJSCnXXXRkuQmwIvp.jpg
70420,Legend Quest,/bvX36FEbeA9WTSk6H60sXLmb4hS.jpg
69555,Workin' Moms,/1TJkVKx7IeLadTFxOpUN3QEGI7Z.jpg
34594,Enlightened,/cTRcV3AT69iEVFq7HRa3maqylZB.jpg
17420,Psychoville,/iGAdkXpbangnl2FoKdZQvJRkU0R.jpg
11726,Spiral,/t4i4wJCRUDkblYaqp3ln4vENQdC.jpg
100260,The Lieutenant,/saUqcYWyahfH7y2igWz9ss6Gfmt.jpg
19,Planet of the Apes,/zxo5Vrd0oXgm9ZCz4r7Q3L8veWg.jpg
58274,Por Tu Amor,/2x82DPgFxUELaceogAelikgKuCg.jpg
226216,A Perfect Story,/gSowy1T1FmIQKN7n2ftDwy5d4mM.jpg
70878,Eromanga Sensei,/vR6rPnVyWUSU7im2QcKXwSjjCXM.jpg
81822,The Guest,/5Y0apzo2oc0dBjDKQRZR7vjGRC7.jpg
102278,One Lane Bridge,/AcTx0BxYuzk3cvf4YL0OSG27DHk.jpg
12894,Soñadoras,/uVgKsSeh3ZvPYuAbk2rU0SBlAmU.jpg
94940,Never Twice,/dnaF0rzytj8FeRNQRxumpFQgAu1.jpg
85045,Crazy about you,/vh40gJ4JLNEbqOT6lILjS1cwzgr.jpg
16395,MasterChef Australia,/m5akdtbWznF8KpOewKyKw0C36s1.jpg
64150,Underground,/hBgYiAHqZBY0ypGKMd8NzYbEwnq.jpg
138190,The Orbital Children,/XKIxuIJL8ZAq2Wyiey6jzcVzna.jpg
62120,Dig,/uBv3pEpjgklfirbLhGS0GOJWHbe.jpg
334,Sealab 2021,/eA4JJfHZ6DdfPd3BCu5qWm99Fl5.jpg
1021,Casualty,/xori6j1eOdXwD5z213t2o8NMcvu.jpg
101543,Quiz,/yCHBUpRwtRpGuIRy0bMGSc5Xd1I.jpg
68103,Drifters,/1r91JxYLyfEULX19EjFZqiOjl4m.jpg
1593,Joan of Arcadia,/AdSIHbGVuHGrdZs5BXajiCwep75.jpg
2822,Felicity,/i6gZ7fVpLBK3l5FkxCzMtEtT7Bz.jpg
1760,As Told by Ginger,/ktwPaU4S7ni0YaMOhIEvLYARjbg.jpg
3108,Superjail!,/kNw5w1YfQDgT8cJoqW38q8BVZUY.jpg
92579,Keep Your Hands Off Eizouken!,/1rHoqpvvfjHqEBGuhKfPtZoRQkC.jpg
59674,The Paradise,/nS1yUFslArJOBheY1XkTlyMflkj.jpg
69292,Scum's Wish,/k0JMSNNTdjDjVhQHnULQ0fTxJKD.jpg
45013,Wander Over Yonder,/ow88KmFUXMb6S4EKOWyTBy8ta7O.jpg
58810,Crossbones,/l1FvNiEC61VvuNPkaKMseDXnDGc.jpg
234,My Gym Partner's a Monkey,/pFdCAw8vY8PUFV5YIgvBmiVEE5j.jpg
89113,Kota Factory,/fMBookmwL6HjIgIVTjQ6EMr3pCH.jpg
41211,The Fades,/qE3VNOF5qQPiswWrJXAdnElh24x.jpg
213134,"Pepsi, Where's My Jet?",/cYBeamfce9rVsnyU3NtG6HGiAVP.jpg
74097,Kino's Journey: The Beautiful World,/nfHnr1rS278EyNwvG32BZ3oWPdX.jpg
1527,Due South,/6VhCmn2YPhFyK2SjMb5Px9shxD4.jpg
88027,Bitter Daisies,/n03ImuVmQHHhrVaFNp5zAA60wGT.jpg
76892,Bad Banks,/93ndcYbNv1cNicKjp9512TXi0NX.jpg
66545,Pure Genius,/iMHokrKVOI7KDCQhXe6NyPkuPw8.jpg
113566,DMZ,/wnug9DhsenurS5dWCypjZSRFnH6.jpg
115236,The Saint's Magic Power Is Omnipotent,/mPbvla7nfhpfILvJhmbeKGpVYwu.jpg
16032,XHDRBZ,/wt22rQGEwR584uftVeX4TWykPIa.jpg
67549,Milo Murphy's Law,/cUoMoeOm2ALLtPrbP4WwEzj4lO3.jpg
119769,Taxi Driver,/jtnexp4UhLkvSuBya3W4Ir916fb.jpg
136044,The Outlaws,/yKV8ZlWiafzW64aVbfvgZWQWhs0.jpg
61413,Toast of London,/hwsZAr03w0PMzuSewF17NRMQDYm.jpg
63349,The Bastard Executioner,/apnKjgxmc2NtyRuII0TSQzqCs5D.jpg
78309,The Chalet,/xDDv1vi0t0gqaZUkQY2czs2JA8d.jpg
137872,Soundtrack #1,/hjp9921tF0S6duKUoScLOC5ABCc.jpg
63181,Marvel's Guardians of the Galaxy,/oXwe3wVhdvvxiixL9UJf6PgBybZ.jpg
118906,Parallels,/o259EJfN0tQl7smNXs7Rpz4t8H0.jpg
68002,Time After Time,/k9Eqkczvomh8lFllxHXac7nLUAr.jpg
228627,Do Dil Mil Rahe Hai,/juYg1PQzCmDJYyGtrW0Xbvke1jx.jpg
119337,Murder Among the Mormons,/jS8nM8uNd0hpyWlBteKnlGdF5ay.jpg
9152,Steel Jeeg,/gYkW3uz2kOOyPsFxb87HMK7ArrL.jpg
81002,Dark Tourist,/53LaaZO4hnUlzNm7qQSFLvuwXAz.jpg
2178,Ramsay's Kitchen Nightmares,/5tadsgz2UCiLPtUj0mJ8ohCsiWH.jpg
66803,Falling Water,/8Zvcv8cehygUawphBcAk7N5kVoi.jpg
4045,"Eerie, Indiana",/sr8CmrtnPTJSYtNyMxvWHRaweSN.jpg
47907,Extraordinary,/onp2UrYrvkHphkrCq8wKFflmlKl.jpg
87731,Tales of the City,/wAvniCqQPlgX4wEgfGimZs5rzVn.jpg
66393,"Bring It On, Ghost",/zb92aCrjRAFxsgn9VUXXhiso6h8.jpg
38247,Wolverine,/cXPQEgUEbDz5NERfBJxeKFqUGwa.jpg
154,Good Times,/zZlaGU4RJMhTKFxmQ6RAEYNjM0l.jpg
37743,Eva Luna,/90IZpJekthHzlvBBv0S2ze00mFI.jpg
74185,Girls' Last Tour,/x4LH7gM031OdT1vXUpERYjLQVGR.jpg
4251,Life with Louie,/myyLrufbm0iDF0kOwpgWbw3G8pQ.jpg
136699,Glitch,/2blhIhTD58wuSzRXZuHBFJ41VCW.jpg
134057,Everything Calls for Salvation,/w6sStp97Dikq5GkBpxPXnHbCt7V.jpg
68708,Roman Empire,/uzgEzk9wve2O0uDPMy68SDLkjTl.jpg
42828,Rozen Maiden,/kTamVLwZG965riaPriYwiWm9Sfc.jpg
197449,Loot,/jf9EyK7KgHIAzpOEVujAFScUkcW.jpg
20021,Life Unexpected,/riHJXZovS7QjhRyiwnm2ULpx5JN.jpg
213402,Campfire Cooking in Another World with my Absurd Skill,/i9dL4Prs5UImh3YpCgN2DbjYoCg.jpg
31417,You Are Beautiful,/jUxyNd6xvfdMG9XiZBnOJe9IeNk.jpg
72496,Law & Order True Crime,/14T6cTwynqxU10e1cCnSc75AcNa.jpg
5715,The Lone Gunmen,/yEiwTVIbB8oSQ5k6JBnVTxgjOPX.jpg
586,Martial Law,/iLseFnM1UwzHLQxnNTiCqfRMgkx.jpg
3483,Bill Nye the Science Guy,/47hX9vdYh3MWmXNI1XPNa18bOuP.jpg
89720,General Naranjo,/6VCH5ZB185TfmqOTw8wMJ1KVuD3.jpg
71391,Jamestown,/7heJBp8sjGEt8wFwpo2c1w4LLhi.jpg
97082,The Gloaming,/tgPN0Ur45f3upig342nu3cPzz5C.jpg
61676,Battle Creek,/5oqPaAiwflr1o4PlNvkAGRC9DCX.jpg
31729,Peach Girl,/wCruukiTYJXh3zz4Df7Zb1PaiHV.jpg
46591,Love Me Or Leave Me,/woaWJffZc0QzUr28L6RJPGiC9pK.jpg
17535,The Tonight Show with Conan O'Brien,/hkDDxwhBKqrziSVHZknZFomTslq.jpg
157008,Clark,/3rEDgwd6gVi7cPUHufZLnF63fS8.jpg
61751,All Hail King Julien,/tsE6Dbx7aejDDmAy4DX55YxE8pT.jpg
1469,Birds of Prey,/gXeFSST0xqy5XNgrbuEaa5BxvDM.jpg
44210,The Twelve Chairs,/rRvnTEWarMjD2nTARJCZvAN1Ac7.jpg
44472,Hotel Hell,/7k88tKxgDpMuJWx7RDIBg5bk5N0.jpg
2342,Clone High,/gGRcBuEG3JlXWg5wTyeQtkXmPtY.jpg
1386,Tales from the Darkside,/dlpqUF9io9Sl00jb7vhlqaTyFvq.jpg
46986,La Bruja,/4lsw4JWVKalrFWB1XermTfm3tmD.jpg
17627,The Take,/1caD6qD3acG2NmVnZeH0xibcfT4.jpg
50007,María Belén,/6NIwNgTxyNSMxVB1W5iZPQBipMg.jpg
47039,Vicious,/2adbnZazIjxykkBjTAVdebo5cYb.jpg
46286,Ink Master,/hNmbN4DuS08gZwwgoVxDUW4FRaK.jpg
71683,White Gold,/eAFzyNZ5SCak0FJ9UKcFR85YJ0f.jpg
88051,To the Abandoned Sacred Beasts,/yCKFfiaPjV3GeWUOabqxYq8a6cL.jpg
2160,Alvin and the Chipmunks,/rmx8Khnutah9dnbpkYjJZSMzSID.jpg
44586,The Neighbors,/byYckInWgH6fjSc6HVg2CZapeNK.jpg
96450,Miss Scarlet and the Duke,/9pbxTckwvaTXMABenkcmO1VhQi8.jpg
203949,Gudetama: An Eggcellent Adventure,/irE2cdrnicp8w9Y65hw8Gpx0pWC.jpg
221291,Muted,/cfcmyPUJbynbUtKIlqSdkOrgyzU.jpg
155441,Reset,/k2Tkn1MdarvyMvr7GGvzqqC5xxG.jpg
41676,Beware the Batman,/yv0ePtfTNzZwHr253TXrr9hkZdw.jpg
1441,Threshold,/y9e96lS10N5tbg6Yg3VI063pJry.jpg
33858,The Increasingly Poor Decisions of Todd Margaret,/eFknXxXZvuPNVBCkSkzMLHj4kux.jpg
44840,Mob City,/6W6Xhj1KOIcBtASHHhmpyySoUik.jpg
2778,Wheel of Fortune,/e14CF7lLRq16pwXDIk7EUNVB7qz.jpg
95697,Arte,/vtlujR0LEjyBTT5s0CEtYdqeCaw.jpg
222023,Jury Duty,/ipiqT5uHeJudWy9ICSvuCby7NeI.jpg
46700,The Escape Artist,/vIKU5IHQdavwz9KbMCKY8zJK8rU.jpg
201380,Uncoupled,/ckwIGJghs2AuUcjyhByRlXNMBYZ.jpg
4548,One Foot In the Grave,/mVQM4OhRC9SQdGwhjXMPBVuAit1.jpg
65356,Ground Control to Psychoelectric Girl,/h8MVIGCrgtcrKjF3tkPc2D1eYaN.jpg
1473,Earth 2,/xJLHPptrbYimwuk8e7Q54LqVT0y.jpg
129141,Surviving Summer,/zJTi8sM9fvpYhZmxysVQnG4OFM9.jpg
10,All in Good Faith,/h9qveCyL3m6tNOrdhUabZk7khKt.jpg
68302,Crazyhead,/d8TDqUEuMJwGQ38HrUgJcDadP1V.jpg
39657,Penguindrum,/xXbteCvDq4DaRoNasfvBPxKVvhr.jpg
57757,Brothers Conflict,/bkngCjl9v9ierjyuGcPI1Ubp20m.jpg
4076,Weird Science,/3JD6eqssjrBbFJMqqDiBDj3I7Rw.jpg
46234,Legal High,/6tnji2UYfL2wnnGq1r07xRlXitq.jpg
31450,Alma Rebelde,/cdu1YpWmVnKtabzyqOnUQ7WXiH8.jpg
210195,The Playlist,/h8uwJF6ZCtujtDyvg8pcNdMe11B.jpg
43384,DNA²,/6JFx2Tzio2BId8ZUBdFlQpZUY2w.jpg
48552,VICE,/iyUbcAWYcCt6qoKNiqNQkrnUrwF.jpg
114404,BREAK IT ALL: The History of Rock in Latin America,/gFGKNC0szIkbfpUb1VRUwI4mPCj.jpg
49365,The Beast,/rQ1czivDHyi00ICKMiIW8XkLnUf.jpg
128904,Dark Winds,/yXqengcZnjoWJlns0Guv9Svg7nv.jpg
116500,The Pembrokeshire Murders,/biaVLydNo4NQx90j7IAFlOiePub.jpg
65854,60 Days In,/jvSGk5FKQov2AVPV3AU5zwSy7o2.jpg
94251,50 States of Fright,/bfX15CYiGgBfasc8lVJ7mmxhrMz.jpg
39588,Dos Hogares,/1MowqqK4EClFn7siUKcw8uz0VEv.jpg
199175,Barbie: It Takes Two,/4KFeoNVIAKKxETRrbika8mAbswl.jpg
60549,Okupas,/88lzeVmNWhNah7TA2SVTreIRM8p.jpg
8203,The Elephant Princess,/o7cmIHA84UkkH1JTaqygPW9IsBb.jpg
61405,Gracepoint,/4ThmbkUM3zImFT6i7UIerTVJ1xN.jpg
62251,Tyler Perry's If Loving You Is Wrong,/wzYQGEYYvZyeuSWMHbQvhvOh8lc.jpg
63087,Snow White with the Red Hair,/1l6om7dUwOxY087yLgVvrdOdXCs.jpg
110222,No Man's Land,/26LUgGpe8OBsKq6ekkz6htDGO3b.jpg
4784,Spider-Woman,/cXiD1jVLjTyvO3w2jKq9QdlAYag.jpg
6908,Dulce Desafío,/jlFhFTB2gmWqpHo1rzGU3bTvWkK.jpg
98198,Central Park,/ckmEgQdbSAw0jiJFJT1a1W1LEFy.jpg
1915,The Larry Sanders Show,/qMRVylcs6y2naOp7s6RIawELTAL.jpg
12688,Daniela's Diary,/cN9Bs2JrI8dEJCDoC5JOz1suBp1.jpg
96715,Chip 'n' Dale: Park Life,/3JPFgEWoiV6RAzD5o5why4xISDw.jpg
86735,Baptiste,/xgu7gih8wYtd4As95uDhVajjkM4.jpg
63726,Alone,/a1r1KLEYFP1u0q5kH4mHDQaOOvF.jpg
78969,Mrs Wilson,/vD8SzDX7mUbMM3wxqw5okaiwFOh.jpg
74018,The Legend of the Galactic Heroes: Die Neue These,/aOXYjnJqGYIELPEMg1shcPXBbhj.jpg
114591,History of Swear Words,/xNw3V6IG88M7n391TSRZt2PHX3D.jpg
27660,Legend of the Galactic Heroes,/j6amUPH88lc7cJf54MKZCf4a9NA.jpg
64542,Chernobyl: Exclusion Zone,/91u0ITxwdfXSFGXnCFUmoGglmnn.jpg
74095,Juni Taisen: Zodiac War,/oIrzzvEo8ceLtw4NXVxNDwBcvO1.jpg
66456,Bizaardvark,/r3zf9m6nvK55KhMukTqAg5rVEW7.jpg
4887,Barney & Friends,/ijt54PA1pZ2ae68ODBk3vfWSK0e.jpg
67429,Eyewitness,/wF1IwXyKsdViyEQdkxtIOyMz3Dt.jpg
68665,Big Hero 6 The Series,/ldG4xXImCPyv5U5gbRmlB8On842.jpg
206510,Copenhagen Cowboy,/gee0HSmgYdrhVha6aY9x5akM8J7.jpg
137408,Shadow Beauty,/uVmGiIwSmF8UvGqpAHRXKA25Kwd.jpg
72141,The Defiant Ones,/38JFkjD3SZvbDKvgDEXPUXbK5d0.jpg
69786,Innocent,/o7Pp9bDp8c13mcOpR6zFQLxAF4y.jpg
63146,Rokka: Braves of the Six Flowers,/yR6ynKLLMB9XcCAxlBbLjf5gj7o.jpg
80855,Millennium,/a0yBEqkrOrQe1HpDMboIguVv94h.jpg
2026,Judging Amy,/g8UsOgXHkVMIERR3OnPQu3UrW3J.jpg
111255,Wonder Egg Priority,/7Ief4J2hkBuaKxUzy9fMqUoh9BY.jpg
69659,Snatch,/rVw4hETwiZ08HjyZgOvJcU4Hwve.jpg
91724,Greatest Events of World War II in Colour,/xXefTgnkQb5YhQRx6Co1PMpdGWV.jpg
219063,Eva Lasting,/nd0zhdvXyIdAqlc1ulYAMeWiEvO.jpg
74447,The Witness for the Prosecution,/n6i4LpDcyiwGbZg3to3Z8puyS1F.jpg
119180,Country Comfort,/qzutbxi3Ki66Un16KCfZI2vwELk.jpg
4053,Dirty Sexy Money,/qZHn3otXV4y7AELII800Gpv3TbW.jpg
207,Bear in the Big Blue House,/hww73tErgeSOQ6YlcKjey0smc8s.jpg
207878,Red Rose,/jS8mOKloyEzqQKrne0w4Upu1pnv.jpg
41327,Firestarter: Rekindled,/AkqGsMwsfPYAKMPs8rq4CMFNAZc.jpg
39718,The Hour,/gxspHzwLcFMPQL3SqU3g1zqLlQL.jpg
65948,And You Thought There Is Never a Girl Online?,/caYGn5tq72ua66W7MXpZSALdiLw.jpg
443,Ghost Hunters,/yTJAKibxeynINA61p00oBsfc2mq.jpg
85220,Romance Is a Bonus Book,/3cbvygVSgmxN2r4f3nKE7uAv4Vg.jpg
10620,Maya the Bee,/aViIrap16cmxz6dbBwI9JCremrD.jpg
130464,Tell Me Lies,/tc5c5X1ZbJx5guaQUo1Xqt24S8z.jpg
103214,Santa Inc.,/kDrs3u2AXFYdbu42ZnKCcWmF9uQ.jpg
4335,Oban Star-Racers,/oVDayjVhJRQUBOwVBrwCtwAEywr.jpg
3780,Ice Road Truckers,/ygFkmE24eUb12zWQNiWb9efjBj9.jpg
107159,A Love To Remember,/nCfJvkU4qKt3S1ssXD6xRtSCXrB.jpg
32023,How to Make It in America,/xSKGT90ScJbHsL6FvMn7Aiov6tS.jpg
118876,Last Chance U: Basketball,/s31DU5sL0NFkRUAiXyQl18Icptr.jpg
62904,Just Add Magic,/v7olj5StoSFVsgkBhOihDaR56eJ.jpg
130521,Countdown: Inspiration4 Mission to Space,/4YPsoGDNigrnfr02MHehlLbxBiK.jpg
47663,The Ark,/6pGiYwbSAscG6YyNzxTR6FNtLnO.jpg
45799,K-Project,/52eQfCm8yGEQHNZefyHr6uIysqt.jpg
153496,Reborn Rich,/ioywelRYOfNJ5w8aNQ5ttJo9dk1.jpg
156401,Fleishman Is in Trouble,/dds2HufhMRTgQW8kOWlpVbXVvo1.jpg
2883,Dark Shadows,/eRtnI7qTJIiPUmlY3J8TTM3jlT7.jpg
94923,Trackers,/ofEr16h04owvFKMUkEpKjptZV8.jpg
16135,Wild Angel,/cMMiFdM9KZqJAjHTisSRYSR3YlN.jpg
43529,Labyrinth,/7ze6V3XYVBeQe3Y9opRw3Hbyhbh.jpg
61491,Video Game High School,/6zPbWHMjU6WzZMkNs3888tWGkbR.jpg
32552,The Gates,/23cbKVCDdzufFYxmlUIQcHZzwv4.jpg
55925,Hanzawa Naoki,/uZmJ1dhfxzVqmvhACY7io0chcJs.jpg
16906,The Beatles Anthology,/rJ0aCMKSfWWyAexI5QVV2XgxOQn.jpg
78293,Shadows of the Past,/2j4tr5ZaY6ljPWik0GQE3RvVyXz.jpg
66149,The Powerpuff Girls,/6WZgbq4ct5RZOGcxlqnvuoyBcD9.jpg
94523,Magia Record: Puella Magi Madoka Magica Side Story,/ySz7DoQvwaZLvQ3b5DbUOteATE.jpg
1365,Eli Stone,/hWVuLjx3QPhpfTCePbB9nunIJt0.jpg
158396,Cracow Monsters,/acsp3Bm3cSlQtUGDWNmSFgp4Tzl.jpg
80475,Wellington Paranormal,/eaGpAP4bKMjVlMIoGqKzMRJ2OIG.jpg
137,W.I.T.C.H.,/tBoCZnUrX4xjI3Ge8zd5OCvjlLA.jpg
11089,Mock the Week,/gewfnFndT4mgtgR3zPrGLsBTdZE.jpg
201289,The Last Thing He Told Me,/5PMTcUPpJs1yqhkfKZdZ56eRA1v.jpg
5133,Leave It to Beaver,/1Tl9FH0gFmaFDyW4J3eAowMwt8O.jpg
75782,One Strange Rock,/bLtoGQM3WhVFKtTk1h8w0lGH1n7.jpg
66230,Flowers,/7w6t1Rj49awAOfdepo1nkCw3xGC.jpg
75871,The Toys That Made Us,/wRQe3TZdNaM2qxytMyTvTrYBaDO.jpg
100771,Soulmates,/a8Tq2Vxz3YRELI8UVfEjMubIAkC.jpg
125392,Little Demon,/2lyFPOe6JScMBiLQuMtf3pPZxAu.jpg
43271,Birdsong,/x4QdPNpWjmI47iv9Z7F46BT3gQW.jpg
33056,Childrens Hospital,/bbnXmarKkuxde9kkeyjAPzZY6Od.jpg
971,WKRP in Cincinnati,/ofxS4DH6PEigNAx0rRJg8ptGPEe.jpg
118241,Dealer,/dQstisZnYgpZc8FhpnpxH3Xs1KZ.jpg
9203,10.5: Apocalypse,/5J3LDmL2sA6PeY1yA7zsODv855C.jpg
70452,The Bride of Habaek,/1SOabkBsDeUzdinuHJ9TciPM6Ls.jpg
54327,I Didn't Do It,/12za3SlVhwG3Zao4mMc06RiteHx.jpg
87523,The Good Lord Bird,/bNFcWrxlnFXvrjJezId6bAoePzT.jpg
34388,Borgia,/jrLEvAT3DxgzC5QeAWkHHHQAHMH.jpg
61019,Street Outlaws,/q3opv62EaXO50EYZ9p6m0RSFt7V.jpg
62146,100 Code,/s3pW712ZlhaygVDw3kZmyUF28Pk.jpg
132117,Farzi,/cTS86RwEBIDgCgUmjWQTSoPsK6p.jpg
2467,Disney's House of Mouse,/p8WHVAEFnx1dzKy396CDezN8s06.jpg
1144,New Amsterdam,/iyhUIAQbGA1BysXbZhJm45JY2oi.jpg
6467,Chicago Hope,/x8ic33t4NurJul1oXmvKwKtWH28.jpg
539,Squidbillies,/ffXx3qq4eopQMof6M26tZ2yiiT3.jpg
70177,Abstract: The Art of Design,/wuaELHfbwiDB12rFuInWPUWToDv.jpg
66875,Non Non Biyori,/uEFfrd2xBV2XEGkbNtMrHgLXFM1.jpg
69459,Wounded Love,/ozbLTMVLjyFnguhv3Ohr5NsayDN.jpg
38215,Dirk Gently,/eEQwT6SUgKfJn5yrh2MxBhCDP91.jpg
93233,Centaurworld,/2klp8BwNDbmV5pfBSWhNjr1MktC.jpg
37913,American Ninja Warrior,/yBIU08mtcHc2zQcg0bjpvZAFkkg.jpg
115915,The Baby,/v2anAQ1kffNRQoClWhGT81sXqFu.jpg
3531,The Celebrity Apprentice,/2iVTag30OjNfVh69hojqFD4BR1G.jpg
53721,Love Live! School Idol Project,/aDjKTw209ZBH3gprFvQmt7wpEDt.jpg
64313,The Hunt,/sxp0AABISBWXN5KcT40hCNH2UgS.jpg
158415,Pantanal,/4Ru1BwcAKWtpM345dWe8YgHf35V.jpg
110533,Jirisan,/7oAKJBoeMICBkyaANQHFPU9fDFD.jpg
610,Mr. Show with Bob and David,/nBBZhysVlyX7dGEkPLT3EOd6GJD.jpg
153282,Sisi,/eR54VLAOWFOR9F9T61yOZJiHnEQ.jpg
2739,Samantha Who?,/wAvkXvn5u55osbHYqAv7Y1kEDfO.jpg
23787,Hell Teacher Nube,/o7eOpEEJhOY8NjglALr2OMUau8I.jpg
70390,Somewhere Between,/seXbYwMR9fNqEYwaPPvPReZGiJQ.jpg
69480,Mary Kills People,/4zOZzlSjHjUJgc2Gp20iFfpkRBV.jpg
71209,Great News,/vEqPNbSY0mJmlywFmMwIhuoEHHM.jpg
67960,Paranoid,/48PNCyszQUPdEf7LyRylQxqMdpp.jpg
70590,Is It Wrong to Try to Pick Up Girls in a Dungeon? On the Side: Sword Oratoria,/mLRmZ83ab7EPDY0mdUVuDCk3USU.jpg
27023,The Oscars,/wyMHJMQp8WpmBg9CxefvbQnFhrm.jpg
79063,Cunk on...,/oDpq4UAQ3mOR2pX4ypOLIWPrqRX.jpg
70690,Dimension 404,/ucGY75ZJHrgY40ym7kXy7sRp7Vy.jpg
203704,Junji Ito Maniac: Japanese Tales of the Macabre,/eE3vyu2F8upsQujhS8IP7QiG8Hm.jpg
63953,Li'l Quinquin,/vt4seWy3jl4KbI0Um490jUSsMs2.jpg
37806,Cat Planet Cuties,/jvZjKDbideM1HpAeF9THXthxT3A.jpg
107543,Fernando,/yrBJiaGFQQ59X6Hvq6f7gxR8BbQ.jpg
44641,This Is England '90,/6UabeTLTYBTFzZTTWrvXpgzrhb7.jpg
114118,My Roommate Is a Gumiho,/ep3TFArcl7jYipJymsKp2zuGv1m.jpg
130987,Dead Ringers,/3GZB7pnyAw6QV053TwxiqvRyOw3.jpg
20580,Around the World in 80 Days,/msoakM1t6vegotQaw763WOXLSO6.jpg
56305,Anthony Bourdain: Parts Unknown,/qg7lcydNf8DBVFIFK3XEuccv1jf.jpg
197548,Mrs. Davis,/tMr3mFACLuL4J7AEj8yDwcf5rnr.jpg
203805,Dragon Age: Absolution,/uw5N97cCH78ZQyx4OSV4qNVzZJ.jpg
66931,Gunbuster,/3H0xeF1g7taYICox9FiHN7gJ3Ge.jpg
43121,Political Animals,/fnFNsleo5IcUAqNjiKgixkGyxd2.jpg
46405,Legit,/4wKawZKCcWpQYJXDB5XBSMRCWDm.jpg
292,Moral Orel,/1OSdgNEIYzCDYDmvJcGGBXgsAnR.jpg
11129,S.W.A.T.,/u3DbvKamBWkchckwioak3PvN8j1.jpg
107119,Monsterland,/trfjxF8LN8NuXxSsmGToRCFMdoH.jpg
89221,Holly Hobbie,/xqN1haLzynIyZHs0GmgRGQELA5m.jpg
105721,Burning Kabaddi,/I1WPv4syO2X8lyOhH29oVH1zrI.jpg
91299,ASSASSINS PRIDE,/oR5GH0hdYClkRgaTTu3eJbtjyyY.jpg
201992,The Rookie: Feds,/sFLBmaQcUDSz87bL7UlkE8oVumm.jpg
47813,Cuckoo,/mzNORCslKlN4V7DMXLUqpv1Mxx6.jpg
123856,Florida Man,/bn4qHIxbmZOC4AqlDUbgcKYld7r.jpg
126929,Welcome to Wrexham,/53CNogAzbbwepLxQS5jIfGG35MQ.jpg
54613,Cachito de Cielo,/zJEAaiH7G3W7Z7fRAlW7wuPLWD0.jpg
214999,The Good Bad Mother,/vtDLhvpTk1xcaBCKubSH0if575G.jpg
66633,Cleverman,/ndwQn6o3qTpkN8pHmOeVoToDS6J.jpg
32715,The Cape,/byr4EjvdT3seQYfzDsOeQewqhrn.jpg
39551,Scott & Bailey,/2WD6BxjA2ZE1DejMXenZXnlm1Fz.jpg
152511,Forecasting Love and Weather,/3Qfh99m0jShWrqlFRsnWY7HeHNX.jpg
116249,Kid Cosmic,/88HdcCMumGqGAt2kR3vVOr8NYiA.jpg
98177,Trying,/cRMpyWmKinhFQe83iTIk828INuE.jpg
87553,Her Private Life,/nr4BB5JoTyxrtaNVMECinuMzTMA.jpg
10097,Dastardly and Muttley in Their Flying Machines,/tKytNdXhBWPYBWC2DmogIWGBSVg.jpg
221871,The Gryphon,/2MJu2oVponxAZ3fods9dG8UE1l4.jpg
6132,The Power of Nightmares,/tCzglFkgrkX5t7nLpvIgOJ3KCO7.jpg
64414,Wakfu,/lTtEAXGAHPOL7CrAmC33LAwvzva.jpg
85841,Ultramarine Magmell,/tgqna6q27frmiwYFwJ5f1VRTqsE.jpg
94000,Vienna Blood,/owekqSuiRnqmwqogYP30Gf6xS2Z.jpg
129490,Love Spells,/inkdLEQJepgncq4KuALnWH6JHNz.jpg
69342,Seiren,/acz4astonaJXe1qoH41ukRis2zC.jpg
1029,Birdman and the Galaxy Trio,/52DGvCSbyKfprQ9OwPcxpBMdpv6.jpg
3200,Even Stevens,/6wdftSHL6EF8sevUFJSVOnEBOHT.jpg
61863,Eye Candy,/uWC1JvKDReUpcMxupTwn4cCuB55.jpg
87299,I Hear You,/2wVMh3vqvt1IgAhextxwUKxaOAH.jpg
38207,The Lying Game,/nH6qbWjBJf9ZzqVrwyO17gQZMdh.jpg
16133,Joan of Arc,/wAj0TeT2CXsJmZFzol2PzW4T8ke.jpg
104674,Staged,/biZctcKYktjxP6CP2JzaJDoxs5p.jpg
42500,Lucky Star,/dk7LbdxOHiQZVOQBLSoIVZl2jnx.jpg
67175,Elena of Avalor,/se8bejjwLz56qm1gOCLpVjK8iVk.jpg
46973,Plebs,/3r81jJoIotR6oz46Ah2surrosAh.jpg
1654,The Sentinel,/cj1moyLJKpmvR0fR9AqsZuXYxAm.jpg
135615,American Born Chinese,/enS7OYgJoL2GqTFmvb58PYUIjAZ.jpg
64480,Servant of the People,/ldb5k1xfpQfFD3DhQzvzPkm4uIa.jpg
1130,Silver Surfer,/mBJTL4CRSoNkAQRmfwbiLTtviuW.jpg
3033,Laverne & Shirley,/mUMK8AZ5uvJoTXqgGjYQNoIkf5N.jpg
76177,Trust,/5refQIjaOyBPuQqmrBp0C9TXPS6.jpg
2962,The Mary Tyler Moore Show,/nFsgsmK7isjtdEVTL35mJEQZHuO.jpg
79928,Take Two,/rpC3eIoOyRY8LwDohZ8QehpeU7R.jpg
106502,Leverage: Redemption,/bIiOOUpelBRmFzveOhmm8QZ8VAe.jpg
34531,The Kennedys,/5p9PlTy9I4svxsEHzDXrDdv809v.jpg
82297,An Unknown Enemy,/swabeIFoJmAWKgtYijqOEMUiZfS.jpg
67199,Saint Seiya: The Hades Chapter,/v84gxdlkEsykSlCtrE51nMhjTCk.jpg
122048,Santa Evita,/jc9rB1qmw2aCsekYrCpsq31opko.jpg
112211,Platonic,/4rmFpvBw8kNuI15CrDlGVFSU7zc.jpg
69602,Young Black Jack,/ibI8xbSSIB6P89Qj2aG0QRhNoqp.jpg
31559,Teen Mom OG,/mExEnQbmqQKmuVgvj8Ss7GuRG3o.jpg
505,Dad's Army,/8GaK29vo3R0iLBE5DMEvt3bojmP.jpg
91246,Mao Mao: Heroes of Pure Heart,/iEieLEh3gzKd0RtMlH52jFOCCGo.jpg
100868,Legacy,/RXOINj2igYSDAMAL6I0D0iK7qg.jpg
70744,My Secret Romance,/j7AM5lQS18jQUtrfWsKzOqDy1VQ.jpg
203737,Oshi no Ko,/rFp74PFpz14AHrtlVPrLyrSng47.jpg
4752,The Secret Squirrel Show,/A9yvtVflorbf0MmzkzWkQ0nmg3U.jpg
6332,The Incredible Hulk,/wa60s9NSvrH87NFCArmobnIyNnh.jpg
320,Fear Factor,/A9FxroNWtOxiApMPxOHbZUWJoaB.jpg
39325,Smash,/190pVB9jQ7Jo7LcZjRwykI4R9u8.jpg
29200,G.I. Joe: A Real American Hero,/petP4E2vQbn87TdTHElDi6y2NPd.jpg
62430,The Heroic Legend of Arslan,/p6F6pGoNNtIViDxHkU4wDeseiyJ.jpg
10106,Hong Kong Phooey,/ozPPRJZu1BkoMyu3ffpHsgdTfUe.jpg
3976,So You Think You Can Dance,/e4JAJ3UGBmAshXQG69uH9AgnZkp.jpg
82953,Dynasties,/qEu1jJ2VariPLN8JZVxTtmY3IG2.jpg
209117,Never Give Up,/6QNohzb7YUJ6eWZkXAYU8KGIq.jpg
82469,Pine Gap,/tVGnKORliwBh2ZEpGfvoclUe1O1.jpg
2299,Nick Cannon Presents: Wild 'N Out,/9I00u4M54u5tulUQT6qVFOZKMvt.jpg
34440,The Trip,/tjyH4hjgYAKT5TDEAtgSj7uQ2X0.jpg
2701,Napoleon,/7Mw5fkDwm1Pg4JLeUgP3SgoOsTJ.jpg
2651,Profiler,/rZPFS2CRMZOy2LV4hE64KBxAbGg.jpg
133733,Black Rock Shooter: Dawn Fall,/fjwT6zU73MTptIkqta16dBKycGq.jpg
60889,State of Affairs,/2a4kzJHXFzPYXV09XmRe9OM58L8.jpg
88584,The Pentaverate,/btGEAXKXYWLiP2cS4ZsddIiT73t.jpg
46126,Brave Woman,/ehbB6L0gMU2ILJCScO2036crfEw.jpg
96420,Pokémon: Twilight Wings,/olQwMktOpZLelpey4vOTZCxpZ4c.jpg
32374,Wonders of the Solar System,/cPLJuBk7hlSpnte7AnhAZxo5Iu4.jpg
2901,Fantastic Four,/faLwKXaDaVnE3E8EGAhzsmKfGeQ.jpg
4698,Captain Power and the Soldiers of the Future,/j0PmYPzkUte0LB6hMnlLKwck9KT.jpg
133537,Pretty Smart,/nR1UP7VoF9D7OZLcBWCWuPVqjjM.jpg
97083,The Circle,/bQRxhfXXsH4ccScOBHs51bgwNe4.jpg
23022,Astro Boy,/u3LVqlU9OLVN18uwIazxwgDVgdZ.jpg
2422,"Dynomutt, Dog Wonder",/yM3GrtRGQKt5AlmsvVoUv63Irwx.jpg
47990,Grand Hotel,/hAEWiDY5trfg0JRVaGGyea6Cepk.jpg
733,Sabrina: The Animated Series,/qWO7Abwft8GyHBtGx96AFRPUpFZ.jpg
5905,Helen of Troy,/l0OO0yoptNKK9h7GPWTcJNsELDP.jpg
1260,Duckman,/tUSieKYAFqgb8x4UZjqOtjkh16y.jpg
92584,Eden,/AkXC8EuJCjuonHZIkxkUmiCdSGe.jpg
82357,Car Masters: Rust to Riches,/2p6LMKguFBS1z1dT67fwOrkG4Ao.jpg
106937,Strangled,/tLPUEgHEcLvOwbuyA2H3mdPSqMP.jpg
59268,The Haunted Hathaways,/dUhGlPZVWf8KCt4xMZtG1cymHRZ.jpg
55083,Hostages,/uEhRPLvj7LrLWindkC92laYTUTj.jpg
19918,El extraño retorno de Diana Salazar,/45ZLhHKvywU72Jd2W5G8CJYYyDu.jpg
1229,"Tim and Eric Awesome Show, Great Job!",/1dzPN5M6BbT44CTMaXqqkIdhOWK.jpg
67280,Divorce,/1guXVT5XwvDTBjsvrFpk1p2E9Fd.jpg
87142,YU-NO: A Girl Who Chants Love at the Bound of This World,/fFcp3iSVzruLAAvjw0qrpCAq5eq.jpg
61231,Intruders,/3ixwvt8zgkvRFHpR5g5nNpn1M15.jpg
123534,Intimacy,/a5OSupEApopDRvC3gZb661LoChb.jpg
6395,The Master and Margarita,/fdHbRajsZmrs7TNmPF3NjjYCMaM.jpg
47096,Creature,/nRpqGwjMAU65rkA8XUsBB4z7v5a.jpg
11105,Forensic Files,/k7zrsnodHEe3UUdwHG207rjdbrB.jpg
4652,Dr. Phil,/V4IQRxPmW6omyBKbyIWev31GOX.jpg
184,Jeremiah,/yBaq79cbv8Lmhaa7ej3z6GOp9zK.jpg
625,The Black Donnellys,/oo8NjQRqIfDauaxtnvfn8RwZ4Sb.jpg
77826,SKAM Italy,/iZrBOMaQC5fUvCyKxb0JbAgRWKf.jpg
65551,Hunters,/5EUETA5wONEgYsoSUgpu19So00K.jpg
101352,Panchayat,/logoVW7tTion7UppfNzI2E0wRZ8.jpg
203502,School Tales the Series,/3OwFUerRIahvfnV7ADcJm8xX5fx.jpg
71716,Reverie,/jrA47ygwLxWJoofHe9LHoWOrNJh.jpg
216390,Woman in a Veil,/yp47NkdHF2HkAXtdVLxWyjgL5vS.jpg
119495,The Eminence in Shadow,/7JKYmtLydAwo9ZsEmAknZiO4U8g.jpg
128066,Liaison,/jwxlxMJxHW0TElgK6xnIOIwe9rb.jpg
211694,Island of the Sea Wolves,/czorJe5tld7NUBwZubwxDZksxrL.jpg
73778,Estoy vivo,/gHUJlJxBYQIgqS8rMeqgLPFR4sy.jpg
94153,Victoria Small,/3SsCtGEbzHITlRfvWbND79YXzMZ.jpg
17418,Los Parientes Pobres,/jSV14BERD6BfehFB1UUG22OwxIt.jpg
56568,NANA,/aqdwwMbM3dczEPHrbPnkIY1bGLI.jpg
82737,Ulysses: Jeanne d'Arc and the Alchemist Knight,/pUO8GCYbKCJgFgFDP27XS7AFCxE.jpg
139155,Anxious People,/vPYIfEA4LS3tRb8wkHlENP4F14Y.jpg
24710,Nadia: The Secret of Blue Water,/sURDVlCUT5OzXIxbA0lcFdMKtsQ.jpg
112718,The Astronauts,/5byDyeVYxUQTm5fqcE4pQedyPJ3.jpg
901,The Sarah Silverman Program.,/Av6rU82VY2q9JktXVie6tgGVGxV.jpg
34541,Breaking In,/cDEglbhl4g6yFg203agZAOm8m3b.jpg
64113,W/ Bob & David,/xrLCIv5r1EtS9hNpLzRbNOKGLNy.jpg
40044,Marvel's Hulk and the Agents of S.M.A.S.H.,/xxJbuRwU3ssxxrxrI38URtLkf6L.jpg
37783,Wonders of the Universe,/yTgMEZrPWYmXKnnuHLPhIqojQ84.jpg
91555,All Elite Wrestling: Dynamite,/aeuNKXXQ3DfYawUei1Sg4R7P1Yp.jpg
64548,Cheese in the Trap,/43tzmGPbZdUTPVMFtDn2x0Kr8nE.jpg
49191,10.5,/abnY1ze2BaHh5bqIX72up8GPEbe.jpg
15571,Holocaust,/gK1gnzIOwZWuTqp4HGEPmjTMijg.jpg
195623,Mi Tío,/sDPNwSe63WACVlHap7un6AgbqgO.jpg
10501,Shazzan,/wOXlpZs419XqJM5UNyhs4Z8NGJ.jpg
91630,O Auto da Compadecida,/4ZDE60qWgDLHH7GeZY2UFANNV8w.jpg
2409,Sleeper Cell,/rwV1zZSvijp2vfrizmBNCHxMeEI.jpg
32786,Elena's Ghost,/yz4W14jAX3aXlEVNtAFcyZu5Zdh.jpg
112837,Somebody,/wTips9yZIOfHsTuK1b6kVYlEOdn.jpg
52962,Get Out Alive with Bear Grylls,/827Z0RceFkX66GWEI9iu82juefL.jpg
13918,Apuesta por un amor,/iShHEsgIsBen59pF1p9ejTaRoLa.jpg
87600,The Disappearance of Madeleine McCann,/wKdXmOme5HtZXKNItMncQgZqkAN.jpg
68000,Training Day,/miM5b0i5il3XT1qMHfQQ8k5DJ6B.jpg
785,Men Behaving Badly,/eacYKZtPqrmafBfDw5yfrgbzbfI.jpg
77791,Nailed It!,/3wLAkbQu2Ld1rjiEeFvHnqmO5zN.jpg
34996,Teen Mom 2,/75pVCsDlbEOYZaRlOqumIS3l8rF.jpg
3219,Murphy Brown,/o3y2BwrzJQPojl0ZaqNq8O9VDFq.jpg
93290,Breeders,/cTz7gZuCd6wtvXWt55ALWlTqYc6.jpg
87773,The Bay,/jDXt6xzGrE7uw8aC2rK33RzJ4Jy.jpg
136479,MalaYerba,/gwRKia3GIOgfIGhPDp0eC882sSV.jpg
34729,Kamikaze Kaitou Jeanne,/5IMhN4pd0vvaTZS9N0BwKmEUXWk.jpg
17507,10 Things I Hate About You,/l9GRXCwm2ixVzX0hgr4KKxgpUwF.jpg
85052,Manhunt,/nLjUC3ze3WxCFhg4GDbcwLRSgvJ.jpg
37759,Dallas,/c76QP3y5PnZ5L1wUvRDqUuP2bd.jpg
213834,Mujeres asesinas,/mHuqQPQLv9Q4BRk6Fjhno1jsTy3.jpg
7463,The Best Sex Ever,/o1t2ZuJeZnyowW1OKX3G9NSNZmR.jpg
355,The Bachelor,/e7idkMCrPrMqBmEVlqzWOexaTf0.jpg
14531,The Corner,/mdZEDLbtbp9CUOFPTvrYh55G5V2.jpg
96451,SSSS.DYNAZENON,/MxqsKDLmeAjZi8pcq8qepZolw0.jpg
14968,Empire Falls,/sW9cZcM3KnWOQKoRl0Lh58G0bT3.jpg
51345,Undateable,/4f8ZWo6ROu0zs1OtqRVAZ9SzbzZ.jpg
3744,Buzz Lightyear of Star Command,/jxxwtAbfG4es0rWOUQ5NFJ354nH.jpg
93870,SAS: Rogue Heroes,/qEaxiDrPaTY34eIg6naXMfM2IKC.jpg
37602,The Shadow Line,/dxpOOl38VgzCtC8tlKkgLsug52T.jpg
1393,Not Going Out,/kp23acQt0BPEowOJSPyVIHMFHyd.jpg
3089,Parker Lewis Can't Lose,/3kVzjNtBDPy0rY5gXOx7nELDGKO.jpg
39644,Parade's End,/te0SB1kyYlzHZEXL3jpcU6oHELy.jpg
4533,Anthony Bourdain: No Reservations,/97ZIHh3HfiiS0KNrScRRhxOVzPg.jpg
11099,Into the West,/jSGwtYBXAXeexv1XVyFYYsEu45a.jpg
14880,Little Britain USA,/nQ0N7uCQfNDTTtTNfJzDfH5YHB0.jpg
34515,Las Aparicio,/a5kBgYSUMjcimAdndd7yHfy5WCa.jpg
39176,Behzat Ç.: An Ankara Policeman,/m5NHEg7GcHgjzxPy6EAMs7BtU1C.jpg
112616,Night Head 2041,/mJ7t9wyD43H32E9Sv22mMrVmkLo.jpg
107363,The Duchess,/6jQJrEn6gKsEzQr9eJPHKGpdFTJ.jpg
117880,The Genius Prince's Guide to Raising a Nation Out of Debt,/tSLhTuJ8mqpmQtYZfUVlphIecTX.jpg
103051,Paatal Lok,/duaaazbB49iKK4TMvekR3fQIVhU.jpg
31499,Fish Hooks,/gkmlFc6kE2djINsy2RWGVHlex73.jpg
2198,101 Dalmatians: The Series,/3XnznfCQvfAKDUnuQLaXtkb36hL.jpg
72468,OK K.O.! Let's Be Heroes,/bIFnNqZGdahoiGnk6MRkXLbZufS.jpg
13561,Little Dorrit,/pox8YkiW2T3YHnBcH9UGqlvY5XV.jpg
202297,Fire Country,/jMCBW1Z9Ha1Mx0gh7qxrFzhx75U.jpg
68901,Leah Remini: Scientology and the Aftermath,/uMLztzfmIFAmmD2BHXVwWGxwfO2.jpg
74823,The Pit,/rB5u9r38TLvid5eaZUmX2HwyGoE.jpg
65876,School of Rock,/2bgBpNELVO3FsE7iXwdJYeRDzyR.jpg
64593,Beowulf: Return to the Shieldlands,/yfsNeyRYclfCe1bDM3xVYEpuxEE.jpg
643,My Family,/qH5MPyKtUkVNunf3Taj4MAkL7f.jpg
676,Tom and Jerry Tales,/gthxkV1MHAwqsVNLIU93MDm3ApL.jpg
4951,Brideshead Revisited,/cW8q58wK151DdpbT0Zlt42G5JVF.jpg
113477,Mr. Mayor,/uPAaoNJWbRkF7s0f3tPbVehiBgT.jpg
3320,Biker Mice from Mars,/gBnbkQ7t6Ctri0A4nKDYWqIVF3f.jpg
66776,Love O2O,/zqXrBP6CRAX5FkAszdTWWHOb2bY.jpg
91241,Blind Date,/oH9qqdEz80IYxACAb1i9eFBz7jp.jpg
73017,Children of the Whales,/r55vZbDQ4ZuWwTjMkSIKIrANOGM.jpg
40675,DCI Banks,/rTcjTVsWRqR4LgkreycxRirFzsT.jpg
90921,The 43,/s1Ae3QjwFBWTHnmlQ9dNGuSE3LB.jpg
54866,Nowhere Boys,/prvgHX7YR7363My0tDh030FPNTl.jpg
90790,"Seven Worlds, One Planet",/kzKNMIlqyznC1jjht8mI2oEtDcp.jpg
61886,The Adventures of Puss in Boots,/uHpUlyWCqXXUDY7zekQdJmf6QkP.jpg
40408,Amorcito Corazón,/po3TuCqukw9hEewmfO9TsQQv7GI.jpg
214302,Love Never Lies: Destination Sardinia,/nyJJSdRH1NOqGBN5odRRvTZoF2B.jpg
118303,Minx,/8m4ExDRn3oqZJI33mxKaZBjbf1v.jpg
651,60 Minutes,/bpfKrFG9N97gIfnBK4gtAC2yop7.jpg
91539,Hell Girl,/8EceqLvcVdXzoatf5bcwOgLOLKu.jpg
62806,Mask,/k5cS9hm4c7ZGz3JbtOv0B6D3SDm.jpg
77694,Umamusume: Pretty Derby,/9TVHxWbWAHiIQjzGTx1vXi95r2X.jpg
82209,Black Earth Rising,/77MPYFMYiMi0PFXk1Kr5Nv9yaO7.jpg
99652,Kevin Can F**K Himself,/mXB18fB9nBWHZdi9AdOpsHmSKVL.jpg
891,Thunderbirds,/8uwms1QTwIvelcyVBLCOvYwfV9m.jpg
52878,"Say ""I Love You.""",/jCTTTaVz2a6f7T9mvJu5zQgxMEU.jpg
62234,Deadbeat,/bNRvj8p8lCbApJsN5TlwQDX48ZA.jpg
79948,The Hollow,/9sDgeNu67umBkX209Yh78d4tyv9.jpg
74092,A Sister's All You Need,/6uIif8VdVsmgAGovlqlUTIgmODm.jpg
43856,Mistresses,/6ayoSSIrbLYm6MrgBhzw2tTp96a.jpg
68052,Freakish,/mfnKy9zX5t56gE1Tp5OWikF6agE.jpg
61565,The Brokenwood Mysteries,/6qvoTNDALu0SS4TNaggjnrN5wu2.jpg
44983,Copper,/z2oQu8SipXvlnlrJrt6gZ47D408.jpg
90705,Small Axe,/hI9SLdaMK3tENQTNYnyCCsIx0Wi.jpg
155231,"Link: Eat, Love, Kill",/lyQQFIbDsdSBYpxG2EcS7gGEZ5j.jpg
4038,A Haunting,/c7GMWnH8Bl9UCZYQ5UzExiYqkD8.jpg
138183,Kakegurui Twin,/hc4lqS5sOHZCMoMau3xIdtgzafA.jpg
130077,Chicago Party Aunt,/2iGvVnhvIpzyPLqK18LvgQ3PgPk.jpg
62856,The Real O'Neals,/1MiahNmt3XuKAEbKcdHVQlBrKeT.jpg
155645,Señorita 89,/7nzoqGKQiFICDZAcTK8lhOZ3LI9.jpg
13040,Muchachitas como tú,/nf9B5MyvrChBG8j642Ke4Pha2pG.jpg
65,The Job,/iDiiIBZCjdihpBoDKzVRhb7C9B.jpg
4439,The Honeymooners,/vBXD45yVIjvucXAwes8vu7SqgSy.jpg
5368,Lassie,/vqbVr4fYRZb28ywczaidn29JJTA.jpg
8379,Clifford the Big Red Dog,/z1iZDanC2hlBF5puxAdxaLg5h4M.jpg
87820,Crime Diaries: The Candidate,/t848Nfa6wcLPTrrdd9ZVoNj3RNd.jpg
66272,Uncontrollably Fond,/oFi7YZuLWRE2K5ggkfBjVb60jrb.jpg
225008,The Long Season,/rM5Y0ziZbmpkqW1db2HK3xrzTXj.jpg
19002,Sybil,/rQxfLUaZ67vS1bBxR9hqDGOJwqA.jpg
66256,Love in the Moonlight,/qKir5S1ka8UkWVo8aGW9T19IIHC.jpg
11370,Britain's Got Talent,/25S5ZatrjDuj59hnCrfcieuXDU8.jpg
45482,A Touch of Cloth,/xElp5x80xStlAjOFXRpnUjKcS8g.jpg
45807,Kokoro Connect,/9xewoGHPKXaBfnaNOxrH1qBDgYE.jpg
129933,Post Mortem: No One Dies in Skarnes,/pGahnC1yoYBGSXB3iDHWAT3kLlp.jpg
125116,Fantasy Island,/bl6qV6nO0Cd4N9boVJo08pJUoB2.jpg
72001,Life Sentence,/hRB6eHvWQ3O3kuTUEH6hE2TZde1.jpg
118556,Sasquatch,/eNQseYNU7JOVThxMrRTpAIaDLOl.jpg
5894,Gungrave,/4WdnoEFLhM70XSLlV1lkvCl56Ax.jpg
40971,The Dead Files,/44LifGcFC0n1vsuyU0rcNWc8Gx8.jpg
8519,Man v. Food,/bIozzC2YvZPJMe7yTbyFr9Kbz74.jpg
566,Charles in Charge,/sM3nBqh3iSjPTBMtIFyWnROVLIz.jpg
39373,Red vs. Blue,/ieGCVoyOkOo6jNPM9v1L6jGiM0N.jpg
83962,Carole & Tuesday,/s08F7Pu8Q9BgStYUbIDw367v4JY.jpg
65152,Degrassi: Next Class,/vSbSrFvnLkHeT7XGW68lEjcEaGG.jpg
201304,Justified: City Primeval,/uTp9cMxFMCk5b7alKb2m5wHaGxb.jpg
67147,Pitch,/qTK0N1qLBWzwxuG0DH3cdYXghIT.jpg
68003,SS-GB,/sqybrp68wbUD6tyUz5IJhii00DL.jpg
65392,Lucky Luke,/tmvmJxuMoX7n5ohw6rVOesg5V1z.jpg
62564,Sound! Euphonium,/l0hKrx6PjQRrHiMzK2Fanen2xbL.jpg
62,The Challenge,/vNmojUWLoxk94hIdAFq79NOxaEL.jpg
69500,Natsume Yujin-cho,/5AxA0foArb9OeETtibhEQ84doBd.jpg
112738,HPI,/tH5tDGyHLdrnHhipMrXWFSJbcea.jpg
1883,Dog the Bounty Hunter,/dTy6Gcprfib9GDaXa6bKKPmWBgn.jpg
4582,Ironside,/Fu9Sv0pQ0s89uWwwXcaG0kiNW7.jpg
195928,The 7 Lives of Lea,/bXKnfvTnpmyStp3R49NBQSjOVCk.jpg
110333,The Investigation,/p5rNjoWO6abVDDc9N16RoxGYkBZ.jpg
65228,Animals.,/xmjuIiB1m7qfE39pHeHXsGCIERx.jpg
155491,Women at War,/3pjmXpvWwEU4e9GFioGMwIsHBkM.jpg
65672,The Break,/qQDiPRmyTdUwzbzUr8yprg1tEX0.jpg
63549,Love for Rent,/xuarVMbyxXFRpuVScZadhjNtkBn.jpg
195930,Yakamoz S-245,/zaPSsdJrRZFtMRNrS4OqTpSkGFo.jpg
116983,Blue Period,/bK669RsJ4xaZYHvc144iKlEyzJ7.jpg
95558,The Power,/pTeb4EsTy3hoVFpg9FnLIF3glZ5.jpg
3474,Danger Mouse,/1MLDMC8tsf92h8H920TGemN0PUo.jpg
127716,Trigger Point,/cjMpwyWL0l1n0EkNw88QyzWRsHW.jpg
66488,Chelsea,/lDbyyKRDk5FmDY98eCc97gUEZod.jpg
78219,Reto 4 Elementos,/wtAxxRZfOkZxWBEhF8Qma3ueAS1.jpg
75777,After the Rain,/pdx9MeBXnPwp7vnZBco7GUXaGaV.jpg
75701,Unnatural,/4P7g3eTxJ7FO3zHhEUNv78le3A7.jpg
105136,The Vampires of Midland,/7AHDGuOm0pefzw4tyZ7s13VAQ8P.jpg
10929,The Wild Wild West,/hnxNMZW3tVcyc5XMwJLey5YjKps.jpg
229932,Pyaar Ka Pehla Adhyaya  - Shiv Shakti,/jHK9bCDefHq43cHvMVUM7SLumYF.jpg
64823,Real Rob,/8iDw1f76Z1CUusIq0H9v847bso3.jpg
31997,Missing,/1QR6gDtbDItL2DzBnHglrh4Ip8W.jpg
15082,Summer Heights High,/w7IzblHA4i0tqzLljYb5VMv5Ol2.jpg
36941,Fruits Basket,/7cewiZDj66DhGVk7u9yELLiiLvI.jpg
12784,Outnumbered,/8pPuN6DWTSGqE5pyw5vlPvSi78.jpg
64550,American Gothic,/wy9hxKxvsuQi4WKYbqMtDy9qf5m.jpg
62776,Dr. Ken,/rLuRcr3E7mFGR4jGnNjEuAWWO8p.jpg
123925,Anna,/957Zi8wV3Em9NDEiRLlkkF27dX6.jpg
210787,Harlan Coben's Shelter,/rEDJ0L9xY2SblTsPhghUHTa1VnX.jpg
91837,En la Boca del Lobo,/pba0Iph8QYyczzqoySsGVRsu7Kb.jpg
64446,Method,/mlgSXHwOpKRAvdtYysyHLWBIXaa.jpg
87984,State of the Union,/qnmj4XMt5z3EMfeb1tPMFXQuS9d.jpg
129151,Samurai X: Trust & Betrayal,/qHxbWWtv60umBTvl5gYANkP09At.jpg
65628,Wanted,/fHxrGyqiUFcxhSSp2YX92a5q4s3.jpg
210694,Phantom Pups,/kqGRszJ2JyXtRTVDmGGyrwM0sJD.jpg
74939,Erased,/5PKJjw3dxZlBjJekuEvjl1hUUPV.jpg
114201,God's Favorite Idiot,/3lCe1vzmHvKCHLFz2tYYoArux1Q.jpg
85862,Belgravia,/qVIthGrXC0mcWpX3muGLFBW7rU8.jpg
95465,Holiday Secrets,/wlwCRj7bwTbSLhRXRoYY9GfqGW2.jpg
43358,Hammer House of Horror,/3yk6f4XElkMJQKh3iHJgoRWcfc0.jpg
2966,Crime Story,/nQ3HkkL4kND70YxOymIXap0fgeP.jpg
158155,Hold Tight,/qygp0NXtAeEIq4XYno0yu6ZRzDF.jpg
37737,Mad Dogs,/odGWpRfd8q3PvQ6EWNvYIEz5JC9.jpg
55597,El Reemplazante,/bUhyvlAXGnpbL07AsXjxiZkOObT.jpg
99072,Die Hart,/1vct3vbSYpsQonrbvhaLCA8jVgt.jpg
88783,The Secret Life of My Secretary,/7owGMGmnlx2EMEm3yFPQ03C0zjr.jpg
99353,Love Is Blind,/gOo6KvUkQI9q0THoUqxI9amnnxL.jpg
4622,Code Lyoko,/86LdmxBCP9ghdtATP4WjN29vSqP.jpg
1809,The Odd Couple,/5NYUeWc7lXq6pbHDP0Pz3xxKhPC.jpg
82237,The Beauty Inside,/u3UGsVYD0nxsucvN7NHLzXP0FHu.jpg
59302,Unforgettable,/hAWFzOEOhHIGeFDzE1f5pUJpUrn.jpg
18352,The Garfield Show,/jBAXfUHvVTBCsCwP1xNG6B3bZ0d.jpg
5195,DumbLand,/4Ue7tiq1DxOiO2fMhhYBVEYFxzH.jpg
203178,Not Dead Yet,/ssrNQd1L7dAr6LsgA9k7UL5ZVIX.jpg
5191,RoboCop: The Series,/lKPeX5a04E1qrzAVeI43ocfinM.jpg
202099,True Lies,/lTnVIuHiXPnFALOSBQWUOkSR8Ya.jpg
132158,Bangkok Breaking,/nAru8tj4RXbLzDL3r89QoVyP6FY.jpg
100235,Patriot,/oSekTMSSL7u2MMM8OWjcMbFGcSQ.jpg
113372,The Ripper,/sEgCNz0BMWTjuAVIGeK3PV5jIt6.jpg
32710,Mr. Sunshine,/bGhKW250g40wsHp60GQJxa65Mg1.jpg
85424,Osmosis,/6Icp1ZemXeyzvqNe7xP3f8HVhzw.jpg
107347,Shark Tank México,/zjyqGWzbwSMDc9GMd8D8CMVUTvD.jpg
21471,Pixie and Dixie and Mr. Jinks,/5ZumU878KJndWedQICQAKz6kCf4.jpg
156249,Das Boot,/lWBQ1Z6MBuiPAfubWjxytKirQco.jpg
157285,The Guardians of Justice,/ezZDQ8neVO4GK1CizSdFt1IhsUE.jpg
1528,Phil of the Future,/Aq3GfvfcWnaI8IgQwocz6mhNkzb.jpg
88094,A Little Bit of You,/tPyfFJggPsifnBe8wzG8O4EGnx7.jpg
2474,A Touch of Frost,/ffGxtqWI0TFVuLRGawxFJbibZfx.jpg
76153,Rotten,/6kv0mdKRMqUSDkItZ1AWEI68Zcd.jpg
60867,Ex on the Beach,/adCkFsWQKt0yBWFGCYsmdY77Tp6.jpg
70440,Tunnel,/23O6IaRJ1OPeUQZrvfoY839sF1x.jpg
156935,Lost Ollie,/kwx40ip5Yq24faboIBu3BaICaJa.jpg
60555,Half in the Bag,/e0hhuzpJhpZbS7RIyRy4uvAjHFf.jpg
60649,The 7.39,/gUwU7MnvzVCXLE9COfHTSasQFYW.jpg
80336,Little America,/8lAMdxL8uirqyavsD6H3QGQmTkA.jpg
17518,Make It or Break It,/qT20SwKLFiHEeSwqrccLwLQYzHR.jpg
4617,Max Headroom,/jXuXeYuv80WJJ9zvA756WCfK1KD.jpg
38949,A gURLs wURLd,/5ey78XIsgflQcWszs4vnjnxtsha.jpg
4956,Dilbert,/oS6RTmGw0NueQbUiHGfIJ3QvbD0.jpg
960,Knowing Me Knowing You with Alan Partridge,/ne77e6kGU69D4QWrzWZTCgmEKFr.jpg
214079,The Tailor,/a3SYikJGnXNZu3vjnHiRjiAxLyN.jpg
14012,Sad Love Story,/kPMxKIz2UPLq3bdnhe9RwmHjXIS.jpg
6322,Wire in the Blood,/pv2ldlMrITzY8B51vnmdGXoi01n.jpg
201948,Alaska Daily,/rYcNa2qJJSmOafssfefVsfPjHm7.jpg
66844,Son of Zorn,/AhsKTgk9dUD5xQhN5rTW1HDg9ID.jpg
98827,Backstreet Rookie,/rV9wPNgfvNakfSKoPQRIFVBJnqN.jpg
41283,Primeval: New World,/732SPoxEdZT1fEqJSL2b59Dn7Oa.jpg
14613,The Super Mario Bros. Super Show!,/mCvS2DuNC2FvvhF5WmV5XAay0Go.jpg
46144,Qué Bonito Amor,/kZkseBaM3VmD1UVQrabW4D1ZKSt.jpg
213193,FIFA Uncovered,/ajJl0eZfZCxeWiPoudfu4PgCAO4.jpg
2568,The Oblongs,/sxZm0iP2lTML5bK1rwrxR6KSPja.jpg
215092,Alpha Males,/jk8YHUJ59YylnMwTnMYTFOKkz1r.jpg
60761,Ace of Diamond,/2BipcmjT5zx0bkhveeXHUWkLRA0.jpg
76757,Golden Kamuy,/wmPikakGhrRobtvKT9LTqOgQCFj.jpg
87846,The Idhun Chronicles,/e3h2hlp6HtFwgS9m8J8EusEfRRa.jpg
2293,Viva La Bam,/svqGSwXZLgT6Gpnygpv7QzyiduQ.jpg
123435,Deadly Hunters,/i3bzykWjeAmIorgsOQ78a2ZqbhR.jpg
58790,The Moaning of Life,/fwHqxIAKbmcpj3k9rlwlXhok7nw.jpg
93541,The Tale of Nokdu,/r8BhphHIruCL2jM4sd1Zs6sMJov.jpg
5475,Türkisch für Anfänger,/byDTyTZMf6SJphxKnsZphzfOqbw.jpg
68394,Watership Down,/apgCU29h7W6H88jM9yknuGWrNAw.jpg
66113,Anne Happy♪,/gm6UdY8GZU5RNEBjn71MmKT31A9.jpg
138169,Extrapolations,/cBUS1OijCX2jzirgajIWt4TOgTK.jpg
81705,All or Nothing: Manchester City,/2Q3mKXNX7rm2kyPesS9KEFs8VcN.jpg
19615,The Outsider,/5OD2lJg1bDsU096DRdOMruSCScq.jpg
158154,Heartbreak High,/vf2ClG2LHZXPDjZYfFVUHEVSfzI.jpg
32085,The Good Guys,/si8ODKd2DKmwrt96LmQvod4JANQ.jpg
69367,Saekano: How to Raise a Boring Girlfriend,/GP7I1yKTp6giJz2fdy0LBWo4zV.jpg
46661,Twisted,/fMhccRNcOR4bDxxoWsnDZzjf7PB.jpg
14808,The Real Housewives of New York City,/dzy5nUc4MfTdQFBdbUFAT1FRPLQ.jpg
962,Jonny Quest,/r2KUXlkfGdUz8wKir0gznnXymsh.jpg
96237,White House Plumbers,/z3OTxrOz0LdalxN62ejpeQfxWNN.jpg
62263,Impastor,/4TFkZz3nsbnPSOOekrbT7S04PRV.jpg
966,Hollyoaks,/5sbMgcbpzZn8aKETeanrKDANzdM.jpg
61575,90 Day Fiancé,/wJVDf4ZysdxhoREQIHlOM4phRNp.jpg
137094,Love to Hate You,/kbfcnflR4FnfxvSnXR536V4FMUB.jpg
158691,My Little Pony: Make Your Mark,/jfmQPOHnuARC7YxGYC1vMMph3vp.jpg
62614,Medical Top Team,/r8S5PPexZgRLdIjysFCgTHj8TLI.jpg
64249,A Very Secret Service,/mXND9igVFF8kJMZQWAYaFPGlq0c.jpg
44037,The Hollow Crown,/1Q8m6nI5m66DjnQ5V661anWqpVu.jpg
33,What I Like About You,/zSBXCHUwMR3uCCeheTCeb6lzpEI.jpg
61789,Alaskan Bush People,/8sVgDiamkriNzQ95NnLGSBA7t2M.jpg
23374,Fushigi Yugi: The Mysterious Play,/5eXcEyXTa9dgI9voYtYjxyF19sB.jpg
66309,Lady Dynamite,/d05IXcye3cdJIclnW2ccmOb6ceV.jpg
5100,Blood Ties,/mfUkWEtIl0U4ZpaVyshzrQXXojS.jpg
1232,Babar,/ZHUj7Doria6U1ckYgGWdd5EENl.jpg
61634,Halo: Nightfall,/vOooLRV3eFNqft5WNRRnYwt8g8x.jpg
94235,The Watch,/8ZNamnEnExlzyEcbpg0tBviNEDc.jpg
609,Green Acres,/1tCh5D0dyPw8tiknprgbljAAEPw.jpg
38441,Freezing,/r1jVlUUpjdSB9TjcjiFcDGL6QmA.jpg
11285,The Mysterious Cities of Gold,/teITE9N4ZlciNSkigrI0RvtWZs.jpg
32762,La Loba,/hEUPEiF5tgrhApSAVW8Bw9voF4F.jpg
43199,Danger 5,/1WZ1TKndRHgrS66F2bYczukYcOT.jpg
2508,Mind Your Language,/Ai7AJn5VwEWsXaQfl4Kg3Qo14Yq.jpg
1294,Walking with Beasts,/gZe2yb1KSobmSUc6PDbitpDPJDL.jpg
1453,Krypto the Superdog,/m8LWz1la11wCZ4TuXcDmzmsEQxd.jpg
4638,Impact Wrestling,/8t8LqBGy1F3Rqprj8JDJjg6rAWp.jpg
2354,Home and Away,/r4E3Mr2uBDUegKmPPaevfdiq8hv.jpg
68898,Crashing,/iImLsPrc45QjbyFxqEY3Yk21JFr.jpg
37290,Inspector Montalbano,/5aOkUsPOzXz0N6DHus3fJkUTF42.jpg
66389,Submission,/eDqrXy3KDRMdP5YhWwcwU2F8etQ.jpg
38983,Emperatriz,/5bPylpGwAPs5qI9sBc6JHfUMspT.jpg
95913,Upright,/x8wY8wtQsjuajH1kyx5EISwF5JI.jpg
44310,11eyes,/vL3Q1ID5EiYH5UcT8ArYZgZORPm.jpg
67157,The Great Indoors,/ot4gdEwuXHf0wOOmKJW86Cd1b69.jpg
31050,The Last Don,/zvFib9i69BgFBJsUbHoHNTa7GSJ.jpg
125000,Hello Tomorrow!,/AaJ5R5xCOsPjCdU3tGbCG9qP2lT.jpg
31010,Moby Dick,/fOiEbZuo7KZQhcCbn5EQ4wPsdTN.jpg
69488,The Frozen Dead,/kUzTRUCfu3RuNqmb6KEVqNFuIfv.jpg
1693,The Bernie Mac Show,/auTnAsA5USO1901qti1mxbUIVoE.jpg
61256,P. E. Teacher,/1Q8kgITlWOvJmGA3NgPqpcmhKfB.jpg
4397,V.I.P.,/2pHBPVGn2DpYEAHBdT62nc0untt.jpg
83015,World on Fire,/ecOAfSr6sWhX0rOLzNbb3lcMMhb.jpg
7343,Kings,/gHDKbQ6l4OdgQ9W5OxaA9RP9YMO.jpg
55011,Gargantia on the Verdurous Planet,/z3E4DPo520fO7QQm53shMLVxsb2.jpg
60879,Halo Legends,/j2JIG3G7KDP6kJLqEUTtahoLAGS.jpg
136752,Dogs in Space,/vjylqp5Le8ZalQ9kAS4f58FgmWF.jpg
86957,Green Eggs and Ham,/sPbNUuCOD2ilcVWf5yjjkMqyoxs.jpg
76659,Breathe,/cCgpMmMt73bp2sLQOmbXPIHAgWS.jpg
44005,The New Normal,/jpV9QN5hGaG3L3DZ4h6YAxnLkCs.jpg
42004,Comic Book Men,/z9F78WN0li22U5G2unZ7eJ2jmIK.jpg
62620,No Offence,/uVI4ekaUJAGMG82YlJI4WzEfADf.jpg
89314,Reprisal,/lwNZ6FRhJkw1u4LyFQFZGi12tt4.jpg
87024,Go! Live Your Way,/bRWC8sxTtk3OckT74PlmoeQ32B2.jpg
10964,Team Knight Rider,/jzBx9ajiCd37JvfyBd3G5NUOJud.jpg
2261,The Tonight Show Starring Johnny Carson,/oA8QVTGlAN511uCAMDN60aVQUs1.jpg
43967,Girls und Panzer,/hKEgErh0c9ljzHyODohZWzapI9U.jpg
5150,Around the World With Willy Fog,/roJfyqQ4sHKF8kYoruOppzdkhh3.jpg
114477,Harem in the Labyrinth of Another World,/b4JCDJEyd5yh8u1Z5CQpyM3eiJ4.jpg
25499,Umineko: When They Cry,/jSXaOtStb2vyNoGQSSXLT5EG0g7.jpg
104954,The Comey Rule,/wftjHCpgqziAw42JZWdFWhro3km.jpg
200709,Weak Hero Class 1,/xRw3akJQdfgqx0x4fiHW7nIkEUJ.jpg
1798,Fame,/wed91CGCdmtBLbo82o0cF2QNRUw.jpg
115,A Different World,/v7fuifcJjcqQxAsOjPviupcmFIZ.jpg
101978,Disney Gallery / Star Wars: The Mandalorian,/qwc5RFNadL7YYtMfly58AjYUA50.jpg
36846,Pastewka,/g0xxcia1LBiSTlzbpglbTXsyEHz.jpg
1895,Jonathan Creek,/wLKa7RUDp9dN2gMZBkMxywG8xsw.jpg
61679,"A Guy, a Girl",/fZlNkeGfPkatdWiuHdL6y2JUrzv.jpg
80805,The Epic Tales of Captain Underpants,/hLaK7YPB4VofyDyBcztee8CbnHH.jpg
11203,Doctor Zhivago,/iqQRFtJmXrTJWjuZvtKJZawagWb.jpg
3218,Caillou,/rDm7q3rR2HDQGJg3JW0I9QJAoMK.jpg
30992,Love Hina,/a3td66l71KKDS1iaV0EHbaB1wHI.jpg
33478,Hardcore Pawn,/v8EHKPtd2NoZ8Z25cU3pbzAot96.jpg
100911,Asur,/njUrr755WzIrNfuUwQhpu2ljjH4.jpg
114138,Daddies on Request,/2rcNo31GXQoGcU65VcFD1LU31bs.jpg
2203,First Wave,/os8qvB3iGLbOGgmHacDLaf1QrHx.jpg
155346,The Responder,/9rG7UmjRCtSgHq8QzW07Drdq9HB.jpg
61818,Late Night with Seth Meyers,/x5asOuPOjW21e0Ykkvkuzu1TGEl.jpg
732,L.A. Law,/hs1TBk6KlPBlnb7ybpqgK6IzcCx.jpg
99747,Conversations with Friends,/kk6kXltSgeAA1yWiRaZ1sOexm1V.jpg
88463,Arthdal Chronicles,/k5bKj5U2Z7AgkK3Mekji8xDHOuD.jpg
138089,Harlem,/qDK5ZUl2ad2IxoRABbuvVt2NW9v.jpg
4223,Cagney & Lacey,/bAdrchPABFuHK44G3dKXXRIIRiH.jpg
2191,One Day at a Time,/zheJWmmDRUYuApz83ZVrrPUjL2F.jpg
76178,My Next Guest Needs No Introduction With David Letterman,/5dObN91CjQPUhgQoEMbpmLTtxc8.jpg
2297,The Wayans Bros.,/xmbV7HcX9hXvxSvd6WJDBg6GHtr.jpg
10222,The Real Housewives of Orange County,/mEg3ohdBkLOs0L1GmYGtiwyJXlE.jpg
106734,Domina,/n0VBBiQmmYmskL4FVnOi9EsMxkD.jpg
129024,Cooking With Paris,/lDIXKLKDCGDLum19WrkNwZT60a0.jpg
157160,A Small Light,/ksDDvTxUp07yu8FdOAXwJeyTilu.jpg
62732,Texas Rising,/lnJLfFEpXgmTGUGzKqgHCsjYtMJ.jpg
63593,Documentary Now!,/euUutUZw1WIOAyCI1uu2ahvFFuL.jpg
46553,Reply 1997,/onW5VNmzZuDYmkSeFhtSibt0rRq.jpg
32612,Check It Out! with Dr. Steve Brule,/w1ZY0VNEmhAV1t94NPbM23VwdjS.jpg
48162,İşler Güçler,/oiQKpU9dmmchBcauwvam8y8zHru.jpg
42021,Talking Dead,/wEsDfVvYNsAgmJeynSQGuLKyhcJ.jpg
208067,My Love Story With Yamada-kun at Lv999,/oxoEWoANKedDJfYBAWTXiHuWQh9.jpg
10710,Wheeler Dealers,/qr5lVpAVPjbtUY1yfYACIucwAUG.jpg
93168,A Confession,/6c6q8m5PCiXv3TlxmM0vIcLylb0.jpg
118815,The Lost Pirate Kingdom,/gQZpVysbT5FGYVYrsjuwQa2XIay.jpg
214078,Shahmaran,/rV38JisyIQfqJX0D82vdgbZ9Gw7.jpg
119815,Attenborough's Life in Colour,/vDHATEeyB4Zr0DWdOAq9wtC4vWj.jpg
17404,Chopped,/x7g390tj73dtlGX3ajZrlQRcRpO.jpg
862,In the Heat of the Night,/5DQtWIP366Du33bFaVEqvV0D14r.jpg
45571,The Story of Film: An Odyssey,/g0TCWFNIFHO8u2yy1hboUDIhD6n.jpg
156406,Under the Queen's Umbrella,/817aakHe145GTVEi6LzxHSBpbth.jpg
64257,The Great Train Robbery,/rUbTniOTYkXjIUFh8QlTNEjbkpn.jpg
62459,1992,/414wd7iLed81v1m4aq34I8gK8G5.jpg
95442,Deadwater Fell,/zyLTCQHh0nd5PEOPyEFUomz68BF.jpg
216322,Sky High: The Series,/q35B5iw1h1Xwg1ziMUZZJTlWjDJ.jpg
15741,5ive Days to Midnight,/koNBI0r8DUcIx5N3dYpAfgeVaQQ.jpg
58942,The Michael J. Fox Show,/vHFM0GjFlqi8GpLECq2mF47V0LL.jpg
115497,Pretend It's a City,/ltD9Y5p17TKqvVrDfTfZdPPcw57.jpg
797,Have I Got News for You,/6lCoUAqA5CEwONQ4QewPxZFwpyJ.jpg
42557,Kids on the Slope,/dFwBvUhtV8ynSLaSXfRUYInlTFk.jpg
93899,Levius,/xLYt9rDYs4LmAiqe8hPvPVno0xa.jpg
82574,Loves with Trap,/Gg6JYujNnHYaMz6lIKeYCejmVW.jpg
92602,ID: INVADED,/amENp3FrrCEfAtB3MuHDVVDdwxF.jpg
69533,Maigret,/hHqDSE86d4K9geop0neZOrVMTOI.jpg
68080,Izetta: The Last Witch,/odwgkywwzbl9fC0moPCbnvTw6iz.jpg
1027,The Carol Burnett Show,/dGd9pG4PGzpJbdbPEnFxKrJ24z8.jpg
18204,The Real Housewives of New Jersey,/n3ZNgp7IpQOUXoGoV8svZccZeoP.jpg
4086,"Diners, Drive-Ins and Dives",/1ulyar2gfSnPaEDIyaT4f9zrhHr.jpg
4961,MASK,/cGkNcWubSCTD5HLCscBhVcvh8tt.jpg
38420,Is This a Zombie?,/iRCtFHNKL5d41Uxr1UvM6wytPQc.jpg
121787,takt op.Destiny,/jiV5I8v0ySsD2JDZZsbA1HeMTm3.jpg
125816,The Lost Flowers of Alice Hart,/sNeGAamuke1a2I4ndcaE0bnukh4.jpg
60766,Sirens,/4CRCQbyI3zBpFczioXYRgJQI02t.jpg
78881,Picnic at Hanging Rock,/tO5lLXy9GdxSRrKKlreqgLVfYGr.jpg
4535,American Chopper,/y4HP3SGLHeYi2TBhnXcoRRyhhJA.jpg
68096,ViVid Strike!,/qRzv1UtMbsDCvgpKQSaYIgF8t0l.jpg
54477,I Hear Your Voice,/6GDBPHkvUEbYO4HqPbWmwLVTvPl.jpg
139792,Summer Heat,/4FsjdxJYhOYxJUp32KqZw9Mn7i2.jpg
50844,Enlisted,/7Sqr5k24YgXpNxGz0GnIcJLf5cU.jpg
62819,Another Period,/qFlfKVWqHODALrYVldVl1Y48eGx.jpg
12930,El pecado de Oyuki,/dR7vSG4by9qOgtzjv3dXIu8lUeq.jpg
70964,Brockmire,/5qt3pvbEqIhCI2pBCAPES0v8zP3.jpg
92045,The Baker and the Beauty,/i0AB2fH7KZNlrh9SBNY3a5ooD0Q.jpg
32755,The Chicago Code,/wVSJ9BcdvFeMbrr5brC7XAhfxQb.jpg
7979,India: A Love Story,/vQGZziYpTYGYNTw2udfuiALOIkJ.jpg
71550,The Putin Interviews,/yma0LTSgV9ygjbubvAQviZGpdtc.jpg
21730,Mobile Suit Gundam Wing,/ggHmrZpipHfdEqaGQbv4JrWv0f6.jpg
1534,Robotboy,/lACo3JKi1ipYUzRth1mZdW4tHuH.jpg
38671,Dream Eater Merry,/eZmRlmzzIjLqkAQeZF3aybsJWC5.jpg
106818,Oxygen: The Series,/s9ODYFTAn2Ryb76OxOnVY3MXb6F.jpg
94734,Perfect Life,/nYLDrEedG4pvdYHutcuzN9mjgQo.jpg
62404,The Next Step,/dlZC6oo2iIKnRtLtAiiBn7tnuGc.jpg
195382,Housing Complex C,/xYG8i9DfwCmQekTKNEo0VhwLi0n.jpg
13171,The Kill Point,/lpCdvgqiH5ec4tDYgirDm2HCzm5.jpg
96208,Three Days of Christmas,/hLW5Bw0jxkWBfT89AcdwIveyTMZ.jpg
17836,David Copperfield,/73lKcw5bFmSD8lL0XuMbfYO29rO.jpg
84880,Now Apocalypse,/hCjy2VzLM4tkUJ62DAFCkdq0LHM.jpg
1568,'Til Death,/trOymv1SiVmMeWlCmV0EiOC6E6v.jpg
62763,"It's Okay, That's Love",/hpl7yK4xv2I37Ozlse9rf09YgO5.jpg
3540,Kenny vs. Spenny,/62lyGEvbOMYAQFFEGh1yMjmpTMO.jpg
42412,Heroman,/bOSK96t6la9dn8Yutm8Pr8OdlKF.jpg
43079,Black Rock Shooter,/dBC4N5XvfiJe5KkHT2uLycCrWcf.jpg
65837,Schwarzes Marken,/76eOzNrqWWmOMte87S5rTt9XrxN.jpg
3269,Whose Line Is It Anyway?,/bSUa3Jg437IJjjC2I785mQvMeQM.jpg
93177,Temple,/GeDXTIc8RwErCvrd3VqDLPhPZd.jpg
63196,Con Man,/60lzDndQ2cO1vq6uNWJVZseVOiq.jpg
89235,BH90210,/z6Sj4dqUc5AVe66HddTN5wj7zYw.jpg
82149,The Crimson Rivers,/ahVy85IlUQagmFkQrJxiJE8ZMC4.jpg
194728,The Resort,/6pHkt81gCdR3bw41xHyzsoQccrj.jpg
211128,The Iron Heart,/91V6NI1JXCTDhaSSkoY7T87hk09.jpg
124897,Mr. Corman,/54BAbjnTRUsxqyE8F8exjJ8nwpo.jpg
31066,Salad Fingers,/kKhOaO89zoy7c9Ube6YWk5PqNBI.jpg
46956,Dads,/q6XsUrhscUlHt8ShApnE39XmxP6.jpg
70508,Five Came Back,/lQI1J0MvFmB6pREOyyBaAQpuSAE.jpg
19515,Juana la virgen,/x8h8QDOQZw2GE54fwM180ebcgWd.jpg
93688,Smile Down the Runway,/vXHPkMxwFAfafVhxLdGSzUcKXrG.jpg
47480,The Tom and Jerry Show,/41EWXLXTZO4MLb2BL28mWZuydyq.jpg
81987,Signs,/aH7PxMTQxkEPPFuIwKMdsUGuHcg.jpg
75627,The Candidate,/efKmlXhRUuwRMrUBmcfOreqHbFf.jpg
39016,Titanic,/aivkYWP73tsbfC4AUudYfbMHII2.jpg
85202,Tidying Up with Marie Kondo,/l74KOb99Ffx4ilSEHrm8voi4XL2.jpg
132979,Bad and Crazy,/t9CRsIT1sGZY3bEpkWPZjMb4EWy.jpg
97559,Utopia Falls,/rB1ZuAo5fbVr1koA3Z6zur8seBy.jpg
76829,D'Artagnan and Three Musketeers,/gkJxepDuIxTLY8EgVbYXteFjqty.jpg
91249,Snoopy in Space,/ssAYRDytRsA8S0TAYMrr8dJgrlT.jpg
45669,Counting Cars,/hHVAwZVjTFqJQDo8n6pEVdqGMWX.jpg
227975,Fatal Seduction,/1REi7v1NmTxI8YODX7lwLF70zIs.jpg
80230,Black Monday,/674abvUEbKzP2kXBWqWT1e3KuBv.jpg
154824,See You in My 19th Life,/1Sn9n3Srdwyb34WhgiPvJtB6I4y.jpg
67646,Mujeres de Negro,/h72Q2mj9eyU9EBKZ1INbR6kQq5f.jpg
1863,Quack Pack,/d6VewnlRManLlOzV06jPUb08Hgf.jpg
39268,Whitney,/dV6V8VjZTMynY9bhnXXDUqIusxl.jpg
44256,The Adventures of the Mole,/6qfvsHd6iL4yJThixi38ja5c1vO.jpg
46279,Jormungand,/2v886zu4uziTmmtjRWXaWjf1QeU.jpg
95170,Betty,/ui9Ii7dKaEZBl0N0bSGBY9wH26k.jpg
1991,Rachael Ray,/dsAJhCLYX1fiNRoiiJqR6Up4aJ.jpg
61496,The Code,/d960SZCKOXrHQLFRlaGhlPUFEOR.jpg
2180,Open All Hours,/qzYiaAU7267DDcHFspXp7LeZmJH.jpg
91552,Departure,/b52lWChoqjtE6ZgMLK2XjA3unDW.jpg
136125,The Club,/jrqzdQtx89pBQXocFzsBknhfhdT.jpg
87518,"I Love You, Now Die: The Commonwealth v. Michelle Carter",/5393uxK9aqVUNbrjyZgeqTlDTmD.jpg
78058,The Yard,/njo3iQWyK6PXWAcbs6Ykx9gGn6l.jpg
104999,Floor Is Lava,/gZQfuCIdwDvu1TqvrURvyS8eMdG.jpg
37092,Coma,/sYzdFLCXOtJDZuMcdjR2SSwpYZA.jpg
37722,Dream High,/vqlPVNTnYNoXTqyIaW2oN1qV2lZ.jpg
21728,The Alfred Hitchcock Hour,/1VXTfckVsiNRqhWs9fdozyljuGy.jpg
101690,Inhuman Resources,/izgG2cJeuZKuMpGzcrhzD9IotOA.jpg
138357,Call of the Night,/leHfHA4tSA9WkM4UafjzDzsS5DZ.jpg
85486,Turn Up Charlie,/btVvUqEC081tqS2fE7AJ06i8lWg.jpg
25406,Jason and the Argonauts,/pYXkdXyqnmKFf01Yi6MkbfMczhv.jpg
95041,The Stranded,/rbu2TRcFvx2hcZudG4lWJ8FqCiv.jpg
130364,The Kingdom,/1P8oDpDUb3mDtz2bFYwSQeTupiu.jpg
75944,Mosaic,/kTmUn0TS1TW1hFB7IGwZDpwFWaS.jpg
1974,The Bob Newhart Show,/1fr5RZKEgLmhKvLHaBUIxK98YzS.jpg
46252,UFO Robot Grendizer,/2AakbthSwCTFnnAKmUP5K27xS1d.jpg
82807,8 Days,/bi6APA890lIOY50QfPtFttOULs6.jpg
71766,For The People,/a8QtXdn8d6yyoaCH2m5ZVrlJczk.jpg
31750,The War,/s2pJDvs6LZdijaiWCdSuLRkDryV.jpg
69225,ACCA: 13-Territory Inspection Dept.,/bEqDCv7IZBfM5mLMeAObvfKxJ9l.jpg
33544,My Girlfriend Is a Gumiho,/6GutxlEAvmc9GNKO6cwZ01JiRqt.jpg
107114,The Girl from Plainville,/ywYvAZlJYh5yKoYafFPeur0C3KH.jpg
15026,Elvis,/tFvDhocGunMXZDJw9xxH2TmhX8t.jpg
195339,Pantheon,/o5pY2byceLxotk1HEJY7bJ1rFio.jpg
86893,Tacoma FD,/mH0d0dUdHYkmHLAkoTVXc1FUS9V.jpg
67575,Moomin,/jfGQtNdDjRv9bj9TCPFxmoZ6QRV.jpg
93975,TharnType: The Series,/ouOMVDfDGryaSBrMdkj9LU4sMpq.jpg
2121,ReBoot,/5C2ZVZEZJdQLkaeO9cCw7rJ0EUM.jpg
58142,Paradise,/afUgGf1ehS7GC9a2tCFUdU0T2Ua.jpg
63645,Agent X,/7KYgoZgXuk1EkUkV797MXh8ik5k.jpg
117732,Buscando a Frida,/jpXAkjCgMOZ2HkrAkgLk9pNUWPs.jpg
106530,(Un)Well,/bC1CSudFJCvDm679fRtqdVHlDc3.jpg
2073,Mission Hill,/eKoJgrezNlGJLm0TOxKChQlTIJN.jpg
22002,King Arthur and the Knights of the Round Table,/9c5wiIgkKRwQetmoIZXT8g0ECDs.jpg
67134,No Tomorrow,/62aSvOG1GaIyR4TsqToOEnsmMJb.jpg
82798,1983,/zv2R0UvZ93hpeNcIkSKDeHtQC3S.jpg
127948,Class of '09,/tHA5i8GfQ9qyzDpUJj1upBGu7lt.jpg
4562,Seven Days,/tDE6WMNv7CujLs5o6UALrPC58HR.jpg
8616,Total Drama Action,/tGG1e2B6fnzMdhsMyZzRUVGktJS.jpg
84327,SKY Castle,/tE2b4DKYteipIBE51re62jLi6RU.jpg
202318,Crash Course in Romance,/88rQREli2xtoDV6HToJysp71ZL7.jpg
127424,The Girl in the Mirror,/6xI0gpmNljWQRCkB8UgSraXRB56.jpg
12662,Adventures of Superman,/3eKmwXE2A394l3GB9eIOy7kYm25.jpg
68148,Keijo!!!!!!!!,/8F8KBkwVx3WOMdQBp6lVtXy5YlZ.jpg
4735,The Invisible Man,/r2xvhDRpsQ8Oq3FlihPGDsND6vg.jpg
2292,Porridge,/hQBiyfTd8QpHuQe0UIeoUWFcno0.jpg
229962,Burning Body,/ttUAM6vZ7IhLfEFeBtWKVom3LVQ.jpg
14693,The Pink Panther,/uJF7qr1CiNkJcwj4Xqb1s0klI1F.jpg
80377,La Hipocondríaca,/hBrB5NIMFLooPWknUlUMlarGC87.jpg
63915,The Adventures of Sherlock Holmes and Dr. Watson,/6WxfaKH4KkruJROkoto84xIpVAf.jpg
65522,The Living and the Dead,/yIN4Se4XeP2JQ5dATrDlWv6TXlt.jpg
2557,Class of the Titans,/7MqOvnxvn7FF9JEMRNAzy1doEBq.jpg
73607,The Romanoffs,/chZjmnJhKt9nliQy7gvwIPp7QQm.jpg
3295,Soap,/kq2G0SjdVcZnKh5cpq9hp0MKvWL.jpg
69190,Hotel Beau Séjour,/hqVYJnIH26FCv2VLyLMBMWBs5n7.jpg
60803,Chasing Life,/divzwWoDznYdqn0FtwyPuQfacg6.jpg
208691,Black Butterflies,/ge19H0tu8EAfpmyOjCVL1p980h2.jpg
20169,H,/jEDfW3sXubipT3n5jjFI4TDntuU.jpg
205106,The Most Hated Man on the Internet,/o7T8kAyPtH4wfr8ifNgQyRBWIWM.jpg
32727,Luck,/ngiaLLLpGeRjww6ZagjZrg9elcg.jpg
67894,Nobel,/kI2lk4D8VPRYY1LbxNOfZEkqe3f.jpg
12443,Return To The Planet Of The Apes,/w5HvVZRFnZfzVtsNyQAVAzaNccX.jpg
1542,Frisky Dingo,/57wmHjOuBpTvsJhgpdrg6xn2veV.jpg
4793,Extreme Ghostbusters,/7E3jimDtr5oNNM3NGf8MP8So3yp.jpg
89604,One Spring Night,/gng7Ah3bYbVctiWuw6zVSKfEfY5.jpg
46439,Aria the Scarlet Ammo,/nq9JmAlC3pvmaosIqJY1eIa0PxO.jpg
84278,Facing Destiny,/f3KmuDL2Ng32tI1P1J0767hAnJo.jpg
7897,Cuéntame cómo pasó,/4Mh729idpeEPAtDeTOJBkd72Mnk.jpg
70793,Oasis,/z6xugLPukxof4VE7k8J7cQzuER6.jpg
72749,Hard Sun,/eROfMhluF1kxDHFS5wbPmjN2KvU.jpg
61178,Corpse Party: Tortured Souls,/aP72Yn8rkmZpGZB3fdzQBS3rlr6.jpg
92461,Bob Hearts Abishola,/7NQRz0RcN2ohT98fZv287YEddtW.jpg
43275,Ben and Kate,/uhzXOjujMk1c0Olp3Cha9lpNB4v.jpg
2603,Hex,/rYaZSE48K6usylHfC6QKsFChXmx.jpg
41693,Carlos,/xvKyxoAgPbytXZvAtZdKNZAoCEB.jpg
10309,McCloud,/kPjXgU17GXTKkg0gKJmvmHRW4Bw.jpg
74829,Just Between Lovers,/kZyBy282x8S8TRtC2MZev4SXl83.jpg
38559,Level E,/tdhOYnrkZhSr6wiLDWOKIozRhEI.jpg
128071,Jellystone!,/7SwSAG48QvvMy8jlAgm3LGt3VGq.jpg
69373,Bill Nye Saves the World,/6PszgaH7rYC9TaBypZTMw2J603N.jpg
1916,2 Stupid Dogs,/3Lyc5VqhTqq76vmKUn1an8rlnP7.jpg
3406,ReGenesis,/7kyIifZJEiks0ZSsuxi6bBCd8jo.jpg
87542,Darkness: Those Who Kill,/5kjHlWl5oN1fEY26Q8WTmJPpBRb.jpg
66107,Space Patrol Luluco,/bbtLVjV2ELZZjOA2ZruoozhL3rx.jpg
132171,A Model Family,/eRtszL5XtARh2u5JMppmtEtxJmT.jpg
134581,Kotaro Lives Alone,/8v2CVrPNC1pO0osxbia4FopGtLe.jpg
76557,Welcome to Waikiki,/pggzZamoLNTiRgoYz8WVCISMCqv.jpg
71733,SMILF,/yrHVP3NQgvMwGhjcA9W49P7uE4O.jpg
81127,Single Parents,/qL2MIOtTNLEKXGFZ0oKBqwbujIi.jpg
91065,Taco Chronicles,/w4eTwFJWM2RM9zjSZJCKakqp3PN.jpg
221802,The Nurse,/zxh9kjto6w8GMIEGigdLFot7pUK.jpg
106148,SurrealEstate,/yrwNLzth5FjydiXJK1I1tOKdAFs.jpg
64492,SHIROBAKO,/iItXoy7LNe8CB9a3LR2OSP3zCT.jpg
214180,Crime Scene: The Texas Killing Fields,/lIQN4JWtO0opwEVdUOtMqU3Yaaz.jpg
72742,Bad Blood,/ukrAdTtJHHEaDRUJmi4XYwBUpRu.jpg
80834,Revue Starlight,/hHtAr8db7knY7eundMhMFqFGkIu.jpg
83376,Fam,/vYUCvlFMNmEHGcfOdqP6ikvwisl.jpg
99491,Mystic Pop-up Bar,/ol3UYd3EfHmz5jz777jpAPwGxwp.jpg
61135,Finding Carter,/x7MXEjc8jTdN9D31LlHagIMCxpo.jpg
117678,Skull Island,/8XApFlqookjHKWuScJgUoWnpFt8.jpg
3504,Full House,/9V5lJ1z3sEsrEJXXFN8pzlMRd7D.jpg
82861,Bloom Into You,/iZNfwA4kbHwPRUzwIX9EVCTcUhS.jpg
94761,Diary of a Future President,/1rYfQOHZ3xVZP3usi2Q8TR9aVrv.jpg
119191,Bloodlands,/bN2OatesNWtOGYt7ipxGPs7rSCI.jpg
54315,Brain Games,/1hGDLtVGomV5peD1BcPN8HRymad.jpg
34805,Sekirei,/g5lGhwt2M3RHXPgfqgEHRvGM8F.jpg
208569,Will Trent,/qqMh6R7lDJ0ny3yB3bchLCHO79g.jpg
61833,Expedition Unknown,/4OiM6apNckkqo04I7TO5VmQl65R.jpg
12838,Epitaphs,/rlg3fLGmCMgeOrCE69mFRsMtRG3.jpg
18131,Ghostbusters,/3EYgeouoO5hUHF9eYpQ2ADsJ9ba.jpg
61516,Kardeş Payı,/5rsZr16V6yT4jyGB0QLkXi5yC5M.jpg
8042,Tess of the D'Urbervilles,/ykO1VJYTyw7uI8DYLz9Bx3r6lVV.jpg
43603,Hit & Miss,/8uyr9QX1LRBYNmMalPlHg3w5kvo.jpg
112712,Sex,/af2WkK4PqG09paffASqPeaIw5wH.jpg
62238,Blunt Talk,/tPPJbwR1Z1zZzTvXTu3DaCfUpgk.jpg
13967,LIAR GAME,/oSaZVSF5exQKXHIDotbTqA8ZntJ.jpg
61678,Incomplete Life,/kCRSbmFAwvGZrr93OFqQXn96rJ0.jpg
1562,The Bachelorette,/eUzMaXdmscyn04z7NbBVnseXmvx.jpg
127585,American Gigolo,/m0nRFOLYUju4XHG7v2jZZf3n6vs.jpg
94541,Assault Lily: BOUQUET,/iXLZtzmxRPMMYyNtSOysGWLEmd1.jpg
15149,Mujer de Madera,/tHZvUOkPSc0ymFW4YyNKZ8PuUsI.jpg
135155,The Fabulous,/1LnPNXQ8upwUT1dYX2ZopQXjmt8.jpg
2464,Wildfire,/mbS3CRtYz1HfmOWiMueaSnudOtB.jpg
196400,Mobile Suit Gundam: The Witch from Mercury,/gBkDlMaAVOVMRWWlRUHhkLAhNE3.jpg
135822,Kamen Rider Black Sun,/euD7DIigoWVI1iS3f5l3HnCGirL.jpg
3575,Man from Atlantis,/7Gs6U8s0wTcf4DpS2nK4kM4q17W.jpg
70,This Hour Has 22 Minutes,/7sP1tv9e2wZzdOATVZxtZN3DUbi.jpg
18828,T.U.F.F. Puppy,/1GXCXPd1DxhmHnO1KylbMON9VF6.jpg
31679,Last Exile,/yHA9G9NCk5HHmQhgzy2EEbRaXvQ.jpg
18150,River Monsters,/9pr2glIM9zjqMDDiHgZZzzrPAV9.jpg
7924,Corleone,/4K2GMwkZr9k0WOoHFEWpiXF4te9.jpg
5875,Anne of Green Gables: The Continuing Story,/r5a2840F2BCbhyh5KltsvUif0J8.jpg
12650,Las Vías del Amor,/33DVpUeOPt6sK7rc7X8a8v8TDNm.jpg
102878,Almost Happy,/gW79AtCCEXtvXyUmREMq0vv724H.jpg
61440,Strike the Blood,/rbGaCkEVS7PE5fKKMAmvO4XZXyA.jpg
62231,The Lizzie Borden Chronicles,/90SeZugS3ZYBlPUlDOf81kT9RKa.jpg
44470,Bar Rescue,/qa0EktNhSlwhV3TDMSfQZKB6ag8.jpg
67394,Midnight Sun,/jwXDb61dX6wyr4y6ZOdQ1LhGklg.jpg
65466,Marseille,/mZgqnJpfmPka87GFHfuVrllxLOV.jpg
125398,Moonhaven,/nvEkr0zhe4DKdgf2ylcwFxyEFok.jpg
111204,Cherry Magic! Thirty Years of Virginity Can Make You a Wizard?!,/77DWYclChQgd81JBTlRxTH7yiVm.jpg
197549,Las Bravas F.C.,/45gWJBV1JNbiP4nIPjb8oFYSjv.jpg
3004,Newhart,/MTZr7C0Somrw1GXjNnaPWsOS5Y.jpg
64726,Follow the Money,/naWMAOCPk2r5uq7TZZyNCgpL988.jpg
68005,Yosuga no Sora,/duS1xEiRpWZjBF98sL0zPQOMSHr.jpg
494,Alice,/iEEtQs1mPz3kvvaEFR7HVnME9Or.jpg
77778,A.I.C.O. -Incarnation-,/kZKj6x6Wa8xyfj2VWoLDq0Or6OC.jpg
36089,The Legend of the Legendary Heroes,/eYoWjQceJGSndCgOpuEqJmAAQxb.jpg
30946,Hoarders,/trN8Om68vjxPXKEWMIEoiQHkJio.jpg
74153,Lego Bionicle: The Journey to One,/7lzwz3hJ0BnMWStUKh83NzfH0uw.jpg
2513,"Dr. Katz, Professional Therapist",/wHqJxW6vCi8g3ZZJnFEDGcMsaor.jpg
4297,The Equalizer,/he4X6Ca0KUPOfkIwFshR9JcPs3p.jpg
21009,Colditz,/6EOJnZ5rLHourOK9v56yHJwLbbD.jpg
64447,South of Hell,/AvF3WStSLXh7ibT1OpU6XmCxtbN.jpg
86943,Girls from Ipanema,/w3S7O45AR4kEHoGpmGy9NZQ24KH.jpg
134365,Insiders,/6GLyZMKs3ndDstAxomwRbFbnFBA.jpg
4388,The Royle Family,/bx0JJyMiMnYJdCtryxQCrRe2aen.jpg
3090,Little Einsteins,/ur6dZkHaUhLNkOo1ishRLJ10Tvc.jpg
34587,Valley of the Wolves,/pBfmiy2bWx7tlmJKn5k636XrO5.jpg
37363,Braquo,/uZNrgZq8XAixiel5enJm0HpGJAC.jpg
3690,House of Payne,/2NdUdJnZnwI6skvm6OXWrK2D42U.jpg
69087,Voice,/faUk6eC6O5gizVGq8jkYj6OUgzQ.jpg
90215,Isekai Cheat Magician,/vtAJAku94Fm3OVsHx9w04XhsTk3.jpg
73178,The Long Road Home,/hMnUiBReooPHM4Ic6jZ4jT3a9W6.jpg
1013,Voltron: Defender of the Universe,/jKp5Pi6ndlK7M9698e9B66Hecb4.jpg
59,The European Side,/4JSQb4uFPNLunGsS9FjY9wYhOj.jpg
120140,Elliott from Earth,/oVpTQgsjFPAomcw8jKaE4IwFteB.jpg
114396,Love of Kill,/7ObHLrX4fb9Rpk5FBcDng8In0cy.jpg
210,The Man from U.N.C.L.E.,/a0nMOwNZXyJrMTPoaCzJJZeT0Yl.jpg
45516,Here Comes Honey Boo Boo,/AlHfkluI6VIr8fBTecXoOrQssZ4.jpg
1025,The Bullwinkle Show,/cAMWBJyYynFWxJNrIvVnHlN2e9P.jpg
207796,"El Rey, Vicente Fernández",/47leR43QzwZGcrtLo5ssRCP0Nz8.jpg
21220,Don Matteo,/eh5ldhghLRmwkkWyuJZDXJiptcP.jpg
126301,Super Pumped,/rGZ7Hv2VvPHKM0Pav6cHyX4jaLN.jpg
62511,Who Are You: School 2015,/snrF3YkSzsmUacDUtURKzZYZOfh.jpg
58823,Friends with Better Lives,/amSUQrW7siuXgjINMajG3klqV1h.jpg
5863,Samurai 7,/ebA9HuNZLscfmcWaOGHiBra0o1B.jpg
88028,Dead Pixels,/g5oLCCg8g0hmfFuOtiwEQ9SDiDY.jpg
202010,As the Crow Flies,/67tnyxNt6TkNmAIPkBemqPABTw7.jpg
113627,Call Me Kat,/eEwTV4Z397UgMlbJN3FQDdTOMpO.jpg
68960,Wolf Girl & Black Prince,/7uyXTR4jVTV4NvvDyJrhdZIgjc5.jpg
889,Eureka Seven,/8UEQjulTcPpVJhHvNosbBi4Ufq4.jpg
436,Still Game,/b5O5zTFlaiwXb8FrqqTA0sihJPO.jpg
26201,Air,/3TZsD9hh7XQYVpZYnokrR5zEDU5.jpg
50132,The Spoils of Babylon,/fFhrAk5IM9ofS8AksfLigX5shZ6.jpg
20658,Arabian Nights,/oMLISBzw6QDo60h2C1NGUL00puS.jpg
31757,Meteor,/vOAHAb1FIAvSX30th3OHlYAUn4i.jpg
135035,Partner Track,/ekb76bz68oSJrbYrDMCYsLI5I6E.jpg
42830,Moribito: Guardian of the Spirit,/1AfvVo4mtAfmn7kjdpk3rlFgdm7.jpg
87194,Special,/rc6jiKt7R4rwpeUdEXhhUK0WYA8.jpg
155427,Reboot,/5Ifv1Z5nYK19AQVZQkEpH0S0IcT.jpg
72061,The Loch,/8EMzjZY2fVaP6qO1MkgANDjm4nH.jpg
90274,The Alcàsser Murders,/cH3HIvjW3TrsMeH4fXBoRdVtoZG.jpg
65851,A Good Librarian Like a Good Shepherd,/lcTR9lQJKtwBYsUDsYKUCyQDfCv.jpg
13397,Masada,/kakVJ2TT4gCfRGGgRTL2FJOvbRB.jpg
44045,All Watched Over by Machines of Loving Grace,/j7SF5glK24tPGD13uC19KeoHOQj.jpg
721,Extreme Makeover: Home Edition,/nM43UpAWF3Tleshq16N8vLsMhGr.jpg
121241,The Girl from Oslo,/4PqlnzWJhcPJ3vDHD7av5ppX35I.jpg
104960,The Bad Kids,/i8XHjbwBUbybCQoUJbT89JpcS1c.jpg
3973,Spider-Man,/5xZac4wWUlXQmEBqIIKJ9rqXnUh.jpg
87712,You vs. Wild,/7ptKbiUDSPtdFAs7XIXSAw4ZjvR.jpg
94904,My Next Life as a Villainess: All Routes Lead to Doom!,/3sSuUPRnhtiSbVSIkzYHp5kPdu5.jpg
4489,Josie and the Pussycats,/y5CjUqhmxHqulHBZ37hwPXBCoCP.jpg
93953,Seis Manos,/gLIC5AigbrUYP2vHoBhmm687nnF.jpg
94388,Gibiate,/6AaCfEMkJlKxiFLchVmhJi7eDzb.jpg
68558,Apocalypse: The Rise of Hitler,/3N4GPqPu2d416ts5ETl3FKqWlrQ.jpg
98491,The Millionaire Detective – Balance: UNLIMITED,/i9Xwd7mUxASxU8ofCQc77XLj1Ff.jpg
220538,War Sailor,/fVeJkFAWjKxlfbD8Rt4foBqL71h.jpg
130330,Light the Night,/vBAQqvCtDLe6d2GbwDfcYBNJuVR.jpg
10100,"Denver, the Last Dinosaur",/ueBYepnqMgJIJ1qejdRKislC9Xs.jpg
11577,The Big Valley,/5J323H8Dl0dX6IEsMXhaxcLIQW5.jpg
65153,Rebellion,/c0BnaDnGZ5zucdyMPRtQZ96jqL0.jpg
214454,The Most Beautiful Flower,/udzRfQtfwIJn9intAqP8AbsLFaZ.jpg
67486,I Love Dick,/a9i4d9BN1PduUwAmHaJn7Qzf4wy.jpg
47600,Rogue,/fiGa4VkDw9lb2AqKUbZvNd4K1Jw.jpg
2262,The War at Home,/go3CjvK4lobyjWbzpWNOCUGAnrA.jpg
39354,Up All Night,/5JyUoqVp34jmfvstRJc3fAVigrF.jpg
4033,The Jerry Springer Show,/gcS4YTiies9tUKeLhTTxtUlhZ7d.jpg
4627,The Replacements,/iAv1Vy94PsGIXv6YOZJQYy0TMpm.jpg
82516,Unauthorized Living,/86RpBvHY7kzZWoXOhmeaEGo7jGo.jpg
62070,Ghost in the Shell: Arise - Alternative Architecture,/9zTsKmbEkzeWLMb8LOwUcyFsOcr.jpg
2003,Sports Night,/zIQdj3rmx036qCNYcZlLvmqcCPW.jpg
206085,"Argentine National Team, Road to Qatar",/dLeqKotFP8dTHk5fadCHlcc5iiV.jpg
61535,Are You The One?,/q0ffWnsnRiw0NM9bDppksVguxLl.jpg
109373,Blindspotting,/ilHepYh5gWw5QZuPL8gJ8h1ar9n.jpg
62168,Homicide Hunter: Lt Joe Kenda,/6QDuvq9GDGpau3lksoedlfNV4OZ.jpg
86197,El Barón,/c9MwIFMZupT4ziJ69pEkuKxrRaU.jpg
31832,The X Factor,/kSD9rowwCPn6nIwlitZ0vxkBU2T.jpg
2933,The Riches,/c8eyL7xBTVZeeqb9oDEADqHlNc2.jpg
79412,Bulletproof,/pMfMsFNwpk5kY5ACU93BZQJ2ay6.jpg
34102,Planetes,/cwC8cLZv8Q7BzOPhy11QpOU5J9x.jpg
636,Kung Fu: The Legend Continues,/ncY99oMyS8kZvFcloSV4WNxqYjE.jpg
34839,Queen Millennia,/wwLtwQaMu6jRnKcTlFzeO11nHtg.jpg
57857,What Remains,/bzrZ4X7KX0IntJko33JkxfdVoKd.jpg
202213,"History of the World, Part II",/6PlHUsScubMx3VADGRh1kIylML2.jpg
65712,Dimension W,/oS5tiW8fpwnBW9pwVvFSQ7pQtAg.jpg
67119,Notorious,/tj1PiPPCp01NhBdYVAnoOQAv2U4.jpg
67991,Making History,/oQvEkVxOtRlTqjRwTGl989oEeL8.jpg
133152,Get Rolling with Otis,/m5irEebuRQgSmZCAiq8a364vofn.jpg
99772,Vampire in the Garden,/cL7AmuHxCwDCu8d3kX93NTEDhdw.jpg
11436,Bigg Boss,/jnNUWKf7zMNvCYk5X657t7sqzzx.jpg
16468,When the Levees Broke: A Requiem in Four Acts,/o8YXm3gkRtGy0yQKfWvYNQXoblU.jpg
125676,Coyotes,/vpwfI3LRoWIQuoY9BlzT8DPWrT4.jpg
10083,The Fugitive,/gJpLOIYGYn0TyXeqnEhugd8RNd3.jpg
7525,Eleventh Hour,/qHZc6yDZsKrgD1feCMNnARez8Pu.jpg
71495,Tokyo Vampire Hotel,/aCEitKTGURE9yAowzCBfqrV5WLE.jpg
76582,Unsolved: The Murders of Tupac and The Notorious B.I.G.,/qWV5jwbQcPsQpLJnzB71gVIp9na.jpg
2674,Neighbours,/qwDeDAF1ACwffkpxY8bCZo1pjdj.jpg
402,Still Standing,/iMZNlCtkdJx9q0Z04thVwSQ6Y9t.jpg
2759,The Day Today,/5WInvNvWunCktJgs8gLGndjfO0A.jpg
65447,Rainbow,/1habNx0wDHcrZ2nCRs32V2bqdYw.jpg
61702,American Odyssey,/zCkrtf8QWK09Udnnso6mqnIKniz.jpg
77031,Vida,/9Ml7oytvsNekgaZiUvopV7oQeZg.jpg
72541,Inside the World's Toughest Prisons,/ebp1dNueJth2aLXRitU4decZY6D.jpg
53347,"The ""Hentai"" Prince and the Stony Cat",/ozAJMoB2ISUdfd7JLRKO12yxFNh.jpg
156640,The Midwich Cuckoos,/xfJtH6faQHUVxvKTdvMBys6I6j0.jpg
31760,The Last Templar,/w9Jx328RWKDlKBhtxTcMDYTjwar.jpg
64709,My Own Swordsman,/3CNDRNrq0k8kAXE1bqIWZFDTDeb.jpg
127643,Heist,/ttG7SIqtuYRLSHJWE27zdY71hJo.jpg
9323,The Jacksons: An American Dream,/4fHM1tTWf0n8mzxh4d1G2er7yPx.jpg
65693,Good Morning Call,/651V944nJJePplsYTA6yH5uZgAD.jpg
71412,Star Wars: Forces of Destiny,/a5d2y264VgYUvpKUNNT6EbL1Cwb.jpg
10190,Witchblade,/s7beqiNqkx9Bi9qHSi8Zo2rSEpg.jpg
37866,Tokyo Magnitude 8.0,/ztpq6SVVLrznYJBSATCPSkgT5vo.jpg
71016,KADO: The Right Answer,/qCKBJzeQgkINkxvMEfMqZobm4dA.jpg
67925,The Last Tycoon,/6xFGbliDbSrJX1hUp9jKdQUY87A.jpg
33297,Undercover Boss,/7SWB59uwzkxWRAeApEY6xt5Az1F.jpg
74630,Howards End,/ixhPFHnwuYZT0D9UPcE9tyZ8uNU.jpg
37613,Sueños y Caramelos,/emqK3MvA74bumSRGd1ftJ2Z2S7J.jpg
41822,Top Chef,/iEidqf0FmnTOFCTkbIzk4uPH2zq.jpg
195359,Transatlantic,/pCqUcxfxIAalYyaoDqMli8xtb1d.jpg
95339,The Imagineering Story,/oRoDeDXdG354ycOccep8HQ4HN44.jpg
188,The Animals of Farthing Wood,/aRKM4v1j46jxtHR3wfbNTUrYg0T.jpg
69129,The Halcyon,/3DFB7WVrIrX1426R67TR65QyRMH.jpg
60862,JoJo's Bizarre Adventure,/8PO6QwTuCQKucMAx72gREkWYwiF.jpg
128217,Aranyak,/1UF9jPy2nkJgYnYtEyX8JyPXiQM.jpg
137520,Bulgasal: Immortal Souls,/hGtsGoccGg87FBqsokkoyHWX9cL.jpg
2751,The New Alfred Hitchcock Presents,/mCJgmCdMZRArcP3pOg6cZ6OpxpV.jpg
102871,King's Raid: Successors of the Will,/A5rjiJcRwNuGQxYehOrsngku8e7.jpg
92807,The World According to Jeff Goldblum,/vvdsYCsCPeyBWqIMIwsVXiZISrU.jpg
126304,Generation 56k,/68JNaf3S7FlR6w9rI65kqi8PyoC.jpg
93781,Shadowplay,/vKWqlJ61exCULoGanpKLtevURwN.jpg
56817,Moone Boy,/8xTjUsevqYd3lYRpbDHk4ZOezTN.jpg
131305,Celebrity,/4u3OgzWxuIVdWHKn09sLqzXwk6M.jpg
73792,The Confession Tapes,/58y40dOqbUfUsurN2W12oZpGer4.jpg
89689,Dummy,/jeAguuw3JcWhYO9cqXAJqXaa7gc.jpg
93905,Sløborn,/8VNzLadoSKHl3vdCvMLF9ygQQKI.jpg
42953,Rin: Daughters of Mnemosyne,/dP4ASok5d48UycHnhG7BP4XCmU6.jpg
2886,Flipper,/20EltUp6f3dqY3YQBcVY8T2scuH.jpg
156595,Worst Roommate Ever,/zR9M7RmqYlIFYguZFI6JliEVXNX.jpg
43964,Zero Hour,/vRExY6DiLcDp4q4o8KJveDNmQwo.jpg
97113,The Three-Body Problem,/2IpjdDLbvDZg2EO3DDqqa01QknQ.jpg
10382,The Joy of Painting,/nHNtiJCHrlLi7BfpsGLvbP4tTMP.jpg
61700,Bad Guys,/xaUyUOf3CPV5MxaALRxUQMxsDvE.jpg
49307,Cyclops Girl Cypu,/j9h1MKl8G2D88sX67xNoVaJe2e6.jpg
2014,Saved by the Bell: The College Years,/z9lJhvymyzCWqZStaXmTNfd9ygp.jpg
223400,The Chosen One,/q464h5XGJVmzJhwqNWL4R6YTd25.jpg
12323,Beyond Belief: Fact or Fiction,/tVohPGwcwwbHFWu6gqPo6TLO0yO.jpg
71969,Missions,/zkrvMhdnFnlC1bbZhCYXs1Kkjek.jpg
227381,Depp V Heard,/hHWN42X42wqYEe4CnRT01YZYCBu.jpg
66858,Shut Eye,/hhuM4sXqkisJj3ebIsjRfGNrWSz.jpg
107001,The Idaten Deities Know Only Peace,/osCAbL4rdGUVLH3o2rlYZpDaiCb.jpg
80925,Lodge 49,/hhkuWEgRqMEEyMlKcziFDEEXo9E.jpg
4467,Late Night with David Letterman,/kSraSPTeNoiR60ti9amNqLvM3Em.jpg
2041,McLeod's Daughters,/twQwGmxL6XFdpSBikzINOdVm17M.jpg
40360,Ben Hur,/vdCOsvhnTMeaFcahrQCmG65KZXp.jpg
32549,Fairly Legal,/pISB4y5brd9wCyl9Rd3wkP8Q8fm.jpg
54511,Being Mary Jane,/eQOxf7SK3Nexi5WxDiKQrBa6oPV.jpg
201897,The Montaners,/rauuCjFvLmb2PAnABwPDC7egzCE.jpg
13881,The Invaders,/70iC5ma4zYnMpvJvg2u4rvPtUI9.jpg
13821,The Crow: Stairway to Heaven,/3tUsu4z4GzTf1iXFuU3OsdawaMO.jpg
93097,When the Camellia Blooms,/A0iWZGfEfvLteN9G62UM64QaQJD.jpg
65748,Roadies,/968LJ83vlMRUIGjlIpgThCnwvec.jpg
62814,The Family,/AciJALZmd0SOMht1QVyPAjpnfFE.jpg
46874,Fast N' Loud,/976AyeDT1isz2uAnYuQrjRkS05D.jpg
2455,Coach,/8s1OJ3wtmDlEFcLoaTY82UnakXi.jpg
106195,All or Nothing: Tottenham Hotspur,/a3XKreto3MMZr0MDycFWyNn8MQz.jpg
63090,Transformers: Robots In Disguise,/aDjBBKEkveUvlBSrNGvmUjhe8OS.jpg
82578,No Good Nick,/8Dx6nS5S5J3yXSbzGTgs0s4RBNv.jpg
92591,Drifting Dragons,/yOJaVdGH5P8MuHgIJa5T9Aq0yYk.jpg
135840,Our Blues,/sT5Mlt5UmKiGfBisccwmD4LnPRD.jpg
132009,Back to 15,/iWZzSoADrns90iSrl0RIk6gupVu.jpg
107407,Gaslit,/6B1EgOGOR5VPR1UK4ERlot1H5yM.jpg
81131,Fosse/Verdon,/sEaIa4BE4enjQE5Mrmm2X5jRgmM.jpg
43288,Beck: Mongolian Chop Squad,/sZc5WEjoPO6lNr1ReDDgAT2fgqz.jpg
63454,Project Mc²,/cMgLEPMboObXTq10Urt2E2NRYi6.jpg
78796,Lawless Lawyer,/qyKmE8j5RWnCVJK2Z2BV5OFbQ0B.jpg
58852,Trophy Wife,/wmTyEMtSNSsWyBnBo2DaKGpq7gK.jpg
39614,The Voice UK,/qg4Qg4gILixdvqk62O0lKioNxRQ.jpg
98911,When the Dust Settles,/kLBQD4oJXtyI48lz2YkrmfEFwCq.jpg
81337,I Am a Killer,/1dJcf9KiZ1lNgjiTv5H8irIo2Ky.jpg
40505,The Exes,/ngvNlJKZ0mb9Y9dym0tXxnfE3Hi.jpg
38148,Beck,/oOHVlOM3l0etyCVAWA3ity4EJqm.jpg
46262,Doc McStuffins,/eeGWJaFkxX0vvOFFpNFXrh9QVxl.jpg
83519,Patriot Act with Hasan Minhaj,/6seg6nQC3r2Cfpa877fRmGSqGiK.jpg
157372,Why Didn't They Ask Evans?,/1owrTHOdQPeaVbXdNllKwjTymB7.jpg
119819,Kayko and Kokosh,/vlU0w8OFlKjjUEfFLzfZ1MgLBqS.jpg
4585,Tripping the Rift,/yAWGCy2lklxLQTDFgG1UFcwyp8D.jpg
112615,CESTVS -The Roman Fighter-,/2teSdenh9YQOaNGRlg7XCgKXwj2.jpg
61333,Stigma of the Wind,/nkc297dsqyIYR6oFOBdf6p6BqqT.jpg
8459,Being Erica,/51RMb62ig5q2VWG9BOQBtsHjxoN.jpg
51476,Leviathan: The Last Defense,/1kNKmSR9BJUpjrGMcgG3coIGwkp.jpg
158373,NieR:Automata Ver1.1a,/qHSCYOXHV3EKXKkMxUvC9rGx4Av.jpg
113378,Trolls: TrollsTopia,/idpD7RzSNelzJqBBMFWZbzMfjUu.jpg
61260,Velvet,/2MvMjjdY1zNIKEjiTsbngzdYYfy.jpg
55,North of 60,/twsoO8NCTitfW4My9wKz2p5yJou.jpg
66862,Showa Genroku Rakugo Shinju,/hKceAbHfGM6MbLFZ4tnLPLkxFZK.jpg
81222,Vanity Fair,/tGOkEO5hVKPHa9Lmqa6zIc4hPm7.jpg
125952,Good Sam,/3daYD4eYimoQaPyKIgCADKUovcJ.jpg
66490,Guilt,/gRm3WojWDTXhmviAfWx8b6y8YVv.jpg
133908,SkyMed,/tOKUKERvfaOf7Dy2IAKT5HYYXJJ.jpg
87478,Isekai Quartet,/clts5tTaabf4KebibgFQwcyLSkx.jpg
74044,Neo Yokio,/dPC7se2Vi9vc9BSiCvSeV0pO9J2.jpg
47008,Midnight Diner,/rYiB8yVRDkFDpd1OO6qPyhiGUBO.jpg
90702,Coyote,/dzAwoFc87V2zku5FqYoijKfCOvh.jpg
112945,The Hardy Boys,/3Thr95IQjfGtv2OzkFdnw8a3Oxc.jpg
72613,Cathedral of the Sea,/yilnaUnOW4PR32jJSM3ROOE7ETQ.jpg
67027,Last Chance U,/8Gu5OupZlwfO0cwfRgsi1LfdE1i.jpg
72879,Tomorrow is Ours,/3uU5uJzOX7xe7mn7YKpBM9oiEZO.jpg
62119,Banshee: Origins,/kWotqI90jVYfQszswKQchQyA5VG.jpg
67706,Hip Hop Evolution,/fGEP2gNIDWJH7EMJfp2QWR1eh6t.jpg
13868,To Play the King,/uyTPnSlh7NKic8MgYn2GzD7s0La.jpg
3428,Super Robot Monkey Team Hyperforce Go!,/gcTY3iHLC1wm9wB4pKn2vvCxCfK.jpg
61013,Best of the Worst,/28zhmmJ5xZdH5AqKbce2AVnIfpu.jpg
318,American Gothic,/qajOMTtQ958JEpmokPXTruwA9qp.jpg
89563,mixed-ish,/hjb3f5119sh25BAxlo3u4GjQdca.jpg
70716,Bikini Warriors,/x1flMRqONUsqJFbNvDeMct5Xm7u.jpg
376,The Amanda Show,/kopUYTlUWKdAulL2vRjnVEOWKY2.jpg
110193,The Playbook,/5uF9KDU5oxcWdAw2x4k2QGMPyQm.jpg
73200,Loudermilk,/n9OpiTPynQDamlNyBPZgubMunKL.jpg
61775,Ever After High,/z0QvSo9CBIZvUOCoPqPiewhoFum.jpg
11157,Casanova,/bvjiITAnOZoLxfLmni1sazcbeWu.jpg
62171,Aesthetica of a Rogue Hero,/65y1Z0CaMYT31IUPgZYYxMgpayz.jpg
60772,Surviving Jack,/mDbKt7W6wQRg59dpGJUY8r9HNx2.jpg
115911,Orient,/jE5cgpooUbp8XJK7tPlJxjz5kp5.jpg
158053,Prisma,/pIchcp9TPlGxKqbK78J3NqK6akj.jpg
120582,This Is a Robbery: The World's Biggest Art Heist,/bB6pGUAAyI41SMuD08Wk9YQ8Yac.jpg
223668,Rough Diamonds,/dr8BsZpkMsw7YFqVCM6aLEog3It.jpg
55866,Candice Renoir,/rRMnzom4uxM2MOzO84LODaUrNUg.jpg
225780,Deadloch,/fYNBOOgEnaPTwZQdpdVMUGJDcYT.jpg
5986,Some Mothers Do 'Ave 'Em,/mO1rl37Jduy6wGxAE1pQS51qKwz.jpg
46974,Max Steel,/fuLkBrqnA5hzGkRoSN4lbVbXK0x.jpg
96954,White House Farm,/nZRFhpDUlGM37BBBYAWhznNxUH7.jpg
127599,Super Crooks,/uwK3cuYqeOsSaCw0uXJTqheyqzK.jpg
68293,The Full-Time Wife Escapist,/28lfvAfvYoDoFDXkPS49RWhDTJo.jpg
34045,Sister Wives,/l0H6tzYgxlaufL7yuRdM6y67sYB.jpg
111573,Roadkill,/g4y8qq4acg2Q41hCKKwYO69VIr9.jpg
61431,The Little Murders of Agatha Christie,/A3up62NhB1aH0V7iSXhNGkPP6zH.jpg
1655,PBS NewsHour,/n2ENKd1fKB1v12c9rCwFpjMz3mr.jpg
34379,Rake,/fEZ7l6pKP0ORZ26VsBjeEnRPKG5.jpg
16660,Mononoke,/uA7iEMDg8rXHPx401H1GBy5Fdaa.jpg
57273,The Red Road,/hlUbfYYGmWfLwdCh2H78nRomSg1.jpg
126400,Anne Boleyn,/hBDQUB2elhHMHb23RzpAlXBfYlo.jpg
88791,Back Street Girls: Gokudols,/fE3RtM8w8Hr8RH0kpMfdGGxKsrQ.jpg
738,"Welcome Back, Kotter",/xBNM75kZjHdWcE4brawakg1uQQf.jpg
44777,Starzinger,/v698D2DB3oPzau6W55tiA2QI4Eu.jpg
62959,BattleBots,/zqZiksZMPIhOIVrnDLV03XZ6x5A.jpg
40064,Black Dynamite,/wgQNwVqBZ7j9MZSG6Nr5n5Z2ZPr.jpg
2925,BeastMaster,/kp0BYJwFfPlkSejAoIGc2GR77bD.jpg
217,Inside the Actors Studio,/a6O7gKJQe5HWaMujYvdMYaj9PnO.jpg
4612,Pee-wee's Playhouse,/whb9VJJdDlRjJLrRrQl1NkyD3Dc.jpg
1574,Four Tank-Men and a Dog,/5S3nokzCXfB1E6thWQRGEZx1O8J.jpg
9980,The New Woody Woodpecker Show,/ptD1ZFlzi3T0Mijus6YBePYYVKN.jpg
100604,Stalk,/a9C48YHspvHQRgcDlzx32zrqRgK.jpg
100383,Almost Paradise,/wtmV4qF9ADKn8BQ1nHq3eTFjuaS.jpg
81951,Ad Vitam,/AmYzmu4Qzw0w0zat8esBU1us9T4.jpg
32419,Horrible Histories,/fwj7zkWHtveXUaB9cwrQIMvmgeQ.jpg
20177,Please Twins!,/8fHIwmRU1GnvlZrp1z0gVLsltyk.jpg
9987,WildC.A.T.S: Covert Action Teams,/yZ7xXDR1b65yXUth2Wc6B3N5s8e.jpg
1847,Never Mind the Buzzcocks,/ez0fX5nA68BJWL8jfP6dYr5WrcL.jpg
13859,The Rifleman,/tYf5Sc83chWG2nBlo5xKdpBBwlI.jpg
21667,¿Dónde está Elisa?,/muVJNZUhAcngtbGqPglyachX6Ea.jpg
119826,Intergalactic,/5ACNgLDwj51Wa86J6t9TQrFzDTX.jpg
70882,Armed Girl's Machiavellism,/6UoTzmBwC73sbVKjIwb0Q0kJl2E.jpg
83412,The Hook Up Plan,/nfuZCPZYpd5G1DUFPMjGNJ4ddsV.jpg
44457,Vegas,/oWRTzL0lRr7h0ChZAMFdIuYyCvl.jpg
44220,The Booth at the End,/dG15J9859DiWjiv4Luov4C4SULe.jpg
61299,Chasing Shadows,/nBKLfkLHoG9pqy2GuTWcVemylsO.jpg
4521,Jake and the Fatman,/3WBkepiTwgemGDZadyJTV5SmS4l.jpg
121509,The Upshaws,/bgtpwAsKNfqJmgp3zBxuSHMBAaW.jpg
96164,The World of the Married,/9jvgKYjMw3q64VMDHtNb1cGyMKF.jpg
65701,Good Mythical Morning,/2Fja87aTeuXxTEI1MH2IuHHSsLq.jpg
138181,The Tower,/gMFxFR19eAlDLvaTyD9a4zNALaF.jpg
135908,An Astrological Guide for Broken Hearts,/m9evrUJvsRsygxB6N2LRuRUXu7e.jpg
1791,The Guardian,/5USMJz2qw9QBd8yHpguYSz7RzKA.jpg
135799,Christmas Flow,/n35vysDI3z4wsHSpElErNXKsAMX.jpg
1762,What's with Andy?,/zdHT0xD9GVYeBcnPftB3XzKAhdh.jpg
156883,Holy Family,/eAzhMrghahXXCVXwQ0rfUuv9niR.jpg
34841,Bucky - The Incredible Kid,/zdlwMO0VEbtv0HHhqVnOlUPYnd3.jpg
70781,Samurai Gourmet,/6qieWfVYOAB0FRX5w4YSDaEdWfT.jpg
32942,The Hard Times of RJ Berger,/hUARCVWGE1BSOc5B3Fz4StF5nBz.jpg
93221,The Great North,/hJKxX6ccmMO3GxTwmI89SjHL7dg.jpg
127162,Maggie,/5kgwKKFZlrRCCRDGeRRNqep4Olh.jpg
4237,Snorks,/rQmrzG1US6nvVRdW4dYHIXd7NQy.jpg
1303,Tokusou Robo Janperson,/boP1BHIka5Dgh1qLtjBztRCyU2O.jpg
43069,The Witches of Oz,/ApRlpEpjF6HFBChikxbsxxA1bSH.jpg
53677,Merhamet,/84LBEXdRgGDHcrI9gPIj8yb3lpb.jpg
94696,Brotherhood,/igGrWYT2iOK4umpXoIRNCwY0sA6.jpg
2628,The Super Globetrotters,/9KRsLEJxPP2K5PG83ww8CT45LFO.jpg
61689,The Red Tent,/hSttE4mnZdmANv6snbK2RYncbbs.jpg
135895,Kiss Sixth Sense,/xEb7SmwmEt1LlzeABbHIIYWVxoy.jpg
62753,Acquitted,/ur2QPQzwKb5GfacYJc37eEYZlH3.jpg
39278,The Playboy Club,/mAlg24jS0Qsc4SmrLAzW79f7L9K.jpg
84651,The Innocent Man,/lXEZI5Huh5xY48mGqgcthl76k4g.jpg
81317,Forever,/dNKmZ96oGAAIHGB9KppVtLKOsdo.jpg
38360,Love & Hip Hop New York,/uaTsgKS7aTLkJptSchViKWJRz1h.jpg
4379,Riptide,/1bw5CgVgGDbPSX6YMo81x1ND9s2.jpg
102349,Middleditch & Schwartz,/66peZcEggw4xJHLQeBqvIsKG87s.jpg
108347,A Killer Uncaged,/15pagEZ6EKRDXThfKndHPPtJAIL.jpg
10493,On Air with Ryan Seacrest,/c2ioh1Bgk8l2GJSOUvq0OEi03pT.jpg
5341,Dogtanian and the Three Muskehounds,/ydPAimbFDUv7dbegtvUNsHVUPuZ.jpg
4289,The Secret World of Alex Mack,/j5A8NkLVhsqwwIhI0azgJ3pmpnb.jpg
82653,Bless the Harts,/havvMQWenLDVRMF46ncF1vVoLLU.jpg
93,Falcon Crest,/wWPlBb6ff89szCrqgeevAxlKniL.jpg
91766,Hyperdrive,/jvhVHPKdsyj1j2m3diD5mazl2bG.jpg
77393,Hitler's Circle of Evil,/yBzALprLvPsxIOGz8Jkky0d5NZs.jpg
99412,Vagrant Queen,/s83DmhvDxeVPu4x4ZpLQ3KmGe0K.jpg
114926,The Ipcress File,/dq9ayINjdgdUGD27YL8KgX6OhrP.jpg
86784,The Eddy,/dfpB5bU70zPtwhKDT6s9N3iNXbU.jpg
211057,Berserk: The Golden Age Arc – Memorial Edition,/rR9ldHnBcl98sCw0pwgfp1mfnG6.jpg
112138,Kageki Shojo!!,/9PBHtRI3ZFdE3UkxsHBxbkzF3pl.jpg
67882,Pokémon Generations,/4aRQRC16sFFOzoPWQju0OKHJrd5.jpg
196122,Jimmy Savile: A British Horror Story,/2ZEA9sDHYjlizdkQhO5mFDLlm13.jpg
76139,Pop Team Epic,/krWQxK4i5CWvkNCiLJKrz4GsdY8.jpg
6343,Painkiller Jane,/4fm2MBCpIqL3Be4TsFXNelIkbiw.jpg
60602,Fleming,/Ap2RdhXi8mEGsGrgfPpsVF01mSZ.jpg
201697,The Shelter,/k24u49u2Ox3AKwqIF7jDmz86k5c.jpg
31766,Wallander,/fTyD5mKW6Id4vb7qQN5D81s6waX.jpg
21731,Mobile Suit Gundam,/cmOSAwf5ZtVeJVJ9ckmBV7gSxPV.jpg
10424,Werewolf,/dxTYVBhxhAYiwhyONPmk7MQGDWF.jpg
84768,Blood,/aY23kASw02LgWBfoqBjLhCTZDTH.jpg
7626,The Monkees,/4d5DWhXb16EgXRLrbEx5qq6lL8F.jpg
74906,History of the Eagles,/eZIqLHhVsw4vLyB5tTjGrU1CBNd.jpg
90452,Tell Me Your Secrets,/5tF2yaF1LEqVUem6PZCQHgT33Vr.jpg
13841,Noble House,/6G1gQtPJsCGJhZha0F7AhJO8QqD.jpg
69763,Mind Field,/hkh9o5pgRfgbL9GfIqCY8b6Puco.jpg
77485,The Last O.G.,/4jJ4TfnhA6ph3NWic50bsF9Rwer.jpg
42556,Mysterious Girlfriend X,/xyYqsl7iG1bC8NEaeEVbkB34mhJ.jpg
60783,Bad Judge,/t6xaYRcLvUAWwaoGw6EoUG39U7V.jpg
197679,The Life and Movies of Erşan Kuneri,/AdmyBnD3GRBBAJ6F5EIcO6JjQO5.jpg
42504,No. 6,/fQl45oYuu0N4gkdW4fbstqqOozh.jpg
71194,The King's Avatar,/aXWmkDgM3Aq2SFCc2qNJlEZQSo2.jpg
93782,Romulus,/vJTuJmlclr0dlv8BdN0ykLGd9hh.jpg
44163,Broken Blade,/nNYgJLG64F6CjrFmsjldHaK33Ex.jpg
68505,The Killing Season,/kZXUf4j28UuPv1kccrS3TVwKEoJ.jpg
3103,Bananas in Pyjamas,/eAOv5rXl74n70BteqYDVHFhMfSc.jpg
94660,We Are the Wave,/28FYDS4KgPNBd4laI5JhJORjONq.jpg
121898,Parot,/5MJaTFzA8RCH7UU8cFROsmAyIoz.jpg
91740,This Way Up,/mcj3pxw0Z2xx4vGdKi6apWuaWll.jpg
134679,The Legend of Anle,/td2imRpNMZBbl3kXU2laYAFdqDL.jpg
4557,Lovejoy,/u8laLfmd7ZxxIFP3DUaqKnVRMFH.jpg
91270,No Guns Life,/nENukoEKKY3IVm6riyR1fhazrcj.jpg
88071,Trailer Park Boys: The Animated Series,/ncJAzlVu44RN9ZWWsxI5SCFuOP3.jpg
8838,Texhnolyze,/kNHeuQIczfl3CIJOiF8yFu1Hz9I.jpg
107703,The Big Game,/chLNbjo3QV6Sw47dH5W8ZxArBYb.jpg
4636,Viper,/zBNq9usIgXBhUw4jgHpetSvSZKp.jpg
18856,Hawthorne,/bZuFnSA7RtgEQJUBdHqbhtlbpmp.jpg
51046,Gang Related,/pQSAiKxKaA79UoraSUh1UyaGTrE.jpg
95011,Difficult teens,/xvzFT5HRoaRTTCl98KLB9NpztLC.jpg
73951,A Herdeira,/Acf1EEhOZwDNB0IuuICwyIDfYqF.jpg
1926,Ed,/dkbqibIYSx2wtQRCF37O5Vnnjx8.jpg
1647,"Go, Diego, Go!",/xn3U14CzlMJZdYRqIj36afpjsQl.jpg
123084,Run the World,/bsMOr1rfG0Vk5sneiWQVegYHfSv.jpg
76205,Trolls: The Beat Goes On!,/16w36qKiM6R6nyEuIhqhKqT7fbv.jpg
52698,El Kebeer Awi,/oj4XM6wpGRIcx3QoQx1PF1fx5E5.jpg
34124,Kanon,/2ltJVgd28CZVlSEptS8AajzufG5.jpg
80919,Still 17,/rufDz8f0SD86RyFwDNSQUROK51s.jpg
9899,Saving Grace,/kxasURRX1FHh1el6XYpSM2LGSVR.jpg
1440,Big Train,/Aq92acjWq96YHebXZx3ieDK7bjh.jpg
61949,Mike Tyson Mysteries,/18hTh1I6Y9gWJAZbDFy3Kzv4lmX.jpg
34639,XIII: The Series,/jGr9iZFXCl8XOnHOAj17AYz85fr.jpg
13266,Inspector George Gently,/3xfuZKWVxNnXhL8C6wVSnfM9Uj9.jpg
118102,September Mornings,/jgwKqw4Q9Xk63T5iD9tHaMMkjb3.jpg
80308,The Good Cop,/dksu4Xhq5HE6MuR0NQdvxef6v35.jpg
14705,The Tom and Jerry Comedy Show,/gFHmSEznBF0jQuh3jvDFMc2XBZ7.jpg
72374,School 2017,/3EGaQzyd4GwOy2CD4ORxRPItyH.jpg
1780,Art Attack,/o1QTIgwrkEqjrC4Q6sIWKZ61zcS.jpg
205308,Tomo-chan Is a Girl!,/h9TN2BltJ9Q7FZ5BYGQcHfYfEGp.jpg
77555,Cocaine Coast,/78dy0EIYmelI7uYiNP86dWmVbDx.jpg
2016,Mama's Family,/hRzbRLRJ8VgEJyTVyoVwDfGOfVr.jpg
26328,Ga-Rei-Zero,/2EVMtqOkdqYRNUmSROhT6ulpMS3.jpg
104647,The Salisbury Poisonings,/80CObOtHNCdROSPuPNfETW4OOyA.jpg
72429,Unit 42,/k6c81W7DFuKdSx5jtfUj7X8Z6NV.jpg
123528,Skeleton Knight in Another World,/jMhzjbRI1iL2ENtMnS3Zm3DBAJw.jpg
92611,RuPaul's Drag Race UK,/wrtV7Nea8DVTIZ9dPTwpj5Ec3yA.jpg
5632,Goodnight Sweetheart,/nlLmV3m2cuWyB187cqXEJzF1N2K.jpg
20574,Wild China,/eFq9p9hSqMfHC1hfkHyMldUvKyD.jpg
2537,The Fast Show,/x4lH8ckXx1xky8Y6Il1KJ2hHn0u.jpg
453,Mister Ed,/po4hZHoInhRvpOkwZ1nVcdyCrtC.jpg
69285,Gabriel DropOut,/dS5dut05RFNi3fOCn6iO31Eag9x.jpg
86164,Briarpatch,/3DwOQCVO6p87SlHKFwjwMmVvkcU.jpg
99995,I'm Standing on a Million Lives,/fsTPaGmiYVfl6KLxnDGDDpaqnJM.jpg
47323,Low Winter Sun,/x8tTZpyHY2sTmITWxjLfsYs4Ydj.jpg
65430,Baron Noir,/gINvtfRTIrmdJnKp5iEntGJR9X3.jpg
64197,Nirvana in Fire,/am7qBInte28xD8biawIRtu6ZuRZ.jpg
197242,Three Pines,/czgQMaDBnuqYyLNxcN76lw14duB.jpg
198085,Becoming Elizabeth,/84fIwd3uL6AIs4PcvBFCqI2noV0.jpg
47801,Last Tango in Halifax,/kpIubS7v8ClGhlW3pciGnvzMQYP.jpg
2813,Mannix,/sEqRn4uIFoxuDKMOL9Ufxq2OHd0.jpg
133359,House of Secrets: The Burari Deaths,/cao9YvzYZoP6ms5OZGS4xsq0y00.jpg
27813,MoonPhase,/oPgFOYwpbCt9eC6AJ2lzFSJmPIX.jpg
50042,Below Deck,/xMkYEWMGB7F7YfzJ24DPXoDj8vo.jpg
68098,Monster Hunter Stories: Ride On,/8WVq0KdNn6IT5Z6mgttKL5ja9JG.jpg
7597,House of Saddam,/5Hlyi2xSxHoGRQQY5MzWPaSMUlS.jpg
46459,Journey to the Center of the Earth,/zVzzmq6DPk2VqkZhF3fQpn60ekK.jpg
72633,She's Gotta Have It,/i3QE7Ee4zM1wQQvkajsqJiWYplQ.jpg
2849,The World of David the Gnome,/lowqkmV525TOvlOCXjtMyUtyPda.jpg
1831,Grand Designs,/4UiJCgR77N7cd8eJ4tolxhs8fGX.jpg
74170,Atomic Train,/eUCUN9DUViJkELq2iklaBKM5lyq.jpg
209085,Perfect Love,/g0Tb0bs0MBZoq37BpyFExcepbFX.jpg
69316,Eternal Love,/c7Pfx7dQiRsi1rU8N9s05gHnAkI.jpg
72820,I'm Sorry,/cHxvMuaDk5rbswQlt2BaKVzvsxf.jpg
69320,Trial & Error,/8o9taPRFH6TXCFDhjO3zKHiN034.jpg
198200,Meltdown: Three Mile Island,/6JGixD9P7hOhHBfiTpAdzWcpCxV.jpg
64068,Permanent Roommates,/jhLT6ms7HqEvdIyzpuXze8xEHmH.jpg
105555,Detention,/2cVC8EPHuLFVOwgcjDOrdYyWAaM.jpg
95632,Pick of the Litter,/vcPGkS4Wzj09132CDjWG337UJcW.jpg
155493,The Last Days of Ptolemy Grey,/r82gsvG8sAX6V3gWZL5hgVvu8un.jpg
95842,Joy of Life,/7NXlOAFSUPBujmWbnUmqnwNZQhO.jpg
46153,Wagnaria!!,/zF48i9TIZoZCc2YUj9Jg6Widi0j.jpg
42548,Men At Work,/roh8cMRx6BJhiwNNJwxFmQ9M6Bf.jpg
60607,The After,/kP8Rvq5C6zRWzYZJJlk3f1jXstY.jpg
88589,Jinn,/lzM1DpyGJJ84JzBLZnS2zlVjPQ7.jpg
63328,Grandfathered,/4kxhllcajbzQwjYiyXFGJKXmvY5.jpg
73689,Rellik,/trsaHyd2kg7ZIZKrNaINQx9m1AG.jpg
92408,Midnight Diner: Tokyo Stories,/m9ZbA9eJbq9Ke6nzl0AMSaYxbAc.jpg
62611,Review,/zT7Ujia53WOHsIh5FMprro8ia2Y.jpg
120317,Grace,/1BpIVXSmbcKqkuHOBKXFfjDTRBd.jpg
4684,Ozzy & Drix,/55Fo6toGvICYq8NTrluBkMPmYWc.jpg
124396,Sonny Boy,/ukIDDVyq1GU90QYzvVll8TKQLqJ.jpg
194704,The Big Door Prize,/w9iG3waL71PGlabP8kZe5Io6Igj.jpg
195821,Last Light,/eO3lnmd5ubKoweXhrGpoieGhmkJ.jpg
59134,The Doctor Blake Mysteries,/nQ9uCfDu12jLxMU3ea618LMvMyX.jpg
74100,Jack Whitehall: Travels with My Father,/4YmLWIECW3OE7NiP9uwUK35i2uH.jpg
57647,Good Doctor,/4pR9FCgtCj8mYFLh7tb2avCwdOy.jpg
105511,My Senpai Is Annoying,/53cIDRA1JIzMSm9W0LrOPQkGuFg.jpg
37575,Seikimatsu Occult Academy,/hDXgyNYZy9A2tlPsCL7xm4xPIXy.jpg
89,Titus,/Ab7WWSBFSYbZVXORydeEaPltG9K.jpg
61517,Our Girl,/4RL153WVbce7i9oemTzzBiD6B1Q.jpg
1862,My Two Dads,/h2WYpwOczP3sQjmDpx91CrRjm5r.jpg
11366,Big Brother,/hLowCXosrM2zSb2NRlmIEH2FIAH.jpg
88129,The Victim,/ow8vlCfGzZuUxipm0CNGRiCnSiX.jpg
112321,A Private Affair,/lmGRZEuIQtArmyGjt6Ay5Y74hk2.jpg
19653,Big Brother Brasil,/ky0CxomLrqZ2cOh92agjAKECEKM.jpg
34390,Skins,/hZekXjooNYM4ikufsQnSVVnjYDP.jpg
100351,We Are Lady Parts,/zpXtCSzRqXY4yg26ocb9gnKcGxH.jpg
5738,Bangkok Hilton,/cBt922Jlntu3uqRxn4MCSr3WljQ.jpg
59643,Restless,/5Yz5hY0WLC47yrh3JNbm779UELa.jpg
3719,48 Hours,/2St9Y6BS2fSBHIZAs9GOFHO7YOW.jpg
98510,Omniscient,/zqRkvPen8xg2e878b88RAPIPhU8.jpg
67639,Rocco Schiavone,/nx9qrlx0aPsDT7XItsYrVE2Yb53.jpg
61120,Running Wild with Bear Grylls,/sA3E8KlWPGVY2JjbsmtgW8Lk4mG.jpg
61460,Trinity Seven,/spklcFiiHyIbkAzhKw88Epp25Z0.jpg
12822,The Octopus,/2gLLftWX1ecorSXq2jBMosQAcKx.jpg
136732,Sh**ting Stars,/voYCbAvZVZ5brUzYv2V2WdfPhr7.jpg
4270,Living Single,/mgttYgspalxaLVrjJ9rxzDG9owO.jpg
95486,Falling Into Your Smile,/tUZIA55rA44TazA11urdbHRtYJK.jpg
7755,How Not to Live Your Life,/tXhU3uuQxidODJEAPuXCnO6G118.jpg
61247,Secret State,/igowmLbw204dSRb8Aut7iD4v1hw.jpg
96567,COBRA,/uu44VNAq6yhQi0PamsSXXYS1sLr.jpg
87826,Selling Sunset,/wUtoD67q4BnRUwikUbT6M38d5oj.jpg
65953,Policeman from Rublyovka,/3la60SBas5hWMP2C5mzb6WXL89S.jpg
62208,Code of a Killer,/wC5fcvb50bq82zhho09qWuxTz7S.jpg
48561,Tamako Market,/fcukkGngZn4O5KjrTGXr2FYk9LJ.jpg
106480,Fena: Pirate Princess,/o4WY3wl2i3dM2L5VSuJb3TlQ7zr.jpg
13335,New Tricks,/gydXphsV870HdOOH97g14L2ZXNV.jpg
153723,All American: Homecoming,/6kehchi6qhbVmBQq6AJjWuLmOOA.jpg
3371,Women's Murder Club,/60wKdEKCzp244Han7HLQF8il0Yb.jpg
122241,LOL: Last One Laughing,/jQA2IDhvceXTIdRBg8e1i2zmfKh.jpg
103752,Where Your Eyes Linger,/LnkeZTnRMNPhxzqmwz6f88NGYC.jpg
136745,Shining Vale,/4156YHzv8ihEbscH2Yp67YYtwv4.jpg
34891,Jake and the Never Land Pirates,/xLBvjXEUe4O4sfdXrRHhJOSJT2x.jpg
207250,The Dangers in My Heart,/mKhMmREBOKXtp3tlv9rnLRxZec5.jpg
115194,A Perfect Planet,/8JJa4gduVytwpXQzFtZNibRA6S.jpg
271,Ellen,/f9yc6wZLRQ3GSaN3IP7ailn8J4r.jpg
54933,Devil Survivor 2: The Animation,/yYErEL2GpFMGYHXS7kU1MCPqgJ4.jpg
84112,Hache,/f4YUb4SvsBXNvmkVT3doe6qxFdd.jpg
71815,Wisdom of the Crowd,/2gQB4t0VEK6sMBQKbBivDrp3S4i.jpg
71115,Arctic Circle,/b239FgK8ut5wu6IftmdcZuj4PJ0.jpg
58761,Reply 1994,/59OxZzM297jfXHKkZvXkX4ukpem.jpg
139396,The Endless Night,/wbCt8M0wDQxhhCa85yLgBvd5wMw.jpg
61581,Vanderpump Rules,/qovZ9pIWArGLTOguUFIWPccErqW.jpg
5375,Emergency!,/ue1o5MfUCdgCL2hc7PBWw6ID88.jpg
74606,Jorel's Brother,/3nwQQE7WlIfZg5VDLi5FLA6sGOU.jpg
37584,Ikki Tousen,/6qGU5z7ImtIdC8jqohVCbicBFjN.jpg
2489,Bleak House,/9Pr1LRmVzWIlzDPhjU424F9Hnep.jpg
102359,Peace! Friendship! Chewing gum!,/yIdpuNMMGt4oHESWxDDZvXxXylX.jpg
13015,The Addams Family,/QVgN8UOB9BHHSS6Z5B0UNwHD1V.jpg
106871,Long Way Up,/54abZr85RxwJxutOfKMaFwZ7xfh.jpg
70301,The Arrangement,/vqtG6BNCAtaYm3CqrYepjYUSf0h.jpg
158050,The Bad Guy,/5Fw4SQhCRZfmVR8QKVtCvRKSQqK.jpg
36046,City Hunter,/4BA0FDKiJD0N4ljYhlwOVjQKszR.jpg
35962,Aftershock: Earthquake in New York,/xhl5AuYBpbUtz8X0XSECcUq6amH.jpg
92911,Melting Me Softly,/Q6HxtIuwTmX6JfisUdZS0VYGxn.jpg
120968,D_Cide Traumerei the Animation,/qLRVeEZrjd966Vxh7W7mXwgXp5u.jpg
61598,The Border,/hdb44zgYqSzNgeUOT0Km7as3X0b.jpg
65661,Girls Beyond the Wasteland,/aJLi6OVKefgr6rVihfXx7zOi28U.jpg
1999,The Comeback,/mYDVwE8vDniLnxNLo2w1zKqZeBr.jpg
62812,Proof,/e29bfYMWzFTGszTZqVIHxyxYNHC.jpg
155094,jeen-yuhs: A Kanye Trilogy,/pDrZvecNSRHGU8Wma6KsBi4DdAX.jpg
45608,Hercules,/tmvr3LHTpR6P5Gc6nw5ciGRVdm3.jpg
4437,Survivorman,/6qmwgjvRmShlEJUKiOYFfGJHTbZ.jpg
196474,A Time Called You,/txBJvZ7cComCxoolgyedsxIyHKF.jpg
71725,Kevin (Probably) Saves the World,/k3uUik3FsGN3sn4g8pXseRwdRSp.jpg
137718,Tomodachi Game,/l9wfsCpH5Zot8PSskCShqiQc9I4.jpg
63840,The Kettering Incident,/eTQ9OObIpeRgq5vAua7wnbfXfux.jpg
83872,Beat,/uQI5At2xT1mv0Go0tz35TyGNJ6Q.jpg
208264,Untold: The Girlfriend Who Didn't Exist,/vWwnQYUe58TWAiQbutde8qqBSpS.jpg
18186,Eastwick,/9E3uLqTn1TbK2RJY5Ejz1vNQCS.jpg
83090,Folklore,/c5cSuWs37WHTXheC1N3PZpNxLZa.jpg
62383,Other Space,/7I489Kf2uNLNPEQOEJDudijFKlb.jpg
21036,The New Addams Family,/tTQI9MS2OSVp2GYD2BcoJe2nfwy.jpg
154887,My Liberation Notes,/olmfFeKZyQoTwj9Zo3Y5IUaioPB.jpg
79003,James Cameron's Story of Science Fiction,/qhanotOZnOdgmCZonug5anT0mFo.jpg
3253,Barney Miller,/wfrcuXAlgbPyUenIbCONhICH23h.jpg
21296,Sherlock Hound,/kraRnvjx20NIwtrKghcA6QOYqV2.jpg
208493,"I Got a Cheat Skill in Another World and Became Unrivaled in the Real World, Too",/2kTYmmOU8SsDxSijIDpz9vkT9la.jpg
152365,The Girl Before,/11FAvHhce6xrMqgumguAVZWmvSI.jpg
89667,The Planets,/oA0MnA2KMbWIWM03Jis0t8oCdW0.jpg
88510,Back to Life,/opMb4UHDVKCVSknT5DIPUaSRaSP.jpg
46698,Randy Cunningham: 9th Grade Ninja,/uy864Z278ijIfCxQGmPMSp6eKkP.jpg
46095,Uta no Prince-sama,/5hU5KQXXQyH97uZvnYfNrgBS8zX.jpg
206,Picket Fences,/qADC5L8vScqkLK11ZjNjkwYN2vn.jpg
72851,Live Up To Your Name,/ePXex6xKL7ij7BhC2KHjrXj8j70.jpg
58237,Silver Spoon,/ejzYFfbv2pA3udM0BUilTmHr7q1.jpg
91764,Sorcerous Stabber Orphen,/nWXrfd7HjbhRFTV3L2BPSNF0SK5.jpg
13418,Neverwhere,/wUyt319OOeflDQ1R6Lav2Uy620c.jpg
3962,Masters of Science Fiction,/jfImSgyg58tcCckUSuRuPif9GHA.jpg
39416,Geordie Shore,/7iYqRrmU9bkhrgxzWfSev9O7XVe.jpg
69773,Apple Tree Yard,/7eNIjuiLyAGZx6ILVGWWouon4YU.jpg
84655,Rilakkuma and Kaoru,/lzohWj8xtowSXJVN9PsJjZAf1B2.jpg
64237,Historia de un clan,/217iob2GBrON8lAASXJh8v23Dx8.jpg
31670,Air Gear,/8NabowbefXIBY4xfkWoOtc19lGV.jpg
64777,CAT. 8,/syWxP9YiXU4T2mPSQrfi1WD3wvG.jpg
39659,TIGER & BUNNY,/7wMu4oweCllUTdFFjAhIRTh1L6p.jpg
212818,Hot Skull,/9YiwXZ8pPnxEnWtRtdOgaKqXgpe.jpg
517,The Ultimate Fighter,/k3NlkqDeYmKTsx7QIQWjXXo0DeW.jpg
33507,Total Drama: Revenge of the Island,/eo6qAfLRkUCWtU6UGu8Jx0MmiKg.jpg
45658,Metal Hurlant Chronicles,/m5GXXqXemWtinkIllv23Uia1VTM.jpg
116793,High Desert,/kj4XQzhszyu4YFQ9HgN3iQOCp4A.jpg
43168,NARUTO Spin-Off: Rock Lee & His Ninja Pals,/1ZuRLgQGPG6K5fcORJQpsmIurZv.jpg
127325,exception,/5NnrjWKuHnsgKZMAdXeBOLq6CbW.jpg
207704,The Girls at the Back,/jpjylMOZl94C9WrvNCmHNhAanv8.jpg
68800,Rillington Place,/ctGXy23If7F5agJUu0kNG7bte6t.jpg
73325,Million Yen Women,/ihjh96TRyrzMAi98vbcdvKv5cJt.jpg
87811,Persona,/hV7VMjl1vI9oHRFKLdycobzYOKB.jpg
78,Dateline,/fjymobW70x2QrCrKaq5ZjVFSrsR.jpg
103783,Little Voice,/vxzWAyNw7T7r7a6aQdPe2bahMPh.jpg
39320,So Random!,/ymbNwsq62KiusOlNyVZBTqVqHrH.jpg
67012,NEW GAME!,/oPLML5V65Rd80008DyY113Y20Nr.jpg
9555,The Life of Mammals,/eySrmDnjJIe1Z25BBcdLthakkKW.jpg
127,Boston Public,/yUEMfetlqwab7mOzrZIoAOGwfKi.jpg
69008,White Rabbit Project,/yzh2QSPKzTi30Q7TYTT14QxlOB5.jpg
2076,Silver Spoons,/u0R3oUbGITld0kfvdnfxr8rtqAD.jpg
72690,Save Me,/bNbrGcMxClqvSLZo7OwkRn5jEmv.jpg
71867,All Hail King Julien: Exiled,/woKlR4y3QqCZUnGtpxFf3sBuDPe.jpg
206709,"Belascoaran, PI",/fzmGc1uFxwBfZHhwRe8uhxS1MMr.jpg
77551,Tales of Innocence,/ijzCBDGQWeM9SYW8kwbPspKzHcP.jpg
3945,Where on Earth is Carmen Sandiego?,/lj5HNwvZKVvIco8wHBfFlrFmpw2.jpg
121131,Scarlet Nexus,/lMNT7ayoBldk3Jz42SK5I1G2gf7.jpg
99099,MARS RED,/z0AaUo0hCb2RF2JGr9AmaDyJj7d.jpg
96425,The Neighbor,/6UXK97fEBhEq4GGNVcAX8zl78LO.jpg
35094,Wild Kratts,/px8TU4mK3dgKReu5pBemHhANk5l.jpg
102360,"Coronavirus, Explained",/6gcgnWLWbEURoeA0FCjUOtCfDrf.jpg
30901,I'm a Celebrity...Get Me Out of Here!,/qhX2AryYKi5zgeKYIJCHsA9l8JC.jpg
85843,Kono Oto Tomare!: Sounds of Life,/8Iro3QEDkPsqPNrA9UWhFUAgNOM.jpg
39983,Prohibition,/dhZKY66U37aIJVxA6OsR95efTkI.jpg
90721,Rookie Historian Goo Hae-Ryung,/ijHgv6ZbvW4ZUu2QbHwOSb3YPTK.jpg
123542,LINK CLICK,/wo9jwu5qMvXzhW2cyy5E6hOVs92.jpg
196749,The Quest,/nNQvnKK6TZNF6ibEzuCo6OLNdKz.jpg
76690,Sinatra: All or Nothing at All,/cTzGBX70bPf8pMfn409swAr6ghN.jpg
113137,"Girlfriend, Girlfriend",/6vvqfs1Q4lDFhlzSNO5bWY4I4S.jpg
101359,The Secret of Skinwalker Ranch,/j8PpovebgIhrt89AQVvkogcX34v.jpg
18664,Cake Boss,/9OkrZDHC23Q8xc2dKX0yVJDjnLt.jpg
20053,Smiley's People,/aGNRfWcIjIlVJfHsIgSfH7ZcMSq.jpg
76131,"Kokkoku, Moment by Moment",/dNqfchtJscTRd6Ar80zVHmIH4lI.jpg
17635,Forbidden Love,/s6wMCLUPrN5d5gLO03KxnUfh9OC.jpg
67468,People Just Do Nothing,/uLUan19OV2aauGmpEU51Y5Ofez.jpg
56783,Student Council's Discretion,/hIMIiuE2cN3AUlxYVDh5eq07jqM.jpg
12144,Magical Shopping Arcade Abenobashi,/Ahw2UR7BOasYPbsWA55t07tnFoJ.jpg
212870,Killer Sally,/46WBP1KGrI9pPstPhxkBvNR0T0m.jpg
35257,Vicky the Viking,/jIR2RCOSRNfZoBYqwVYVfrcf9M6.jpg
65879,Houdini & Doyle,/yEyowhS6l1vwvvu92mcdrdUogXn.jpg
65934,Flying Witch,/qCt7fkDeZoVsi1mCIuSfzvily9S.jpg
45966,University. The New Dorm,/4A4uzjfTCbS8Z6qYbLSHE9l5XG.jpg
42276,Isabel,/5HWmfBsyc13rhougLQWt56cvWEM.jpg
66369,Upstart Crow,/aaCefKIYilykJ8e7HA04wyo4RIw.jpg
212921,I Hate Christmas,/oWLkjy7bBoOOzGRf54btMY2yApn.jpg
1585,Dragon Tales,/pwAe79bXMfzjD4l4s2k1ZFXq8T2.jpg
74104,Superstition,/qQ9XiufNl4R0fH6YrX6FFpLDdav.jpg
110862,Social Distance,/n0S3xJwIuhOewXgaYS4zcm4rkDq.jpg
62595,Guy's Grocery Games,/dNg2v7SQLOOYn23rc5dJLgSDgYh.jpg
499,The Osbournes,/fxQInFCs47BaNPPRWQqqgZ2qVBk.jpg
58808,The Secret of Crickley Hall,/a0WKfSZavXH1XUMh3MxKkRFVuHo.jpg
31867,The Green Hornet,/2wDWTFqUxo9h3aRERXTI9TDbfxG.jpg
203504,Aashiqana,/a4Z6Uohb6Ln5vcPvMUzwyn3WBjP.jpg
61880,Garfunkel and Oates,/ssli1RoRtD81vuHPj86OtKJSnBJ.jpg
115567,The Cook of Castamar,/pf7u8l0NQnECwG06dC94s0ZJLpC.jpg
77032,Sweetbitter,/jTDgxE9xwNpiKoZqGo0VODC6cAR.jpg
91267,My Life Is Murder,/qRdSW7Jg4e2RLABpliOKlu181.jpg
86636,Nailed It! Mexico,/e0cEPLAJdYkRBhrw4xsumnKv2HQ.jpg
32843,$#*! My Dad Says,/rNaDgCmn16Bdy0EbU1gY6ZJpnhA.jpg
78533,Jersey Shore: Family Vacation,/w9bzs5aESomtSrKi39NKrre5tC7.jpg
62290,Thunderbirds Are Go!,/xXHH5VkWcaffaNfbwrbGpWIlBNT.jpg
74547,Lifeline,/hSOGzV7NBKxcg6WxmzKVZmCApvf.jpg
6056,The New Statesman,/xHFmn2FDQE4hlKCbnYE9dVBSiQC.jpg
73605,The Lost Honour of Christopher Jefferies,/c8rB8k3iiUQZRi6ECo5VTlXoE6k.jpg
5314,The Company,/rxBchxWLVuqjG4kk1IhDAUMghr9.jpg
57755,MasterChef Junior,/H6blD1Fj34JosiCCt764mZn8RC.jpg
724,The Oprah Winfrey Show,/tY1qqz4dfSreH9rjkW7fqug6ifX.jpg
110152,The Last Word,/agF87jI4RaovHtt2upMreJ81UuM.jpg
69632,Superior Donuts,/m5wBoPar2t9yV9lkwnMZLOcxwga.jpg
227322,The Surrogacy,/iQwiJfi7kov1DH147k8EGCm14q2.jpg
4165,Sarabhai vs Sarabhai,/sRnOYCAcSoPhUbXS0vnbqp5rMwL.jpg
139686,You Don't Know Me,/xgaMPHjbv1RqeVocoiC1y3quyeM.jpg
32940,Accused,/nfeqQPO2hpw0NYG6xiK0gWUC2l0.jpg
63761,The Carmichael Show,/g0DgyieyTGYrlQvT3xCjItF8TbS.jpg
99671,Trigger,/7rj9mfvj0Vr9f9G004GuoVufu0F.jpg
1459,Wonder Showzen,/tgXqlZG0ruHIaQLzXMmkXLONb4d.jpg
61148,Empress Ki,/cH9PMmBkhtVMlCdi8fgvMqekNKi.jpg
62172,Gangland Undercover,/uUmANMGhx0vaw2vfvT0JdRtdQGs.jpg
32515,Dance Academy,/dauOWEXAN0ZdHdxm1s2AIIt0Vur.jpg
16952,Disappeared,/8dwPtIg5UxZeqwAmzKJYo7tQ6oZ.jpg
72682,Juacas,/9WRhDUfhA7oh39GaJq3UYujoIEe.jpg
135894,Grid,/e7qMr6JXZINCZrRfKNi8aSE4amw.jpg
61933,X Company,/1O3REMtCAdrSaPrDxPM3W2fNcEJ.jpg
118169,Colin in Black and White,/6oFDp6npK1Obi3rMhmDXVOXri6D.jpg
130273,Annika,/8jRoGLyOnTMyLhWajG0ye6KKw0h.jpg
111088,Dead Mountain: The Dyatlov Pass Incident,/AuWChmTOgUxCdqMULdafRWWcq5G.jpg
2204,Brotherhood,/1Qb3qTvq1Wo0HxzfwECTuj7Aa80.jpg
1028,Holby City,/cyQZGDCfRFdmwiH4519c34UKnG.jpg
70595,Man to Man,/iH7TlkTfhPesQdDsPSTqdagm15y.jpg
1763,Braceface,/95K74OfPru4LPz7EJ5PAd6uhijz.jpg
69760,The New Edition Story,/uFgTXYL16rRcrAuHS74zWIalhXf.jpg
80750,Moonbase 8,/yaKYtbkozOUFs83cKayXYu3ikrh.jpg
157084,That Dirty Black Bag,/vSk9On9NPZKX9e4zlu7ribuRIMB.jpg
14264,Cranford,/gJfwVxOgfG4kSVNuoQfZ6JiaEZO.jpg
52083,Amagami SS,/fpMyFbUqu3eFl5Xm4sgGNEamrdE.jpg
81791,The Day,/ohMueg0lRJmu7FTlFLrOyZE1bX6.jpg
4727,Once Upon a Time… Space,/p0ZSPFtVLEryUdypEqt5s6Dm4W1.jpg
75506,Here and Now,/AwgpV3fHOg9K5S7Lm5VAyznuGN5.jpg
65553,Crowded,/e7FwiyuzQp5vmUAkQLPLp5OedWm.jpg
15520,The All-New Popeye Hour,/ePyGlz6tGN5M0VkmofgkYwWg8xd.jpg
1042,Revolutionary Girl Utena,/riqymWBPqKmWpIvS3lVDYjZhwQ5.jpg
42499,Waiting in the Summer,/pMUxZ4caIS1oACUEVTLIHtKN5JG.jpg
69060,12 Deadly Days,/4NHB13MAyydLwQW1nG4kDJWn2IW.jpg
211855,The End of Love,/e0WBmIJiapZxIPIuYRRSCffFNKe.jpg
194899,Represent,/7QqFilEkKSPiU2QsWShTjSf5wgM.jpg
86733,Traitors,/3OI66SF1M0bsnP6kWh8uqJORpcT.jpg
130567,Welcome to Chippendales,/cowPil7lc6c4giarDYWP0ZbK8hs.jpg
42099,Kuzey Güney,/eG35U9iYp6cWigQxIpzwlPEPY0l.jpg
35348,Necessary Roughness,/ch0k5IfqOan8YkVEnVebbK0Sk0n.jpg
7038,Top Gear,/A6lSTF5Inf01qZkOaR8q50y7uiD.jpg
66083,Castle Town Dandelion,/hUNoM2i6cArHYxShohaxNiDn067.jpg
5689,Takeshi's Castle,/5rSiau1StRsoiaR9Jdxa2rQIML2.jpg
35282,Charlie's Angels,/4UiQ46T777kvKJCx9F9DAI3HajP.jpg
3151,Popular,/eROSmxuiMQVIwcIqGBZHd84OPa2.jpg
1225,Flash Gordon,/9kKqbxsXSzW1H6Se46mOcZm7Rhy.jpg
61635,Remember Me,/2YH1gywyt5mGOcM6ar7cgOqKRH2.jpg
91746,American Rust,/sTYqo79NEndA8IY8ZMjNeVaKpKo.jpg
218194,Saint X,/wViKoQ7njLujruFWBMY5NUzj7EV.jpg
71736,LA to Vegas,/qrHza40GGG8Xt2CWuynMiA4aV27.jpg
85046,Shrill,/6UijftiNULSMEMPEDaYtI8C7dFh.jpg
2199,Tales of the Unexpected,/vfG5gafbtxtfMvgDdNi56evx4Og.jpg
15886,Minuscule: The Private Life of Insects,/fkLXRBQilYKamYa2FIWqnNGA4qU.jpg
66604,New Blood,/zBD5YNIZTODl2E73ebe2Te7wD4k.jpg
75967,Corporate,/yyNEHFRGGFiTDdpPN0BN5DU90ct.jpg
3345,Land of the Giants,/ljbqDwgOoqYvQ6WRnuLr8QleEkH.jpg
82007,Immortals,/ay66XbbDSpVVwDQoKZMyB6bZv1n.jpg
31731,Gunslinger Girl,/2tr9uJuGdMFzWfXF2tVZvpVaRXe.jpg
6046,El Tigre: The Adventures of Manny Rivera,/e5zWLgzechHpXxAGpqKFJzjj85H.jpg
71386,Danchigai,/upCe1lboYysrt8SANIhaHjuEtXQ.jpg
46653,Maron,/ArmplYr71G8VrF7UVXvFJWabwkA.jpg
88110,Intelligence,/xOTbJN5xHXNpxZknnJUKHK6EGK4.jpg
4569,Jake 2.0,/9FsNMBuZhdJ7FwXUroQZE674FLn.jpg
111474,Gabby's Dollhouse,/lyLvpLsC2WzBFZm2cIEn3VgKwEf.jpg
35106,Outlaw Star,/9KZZmrsHuIHyIlrd7fgwsHvMi4e.jpg
5283,Max Steel,/thDuNE7KmVowSK2U8JVAEa387sH.jpg
33273,Love/Hate,/oLnOU5wYp7I6egnI6lzAIWOqS1D.jpg
68430,Live PD,/2I2KNf7jZhtkuVVTCqdIgGiNmlI.jpg
94002,Oktoberfest: Beer and Blood,/4feT03w8nrxw7mNS3nsFdP23bfd.jpg
132316,The Unlikely Murderer,/j5doyEwXiowg2mrjKsS9NSvPs53.jpg
226772,Sleeping Dog,/uvswZ699J91DBcN2d9HypGJ6GOh.jpg
61474,Gonna be the Twin-Tail!!,/9QxPxoiVRVnKnLjYIQ5tgvl2SuN.jpg
16690,Mi Destino Eres Tú,/6QBk9ersspOxGYdBOQBNsxCVVJh.jpg
1886,Tutenstein,/64mxPXRRQEMnPNJB9VdbbVLATdc.jpg
129516,My Stepmom's Daughter Is My Ex,/eQMIfN5L2eIwOeFep6Dt6H7X4kg.jpg
3957,Case Closed,/AoaALjxHIRRyqrKmLBf9JHAwGm6.jpg
81157,Bakusou Kyoudai Let's & Go!!,/ptP84CfR8oigi3jnnIHEFke7fae.jpg
66869,Good Girls Revolt,/nNsEg2qlCZcmonqAdhxJEq9DSka.jpg
79787,Coop & Cami Ask The World,/cxsG4ej3v7r6m1ZBrECSR9e6Fgw.jpg
122285,Wakefield,/5sEYtkSEnnesXXfqgAwY5WEqUGB.jpg
429,Corner Gas,/2auwYcyedZ9GwrwRcVMijIPMO0T.jpg
62927,Wicked City,/myEcHo82olJ5HM5IC9hTCehSpIV.jpg
3283,Wild Palms,/qbwMfA1lWZUPNX0YnEuoyzEcEcy.jpg
21732,Mobile Suit Gundam 00,/puMDGbGRKwfvRNTxPLNedXRJ0X5.jpg
113256,"Banished From the Hero's Party, I Decided to Live a Quiet Life in the Countryside",/93fl9eC3niiPx9tgBJS3KDVqBJ9.jpg
34015,American Restoration,/XN4w0a1CLbwcdAiRzCy8wAnS6s.jpg
1588,Postman Pat,/gfBUntQ7m2VeDupfMXkTM6BFABB.jpg
98734,Bang Bang Baby,/AoBsoUBHrlanwkcYPZWllXvc0HB.jpg
4660,Adam-12,/9hY1H8A6sPghNNHPQJYMgJYpemZ.jpg
45247,Chihayafuru,/x1yYnCaK8gLnLgQSnd9IGoapHbx.jpg
60719,Alpha House,/m4IAk3Wefk5OpVAH7lnMXgjwbrB.jpg
11174,The Professionals,/dcWbH33uUGk8pKmIgqX3hRkBNeN.jpg
134465,Crazy Love,/wQmABWWAGsifRGn2nltTJRLEF3Y.jpg
49008,Axe Cop,/v4ETEzVOIFWhnLNM3n04gNMknWv.jpg
111726,Move,/mhKG2PQWikMb7IkdNhCaR9AHS2f.jpg
114905,Love You as the World Ends,/Apui0mKGLrR1jSF4jzgEUBS4fnV.jpg
57406,Arpeggio of Blue Steel: Ars Nova,/erZZ8bqu9eg41CFGZ28BSyQrM8X.jpg
1533,Caméra Café,/1kd7wM61z4qmmjiuN2ZzgTJp07.jpg
164,Dark Skies,/nBNPfdllB1opBX4FWL2w2UkrbHO.jpg
385,Maury,/nGupikkb35m8e6RjrtxEcZlgtd7.jpg
62097,Jordskott,/1Qg4FsXXJSA9tyyjAJNRJeypF51.jpg
50878,Empresses in the Palace,/enl56z1WfAGgwZlupocJ3sURJ4N.jpg
13923,Journey to the West,/tFGqs95XzGo4pwhBvexeKu0AuXK.jpg
98735,The Pharmacist,/kbh8VyM5SVG0P3ingHK8xOlArSw.jpg
3303,Space Ghost and Dino Boy,/hD2ciSqTHxnvF0MQbJdMBmi6XM4.jpg
152471,Ghost Doctor,/sH5yEo5xvLmqWAz0PoDtY1rXN07.jpg
72635,Knight's & Magic,/mbpcMYqB8yqSZfgeRsAEZSrRvLR.jpg
41280,I Cesaroni,/h6EaTBCOZlSaAEOTiaINzsYW9VR.jpg
92779,My Girlfriend is an Alien,/5e2owvs9TWVsuIacTFxJGPp6KVW.jpg
76572,Soul Land,/6E2kaDlU1xlV9dWx0NZFbOEmFWZ.jpg
123525,The Faraway Paladin,/AlUFBZNKSHM0tw9MZMF9A3BIPeK.jpg
85958,Malibu Rescue: The Series,/w9eJhVAEe5HjWLmd5OlaAEdY2q.jpg
74911,Savage Kingdom,/1CZhxbKA8NzPmCbWMzdLcvwu9CY.jpg
38409,RuPaul's Drag Race: Untucked,/oQCg6XU47n6nC2yH11YvmNTAlGf.jpg
79013,Innocent,/z116jf0W4gzJZsLNyZVsboULCB8.jpg
74096,Just Because!,/6YVFhHB3e9FQcPALS3RbyPt5ZSh.jpg
202864,Farzar,/h89bKlWrHcFSBGXsNNi1ArnUPHf.jpg
73099,Man in an Orange Shirt,/quEsOLHDRfceciUaHbjU3k25OJN.jpg
128015,Wrong Side of the Tracks,/dJWFFoMgY0t6CmsbRlR2TBazfqt.jpg
74902,Heidi,/8AgGpuktVJamxvjHnRmCGmjURu7.jpg
66620,I'm Dying Up Here,/v9gzn1Jk3R18PH48RTGSQfWhpAj.jpg
71437,T@gged,/tfacaZ6WZ8dJuKYiH0NcHPV9G28.jpg
97064,La jefa del Campeón,/oZnuNln2lWUZjZ4nXBwUS3G3cqO.jpg
21733,Macross Plus,/nokw0Ou3Q3EZKYSbWCZiCMFYmSG.jpg
2602,Snuff Box,/zDw5D35cHX2P5Jy3VWLSLlAhluB.jpg
210213,Gannibal,/z5c6ECVDCXQzPbDfIKzwqENkSjU.jpg
46707,WWE Main Event,/dFBJvUjDNYdYTU5TByakm2ED7i6.jpg
82681,The Cry,/A6VxM5rYkFFo1HsIjW3XABMGLvf.jpg
79932,November 13: Attack on Paris,/9TdpNQfW7VwUxIkrOxWzpOtlgun.jpg
72649,Hot Ones,/4uudasFgKCVQFNGqfanD6wEGVS1.jpg
119772,The Devil Judge,/41wc4n7juC0A4XNROYTDvlndi0E.jpg
4448,America's Funniest Home Videos,/1m5fwwUrFEUsPllKAHGvgeJMJgB.jpg
88561,Reef Break,/oZkIUk12jijhkqLI6fXWeLkTG1C.jpg
23406,Trinity Blood,/4AQhO6n901vUvpzXntJAX7if3pp.jpg
13865,Edge of Darkness,/2etMft3bSdXC6xqhEWSXVb0IjLv.jpg
89624,Almost Family,/kexaGm01R3RuXRGbtlmf9QcRUXN.jpg
11145,Intervention,/voryX0sQ7NjWmkuYy13IZBqwT2d.jpg
3127,Jem,/ytMf6ZQF67urGv9LYYXzgdpqfvv.jpg
63809,Camera Café,/vmdCodGh2nUPRDBQbIVsxGaIMyK.jpg
78869,Clean with Passion for Now,/6ig2QeFmZuiHi07wpD4OULQiUmx.jpg
66671,Agatha Raisin,/fgTaESCmIjvH503TV8t3dPu2im4.jpg
83941,Encounter,/rqnH60vjaqa0NiXlh41jjt1NWwE.jpg
68035,When We Rise,/gVv55e6QpYrNg6phVkTDefJYFL6.jpg
1887,Alfred J. Kwak,/AmAj7dvDCf7f2rKQY4zlycFSF7Y.jpg
56559,Theatre of Darkness: Yamishibai,/bF6QY4w7jr8UNHtEQsNmh6DDRML.jpg
71806,Valor,/pJKRWAp0ZO8zM5VhGlISusLrbXs.jpg
66014,My 600-lb Life,/rmS6nrKAscKwt91OM6KcOal8DO6.jpg
77284,Tempted,/vev9N5Iiuf51h9Gx0TtLkiP7ZVT.jpg
1477,Sheep in the Big City,/v8Odrud2q6rnkJM4qlzUQYsgBBX.jpg
62641,Witnesses,/n9ASDOhYyxt8riULdyy0lPyc97B.jpg
204684,Oddballs,/cCJ60PDEXgavJ1vxWAjW1PMuZd6.jpg
37780,Silk,/6CGT22Ja3mBa9mt9BbeSwD9lWJp.jpg
61703,Allegiance,/a3JebriAnBipohn5qtWuezuA0D6.jpg
210879,Rurouni Kenshin,/9qvWdco2AsLvl6xIwUEh0MbyG4E.jpg
11634,See No Evil: The Moors Murders,/b71BaRjp9TwxUZodLGgSRIlkfL8.jpg
6066,Verano azul,/mfRyMbvpssP5vSs3CQaRyGOGpT2.jpg
110911,Burn the Witch,/eNq68NjT1KOdorphIqYeZF0BM9b.jpg
94925,Spriggan,/xw3wplPpAweQG0Na1KmAdrx90lx.jpg
158646,Is It Cake?,/uOTQN0313ZDx3Hhm3gteMXgj8qq.jpg
73314,Borderliner,/sGRMKHKi6l8Jzkjy6PqHDMt7G4q.jpg
65517,Cooked,/qvldYM2RUEvK3w2M0YXlrJWblkf.jpg
61161,Black Jesus,/waKmWSLtmi44Ep0Zdmbfkl15chn.jpg
83256,Arde Madrid,/kPSbTjQ6wev3iGHh8fmcyn12aL7.jpg
105053,The Long Night,/wU5L7mZA0Yy764D1WPP2403d0MG.jpg
14636,The Secret Saturdays,/A6ulaU7kehrXmMOhuaBW98qx2aL.jpg
91252,Daniel Sloss: Live Shows,/lQYap35AzK1i3wZC3xIgMTOdpUA.jpg
46374,Katanagatari,/1CINVja7GUEDna1lZDPRgxlsrm9.jpg
5080,Doctors,/thZKqMWevSJVTeAiedy40umvz11.jpg
79208,Magimoji Rurumo,/yeTec1XPD05dnunlFtbarSfKgU3.jpg
80587,Big City Greens,/buRk2Vrz8UhF5nZUOADSRZLEU1f.jpg
131028,Thirty-Nine,/waGdgjWyrNWCkjalIytRT8SirHa.jpg
26318,Slayers,/w2uH5HawdFmH94U3BmQPM5m7Zzs.jpg
47439,The Phantom of the Opera,/o3ywmRoJUyfVH6CSDxvrX8aAOLw.jpg
157208,Semantic Error,/sHJ02veZB0sQ9ducWRSZUwdo16n.jpg
60910,Life Below Zero,/8YzzLJnJ2i5EWWMjrImEKNdvxPv.jpg
105476,The Dungeon of Black Company,/uMjQbW9KzThAkS0mIWJ9mGy1YVP.jpg
21734,Super Dimension Fortress Macross,/rF4dltR2NIaNx5zYpKl9x50zCBP.jpg
95717,Someday or One Day,/tZF4fNtVSeTPSp0k2jp4qrupgbb.jpg
223035,Montecristo,/lXXc7XywZT2PkCfLSFbqxEYHKeQ.jpg
13791,The Devil's Whore,/xWUF0cERovge3CrTI646FX0CQbp.jpg
47335,A Place to Call Home,/ctjoNliuHbsRK3asfSjP7z8qhum.jpg
140,Martin Mystery,/nAxpKhVuaMmPXx4iLUPa7lpEySY.jpg
66080,Kuromukuro,/6XMhVgeBlimKneB77AxLSpHqmHq.jpg
25126,Fallen,/f2I0lwI5c7WVwZOhYgK4QSgWo4E.jpg
158439,Marie Antoinette,/kjSUd1WSi0a5wfvNNGsR7RPPP7B.jpg
126396,Sophie: A Murder in West Cork,/ggM1EUJ4KbxMY5uyZ6X0zfznoHY.jpg
66806,Paquita Salas,/erux1rMNTW5hohMocHnQebNHvj6.jpg
64375,Mobile Suit Gundam: Iron-Blooded Orphans,/x5M9yxvBhrUP4rsKSl3d9VzK7O.jpg
16372,Ángela,/g9KtAWRcGpLDbTQDyEft1mzEU22.jpg
46087,University,/if5fDKNWpT6v4BH3jajGOqKt3xQ.jpg
37473,Rave Master,/eGKx06UAZz5fG0WbsJAjhGjR8SZ.jpg
87969,The World Between Us,/79SrWiXdxuEmhpXY2MD2e6HPLKs.jpg
72425,Restaurant to Another World,/g3Um55vfwHDPxvo6jmOr1zDLbDz.jpg
61174,Bee and PuppyCat,/lSvaxHqan42Y8zTX28GQx1MaL0p.jpg
57818,Las Vega's,/pZuK2Dh4reXt3tmOuuSx2zJqpIi.jpg
117061,The Detective Is Already Dead,/8gCOlj0bXa2cQnXSl4wRX5tVIA0.jpg
2331,Phoenix Nights,/jZcUdxCsd53o3Npp53wD9hfOZCh.jpg
64482,Game of Silence,/gswUy1jd5lZJFtpYNMW5ZA3lRUI.jpg
39045,Alma de Hierro,/otktgIoWiTlUWvrywojM0w2VjES.jpg
105249,The World Ends With You: The Animation,/6qbkiUDUkJIcb5Jgc6kYIfBKE1i.jpg
39803,Moby Dick,/bsEsjQpnlMHnnSA7XNfxceyhYbk.jpg
30810,Pointless,/vhKxgbh4QvnBFU1jRYSBiizWpDg.jpg
85837,Rust Valley Restorers,/iie281wQpFiaGq3KBCrN1Yhq3LG.jpg
61546,19-2,/3UVgpebTCmlW8URV1Y7KlN1mWJl.jpg
136763,I'm Quitting Heroing,/oflTB7Ddzw2lCBEADGQCkjp17OW.jpg
218961,Drops of God,/9VxIqKXkgVWTZ1y5c3sKQQi6NvO.jpg
153378,F4 Thailand: Boys Over Flowers,/mRpG6gLdLMGHRUriG4uCLs6WzLQ.jpg
215546,Luv Is,/niTixlDw72jJiDqGwG99TOAx3nd.jpg
5911,Gary Unmarried,/VZxN0PX0DAYlhdH3Qt0xUJ3g1.jpg
62111,Shadows,/anYqLjFi1CuGQDIlsSuEfTEBjBz.jpg
205657,Fortune Seller: A TV Scam,/eHU4sXB5DKqCfopd6pwMyeRGtNs.jpg
5373,Angela Anaconda,/dFp7Qupi4MGVsVvSozo4J9Ton9d.jpg
72025,The Jim Jefferies Show,/oGBUMBbBFlzFH41TADyFpkZbPWw.jpg
70048,You Are Wanted,/aFLWk6TUhHLzru92oNEVQ4nfFea.jpg
156988,The Undeclared War,/k1BGSW4mvpnXYM34OqiCtyZQhEC.jpg
119773,Law School,/52LCQBgB9Lu0djjIU24p6YI5sQk.jpg
97079,Agent Hamilton,/A8wKCnzR2lksFuO6XyJZUUYddRP.jpg
120155,The Greatest Demon Lord Is Reborn as a Typical Nobody,/dtULGP3qRi932NzYGsp7u6q6zAS.jpg
38960,Quick Draw McGraw,/sO3zz5GyNktwHUawceeD4QRpPkm.jpg
100825,Suppose a Kid From the Last Dungeon Boonies Moved to a Starter Town?,/mvsIMKsSlAu4XgnTsPYQf41Im0H.jpg
76141,The Ryuo's Work is Never Done!,/lbHY3xFcffIQddcldG9WaEVWWhn.jpg
13925,Ellery Queen,/q5AXlKI4SGXYOJLmi6lN9StWqA2.jpg
122009,Bad Buddy,/8slFjcbVZhr3rTTvrltmpLhdj4N.jpg
206344,Vortex,/mkORP6XFqn8q8fifOX5tpUIaUPS.jpg
122978,So I Married an Anti-Fan,/6lUNLwwN26iljObP7mknkA4vviE.jpg
117945,Joran: The Princess of Snow and Blood,/tvM2DRD7QXMb15VM5HTcPj81o2C.jpg
97009,The Disastrous Life of Saiki K.: Reawakened,/yGRlLrCkvXU4xXQ4JUzTBBkI8nc.jpg
19123,Total Drama World Tour,/xBJdymNHzCmiIvN4hSis59S8mcH.jpg
139798,Single's Inferno,/86zkkFCrNc4VeqvCANTmpGNgFEF.jpg
2177,Land of the Lost,/4AvO1tZUsoupwSQ0Aetr93JJJIf.jpg
41703,Spy,/m8ACo2NVcTBz2HF7VxhKdtLd9sG.jpg
13493,Producing Nobuta,/ixWhgctOusVGTD4vGU09FL1ndDB.jpg
19521,The Wonderful Adventures of Nils,/nwlcv4fmYV2v4t41RFXXPvFY2GR.jpg
118321,Allen v. Farrow,/jXC3tk2apwPxDpFHQaQH5ATDhlP.jpg
60805,Brynhildr in the Darkness,/A8O3GlJESEjfRnV72Ju50AjxjB.jpg
34114,Cat's Eye,/e3c7U2OKnnOJeug17CRThQs5XIx.jpg
80398,Kally's Mashup,/6chlpqlvGEX8aC24zabaJsAC8bi.jpg
102788,Fog Hill of Five Elements,/4eI6TxXxlpDL4ME2vusIxvz6HQ6.jpg
88548,Put Your Head on My Shoulder,/zVYvodC12ZHGVPHX8LJjZHDERmK.jpg
61520,Sanjay and Craig,/lG5DEK4kJPecqeelVT4Lx45NwDf.jpg
4250,Last of the Summer Wine,/vjI4WdHda9ckCo5YIYVhc8rl6SR.jpg
62807,Chrisley Knows Best,/sefZZ5595xNl8o0QTRaNLrlbkdo.jpg
79053,The Split,/vOxXjqBNGXTjZeYCsEebljiDkLj.jpg
42329,Bunheads,/eSQxZYyOiQ4ZUuM0hCckKFlqVX5.jpg
60911,Fixer Upper,/mpxlr6yMBBA9VlzMcJTP2KZZBN1.jpg
87445,Senryu Girl,/4W2mdiVE6vKnSumIQyD3g2S7Mw0.jpg
105696,Scooby-Doo!: Behind the Scenes,/fuUbTN4jocXYhtO526wCZLqPzLU.jpg
536,Mona the Vampire,/ijBRu72KJ9JRTGYjyJT6yzEbaj7.jpg
91269,High School Prodigies Have It Easy Even in Another World!,/8uapInBBn7otCQRAbjkUJxniIp7.jpg
62987,Darknet,/uMDuholBSIBHW8zr5iL405fmSaa.jpg
46268,Moonshiners,/brgOpuQs3nhqRKQWomMv0jpHqxM.jpg
2144,The Lucy Show,/sdmFoI7pKzE4XoIVrVNt4ouXlbH.jpg
15150,Palabra de Mujer,/fyh9m7TGNqOMU4Ai5sXV1Ct5ani.jpg
61422,The Fruit of Grisaia,/bbyEffAlFj2X53yG37VQSgg3uL2.jpg
65383,Love Live! Sunshine!!,/bur79VHvAZKFzeDGeEfpoPtTQFi.jpg
128068,Gone for Good,/cm44czNqZfPdKLfzr7k2Zf0K29w.jpg
85389,Surviving R. Kelly,/nH0q0ePjZKfqXRe70oueVJ5rDDS.jpg
84915,Sydney to the Max,/hEK2rKRvbQL6p66TRjkmuKBxdRI.jpg
99688,1993,/w1hMZOQn4VdNuR5H1fkETn7xqM7.jpg
10980,"Have Gun, Will Travel",/tMxuIEqgWhlGMbGfuVEmbxKTeUZ.jpg
66990,Sweetness & Lightning,/p7fkGhOSAyXbPJBhggR6xcuNtP0.jpg
46169,Mayo Chiki!,/cjzPoz7uJkLUN3Ji3lXZuXyP6yo.jpg
42307,The High Fructose Adventures of Annoying Orange,/9a07S3C2OUdiVMP5jRIKitFYhIM.jpg
64506,Z: The Beginning of Everything,/dJxnK0conCaxk3HU4YPb3aQs9UZ.jpg
63822,Delete,/xLuGgssJPijVIjJnr49PjSrKyYc.jpg
15003,Tell Me You Love Me,/pPdoG5kNcQmsIne4Hq8SoLunpJX.jpg
76497,True Women,/x12BkCt6JFzQq4KUJOSYTjxdETX.jpg
88,As Time Goes By,/hgpSfLu6uzGRB4SLz6Jtai5T3Xq.jpg
4381,Good Eats,/pM6pRwACDFGej3utLXnTzRiipoR.jpg
67673,Harley and the Davidsons,/zD39hlf8UPGpCvFA1uCBzfEjLAc.jpg
94107,LEGO City Adventures,/w7HPGA6eSyem1fmP1JkaX6Clllx.jpg
42421,Panty & Stocking with Garterbelt,/x30AnDeKx6nbo8qTsfvLEVw1zNH.jpg
1168,The Real Adventures of Jonny Quest,/vx8KdVNOpHVBR0x30shg5kcGnd7.jpg
34539,Daniel Deronda,/cytQ4yNq15TSllNnrtBJwgprVar.jpg
97766,Rugal,/lLXeqmvJ6KnWz1ifLMBPHYOovCt.jpg
62936,Sex&Drugs&Rock&Roll,/qj7PJgee5NNfWr46cKn5xuMiG09.jpg
129675,Everything Will Be Fine,/rGUEKs6jUgfGu4jqZjuCid5lDE6.jpg
34144,Shigurui: Death Frenzy,/me1yCtPZAC6kEW1IGWW7XxJASCt.jpg
60901,Welcome to Sweden,/pS1Jl528VugcZmBsWicNed5gWO1.jpg
8650,Life in the Undergrowth,/6kPzgTTsV7bnIRPRiIb576hnuB.jpg
87932,The Virtues,/xj6eGPbkGGoGW8vSTZdSF2svBZt.jpg
213608,Our Universe,/h2vjL6bUmoTu3vLVrkgoNjTgIhN.jpg
114,Nathan Barley,/jAd2zeYyWv89L6VRMAtPsssAZ7r.jpg
68634,D-Frag!,/fLk0HqJw43bke7ImcaYNQjoUeEP.jpg
37100,Akane-Iro ni Somaru Saka,/14wvZEk52mRSiV6sK0ohaAzhtEk.jpg
67800,The Ancient Magus' Bride: Those Awaiting a Star,/hH7sRsez0BkSsN3bDaNhMAIoOox.jpg
10952,Rawhide,/lz5B4BoaOxNJuvjGe9LcS3GpBEK.jpg
17784,Arabela,/ujdoOQj0ts750xMREaOCyxtvrj0.jpg
30729,Our Russia,/aXbMtH2D875eNPOvOOdsQX4y4NT.jpg
71680,Spirit: Riding Free,/jRJYUWTH1qyTL0us4dix6wasN0A.jpg
66902,Below Deck Mediterranean,/u88QjNj1xyGwnZMtSZjA9jDNNro.jpg
94137,Exit,/l4Vb8N6rP3TABM0jKqWSaOVqwDX.jpg
70875,Grimoire of Zero,/hqjNMqv0Pj4idFHsr5wUQRyJ8rV.jpg
26777,Chosen,/dy76pp1vNiYy7398UwHLkRTvlAf.jpg
87372,This Is Silvia Pinal,/yWl9k3oUbwcCZA6NU6uBsVXpBMz.jpg
11982,Max and Ruby,/bIiWnjewlhINR1bv1sRfBiIEn9a.jpg
205440,The Watchful Eye,/A72yzhDcZwGckHkQ7JzXyHUqCIO.jpg
32697,Harry's Law,/zaxAqo2tNNL9zN58YtXorKLo4wy.jpg
127617,Elize Matsunaga: Once Upon a Crime,/u72BqaSphIMZYewR3oaVH74K8xj.jpg
94617,Grease: Rise of the Pink Ladies,/dGu8u5F9Cjn9Ij2aMYtGmKHp5m1.jpg
212869,Ancient Apocalypse,/zvEXNgE13GZLlbYdbZj4sxu97BG.jpg
61472,Prey,/h0eG18ljQoYj1zgHT1XCmS5h8s3.jpg
106308,Somebody Somewhere,/1GkoExnlnyTcyGWIoHA4YG8mysc.jpg
96488,Interrogation,/oJAvkzejtQzqwsDjkd8Y0m2oDL9.jpg
1731,Blake's 7,/x6t483BboBdbvExp5abk4yM7fQi.jpg
1271,Hardcastle and McCormick,/d3ZWBPAlcmYwvA183aI5z1mosv7.jpg
7714,"True Jackson, VP",/fDuoIlEnpFei6ZTO9n4JyCVsyYN.jpg
19744,Nature's Great Events,/cbzbvNe8ht9jSHKsNPXfx5I9BWi.jpg
85232,Bloom,/z3WXdwV8AyFMiygnuA33aS3NuTO.jpg
30301,Archangel,/a8nIZ669NG0d1jhshRiwBnqBCd9.jpg
79481,Fights Break Sphere,/5j7V8xTEkkOPQWFhFFhk7XJOnbr.jpg
86129,Bless This Mess,/ibUyKwysja93kq4qC9Z8lqFHFjE.jpg
123548,Castlevania: Nocturne,/tslJx5LPn2aXX3USGYbh0KbglnB.jpg
349,Point Pleasant,/hwVJnaxrC6GPLISLrcLEICurKH9.jpg
2072,The Bill,/bMd4T647b9YdkbQvULyndBNV8uL.jpg
284,Dirt,/JZs8u8XfZJDjv72LUidoXdb9qz.jpg
59687,My Cat from Hell,/fWv8df1gs1RCtEWdxJKGOeZxqEM.jpg
4590,The PJs,/hnG7T3imysNr0bTEXTkhhr9gjrz.jpg
47224,Jekyll and Hyde,/1hyLMZCJ3DUNQS169DCyQCFpLgs.jpg
65300,The Real Housewives of Potomac,/dnw16Rp5wss3wCQOfFVjmP4tgzz.jpg
2650,The Centurions,/88Krf0EuJL7FXbN5oIWJdQob4Vg.jpg
85519,The Other Two,/ApxMECghkUmVVNugyrIu1skZbKH.jpg
71796,The World's Most Extraordinary Homes,/2ZitFF1bfZKQc1lPTI76jkTRoLs.jpg
5027,Baa Baa Black Sheep,/5bOUw3Ca4mZgoFaHHshrqD471vQ.jpg
220229,Waco: American Apocalypse,/eKsgrhu4qiuePmGmuVCUI84IfAD.jpg
72644,Mysterious Island,/ea0BBhtuAVtOosZwVdgOrtj8oRD.jpg
136741,Roar,/eht88y50jvgWCI3Q0Sfyu4o3ad1.jpg
52850,The Severing Crime Edge,/aJIQ63qHGlb1iuUhLWUrwpkgoyY.jpg
110412,A Perfect Crime,/r2g4LcosEOoEOxD2ICeIlw5agMJ.jpg
219064,Who Were We Running From?,/kpmf1CHtclmwv26mfYI98hxlbId.jpg
4050,Louis Theroux's Weird Weekends,/xU5SeCSWnV65AzSLvCjm0xgyJz4.jpg
39804,The Crimson Petal and the White,/9FW1YDO53Tmp0NYX1OA12hlCllz.jpg
88808,Do You Love Your Mom and Her Two-Hit Multi-Target Attacks?,/w97kujliFaiddVCZhc2k2qJxkI0.jpg
69931,jerks.,/u1JncmdwAUT3wPNaYRNW1ULQwjD.jpg
43634,Akikan!,/lo2WdY9x0dm3Q5Qs3Lc3Zyj0DWp.jpg
43231,Kinnikuman,/910k2Q2RlPNYbIj50gOUuAJlCjX.jpg
132156,The Cleaner,/4rnUvVdZIE1wA8UQVG9HgdT8OJX.jpg
87187,Doctor Prisoner,/4PgxMS7rl3GaVlW7ZJgCSeV6jZM.jpg
39290,Swamp People,/2OLYBptV16suLOe1RvYfmuFD4wg.jpg
1900,LIVE with Kelly and Mark,/b90Z7Nlw1EzPz38oL3utlvFjmFR.jpg
134224,Voltes V: Legacy,/jZ32tdCTFsRoU2GehW6ZzSpTyS1.jpg
43979,Dino Mech Gaiking,/cFYefUBBP9PnuVZvQdWJ8312oW7.jpg
72251,49,/bhL6cO9Kvbpiyct0P66GeW5k6ZX.jpg
80732,The Founder of Diabolism,/7YWFoE542on8Cjzdbyf3kUzmt8v.jpg
15948,Deadly Women,/ne1Juoh8EBRELP5TnhasNRFxovJ.jpg
11567,Benidorm,/hNwuSfLc7fZKcYYmSeSEL99KX6G.jpg
72785,In the Dark,/ecUKYm6Pf8dEHk2IZiNaLtbprRQ.jpg
117884,The Strongest Sage With the Weakest Crest,/55IKEC0Q0w50iKlygeHCdldTMse.jpg
31420,Lip Service,/5JcsNvwwIPyhLm29oM1NJhnhvbo.jpg
4706,Destination Truth,/roAGPVGDT724EKpc129DbdIacQo.jpg
71036,Fi,/som7NMElzXyQf6kw3IQrrPnqAFV.jpg
113687,Remake Our Life!,/4GgHByKZ4JivLszOrMP1bgJ5kx4.jpg
133775,Remarriage & Desires,/hqABG0jPug0NoFpCcJYAtrRdIk3.jpg
67922,A Thirty-Year Old's Health and Physical Education,/izvmVfsgwUjxbEBLhM4UL5agJSZ.jpg
62019,Uncle,/7PHBo0lxDOy48ZlGWk5fdOdMCdR.jpg
2614,Brainiac: Science Abuse,/vWCwlz5XdVkYwwplqImx7VXp6iQ.jpg
62691,Outbreak Company,/iiMG41ewNxmJGfL3yzbT9JpQ414.jpg
37939,The Phantom,/ftBDlvKR52E5cMP3OLFE1f5Jk9r.jpg
65954,Alderamin on the Sky,/sO6DDaOpJH9ONVvgtvwLDM3l7JY.jpg
96335,Traces,/bP5CMdMtkmNBmdoSIe6ByfGh7ZN.jpg
34852,The Law of Ueki,/nry8XaWoKiqVz5hLkBfeFkxUQEe.jpg
57146,A Good Wife,/3Dk4v4LjtSMU1ZR4r7rVqMgRFjY.jpg
72026,Love and Lies,/ejqfETzpBBnR89btARDKrLsv8dp.jpg
7011,Bernard,/9SXIJY21rm67eQvlPBTTXIiRumG.jpg
101137,Cursed Films,/qrdhQ2jVx8Ewu33ahp7HbhT1hHn.jpg
42713,Record of Lodoss War,/4DmzoxYfS4A1eFA35QIEJCvZE4D.jpg
12407,Spartakus and the Sun Beneath the Sea,/TVspJ6AZPEl4emcKRSzoyzEnin.jpg
78938,Spy Kids: Mission Critical,/op86yciY6JJiH5PyE2VjNe1OUi8.jpg
62088,Indian Summers,/9sX6XqSoirLDajzOIIOEYB3QstJ.jpg
63033,Dickensian,/iqHXxwJcl0uEkIFu1xYjSGF1oT4.jpg
86136,The Code,/ruZu6Y4Iq5EkgaCeR80bpr64kUT.jpg
44969,The Innocent Man,/fEKReZ29cgtUeeQLlvmwADWwcm0.jpg
210702,Revenant,/o2Sk7VEZpR5WOCjtjO6ClGBKSji.jpg
17625,The Witcher,/5Su6Cq1icggn2ObdsYgZyjABizA.jpg
37183,Dance in the Vampire Bund,/z2oM4QJuam8BUHoPnNxMIxUvjne.jpg
598,Two Pints of Lager and a Packet of Crisps,/fohuobXrEo8l2TdI1oNAl8uLdeT.jpg
153715,The Villains of Valley View,/7Q4QWFm2SOyjeJniHi8ncTRc2iU.jpg
4384,Frontline,/m4kZVMJC9P9BI7T0F5fUMWyelcA.jpg
133174,All the Queen's Men,/eXswCm8rvJUQbU89ihb0CQVJGpS.jpg
2398,Girlfriends,/buFnsyWEg4pPR7dco5Vbsm6HCIY.jpg
99573,Spectros,/gXOKRYeo6V45d1JM0ich86F6LTe.jpg
4350,"Mike, Lu & Og",/vOpkcqj2vspPQ3J1At9ZvIrrq70.jpg
7406,All Creatures Great and Small,/inl6wqdRPoLEDXttC33x9PBoMbN.jpg
40165,Frankenstein,/u53pUFpA78iluxsxKNq7ptughuS.jpg
63451,Naked and Afraid XL,/6cdVgcmrrC0RKNJ8U3EV8zuL2qC.jpg
65417,PJ Masks,/dH8MhRkb9jFrLqBJiQxFIFBVzHf.jpg
45844,Star Blazers [Space Battleship Yamato] 2199,/kP0qdJDIV2kHF2CTw8l5RrGyZYE.jpg
90184,Year of the Rabbit,/3o7vYuhRn6LSlE1YjaiTtbhU8Ja.jpg
61729,Sons of Liberty,/yb2n2Uply0YMhAmbUmrOoN3vZ8l.jpg
4901,Amar sin límites,/fIiJATKQSrv3oDq1Ri4kZ5hc7us.jpg
138624,A Spy Among Friends,/jWB27W5tuNiRBJbVIbxI68q0buP.jpg
66738,O.J.: Made in America,/lj9kFvDQFjbyAMxwdY7Qo1XX8h8.jpg
76880,SKAM France,/mif2dTIqHIdTjHIUxBY3yHjZpH7.jpg
658,The Singing Detective,/1xUAh6d239ABRU8KiTqXOijNPuJ.jpg
100612,Special OPS,/kmGkXXxFmBsza17D3jdYlE4GVZ5.jpg
119122,Dad Stop Embarrassing Me!,/6uyHcbsxmJRUsFYL9qsbN3QwA7J.jpg
69919,World of Winx,/hN8sWJdSOK5rMBw5em9Vjz0SX8j.jpg
71128,Hunter Street,/rm1g7V1qMbus6rlwKP0aTxywhDH.jpg
72736,Frankie Drake Mysteries,/saTRepmDwP3df0f0E8tJNX4BnrS.jpg
98748,Listeners,/eUYgm7JQIDojyOSWc14yc1RTWzn.jpg
118439,Waffles + Mochi,/oPpA8DMcMThacHlAo5az83WxwBr.jpg
99282,The Stranger,/4KrCPwB6yNBR8Chg5quigrrUFCD.jpg
88384,Astrid: Murder in Paris,/4F5PuEuCisduk79FFDycnFsOFmY.jpg
135156,Ragdoll,/4SuKe17gSnxResXsbOwL77SpNT5.jpg
64023,Modus,/egIu3O7hDG2ErPOKMIUdNuQrZxs.jpg
37774,Marchlands,/4SEU0hka6ODah7BFodMuenqE9T0.jpg
112538,Over Christmas,/yJYoviuSqnt3wH3djlg4Bd8qfzU.jpg
106707,Trickster,/xOGaNevMHwbrHSo6zwIZxECMt8m.jpg
97421,Dirty Pair Flash,/t4hB2CC1jzNRWiWauLvi75apFZn.jpg
65824,See No Evil,/dwYzpyRwf2rytD3PSLProDMLJ1c.jpg
56090,"Problem Children Are Coming from Another World, Aren't They?",/c1eJChQztcqckDzWyuda4Tk1pH5.jpg
103672,Tig n' Seek,/pbDxzZX0jJhRgivKwYCA82Q7Klp.jpg
125366,The Pact,/qezhMn3fKfpSmGFDiB8rPGDjzNR.jpg
210532,A Storm for Christmas,/ljsMCs9tDuEOfm2LGn2Qf1OLKeR.jpg
40298,The Virgin Wife,/hOEP6jdY4INbHl53RpBnBaukJbS.jpg
64699,Beautiful Bones: Sakurako’s Investigation,/zZVY6Sx4mFOuWsWwOKXhyTrxYZy.jpg
96977,When the Weather Is Fine,/h3FeWqdslmfD3d2wffFELjMcjQZ.jpg
115663,To My Star,/jJ4fE1idKvIlViZsDz6MOuvIfJr.jpg
80703,On Becoming a God in Central Florida,/QgPfM0a7cZnMOHWUzZFPQ0nCaj.jpg
2560,UFO,/hJeWnELaBp5QGfTNE3S03h8ElpZ.jpg
13889,Saber Rider and the Star Sheriffs,/aBAspH0ymilRgCVUixnVJrR2iWy.jpg
196907,Welcome to Wedding Hell,/k5iEn12RF4WQuxwY5kZa5SYu83M.jpg
217180,The Chemistry of Death,/uPHFvc2ma51e9AEHjRDAbRSsWIA.jpg
65958,Message from Space: Galactic Wars,/i6UDws8x1D2Jk9KkYBuSWkyWi3A.jpg
63409,Gokusen,/66mskBVwIC2VPGf8jlbK9j049Mp.jpg
4583,Derrick,/begCtQZl9cSK8mdtJT4IwPzyAMF.jpg
75387,A Love So Beautiful,/qVtXjxUziCfBdFVOoTbZM5MhndP.jpg
904,Lincoln Heights,/sNhsM92gYftNFagus4aUIfj1iJU.jpg
1938,227,/yoIFuErMvCb4ZTSnQ079cIcWYjf.jpg
65298,Ojisan and Marshmallow,/f3nDL1OxUueX1kdIgOFHFFT6BNE.jpg
9834,Little Bear,/pgN9NrpZcxFXbIu546Oyp41tYSJ.jpg
84660,My Roommate is a Cat,/dZtgupPgtSGIDXqjPKQmyJR2GvJ.jpg
76305,Somebody Feed Phil,/fWY91WorQ44JJ8w2f513NfrRR2a.jpg
12278,Criss Angel Mindfreak,/9ioUNHy0h9nZ5IT8jMgYeOCn40Q.jpg
95791,We're Here,/ucJ7qgoRvyKCROas2Ax0XSqXSqu.jpg
4599,"Yes, Dear",/bEcwkwonvM9OSnfYFtOmhRFHuoZ.jpg
71705,Broken,/xvwcRQiE7aanggwKgwj9T3x4pdt.jpg
128798,Infiniti,/a3h5VpRcCeUk0alWx2nsv0D5CYy.jpg
60825,Chaika - The Coffin Princess,/eh02y67ge1J6ThiTH3zPVprri2o.jpg
82766,Run with the Wind,/zBZLWzncbPeeLhi6DJAx7MspHlS.jpg
60789,Monsters vs. Aliens,/ktmwzcWou5vCyqDnRJXih812XGI.jpg
18240,Comanche Moon,/lDpQscCGgtxXEVrwlUZNL4SAT1K.jpg
65566,Intersection,/6MmpJfOMVnxCseIqZcnc2oC0XM2.jpg
531,Saved by the Bell: The New Class,/eq88yhvao0bzpPecjWjkVrevZ5P.jpg
81922,The Fix,/6NfIhX3XjH7IBvUnctnhxoWnwRF.jpg
10360,The New Avengers,/kAGQzhdPApR6fpJw7GZbxwEJoRs.jpg
10548,Transformers: Animated,/uEKVNu69urMrXSuAdeK54HOtvo4.jpg
197235,Shards of Her,/hsXtUBCxl31OdvH71bwtAala2cO.jpg
201006,Wild Babies,/ui3SWr6Vgpw5bdev3zdz4xXWn8G.jpg
81902,Wanderlust,/olmAXT1pZatSeqHqoyh4cIOpBuu.jpg
32236,WWII in HD,/zWODdVZ3nmZejpaxDxoWn4io9kt.jpg
94947,The Territory,/ob4HXEHyiC3ptZo99kgOY7aTlgZ.jpg
2765,The Good Life,/ll4SdFLqWCK2Ss2mYSAN6zJCzxZ.jpg
4112,Where's Wally?,/iMUghU1kHzzRaTTUNxcQJlbF6N4.jpg
35358,Restaurant: Impossible,/q5lCbuk4obBqUtlx1969wSD0qNh.jpg
89557,The Chef Show,/s8AeydpsdX9KoyB6Y1qGuY5jl1O.jpg
62283,Ultimate Otaku Teacher,/sviWdbsLRWrI2tLpBe8ubVP1Cza.jpg
69282,Interviews with Monster Girls,/wdMSKByZ9DMF2FDuFTsRcW42S7j.jpg
62336,The Making of The Mob,/zKdMuxViCvjhrTFpTdT8vIEkvu4.jpg
62557,Peter Kay's Car Share,/mvhjwhldWSfslz1CUhDmU3NvZJ5.jpg
73506,Full Moon,/1ERDHzxQ3bYyxz3sjWd0yJlSBRq.jpg
31306,Say Yes to the Dress,/8mP8C5czmUnTdVQDokmSUNj95tP.jpg
68123,Deep Water,/gT9kWqLBNiTHJepMLvyVg3rwwfS.jpg
208713,The Company You Keep,/rnG8TMftQaMpGQtvsVwmlyhQ0gB.jpg
5022,The Real World,/pqeqlmK1KEBfEfABnPjEr7oXjWL.jpg
39107,Bubble Guppies,/mxZOTFDGsvQ7YD2zxWrWVInqBxw.jpg
87058,This Time with Alan Partridge,/nbMIrXFKCNyuOTRN3TA7YlHtWw7.jpg
43966,Sandokan,/opwgDUOaUHxWPUqeW1mw93tMxyS.jpg
46033,Samurai Harem,/7gXqdvLZIwKTDDEWYTof8sLvEHw.jpg
20475,Pat & Mat,/hqJlNMtaHYbKSTh4RBBtUzRNvcB.jpg
99070,The First Lady,/d4E8sayYfKqLfohq1gfXhNCbreC.jpg
13082,Bajo las Riendas del Amor,/93hy8fgU3mSTpY3aLr1GqKcv9UG.jpg
57031,Manhattan Love Story,/5bazJO9disPJruhyqMhljEwWXqK.jpg
67593,District 31,/7jUIXs36f5VHwmZDTE1zqJS5kOh.jpg
139512,Trapped in a Dating Sim: The World of Otome Games Is Tough for Mobs,/8AhHtqY4yPquNrprkVbzUKw8kRh.jpg
7283,Los Serrano,/w9hPecVLyCkbnJLLdjFu67URBZP.jpg
6616,Bonkers,/eZW4rWFY356fBAGNG9SrsyU6WMH.jpg
12998,Heartbreak High,/6O6bKf7u4xJshV21hP1d9Bn7l0h.jpg
66316,Feed the Beast,/4Mhojt4czfAlUkrkcdtIrS3Nmzc.jpg
68921,WWE 205 Live,/f6NlvoEJH8KxQI58ecTBkcsbQVF.jpg
39913,A Gifted Man,/uMM4T7DuzK2u2HqsRy0kZ5XejNo.jpg
4466,The Hills,/1fqN8y5S2XpLUtm9IOZHBGzDrZC.jpg
38560,Gosick,/jkzcxkON0yCkx6JQTDEUJpax5HV.jpg
1451,Santa Barbara,/mn42jHaNY16z7UUPzNDMdrCwBmr.jpg
89490,It's Bruno!,/rYHY9KtMh9i5w7GwKg8C4lHN689.jpg
123446,The Great Jahy Will Not Be Defeated!,/9hrlzVgSK0y2sA6Q3Nk8oSOIYUD.jpg
107314,MacGruber,/4k4weoS5xQsUiEfsEPWlfhtmZKW.jpg
39684,Prime Suspect,/gT6CX14E83hd4JSR00iQOHukc0j.jpg
73319,90 Day Fiancé: Before the 90 Days,/6wxIZNwfwYMnC8vecSI6a2R0IPI.jpg
3414,Scarecrow and Mrs. King,/36oUFRNJQORpL9fmnrSXdFqEGty.jpg
99517,Ashley Garcia: Genius in Love,/ekoY0lniQPaeK7ejgcjDnirML6B.jpg
83059,Informer,/aTRB6WPUOCKQ3Lv5jAeHx5TgmcU.jpg
77041,The Final Cut,/7lQ6roAFARdKe9qGPF0KigYPASZ.jpg
128500,Myth & Mogul: John DeLorean,/zlECyoV9XINpkunjOOoJDtOD8ew.jpg
217825,The Horror of Dolores Roach,/qTYLRBCNyOuyktuTcjqJ7rbXxaF.jpg
2574,Bosom Buddies,/ocUYoa7QptPAg4jsyQB88f5M8tP.jpg
18637,Accidentally on Purpose,/tokyJacZ4Fhfafs23PGsyhYdEj1.jpg
82858,Blinded by the Lights,/gXCa394XSso2QNgxxxIIn9zScj8.jpg
76560,Mrs. Fazilet and Her Daughters,/hJe1m8eKqb14xE0ers6dAZm1QrS.jpg
212989,LEGO Ninjago: Dragons Rising,/xzjnTa7tR3eCu4yaYIrRq1oztSq.jpg
31713,Street Fighter II: V,/u0r1yPtf1FIXWYiEvmY8z76eUH7.jpg
8258,Apparitions,/jpd7vaCQo2059Ju0yfxL1Ibo6Or.jpg
19338,South Pacific,/ki1kVDRB8rJhG8uS3jpCyebVAjM.jpg
55006,Flowers of Evil,/4RsLvxekEHDVxNc12HjNTXuBDNA.jpg
37851,Digimon Fusion,/4jX2k06hM9p489ML1byyBQHEKl5.jpg
3226,The Martian Chronicles,/vBq5qOxBKnhGZNcW36b2Qq6cLDG.jpg
42240,The Winds of War,/fsGLuaGM3sWusRtP8WI7m87i5B0.jpg
49464,Dog & Scissors,/2BAVA7wKnkz8liwqlQMZY3WZFS3.jpg
154916,The Makanai: Cooking for the Maiko House,/ynV4fQ9GOsGsOtFfxaRkjpiAFLt.jpg
62479,W1A,/dHnXjiXL9YCxRFlgUCVADAKq8AM.jpg
4413,ChalkZone,/xN4ytAAO39XPBOabAuQsZcWoBJu.jpg
212963,Buddy Daddies,/2fa7cb87IpIUhrD8mzGCfChMfdg.jpg
75797,The Oath,/ouEeuz1XsMRnPPVC9pzxgM2DpBB.jpg
76558,I Know My First Name Is Steven,/53ywkw4Qhqhhlz5bCDBauokBgCo.jpg
96231,Awkwafina is Nora From Queens,/4jGgXHR8b9zOLFsqo57mmTNKKjY.jpg
18096,Watchmen: Motion Comic,/ytoCNZVDnAc60ncyIOQmRMMaSuD.jpg
202137,This Fool,/eKpS0ZPucYjmof4yh5NrDULsDXK.jpg
78574,Elvis Presley: The Searcher,/r0rzvQv0k3eiHooO5oz9ExP8wWJ.jpg
69746,La Fan,/k8bHG4wsOKCFjwJZoUN68EC3BOy.jpg
953,Maverick,/psVbZjMHt9f9X7EIks9IQdCMZke.jpg
88401,Dark Side of the Ring,/gHBKjBzCSHdraabjSnAFOMEf4Uf.jpg
202162,The Clearing,/iqJpQPAKZq73wIex5f0bSZkYfoT.jpg
105499,River of Passions,/nuoduifxcFzEmxI2VjTVRoO7aS6.jpg
61268,A to Z,/rVamVIBP8JoKfPRBbmFCtmHF0nv.jpg
85529,Mr. Hiiragi's Homeroom,/nzEJMNAWj1HO8yM62tlZD5pmeiV.jpg
29291,Tempo final,/5d221qeCTrrnZuqLbmkuEa67Agv.jpg
66762,LoliRock,/jtOEMraXiOk0L7Ns4llGoYbQKCI.jpg
58566,Chiquititas,/qImPicBaoc6bIMJFy8N3oNG9OdM.jpg
58578,Total Divas,/sBYXdVVehQ5oZfOXvOmDU94MRrN.jpg
101146,The Victims' Game,/gGINJfhBDzUNEYx3fUKooSlgITe.jpg
503,Family Affair,/ox29HlZkjVPAihnIr1tIL9fWcp9.jpg
66218,Dramaworld,/6saoY3NQNEZ44jR7CwrMLXDbOym.jpg
93911,Paris Police 1900,/ipgBsl4xnBOJETWd1C1maa6Jwou.jpg
82108,Celebrity Family Feud,/8CLGzggiCs3ecn8CnRDk30lg9eU.jpg
54357,1864,/tkEQThJbgW5g6wMLbNdTT96FVkq.jpg
83119,"From Today, It's My Turn!!",/cQMuknQw3XMdWnYgsp3FtOktz6h.jpg
16491,The Incredible Journey of Mary Bryant,/7NxcbMDbLL6oiUaWRgTcKre2uPJ.jpg
210178,Black Snow,/fXcO9UYbz5kDFyjNyaHHH8EuxDN.jpg
225292,McGREGOR FOREVER,/8vjMXey1TDjtXMTzxxG8c0GHvgr.jpg
130766,Magpie Murders,/79L8AHJdoDtxtwyBNqNM1HRJ8q5.jpg
67385,Naked Attraction,/rqrgb2CvBcaUD9UsTGynOBHmwqh.jpg
69284,Fuuka,/tjHDnl1qXieCBLxYfxItFe6E3b8.jpg
34809,Ghost Hunt,/c6NdT9BDcEfIYtL0CmJEtjhVi4.jpg
43323,Comedy Bang! Bang!,/5undCFoglpvKYFmu404ve9mh6on.jpg
62626,Richie Rich,/hlFxrggqMC5NA6rtFdm81zUEnw4.jpg
130237,Aharen-san wa Hakarenai,/aVbzWCkIxIcKmHK4f9aWJueBHNk.jpg
63777,Moonbeam City,/tnwhhJC5DmWspDxRAoCKD6rk4XK.jpg
38979,The Confession,/aTLBVHhU3sdcEnZyRZmWFWl1trr.jpg
5580,The Man Show,/jjBnTzDJzXnQ9PzwLHGFNp9ykMA.jpg
156507,Chloe,/3sHAsDMik5CyJCwrfb0KS6EaBdR.jpg
215197,Rebooting,/vEqyoS81tZJWDW0myiG42lNzUox.jpg
94625,The Unlisted,/dlDPN9MMMc1NQpx5EA6HIUFnRVy.jpg
21276,Anne Frank: The Whole Story,/fr2RNdYjLsdb5vDrIY9dvmgYPfs.jpg
43424,Undercover,/9JV2Xtalb11DfkHxvF7z2oO8gvW.jpg
518,VR Troopers,/71bZ8qGxCeCwPXjdAJQTyerjYe6.jpg
206492,I Just Killed My Dad,/iSpsCUpm0U8YLTwfG8pKn1nxJsD.jpg
126422,9/11: One Day in America,/fJUnyjaSscsZLbSKhRp0vh6Fl24.jpg
3497,Moesha,/6I3VCk8GCscaPM3aKOTJlzIaqhc.jpg
59960,Big Brother Canada,/3Ey1BkhMQA30kb5tcHmDIhz1SG5.jpg
82862,Little Things,/qEu9tt71Vfmi2B50nmvxop7YOs8.jpg
52268,Man Down,/s00xvEkk6cTuZdHPvxght2ZR3JJ.jpg
217766,Zom 100: Bucket List of the Dead,/XzOeAppGpnsSAiK82idkg0BoCt.jpg
6223,Flipper,/xqlE8PFHg7trmNoN02pmGre87iK.jpg
1995,Gimme Gimme Gimme,/tS2V05uCLDH6EU7O3u6aisVbPGe.jpg
9290,The Temptations,/zTrtiOrH0Sszx1BhCwikhz77ZiI.jpg
51828,Dicte,/1FU5dP0UUHp0aTk3u9HornY3JsB.jpg
20111,Mobile Suit Gundam SEED,/rWgdDIq4JeaI36KdmLPkYcQjBQ3.jpg
75789,Save Me,/uc7TY2yKnXz3DFPkyGRa3eIWyMA.jpg
206013,Don't Hug Me I'm Scared,/h8nblOde4ZT3H088hRcwfETf50p.jpg
83181,Eli Roth's History of Horror,/15ZXGHIk3nFBqCRCEKVHMO7oINI.jpg
155243,Sherwood,/avR3RjRo4eOKIRICMTqjyLS74tQ.jpg
210733,Hidden Love,/a8C4hmXOsZmNUIVEMh7S2gzc5ij.jpg
71816,The Bronze Garden,/cMHkuh0JmCBUbwFCWLflub4QkBF.jpg
107160,La mujer del presidente,/7K437tPDe3PkoOG008NhrPqyxCj.jpg
44434,Appropriate Adult,/bX81vV18WZpxPleePT7QblanaOd.jpg
15117,Life on Earth,/k2N4OCFnK98eSIxcUicejAoJPLx.jpg
63006,Dating Naked,/kGuabLVuyo6P9OIGFQhOPyCQMHu.jpg
45860,Lupin the Third: The Woman Called Fujiko Mine,/eiyGSiIlDXd4CXrwlMwjWko2fGi.jpg
99466,Yarichin Bitch Club,/2EsqY0eev7oiTEUKWhh1zSdaDLQ.jpg
128653,The Box,/xPyHyyqGVCYzOiSHqAu71R5tVrq.jpg
194636,Karen Pirie,/phknCqSIyo3YbCdsZhdXqImuqDz.jpg
2762,Rambo,/6VxKeCxPZBQhfzy4FyixKtxhlbU.jpg
87302,He Is Psychometric,/lCWNdVLOXGFCEP9em00aKA0DLh9.jpg
245,The Brittas Empire,/uPtzc6MbPxeFdIO55Kd6QiiEIdH.jpg
202308,Alert: Missing Persons Unit,/uaxfgCsJ8LR6jYCsRsMWlZOmvZr.jpg
32632,Law & Order: LA,/mxYWv7XeeUqT0ikW9ccIyjeJKTQ.jpg
1605,Thunder in Paradise,/yAPTuO5Z5r1ZsEslfkuGfoWJokM.jpg
2225,Who Wants to Be a Millionaire?,/oZ7fBwLRgKYyJcliFOfp03xv6Mk.jpg
46078,The Voronins,/lKW2c9KrIhKy272AYZCzY2SSVcM.jpg
83701,Érase Una Vez,/umXTyzh2ASpfo9OaNBoIVCJzbAV.jpg
60374,Rosa Diamante,/qAM5HbC0GN2misCtJcRyQISKQyj.jpg
79243,Mystery Road,/5RS3epaUFy8dSdveKg1ExBuTvNg.jpg
70284,Mama June: From Not to Hot,/4YN7LGxia0kDFRF0QXv1ta3L5y4.jpg
47730,Miss Marple: Nemesis,/tUNYWFSbFSMycNTfnJVUA1HhYjG.jpg
78319,James Acaster: Repertoire,/oYmfMa9yaMZID0q4gPIsmJw9cEF.jpg
44794,Fred: The Show,/tF1MUSRDTZzGmVc2UdKBTSTNP4O.jpg
68178,Tutankhamun,/coI9GX2cl9W8gSrNQJ4WNf7Qhdx.jpg
26340,"Now and Then, Here and There",/vjw3X2Tv1C9zT2StFTdgPEJkxnB.jpg
70187,The Emperor's Cook,/lkG5V0CivnXohzMfmdWdHtn1zxD.jpg
32757,Running Wilde,/hQBUVWTwNki4zJ99wP5L8Aaerre.jpg
4745,Back to the Future,/4V6DH7zvZCRhTMRRkouI9kosQ0C.jpg
32625,Todd and the Book of Pure Evil,/qSEV3a6kA5aXnv9bj42I6IWXaR6.jpg
4372,Tremors,/uJXjZ3OgU8v0HKUPbHk1DZUW3m9.jpg
62287,A.D. The Bible Continues,/MqDwyYfPhEeVgV8a0KXi9baMQh.jpg
74495,Super Monsters,/uB0Nxqva9znFojlLBgBJtEx6wIB.jpg
2850,Bad Girls,/vDt7u6ITtdMFxmbMBKJKhydneF1.jpg
157219,Midnight at the Pera Palace,/esrggEWrlpjncn6y4tyHBJ0syLn.jpg
34747,Kaiba,/Aa2x9qWRU7UwU1PCsBOj0HqoErZ.jpg
90877,A Black Lady Sketch Show,/kPuwNtJRzpFhUVMCFpNc5Proiyd.jpg
71379,Born to Kill,/80uMPyA0KK3CPtodXUAEEAmJbIn.jpg
16323,Alguien te mira,/5QLhBP5WorT6hykEr5iN6F8dnHh.jpg
80713,Drop Kick on My Devil!!,/a3cpB2Nd8XEsuZdY2cwUXx77H7p.jpg
103464,LEGO Scooby-Doo Shorts,/a7V6RC2rIxm8O4WrywBRUNQQcL2.jpg
1765,The Perils of Penelope Pitstop,/tEyhRt3ZlBdrIV03pdiK0OW4oZD.jpg
156820,Dear Edward,/cB0g6TZaMo88ZHS9hQyLpYbbD0C.jpg
206180,Another Self,/zogTjQRIJsmg8yvIo8gDLtp65th.jpg
57391,HAPPYish,/emjm7JDQMrZ8YWGmLLw9pe6vnNQ.jpg
64435,Teachers,/rpHSszz8xR6OAJAYPmEFwr8tQWK.jpg
135929,My Love Mix-Up!,/jqLj1zL9ZFcL0znHmrJA6tTMejl.jpg
45854,Yu-Gi-Oh! Zexal,/3aZUtzeHQrLgQQdYNqHSbJqj59G.jpg
68324,The Lodge,/9ujocbPizfuhhkWDvtH2ye3pezo.jpg
128995,Yumi's Cells,/yzGZ8ALwiAKdGQCJZlvtpgInl6Z.jpg
56017,Shtisel,/43c6Rj2wkpQU32hYzALoluBFH7Y.jpg
79357,Carter,/ugPqPRSfa6RmraIej6lp7yoeEUK.jpg
73698,I Am Frankie,/71zzfzIzepAQxkn1fpKEFJKZlGU.jpg
127651,The Witch's Diner,/o2QRg85XfXgE2BdwD9RhNoEi4I5.jpg
69886,Ultimate Beastmaster,/yYRkguaVv8Cw25AZwT7xpkMitpr.jpg
27318,Breadwinners,/eOWAf4jeNPQX2JLMdJ3T1ad1kqR.jpg
16183,A Grande Família,/draJzGrnfB8gEqCGJrPhNORu0nz.jpg
72510,Netsuzou Trap -NTR-,/lpz9856n8bkJ5kP24pyOhXeGqXN.jpg
30778,Dinosaur Train,/kqx97OMlvotbkXkt7iKUeW5uvWn.jpg
73030,Comrade Detective,/n19gxtUntrsAIfKCILKZRBm4O8G.jpg
129195,Parallel World Pharmacy,/52PZhMEggFTd4YBsnpDZZLW44xQ.jpg
202097,Accused,/aNkYvln58BJoNyBUvig417HJWZQ.jpg
124477,The Rising,/pg1jhu8jtue4PQjUtkT4UUXf0XW.jpg
94498,Appare-Ranman!,/zmUkmnFdTHkdnSz12cqHuLZZBFv.jpg
94853,Guilt,/1F6IyvHASpKSjrlt4C5Z8kimBYm.jpg
90832,The Movies,/sYtKqlqfdyR0noZAR6Npv1Bcpmr.jpg
85000,The Shivering Truth,/41r0yzrZOrnL1U8v5I19F0hXWlF.jpg
10200,The Karate Kid,/x3x3jcyPBrrzdtY7wM8GBcbQGd8.jpg
75658,Noah's Ark,/z0GiyM40w3qTNGBGZFIkt8iafdF.jpg
62458,The Astronaut Wives Club,/2q9bSJnZlMgHwevjiNVKtpgCyrC.jpg
61527,Gatchaman Crowds,/sy6A71E7WVfBUQQkXOn1QQe1R4O.jpg
112164,Aunty Donna's Big Ol House of Fun,/xvoxuozDkw43hGP4CAmoSSW1cnq.jpg
79679,Gordon Ramsay's 24 Hours to Hell and Back,/7TiwmRjAgnTXZUKIySVxsRltfZD.jpg
4285,My Fair Princess,/liKRFt0ioF4YvLEeFQCCmj2N8z3.jpg
21500,Hot Wheels Battle Force 5,/eVAPZukaKJfkIfnsBxoAbOm6Zsc.jpg
126484,Rookie Cops,/dAOpmAxVQghKzqI2g80UR891zS5.jpg
132016,Full Circle,/mXjyayWXwALW9hRiJj4TLzlilaZ.jpg
9719,Wives and Daughters,/d2wcLVyOg2LsckyT7O4iPi8j9Qo.jpg
1240,Long Way Down,/jMHq5JqhhZiOf2TPMXgIbPmjmZn.jpg
137127,Dalgliesh,/zHy5dCpwDaS2i0G1C1jR7AfzVfV.jpg
31749,The Adventures of Batman,/2ivr9EEA9ZGKGXiM7EStE0pJSFR.jpg
2824,The Adventures of Pete & Pete,/453FYjj3jMXJHkWuFCOndQkyyob.jpg
66560,Jealousy Incarnate,/1HbFVRZFWNcglKhY7caExczrCN6.jpg
437,Mr. Belvedere,/vcEBQK5HgkWShxIluKt00nZKfA3.jpg
3909,Ninja Turtles: The Next Mutation,/lydnKnqsXIkRLwBEWTre4Lx4fH7.jpg
73781,Back,/aQW08vw2nmKJUng3jqWGSAp7Esg.jpg
4355,6teen,/eU6M2yfmgfS1gGNgjbgxT7yEKQs.jpg
87172,Northern Rescue,/8aFWAeQnS5VkalLqjRW7vXH1s03.jpg
9554,The Life of Birds,/zukKLuxxuJ9jsqBGM15oIiB6EAU.jpg
446,The Life and Times of Juniper Lee,/8Za5FSOQ06B7eqrhn0HxsPrs2i9.jpg
15147,The Middleman,/gz8PHSYC0rS6yZ7pz0bq1BcykmU.jpg
81026,Rise of the Teenage Mutant Ninja Turtles,/4LZxcn6nWG1yWBKG0RD98HY13b4.jpg
58818,Cold Justice,/gfJL3QtpHvHtxkLA9WBzkYhzAGA.jpg
204129,Hurts Like Hell,/4bHFQlGnWdcWpNFc4gLHaMEywjT.jpg
93490,My Country: The New Age,/dU6JSuUSy2ZkWdlMUKzkJjhqtKD.jpg
51320,The Millers,/y3d7thiGCbYfFCJfKNyVX9GrqQo.jpg
61512,Diabolik Lovers,/s47IdJi9JSvrOSr1fbswI9EUSEE.jpg
81924,Schooled,/v3lhBc4mxdctDpA6GWxl4QTk0Oh.jpg
46609,Upstairs Downstairs,/hGh87w2j5huGJeV4VVtnPoR42FZ.jpg
64572,Alvinnn!!! and The Chipmunks,/9s8yTj7UzE45qMFr3BLHGDq7nwG.jpg
60659,Coppelion,/mPQuea0bhoh4oV9nRmJpisHUiZ0.jpg
67728,Doctor Doctor,/cop35HdXqbrPDc9ClyrOmv3sJV2.jpg
62817,Complications,/ujTbnUjo7e0eRiFKMlEWlR17acQ.jpg
98518,Isabel,/ifewkQ4QAEGzxPJsAlEmtsQHBj4.jpg
78317,The City and the City,/g5xoKhFdaOQQXbiYxPGavsZ6R1S.jpg
38881,Transformers: Rescue Bots,/rPxGxcPaKgnFvwMQU0XYnie7X2G.jpg
87832,Street Food: Asia,/1lye2ah4QAiWNXRqF9RkUoWUfaV.jpg
86449,World on a Wire,/yopUrYgAinsVmaB9tYZRQt6HtiE.jpg
61423,When Supernatural Battles Became Commonplace,/dEiFt6ye2SddARtoXEiNIx8KUrv.jpg
114718,Cocomelon,/7gliOqwY7YwFAxrjfMVcryuvnW.jpg
5999,Young Hercules,/po3LNH5heQPgb1Tkf405gW9ywAZ.jpg
63435,Silver Spoon,/vsdIWaYPAiHajCueutXtG9eTdll.jpg
68177,Iris II,/lsyou5v2diVLNWY2ldDxYkR6095.jpg
62689,Blood & Oil,/ch0Kbx9uSOJvZyX7Xx1wzTMOIAa.jpg
115678,As If,/y1uhSlwcjuzOTxviRDqiMkExnVv.jpg
156812,Life & Beth,/g9cwbnprk0nR3BkUWlJ34UQNPVt.jpg
88804,"If It's for My Daughter, I'd Even Defeat a Demon Lord",/jv37TjutT1zXSWLmDgTF9BbBOcp.jpg
80973,Sideswiped,/9BHFgUFz5M9p2zaK2t5P4HvVk7t.jpg
15724,Scarlett,/jUtnwi73486eKxdVoLzKbCbRP7i.jpg
63485,The Time in Between,/nHEsG18uciqj9bw6OVs8KtqeOpE.jpg
71594,Ku'damm 56 – Rebel With a Cause,/tYgm3KTPn3ZAcD0JoSNTZunwIo6.jpg
407,Sugar Rush,/YEW7UwhDpVo6N1tpNHGmC9ZjNO.jpg
1292,How Do They Do It?,/kH4NDOUagtj0J5hau95QGBcy4FQ.jpg
196906,Doctor Lawyer,/scDumcueQr2Cy5nh2s7xI6hTYOk.jpg
481,The Brak Show,/tq2ccfaLIMWnar3TTrArbSbXscN.jpg
157709,Bad Vegan: Fame. Fraud. Fugitives.,/kcZ0dcgRo5miznCTJtqoB2b6p4j.jpg
102229,1994,/bqahueiS1YPe0L8pxkdxpOV2UxJ.jpg
3216,Baretta,/mONvBe8vBQDI2KWuKDDCSdwArga.jpg
80884,Ashes of Love,/8VwL6wXTjSXrnil1NIbTErhxkIW.jpg
13238,Tsunami: The Aftermath,/xXrnDhkCah3J9g2AWD8lQGotI6A.jpg
68947,Chief Kim,/iiCfAaAd8cG1re1mdEHgNonZ9Qu.jpg
6515,Unhappily Ever After,/b0UUpXSoSWwvkZKFWcDGLQ2xHM5.jpg
105763,The New York Times Presents,/rNLd1pJZiDMWtuy09Agy1Aggurz.jpg
63038,100 Things to Do Before High School,/aDJ6YsH3HCxg67qpKGQ4HswZACh.jpg
127323,Who Rules The World,/nlqrwsSYPhmv86omOS2sRuBABDr.jpg
80613,Back Street Girls -GOKUDOLS-,/j1MtPZ0zq3aE2NiASGVgXRUhDCK.jpg
3547,Undergrads,/924QEmUqLuvDrdVVPcAlHNxm04K.jpg
211,The Game,/zmvRaCRcmi6lsriYxZmAR6uWHPS.jpg
88177,Criminal Justice,/eac9ylXW2mazqOI5L50uY9Rvmxr.jpg
43105,The Mob Doctor,/1vez2ANWwYeGuBpfewyP8SV6bKb.jpg
67936,Shots Fired,/tuU3hzxQWfybSjEZp9Jrl9bpAQj.jpg
39106,NTSF:SD:SUV::,/8QaVSHiZSOlKEqBkwcn6HdcLBI5.jpg
197373,Based on a True Story,/jAi45HkLujMdBFZb6y1SiDNs4uX.jpg
48433,Spies of Warsaw,/s76PIU65SPAhdWho32UGnwUampm.jpg
75419,Knight Squad,/ygglLYvILADpfl0RqwutWiZt3xs.jpg
72568,BTS: Bon Voyage,/xczBVyTcwE9EMnEd2R0CefOLInG.jpg
65815,Paranormal Lockdown,/oOq6uNptoBSbv3vGMBCs3OiGJkw.jpg
61680,Wizard Barristers,/nZ0Xs0lw54l7SQQfXW1rY8CNRCc.jpg
67961,Dark Angel,/AntTmKXoQiJ5JrN4XTXNzKsimdC.jpg
43152,Rooftop Prince,/7hkHlbdEaFCohCe3KQ8lrL9gAUU.jpg
1841,The Adventures of Sinbad,/dakx8dktuEWOZ28AmDtCiKOKxTF.jpg
70830,Dave Chappelle,/pdvfW9xWAqLFd0wdzdAogjmM9Pc.jpg
31665,School Rumble,/uuldZxy7SRvSvOfRBZObKTMfmtP.jpg
33829,Him & Her,/nce9etCrFq54hlbYH74HlMeXI41.jpg
68094,The Teacher,/bb3ljzBVMOeraafOO7ulXdcU0fp.jpg
127358,The Veil,/nVMmNwMXrXBmTMn1HtUdpB7RPZw.jpg
57815,Ground Floor,/uQ95bGk8da1xbD6f6p7AyBI9Rng.jpg
1904,The Crocodile Hunter,/youExJaJ4EW8jjDllu0emOJAIKi.jpg
31752,Monty Python: Almost the Truth (The Lawyer's Cut),/uInSp6YyYS41nL3Imlzh5Jyvqn9.jpg
83295,Impure,/t6Io2THhCujEKnzaHEt9oiTCzMM.jpg
61358,BoOzy’ OS,/rswoMF8yOtpFRj86FA28eIIgDRj.jpg
158139,Dead End: Paranormal Park,/iB9h1cBIFFjnufhZF4lNGQmt3c5.jpg
111150,Valley of Tears,/8ZbTPvD31BBlwQd0Vghm4lT9AXq.jpg
18848,Planet Sheen,/27A7tRW34HFdWLVfbBxcwsDuNc8.jpg
77283,Live,/f8eQMaFRM4kvohslsTv2wa0CSSG.jpg
21766,Hero Corp,/kntWwFhs7m4ldDI2pI5IAb1d1PO.jpg
2547,Afterlife,/9wScPSnQNM1Wwb6NyFw1EBBFwTk.jpg
73673,LEGO Elves: Secrets of Elvendale,/yvq2hsm66dvDs4qTevZiDd3ij0t.jpg
42729,The Twelve Kingdoms,/l8UsOs2O8f4nkmDX7CXKZqqC3xV.jpg
46697,Crash & Bernstein,/jE1R5A10reo6T4Qmb6YuGrxyFFn.jpg
33645,Vexed,/59o2pR35cC5zyUeH3xzmj5ZjIRO.jpg
67642,Swedish Dicks,/hn04dMzVCcZuwLV8otfj1brqHVQ.jpg
4020,8 Out of 10 Cats,/c7XHi9Grxd2b0EIkX9kPEl2Aq5Z.jpg
730,Dinnerladies,/aEHVGNqmrZQwFXOTUb5c9QMbQ9p.jpg
1757,Men in Trees,/pJd1inZFj272LDh9ZdrKA2fpyAU.jpg
67202,EastSiders,/euIei9qU7mWcxousrUBOkYAoNxc.jpg
63089,Chaos Dragon: Sekiryuu Sen'eki,/43N8CQpjwTStpWyael57Xhs7nH1.jpg
7985,Seth MacFarlane's Cavalcade of Cartoon Comedy,/fqF6s89GdSyHTwuI4seqBrvapHR.jpg
3035,He-Man and the Masters of the Universe,/kdyFHYYu5JCT8i9IRSwlOl3Lmbd.jpg
98566,Walt Disney Animation Studios: Short Circuit Experimental Films,/rSll4VahZjXk9tVkqLNbv7NRFqj.jpg
137366,No nos quieren ver,/j4Y7btCFC0sEycs8imaWaEqjVU.jpg
2117,The Flying Nun,/4LkhFq3yKKXvv81pkbkPqPfYMeh.jpg
119761,Q: Into the Storm,/928q6AQq2xuxXdtHSlzboK8IjLc.jpg
95110,Hyena,/u6iQysC0Vl3SW4G6x9NjL9pfieD.jpg
12803,Heathcliff,/h5YCXjwRF17hM16ofOEP4FTdGnV.jpg
138441,Ya Boy Kongming!,/3WHz6tzLfoaJFoApAOHt2q9qR1m.jpg
219788,Unstable,/yiMhsbuMYygbWnsrPbdp7PiMvvP.jpg
8627,The Spooktacular New Adventures of Casper,/jCfJwKRusQByTIZNmDFyWkayq0v.jpg
2097,Crank Yankers,/tkYBiyme6bbQdx3rGaIhrfOXn8c.jpg
67395,Tokyo Ravens,/zgCoBUFzK89BdWV3xh8oqw0PGGU.jpg
13729,Shackleton,/q4bnsqE6JX368oN0RJIGG4RaV63.jpg
62478,Partners in Crime,/2Zwurp836fMcLpOwMDciWiiak0X.jpg
139064,A Very British Scandal,/rCa2Cdb3JNx2jka2LQJeaSTCIeH.jpg
6964,Galileo,/qJ5h8LufzdLBtax3N0gQt6ZSP34.jpg
42882,Bubblegum Crisis,/rnF1zD3GP3L4DDoLIshUEH0JYHJ.jpg
34867,Creature Comforts,/lf8rJiMiOhc4Ay9bjkhguFchrz3.jpg
3333,Steptoe and Son,/hhpwjPICU1wcUegTFvRCCF9UpKA.jpg
112398,Heaven Official's Blessing,/4psWk1qJZKXlH78DjZUnvXCwSAM.jpg
60819,Atelier Escha & Logy: Alchemists of the Dusk Sky,/pShJY1Ex8r8RkmPSgPrdTDBdXJa.jpg
98309,Koikimo,/gPS6ip5T0W823Z0rlDhopXI6i1h.jpg
5608,Centennial,/xh38j3lFuwpDxX6S22AmhaDMS92.jpg
158756,Shoresy,/ai5Bf8eRcroeEAAyVrKmrE8wW74.jpg
82257,Cannon Busters,/21pFKgmMJOucGGIzKWBpkjT7FN1.jpg
44189,Burning Love,/zVSpYSuACSvqLDBFL35ZmlWDzQU.jpg
203489,Mike Judge's Beavis and Butt-Head,/aJZrshwczcRbe0aJ8MKQ3lGQ1Ac.jpg
1509,Hope & Faith,/z2ysVqKDuwEDwYtipaiVOE0SZaP.jpg
3346,Petticoat Junction,/9FV8B3NssLmjFwZxUFri23opuIl.jpg
3804,Webster,/4eBuBuPBzizq3QKBzFA7dVYW6Uk.jpg
34003,Whites,/ad7sgrs2nuPw49tQtJYJ9LjZT7S.jpg
65355,Splash Splash Love,/w1lmYkqv7n1lrvjS91EIvyYjAlU.jpg
204412,My Home Hero,/1up064CIofoNlFsn9ve8CD9mntL.jpg
196511,Rebel Cheer Squad: A Get Even Series,/7a0milHiNVtENcf4XEPLXQcumA1.jpg
98805,Next in Fashion,/r571zPr9McSe4UNhh7WKigt2Hys.jpg
10219,Handy Manny,/o5hZxR34tSgigW3xV6WG4H9FOcS.jpg
67979,Beyond the Walls,/2ecd3nrNU7Y7i5yeE3JrtvUNTdA.jpg
16361,Huntik: Secrets & Seekers,/r8dMX8wrc1Q7KAd8NmxgmUlsz6c.jpg
44636,Cult,/3qSnfv0tRUnWGOgVGebpZRGjQRG.jpg
37016,Dag,/8eZdBaSqVh2YymlHLToewlH2Ztf.jpg
40517,Planet Dinosaur,/fLpN89yMkdrakDjSMnxUC5qAtBM.jpg
1056,Doctor Who Confidential,/hJi4pFE7wsQgksGIgnBG7Cqiggz.jpg
44587,Ani*Kuri15,/6r6n7Z4dmIVrzbBr0uRISz2bzM.jpg
96323,The Green Planet,/vmdPMlNQIWf7R7sjYTVmnNgcucf.jpg
154743,The Angel Next Door Spoils Me Rotten,/twCEEzmZZkgQIPXzw0JF350GO0P.jpg
63259,Angel from Hell,/wDisTsrsZwGAnFZcQtXUsaRNFYU.jpg
31505,Iris,/qYogQkaGz7ejphzCf8EeylUuAKP.jpg
72699,Lord Marksman and Vanadis,/5nSMCL9m2OKHP4ciGbfcSlOBAFd.jpg
66837,LEGO Star Wars: The Freemaker Adventures,/89lb0Dg0OjnGNZ92shxduhz3TVN.jpg
125714,The Thing About Pam,/mimnqhjGdo3qlhn5tTJtjIETEJU.jpg
80504,Yuuna and the Haunted Hot Springs,/fuZemw0UoF8aMD77FSmDom3VvW1.jpg
76468,Miss Marple: At Bertram's Hotel,/An34VbjbLfzDCYp0uHVAbeqpvsH.jpg
128329,Pancho Villa: The Centaur of the North,/evmzCQZhU0sBXG8CDZIrjrrH5Di.jpg
112693,Kin,/lNIeoTwmeFsqVHfRNR33cxak7fs.jpg
33099,Mad Love,/xwLCMxfbw8Nzpxg2DzL0EdzjqT1.jpg
87012,The Great British Bake Off,/bG51CdS25evMAdilV4oYkQx5sGn.jpg
23295,Merlin's Apprentice,/axvBaEnhE6KqXmHlFhnKHNnUGi5.jpg
56351,The World God Only Knows,/4u1PaSbU7ZyY1G1FHRrfI9i761Q.jpg
18683,Happy Town,/k6SUulnvLKKe1RblxVDeKDEGtxZ.jpg
94359,Adachi and Shimamura,/sh5yedKXpngurKN0Do4ltT3r0KK.jpg
4694,Phoenix,/3Spg0DsALE0UCnHsCM3R0p6Onuc.jpg
127940,Jiva!,/vPPZCbycpfdD6XjmizTIFnkLBZF.jpg
91413,Lambs of God,/7EdevpTHAoizlEHVATfvgurFsaY.jpg
109369,Glória,/aug3brGNuTlo70TyhwJ4XTlnMHC.jpg
102901,Trial by Media,/d3aYutsS7G4G1FcL2yOHkpWrFf8.jpg
110126,Agent Elvis,/9iFMG4zyAkLnvfEwNqIiiEEQ342.jpg
3805,Catscratch,/9OoaYeRxgzV530mKuPOx2N8AMSI.jpg
128926,Unforgettable Love,/yHoH1QsXuAPOBEbs6FWAqkHSYBL.jpg
10318,The Berenstain Bears,/6p6JKZQ5IWvXcCdVQy0dzH8FrV3.jpg
224,Match of the Day,/aA25JrHXj8ZPTJYj2iSIueyb34C.jpg
93833,The Feed,/qLC4AyssOIIF4oacH3WC78hBZv7.jpg
69205,My Shy Boss,/eYVvEsoS9Cbfxau8AW9GJNUmGNG.jpg
35423,Arakawa Under the Bridge,/e2njBadZaTeFXKHs5LMKXb4FYM3.jpg
5656,The Ray Bradbury Theater,/fFgcmn91k9zrlHm9WmQ1lCDD9Hs.jpg
94064,LEGO Masters,/cuRaXy34MGIxKa8VzG5QQcQUXp6.jpg
44509,Demonbane,/13cCFI4unsBWB728ph3vCwnldlD.jpg
156934,Daniel Spellbound,/83jBawRjY6YF8RjoopVZ92UvFYM.jpg
91470,The King's Avatar,/kmSxnAQ0YeQKh3Rm2VwqKZhkTt6.jpg
82738,IRODUKU: The World in Colors,/YEjHpHcyPZzboTXFoOobdwmFwQ.jpg
62183,The Team,/nqz7oQz5ptASTIKFQJSFf0cISjH.jpg
4267,The Kingdom,/6Z0Hc9o6HIydmGOHok2e4FoWhXD.jpg
65412,Come Back Alive,/ebmVNHZrFgiIjq8bpB8fUzYfrav.jpg
65890,Addicted Heroin,/l6AYMdFBlMVEyWnsZA44ZfCxBKs.jpg
1071,The Richie Rich/Scooby-Doo Show and Scrappy Too!,/8BIaNz6xZc0u2H5ncbYmveVqDDS.jpg
137003,Catching Killers,/628U5ybT3fV0gGbT41Lk3R15Ya0.jpg
99954,Unabomber: In His Own Words,/AlXu4dUBvzV59e9sI72EJVmMkgS.jpg
66987,Brotherhood: Final Fantasy XV,/n98BecWfhoUMJLr8uKA1GmfvaN4.jpg
94597,Face to Face,/nCylJzYGEgCROR4p08NFJCEIhjj.jpg
71373,Hot Girls Wanted: Turned On,/5TlLKOtN2TTMFsFRWk4GHJyIB5h.jpg
63007,Gamer's Guide to Pretty Much Everything,/y3llxLK0DgkaOMGpjeqBe5qhIDy.jpg
71744,Champions,/p0lsqyrRwV7rKBLuXAl7WgWQoRt.jpg
104068,We Hunt Together,/kdc9ycNwpelgnke1iGo9XMTV4KK.jpg
96095,Soundtrack,/w1VdMlm63e5nY9BlCxk4BpotvWO.jpg
217858,A Girl and an Astronaut,/5GDhb86zGf7evaoR2ZTdNfrsU0j.jpg
56021,The Maxx,/ckDgOhXdWS9TZPydx2oqYtdh1YZ.jpg
72632,Fox Spirit Matchmaker,/9HQ8nrsKDPMgFOh9ljx0D1g8d48.jpg
64364,Apocalypse: Stalin,/lYiP6PMCTNuSv1EnJ2sdaBKEkpC.jpg
46406,Family Tree,/aR1QlhiZVPxey4Hb5WxjJI8bpue.jpg
61587,The Nightly Show with Larry Wilmore,/bZW6diC7eWIjqCsoJWEUiGvrnr4.jpg
26353,Supernanny,/ioSnygEfQ3nH26D6qEgDDOiXawm.jpg
75592,Keeping Faith,/loZ2f0rbBwwnGXr6lSaOA4dGPV3.jpg
96421,Hostel Daze,/5GZQ9BWhCifOe82PngY1xgqVEuG.jpg
30982,Hikaru no Go,/qrk2w3qchJmmNIxPNs9I6PYfcWn.jpg
13929,The Trap: What Happened to Our Dream of Freedom,/bRMxjyCztExeLgKIVb5kDzFn0ya.jpg
65805,Doctor Thorne,/z9ni5ueY1tiKOBPOObH7KxyZKZL.jpg
66104,SUPER LOVERS,/p0mb4yh8gwm8L0rKRmUFVSKGArY.jpg
106978,Selena + Chef,/wBRdFS9dHnMhjwYSn4tHTOignhZ.jpg
11122,Revelations,/iiJ1La1Roicp1kHG99OTuL2g8H3.jpg
1530,My Three Sons,/46I32A4ff4ol5s2qtRcv2r37WE0.jpg
31934,Solsidan,/qxKyYaZybeq2Uhpxs54aZZkNWgn.jpg
1171,Tenacious D,/oqltGTLtKufpyVpnGXFqZpPFjSq.jpg
76459,Miss Marple: The Body in the Library,/xg7OvUZROVFKLSAiShkb2UwPEat.jpg
61931,Banana,/n4TKBMn0hephMtLbw80mCKxb7bW.jpg
57022,Cutthroat Kitchen,/huKbyh21JtJZq1gzcA7RvdZmDUI.jpg
81166,Yeh Meri Family,/mBimfZKFT0XkfTTOpGLIc2mtjcn.jpg
135184,Orelsan: Never Show This to Anyone,/Av5G8I2doVY3OdxPMQHKduq4al0.jpg
46302,Maoyu: Archenemy & Hero,/51mPgCuqAQA0cISXnP58sbq6nyI.jpg
156029,The Fear Index,/lBtfIcDeKu6Fe9PEZRAJSWZyetU.jpg
1510,Hotel Babylon,/pKUmSFAJHVs2tac2CdPRqAhlHgd.jpg
65016,Descendants: Wicked World,/vml7aVIX68nfK4PIn2BlUqNqgJ9.jpg
71961,Super Pig,/fjj2kXIha1wEa12Vyo17aN6NEi5.jpg
155795,"Devotion, a Story of Love and Desire",/2RdEzEl8TrLeJpTOsKdfsky64y7.jpg
68415,RWBY Chibi,/9XmS0yDLMpjOIyP9RSoDFSfbYi9.jpg
95279,Until We Meet Again,/rp7WV9GekzKlP1K3WWXHsT4A4Oc.jpg
73449,Together with Me,/3tdTlSARmaSoLNAZ9OWoY8TDlEU.jpg
67584,VICE News Tonight,/ll2mHKFz0EYcnpQf3Hs9q5rgbgS.jpg
44440,Dotto! Koni-chan,/5hqkXG0auicA2NXOpDfsgftOBHn.jpg
152336,Tiger King: The Doc Antle Story,/sie5il1GPnCuSRyEHJkKQvr8ffT.jpg
5402,Once Upon a Time... The Discoverers,/c03JknMzBbYlO1ZhOxDpMp82HGR.jpg
210268,Burn the House Down,/s4Ot7YP5GjEW8ggmjXbf79u6b2N.jpg
93463,Too Close,/gjdsbafuXxfBdpIBpONqImtBLfu.jpg
85007,When Hope Calls,/6gKOH8AcIz1EKSA1fyprlLThHkc.jpg
114187,Kings of Jo'Burg,/vSM1FB86gr3QNelkk0jDovN5228.jpg
103962,Mother of the Goddess' Dormitory,/ydpQemjQrR4T0C9MuH3ygMnOSL2.jpg
1797,"Honey, I Shrunk the Kids: The TV Show",/g1NWIdQxYGlXC9SA8wkMSYvywJQ.jpg
2564,Ant & Dec's Saturday Night Takeaway,/9SWPvYERN44JDMaMHHKBK2Vj3hQ.jpg
66102,Cerberus,/dXdICmRUcQXt8i4NANplXED1Kdi.jpg
66259,Time Traveling Bong,/rQTOneb9bce0UGzHZGhzvDVW7L9.jpg
78400,The Bletchley Circle: San Francisco,/1UFNWCpybOmqK56TNMGCLf97Ysy.jpg
61408,Nagi-Asu: A Lull in the Sea,/hOm9TB9JQJhAT1tBXGsngP35cCX.jpg
477,Saturday Night's Main Event,/fAVhX85QmROHrEShHf68ZrJM850.jpg
201877,Walker Independence,/n0sgBHsLs0dgC1uYXtxvbZ8eywP.jpg
75804,Our Cartoon President,/pVmH4R0d34UHH3n9ODWbPC3ALn7.jpg
68586,Devilman,/zaWCutFNLIsg5a76G7uEDi76kK5.jpg
136644,Why Her?,/5OmQlGvYOWt8HLTfduyG4SMTTeZ.jpg
12994,Carrusel,/zbGTiTiDvgEoBrj9AMihNa7DCsb.jpg
104690,Naked,/fWNTuuItgt07xHImm3XnOOJDqxH.jpg
99962,McDonald & Dodds,/rnJrrfhKxKJp4GE0aIEko5ddUyF.jpg
61849,One Big Happy,/9fku61Zx2kwklMhbLhK4eyhx3dD.jpg
70528,Chicago Typewriter,/1FLgKAjoa4dY3z31nTjZj3Dgr6q.jpg
201019,Tale of the Nine Tailed 1938,/hwntWLbs4SQqoHmF3pdod4VRCIx.jpg
94517,The Birch,/cXH7YRs6bgbmU3cga9fbK3nvQH9.jpg
68388,Inside,/zQeXNTF5pefO9XWXaQEr2nRCdo4.jpg
119466,Youth of May,/7tRetA8rEAvmslMiNvNLuMOVGZ9.jpg
60989,Married at First Sight,/tHPjrdKThgUwoQdJinPPoKqIuWQ.jpg
97782,Kuma Kuma Kuma Bear,/otTmAAD7VTTcwBaR5YsKUSbqTsj.jpg
72734,The Indian Detective,/z46fxeWmLqxbsIPo0UoLj6Sm9OE.jpg
63014,I Am Cait,/m27KexNPrOREbxw4413BUvQijqA.jpg
68256,Comet Lucifer,/3Ts4fCTVnGPkd5KNdga3srZk8oG.jpg
64436,The Coroner,/AaGkUBncNAkL0fDcjSWLEp4EAE1.jpg
220932,Unseen,/lFKtgbboQohDi4tJNX1jp50WoXC.jpg
72328,HIStory,/erLWWyXJeFL991vBTfr8bElVRmL.jpg
139130,Skip and Loafer,/xHVy0gnLNpkNAdtd3DHsUVYYEDN.jpg
93422,Dog: Impossible,/qQdybIqPILuOc3bCfMbsCpkR2pu.jpg
43418,Canaan,/pz6F0f9gmXOVH9IprXDm3XONad4.jpg
1346,Wow! Wow! Wubbzy!,/hrIWpaPdxwTXTov6WIu5KZPKfcc.jpg
122053,It Was Always Me,/zFu2peyophYLDRDniY68AZHHp2g.jpg
38852,Dong Yi,/1eqbigfVbbQbjMxfC6CX1OeMxV4.jpg
40015,The Slap,/x31d878edbJnHmJ1w2IMTPP81nx.jpg
77493,Shakespeare & Hathaway - Private Investigators,/tYH31SwQ7UVlg7wZScgdRGhVYjR.jpg
40187,Sinbad,/bhz6mMRybQnmoEycU3fCMIAtJbv.jpg
1711,Strictly Come Dancing,/yBd86GR7o8e1y03w1Evk47NBgkC.jpg
102831,The Last Narc,/s8Jw1Z4VppYC78enToW0fHG4Bk.jpg
67570,Love Doesn't Understand Words,/tnyM86EpqVRTHZKQenaUrbsTAGG.jpg
67804,Motherland,/n7usotT9Vc3is9Hw3dLsnTzLDxP.jpg
72487,The King's Woman,/2w4iIlTZWKz10giIjMtgaGIQiZ8.jpg
78798,Busted!,/6oTuXYHY6sqgy3haRh04GixUr7f.jpg
89611,The Unicorn,/oSYdL41zQL5WsQEW2gQgyvEdv1M.jpg
87107,Los Espookys,/zsngYcv6LXsaTzLqSFD1HRIwWYW.jpg
72610,Carpool Karaoke: The Series,/bA6tpDMoyQO8fRmXC8sHh7LQoqW.jpg
905,French & Saunders,/1jn7YYS8Vb8mMD8fpMBdpbfvVsL.jpg
4628,"Auf Wiedersehen, Pet",/zm2idxDPAVDx97mF3neoJn9MhmY.jpg
5921,The Life & Times of Tim,/j6Ryambcu7JvHCeos1YH1ykme8L.jpg
44314,Dog Days,/htSW5V0UpFZpVjldYnr8BvTe2T0.jpg
2394,This Old House,/ecAOX4esywAXLF5I4X2gaTmhmAG.jpg
61582,Love & Hip Hop Hollywood,/8Y9PZbZeEQNnNb408Uduy4KUkO7.jpg
3478,Ewoks,/cXA4GMtXeJyK3EIP6r4k4jExyDU.jpg
83414,Super Drags,/mvEvtG5LEXBJPvVe2LEBFHNH1mS.jpg
70672,Men on a Mission,/2jIi55JtYKJTL1km8qHMuUilOWo.jpg
126660,Professor T,/jJ9SjrX7tEAwHigRq20TeANhH1Q.jpg
76469,Miss Marple: Sleeping Murder,/bhYa5x0i2CZoj327d1u0oRCu0Aa.jpg
10982,Miami Ink,/A8UxLIQb4KVtrbezOQFXo7QAwD5.jpg
2799,The Catherine Tate Show,/27LQjMbSipzENY9atOiz8UKnaXC.jpg
6589,Kikoriki,/cR5Jzs1JpfIkVZGAGJPkLm85pKC.jpg
93660,A Little Late with Lilly Singh,/1o8OOaHP4JTKCSDDgsBrkRZVA1O.jpg
130215,Sin novedad,/b0vNIhuDGSUk0pD0k8bYjWvvk5L.jpg
52931,Woman,/hvdymBKjyZYCk40p6e1bbnCGCNu.jpg
57756,Getting On,/3QZcTGSu3txafurQ2zEcYK03WFJ.jpg
11040,"Droopy, Master Detective",/t6GsVQ6o5wGc67NyVWrcwSuhqvw.jpg
10184,Snapped,/aWn93PZL3Y6ux2rDffiWAcXWx3C.jpg
39048,Jane by Design,/v0t6EzLG2p0u1ugxYmZ9YMsxbNW.jpg
13837,Wanted: Dead or Alive,/mYgwFT8JXW6J5YTs8DuzDDOKXlS.jpg
77076,The Joel McHale Show with Joel McHale,/xKcjHKJzaiMn1viUhMvQlYntQWL.jpg
92599,Babylon,/sPui8oETvkX3K9c3YHjVMhUiBdV.jpg
64626,Hunting Hitler,/rppjLBQfGzuZOUncN1m7Yfp0npg.jpg
39198,Heartstrings,/lKKsxJOsfQT5CB6MYeWAHKA3g42.jpg
78435,Trump: An American Dream,/v1ZfXMX7JWM7SiFJqcW6J85qqEP.jpg
1467,Ideal,/1zGJEm7KTWPfa3YUagBBrRZIS7A.jpg
19077,The Forsyte Saga,/rvcdVpJjUMb086r6y9eR9YxTQVJ.jpg
37687,Madagascar,/reiy4Nt1gyPak8qGWPc9ruTwSO6.jpg
91752,Our Boys,/ccxAhKRcfjPdlFuIbdrkVdgCGos.jpg
10867,The Wonder Pets,/6qCX45QJccnDdX6jHYkJHDst1o0.jpg
6263,Megabeast Investigator Juspion,/uaJoavE7Dcy1lokvnwzCHIZTrj5.jpg
13796,Underbelly,/nI5zhi9MMiMAmZLOvoBAEkMubqw.jpg
158325,Oats Studios,/xv2Q6SPUbe3WYIQC2n2sfBT8w6b.jpg
4406,The Simple Life,/bXNd06zlKk2Pl7dF7PNq7tsGvje.jpg
4314,Time Squad,/tUfNqwX448QhIYIR5nZ9jckKzhH.jpg
127356,Police University,/2xBZSR9HMKmBSstZ37yNhZs1MUK.jpg
58796,Black Ink Crew New York,/hGjBqwaX6bjcGN29ESxlb0jv2QV.jpg
130789,One Ordinary Day,/kTissrWskuhUSt0Bux0GCc8Bwde.jpg
64570,Chica Vampiro,/mWpTjJO99SMusPHdV12UuMwtoNc.jpg
8630,Taarak Mehta Ka Ooltah Chashmah,/6MwPCuI48s8sbzUOVT6Vkp6lAza.jpg
15641,The Mighty B!,/zAivOsAamqagHvCxmj8UrsidhqI.jpg
86233,gen:LOCK,/wRhHlUMNMBCTOfbT8zP7CsWCB83.jpg
72549,Reunited Worlds,/rxLilCdazLeEaxAXz1nZBdXLbxF.jpg
36697,Seitokai Yakuindomo,/vaNGoFOOiWBlLg88YCRQG1HbIBJ.jpg
31816,Dragon Sakura,/eUKp3FyfMYDN2N3U5bhKuGdBG22.jpg
63353,Difficult People,/6gTwHsQjp6bGh6PYP4oUrlG2yWh.jpg
3716,Dragnet,/393BVqnVaioYBE5f3LMUwFRAwPQ.jpg
45956,Celebrity Big Brother,/729Z7o1ycoEzk9fcPHn3iuteVfF.jpg
44821,Faith,/1nxxnVUdcoLcijdMNdcYwk4T5cX.jpg
62078,Blood,/cuEiIRMkclqxxIezkpHgEFq8Oq9.jpg
61916,Still Open All Hours,/2iIfIAtd3jHoYH56u0ohJH2DAnU.jpg
63722,LEGO Star Wars: Droid Tales,/kwEtB6toMVkmoqEoG5Hl63KP9NL.jpg
91253,The Miracle,/rSWkR3ulD7KOtYgcw50PtrkvS61.jpg
76467,Strange Angel,/hny4ThL6XLznSXoQ3eMDzh4cYOz.jpg
69710,TVF Tripling,/nnW7gEhZB3CcJkRgWgoQTfPDaIO.jpg
78239,SWORD GAI: The Animation,/pAlxdiEa0L9F0Ofu4r1Og0BJbqd.jpg
216386,Break Point,/3QNnzim79NqtIjzBKQRIQqY9YJ0.jpg
119362,Word of Honor,/op0ZXBZodAc12CVqEN55KxD0FYe.jpg
65949,Joker Game,/4li82SvY2zhc2PsvmHU07C30dtv.jpg
195923,Case Closed: The Culprit Hanzawa,/gL8OdtyhWQ9i8vY7CbmJtqSbMPC.jpg
2609,The Day of the Triffids,/pDGJW9qlHQwnhNhlj9gQReM4NVi.jpg
79720,When Heroes Fly,/h7RzylOEVrOmdHEGlkJhesoUG4Y.jpg
2967,Unfabulous,/d6ud85950xMBPp7yK0Ttvo6t1J5.jpg
32763,The Deep,/6xFhx63ec8WPvL5BaXu15IOinoE.jpg
2589,Head of the Class,/hHa7u2ySBgRtUGpxAkd1Maf6ws6.jpg
15166,Os Normais,/yhuPmVRW7RvOWIxBxEgjextvOGm.jpg
69605,Urawa no Usagi-chan,/5e1HJSHsnfb1rYNHQSK2DtaseoL.jpg
2595,Knots Landing,/mRijNGmV0LOnFF0IIVVHqwSaESL.jpg
107085,Los Plateados,/4mMDQJ5KQg8bKRyeZi1HDQGWZXi.jpg
10048,Reading Rainbow,/ndlSMn2zCP6MNIp6OYexGAa1Yj1.jpg
119831,City of Ghosts,/rGSNlbq14XAn92SH22j3kao7CbS.jpg
97164,"Nisman: The Prosecutor, the President and the Spy",/AmMNOhbRCxyE2d4TGb3pxs88HQA.jpg
34001,Los 80,/doNiDjHtFX1nQ3iIqLmY3x3wIkb.jpg
91290,Typewriter,/yaIrhKAWnG445EVKvY8B4GmMqvF.jpg
195841,Wellmania,/c3F9aMUSwQovZkpEBynxBxN3keo.jpg
31714,Space Pirate Captain Harlock,/uxME9jveTHhoKKqN0e2PaotoJmv.jpg
45238,Stephen Hawking's Grand Design,/ehp9WTaMcHkdVcP6oGvOuaQ27bm.jpg
2291,Smart Guy,/7pZFzfDJDxKvOpOdOKy1Z5hfiHp.jpg
90816,All the Way Up,/ocSUeV6JjhDrWsKK6en1fjSKpi0.jpg
127641,Surface,/bM2OlmtSFj1CmDNLyP9A7jbDuGr.jpg
52890,Yuyushiki,/7ET1aeziApwAzeT7JG4mGAGaKEQ.jpg
57287,Code:Breaker,/rvsbOBVFDJl9VGef6BGW0MvCkFK.jpg
71754,Three Girls,/5qqXN4XGwJXESUlRvqaYiy17rMy.jpg
12605,Mahabharat,/850vJ2Is5zTYh7lnwhMvwovwRSe.jpg
63330,My Wife is the Student Council President,/tcd7hgNMeK8Fv8TWvtb9uHks4lh.jpg
76946,GRAND PRIX Driver,/eagFMCGohN7ovFpbQfGfUb0YWhS.jpg
218428,In Love All Over Again,/8HteBmTyI9yN0Mava1Cu7D6FIW.jpg
71018,Seven Mortal Sins,/tvJvByy99ul4hytAfNEboAFaFEY.jpg
108285,Zombie Detective,/ndFDaobo9M0lfTjHRp9sVHT8OnO.jpg
70036,Tonari no Seki-kun: The Master of Killing Time,/1972unB06y8eHC05byFIrOt8aA8.jpg
60929,Black Money Love,/2kntpUPy6VjBys4pJTshxIst401.jpg
1849,Benson,/pXQIwDfMMDF6GVJdgLm68Exm5wo.jpg
2152,Wishbone,/i78GxtTWS3W35CWvRhoWcFp2Wkb.jpg
1945,Traveler,/g0tLfXGlC0jLf1deTorkb7TOFWP.jpg
46437,Kingdom,/sQ6nRFLRLFrpJu3fDs9D5EzlKh2.jpg
58704,Bering Sea Gold,/jrMvJCbdBEA6UphJhL4kgtmY5Pw.jpg
32915,Akasya Durağı,/aZVlKCq6vRRes1wvzYMV8NTBwKd.jpg
5248,Hotel Room,/ty0dDqahlhLFXsn6rOybLWFA4HA.jpg
91016,Bard of Blood,/gKyQzUoYMQu7iWVOBGLQ493u4Qx.jpg
49929,Bad Teacher,/uBHsOsDDxzGLFF05k0ebSZyawOh.jpg
72289,Fearless,/yJ5psbcqAXDtHQ6QtInTtm6TqtM.jpg
2184,Maude,/jt9fFPKzpIsKtVdTepGix8J8p5.jpg
32800,Chase,/sayLpKaFnTrgmIvIMmItGbyCXb4.jpg
127549,Sasaki and Miyano,/4qeH1hCzrPMIoZwXvro1dHEwYy2.jpg
63871,Blocked,/icy2uVv4xDntEsOlFMKplxYVgC1.jpg
44194,Deception,/AnJBeMJdIw9umj958VRCyz7PWrI.jpg
4946,Deal or No Deal,/bWi2Lw8adsHbYsVj09a1IYOkqP1.jpg
1898,Odyssey 5,/cFmvX3lFdBXRkSsTqS2eUoDTdC3.jpg
133979,Two Summers,/2xzkqEdrKuXn0rTYAe88CFWOWo4.jpg
7098,Law & Order: UK,/lRwOgL51CTGHV47TEayyAfrtUSJ.jpg
14058,Ghost Hunters International,/1WAjct2Nqc6hB5maRaAwXUwjQHP.jpg
61932,Cucumber,/baCOB8P4yeOtqubCNFdNVtVBhHP.jpg
65439,Big Order,/n5jDsiekbTmfk8ZwxEOFGPUJzek.jpg
3894,WWE ECW,/h3qIiG22Uy62ZgLLtXkh5PdfiSL.jpg
10420,The Whitest Kids U' Know,/7nBZbpqjImz5azIM91ZUaFjTdVR.jpg
60937,Time of Eve,/q8w4APTUP3TydiMxPHcaJ1OpK3O.jpg
70292,The Perfect Insider,/32j3Kh8v2ahzSZza773nDFYXsxX.jpg
31389,Republic of Doyle,/k6ixXBiyOrsn0nrZ7zPG6dtqAHw.jpg
138455,Fatal Attraction,/gXxY9JQOXFBmedggz2fu5YKjIm.jpg
65956,The Morose Mononokean,/spX0QB8smjL2P7CDcVamnsIj5CD.jpg
125438,The Proud Family: Louder and Prouder,/rRuy69wbGalOVbVFXS92A7qpVfs.jpg
89416,Sanctuary,/vHxvBv4OF78GhcFC5GIwOOAJq7P.jpg
68973,Hotel Eleon,/aNdyF6Dj8NfIzC2Sr4XjTgQaNic.jpg
115996,Limitless with Chris Hemsworth,/mGrgY9FoZiJcwklEiEzyWD2DST1.jpg
195258,Our Great National Parks,/3ny9qqgIM2M6LgfLDAXujTOTmBO.jpg
111052,The Secret World of Nature: Spain,/8WeJUtRvLPEAFpJsrYowkMipTGe.jpg
108154,Agents of Chaos,/ceQl9etlDhQCmaJF1ty0DDtrlh3.jpg
203281,Borgen - Power & Glory,/4lWlsYjsDQeRqCrYhDDgmtTjBPk.jpg
83043,Marvel Rising: Initiation,/8z8Z7ZwFgatxp33fvxRKLyl2xd9.jpg
2055,Monkey Dust,/jWxkoZMcfZkIyGJSfegRrucn55I.jpg
68133,Olga,/yT17ieMQPYF3g9FhluShgGJ4VRq.jpg
89517,Tommy,/pIM878oO00ZEiRBpYdy8x2qmZkD.jpg
2491,Max and Paddy's Road to Nowhere,/lenZvwj3gCXl4GDZlxTzWi5L4f1.jpg
909,15 Storeys High,/hsgp3xqZld98CKfwC47R7jmhDS.jpg
10755,Harry and the Hendersons,/q8e08S5x9PW3UrKo3WzmK5NosU3.jpg
11191,The Kids from Room 402,/hrhvKp7A3WSsJ7JRInL0z1IhIqV.jpg
45886,Happy Together,/sgR9wfN6vMzvGEPYgi0UVqLR0Pu.jpg
5325,Army Wives,/sv6rOBEMXapqVrsGgwTuUizZoDe.jpg
71727,The Mayor,/rSsHEe1YYuI2vVTd4AMMEFPz8N2.jpg
9161,Dirty Pair,/4BFtwNhOio6LTP5WT1nRYRex3QA.jpg
139287,"More Than a Married Couple, But Not Lovers",/tEdCclmak7CHR5OzbusD94zdhUW.jpg
32736,The Defenders,/xAW5aSnv6ALlJvXQG1zTSpfCll5.jpg
44570,Golden Boy,/9eHX6eMSsLQlokTC3oIf3xsS2fX.jpg
61815,Babylon,/y5BDBMC1EZ0JwEiglbyz6jT0p6l.jpg
91405,Gordon Ramsay: Uncharted,/bh8xg3j9lG0oaNd76Xrad03hqoP.jpg
126437,Aoashi,/jz0agPanYP6MsjYSeGpZoAfUPjp.jpg
76126,Hakata Tonkotsu Ramens,/tScQkhR6nIhiWFGIjdK8BKt9WTd.jpg
70883,Love Tyrant,/cgIoscnDeI0FZ2w360KmKEle4Rg.jpg
50664,Secrets & Lies,/2xuxGYAuK9mK1p2T59RYfSd1Fzh.jpg
31677,30 for 30,/g1CdZEUcnVYypLOp8cfb7W9mSp2.jpg
46014,The In-Laws,/wqN1UcuQyXnpmrQKmlxo9sm8Ezj.jpg
4040,New York Undercover,/70Nd63gqoCLxNrdSY72FYAWOXhj.jpg
37702,Common Law,/vZMcWgDn6Q3XyLv3dk8NbPxTxFt.jpg
13710,The Virgin Queen,/bcjkkS23K7EKZv5vLLjqidI3Fmc.jpg
6326,Dog Whisperer,/mRtOuQZmfyCKyjeBlcsY2hXNmV9.jpg
11183,Poltergeist: The Legacy,/dewrEVHQmFdHUnBUD83BLjs2ZVs.jpg
43193,Those Who Kill,/73padpmtMHRps7hziQVHe0R5Oqe.jpg
2585,Heartbeat,/jAmkMnqyKP6kD9QlXvJxkxMLwDB.jpg
6579,Love and Cruelty,/fmGRIOhp97KQ4CRRXTUk3AdLUCQ.jpg
122235,Joe Pickett,/pWBCwK0lp5RLCyG89JzrhEVny47.jpg
1088,Dream On,/zgGw76GbK66pTO7WCfkKyj29pFX.jpg
122369,Fuuto PI,/oQpK0067z4owkPnFiulzauu5P7u.jpg
4619,Blade: The Series,/xthJ8MoYaJROntPHaI5mUrXd4Qs.jpg
49340,Sweet Life,/tGFkjXoAFoYXIqQTOOUXjF2L7JX.jpg
67709,One Mississippi,/ammJk1A1ejPPNEpqbJ3sy9Ci1XL.jpg
70537,Prime Suspect 1973,/Awkvftc2IZJfa4xWlspZAZFBAWN.jpg
95888,Dead Still,/y0hCyEGB0X5ULB0paAidp0YQ9In.jpg
89614,Sword Snow Stride,/avUmZDbbCcvnIFw0yrTM3A4CLlW.jpg
90961,Two Sentence Horror Stories,/jO6L4j8TzsCGQrl6oiAgehk4aqI.jpg
93286,DNA,/9nznsSr4DNObllAnI3Lqeg5S7Q6.jpg
131992,The Changeling,/cLUeNjCHs8q4crMTyywflohSD8w.jpg
139353,Cutie Pie,/o7qNQJJBRHvd3ZDheQFrkt9SRdk.jpg
2254,Sunset Beach,/tgZe2snWish4NxKTWLXro6jqnxw.jpg
3850,The Pirates of Dark Water,/tNJI9zPsMJpLr8N97g4VUCpMKvJ.jpg
82298,Where Stars Land,/4TEIkad4Nj1ZY5elC1sett6JAeK.jpg
97085,Van der Valk,/u0vTkvQseHSgK1cy4ZIiTcJmggG.jpg
60818,The World is Still Beautiful,/bqgyrUuBdbqZJLn4mpGTFizl4Ex.jpg
219432,No Traces,/3ntoxRFjM1Zs71WJGXqEDfolO4u.jpg
86401,Pure,/shA4f0fwkhoUwJkCR4QFxBPiC3M.jpg
86824,Designated Survivor: 60 Days,/c6DItPd14SE1PAujgGLGn4zoJLo.jpg
64232,The Best Future,/iFSzSaY3QCcTaBjrV6vYbhls0Q2.jpg
58557,Ja'mie: Private School Girl,/qNs19AeshY70d5cTN4xUedrAnAq.jpg
66077,Tanaka-kun Is Always Listless,/q3TdnhtfXh6yfrHuZO0hEmkjjnr.jpg
19215,Baseball,/wqHVnSOuZjuLmS84Jm9lgZuJFjS.jpg
213288,My Encounter with Evil,/5vfDAcfJ2Xjd2qLLSyWqSSnSmF0.jpg
204266,TRIGUN STAMPEDE,/tvnOaqUI1Db78CppZlSNFwE2Ynh.jpg
113452,Professionals,/fEnU5MLsorGStlyGsaqZXq8gCHf.jpg
4438,Hangin' with Mr. Cooper,/y6jjIhPcvNijt632WAa4AuXu73L.jpg
83039,Salt Fat Acid Heat,/uzhHbxLMYQhFRGQLCjbkdJn2F8M.jpg
62202,Spotless,/lARKdHXgWomQDiSjG5XqlVLhTWt.jpg
39302,GCB,/cBRvJhjEoVYWqYwTR3P7T6zsVCi.jpg
206910,Ludik,/pNdYJdE1sSACnjgWjnIJAm7lfiV.jpg
123271,Generation Hustle,/qpVBVy6LoD5Y3CtRQ6OPh5LYuNP.jpg
1454,Hero,/iYn15DBsknTElGBG60kyf1OSbS2.jpg
39366,The Tenant of Wildfell Hall,/oF89Kipi843OR1TIqrE1UxnC8Nx.jpg
135652,Military Prosecutor Doberman,/1bhoxZfhKmzgaXHWcsgILGzHMmG.jpg
18415,Trauma,/fiFgeu9Sxsq31WYWHaKcgSvSU1P.jpg
1837,WCW Monday Nitro,/4wxkWyoqOqaRgSwQiPOAXdF5FNL.jpg
37779,The Almighty Johnsons,/hqIzRbkuyLC3SGKbWkdSpQGexoY.jpg
38723,The Sinking of the Laconia,/z7Ybv2H5ml4OATZv9o4dgOfe67U.jpg
63635,Ghost Adventures: Aftershocks,/p1z6WyKpgQpz7kd56MrsoFB4ZSl.jpg
99084,Princess Connect! Re:Dive,/rHijpbAPTlwLdtz5RWHwLWMyns4.jpg
61894,Life Story,/egX6lk0EVJZk4EmwOGUiJXEpTo8.jpg
204302,D.B. Cooper: Where Are You?!,/xQhCGiY5CNAbksQEDpsVDMPUOpl.jpg
35138,Hetalia,/qjEFumH42sLeeTkjijM5qgmRV8q.jpg
70249,Evil Lives Here,/2PVjtXwWhwKTQUdfbkpZRwFxNMq.jpg
18797,Dark Blue,/qYW7JfywKzQsZqZbOpphfUx0CVh.jpg
119039,Delete Me,/rEq2gecfSew8PNGATX6yfnYVHl0.jpg
9543,Gankutsuou,/eAatnAycra30LroeMmVSGgrum73.jpg
79347,Miss Sherlock,/4ISaQjmIfFM0aQqcduFcI8B8dZ4.jpg
204276,Wilderness,/qqUjxzXQOeHxIQQXs9p547VzGYe.jpg
2413,"Gomer Pyle, U.S.M.C.",/iBtGm3Dk2mdOftPeEtiOMhAy2lw.jpg
67506,SOTUS,/AkHBuIhXKTllmReKonkfacjbNLJ.jpg
76506,Gold Rush: White Water,/xgMyo8Re5uufo90Dxm773Tnjh1o.jpg
66109,Hundred,/pb6s3Dd1k424OU5Fq1OWdk2F4yK.jpg
30431,Blue Submarine No. 6,/3E4lNmiuSSjmWeEx8DQaJ8H5GdX.jpg
4860,Waking the Dead,/pthoQb9tOrM0gi43ZER4cOKgm8D.jpg
55270,The Sandhamn Murders,/lncpOcNcP4cxTaH0MkyQERRwJZz.jpg
84216,The Final Table,/hJ6ODwOzGMquw2pCcuhve7D6tkg.jpg
2995,MXC,/rG3sIjKCXfcpT7I4siaE9SQ9hVG.jpg
34943,Zen,/mLaDLgsS32Ust5Bobw8osbiGZso.jpg
90720,Be Melodramatic,/fdPc2MoU8Cm87R3kYw1Hul0Dy76.jpg
130738,Deceit,/xqEaDHopE3lY04Db4dQR6UM6gwR.jpg
5200,Fireman Sam,/sXsqaIOjemMuHxGu3XukIyVM7jN.jpg
232,Ultraviolet,/hq6e06SoqeTrPP0V6ninVORroaO.jpg
123381,Uncoupled in Rio,/79J57FjKOFWmN9cWHDg7qjs6aqm.jpg
75793,Ms. Koizumi Loves Ramen Noodles,/3mbTcv1uzE8dHJBpUcES0deLyLa.jpg
110818,Earth at Night in Color,/pG8BdIz64deRqLWaiNcsvSPaTCS.jpg
116761,Julia,/ebXgoq33gsIC3ULeX53gZKN86No.jpg
21771,The Great Queen Seondeok,/ej1R5bxJ59kzzf7gYlqlEmclrUi.jpg
58552,Citizen Khan,/s8WgR9jZc4yf5xKQm6IkCEYQEmg.jpg
96547,Ricochet Rabbit & Droop-a-Long,/4O2NpSaVkj3ROeKzkJc6idOyl7c.jpg
229153,Captain Fall,/qJk5ks6g9FYT2nQ82UzkJDTKRDW.jpg
70514,The Replacement,/vtNE4SiJ0lN340XIUaNJ0UIZ3y4.jpg
60941,Taxi Brooklyn,/vjn1GSt1oXopuLqrRPKmo6AyU3R.jpg
76566,Hidden,/yXvjqGMlQuJ5sQEPIsWEeA0n1ql.jpg
47320,Cedar Cove,/jI7srft4ntH3C4iJwaq4vDQMnHG.jpg
65134,Morgen hör ich auf,/kokBaSCQLSBSUb62m1xLBpPvBR2.jpg
4529,Cannon,/8VkW3h6AD5DPgV1kUzmZNFqdK5l.jpg
76463,Miss Marple: A Pocketful of Rye,/8JI8cggydJdE4oc3ZkjFZ23b230.jpg
64291,Cuffs,/zR2NV5jfDmMbSVGuyh531dfAhT0.jpg
3897,El Pantera,/dhD7HAC5xH8OZkjMjwtglSrjikt.jpg
99248,Survive,/stere2OYFYoqj6LTGm0XXWUcKYy.jpg
10077,Schoolhouse Rock!,/4HCCVNl90rdcv1SJXCbktmVHTt4.jpg
17385,The Unusuals,/eeLCu2PDFoqWeHWLyCv7WNYJDAR.jpg
214162,Animal Control,/cC33M8JLvTcDyX7Mpe3WPODNAWP.jpg
207567,Pokémon: The Arceus Chronicles,/wfToCZbH3pCLzAqIKu0RBL3v1ek.jpg
37565,Tsubasa RESERVoir CHRoNiCLE,/xQoMzExGqZ7SAEegpHZETfw36Eo.jpg
67387,Borderline,/oPYzGX23YHKWHjToY7PKaxeUGYg.jpg
67716,National Treasure,/hIlXvv5sn7TFOGRQOnPWJ2HxMZS.jpg
134364,Adventure Beast,/drRzj5fCk5ndIhQmS2dH0R4OLKG.jpg
68848,Brave and Beautiful,/pcgAtV22GsMxYKKsvHcJ4BlsiEv.jpg
133355,A Tale Dark & Grimm,/iiek30wIfp96UR07jkCdrtlOx4x.jpg
30920,Russell Howard's Good News,/huVLgbyr2JcAHBzWLcNL7K99Qn8.jpg
114413,Home Economics,/svYYne5mdKQVyIFwzkMVS2t35Ok.jpg
2494,Look Around You,/noTyP7yGDw30T1rjjoHYiTZW8YK.jpg
121695,Sell Your Haunted House,/iHjLfJScdNrFWXd15nZfsqHgkNx.jpg
13885,Conan the Adventurer,/bmaAXXZ4rvRw3LSuGQwtgtBVaM6.jpg
90706,Doctor John,/2EtZ91FzsFRe3FFtAr29ESgW9QK.jpg
996,Spenser: For Hire,/8n4O7Reyk5es5iyzQk7zfNvuMJ9.jpg
3275,Alias Smith and Jones,/cvivxPeLnXUGiZtgeHdLVA6xGmb.jpg
61820,Fishing with John,/25c0yUBpHLkSVChyiMpw7bZ3s4B.jpg
66991,Tales of Zestiria the X,/8cvnUjctdbExvnRyo8AVDvo2KaT.jpg
44761,Second Spring,/k3hxzYzovStb9I976zAJxviRRzU.jpg
84282,Four Weddings and a Funeral,/m5VODP9P2914zhCaZZYQEJt6tW7.jpg
66641,Barbarians Rising,/9a6y8UZJ3jGcLLpJsOrDFZcSfO.jpg
70596,This Country,/iUjzx6qCPFBCoMA0YtEONew9NUE.jpg
42553,Alice in Wonderland,/6HOFLKqXrfuWBUD2l52tbA3Fuex.jpg
4568,Pepper Ann,/605jNVI63jueuJTKg032F7U7xEj.jpg
100762,The Nest,/seMO55mqDAsVYlXPAD3gDtx7dYb.jpg
70566,Clique,/4xvuHbroZNZlp2QHvGpmc6gI8dv.jpg
9922,Psi Factor: Chronicles of the Paranormal,/dg8IXc3ozjJY2YpyRmMQ0dYH63J.jpg
60697,Chozen,/aT5ZfaKJUx9gSTF4ygSZYNlsuqW.jpg
101200,#blackAF,/xccT6BWUYLf41UNHUWdvtqdH8rN.jpg
65646,The Roosevelts: An Intimate History,/ihcY2Kf8ytjhoSTddH3G1asVDOw.jpg
69857,Quartet,/gCuCYARnYLlXRbxaLpFzETLT3Zm.jpg
71702,2Moons: The Series,/tyi3teugJDRaNc6FuTApv4Tixqn.jpg
70592,Re:Creators,/kVxFvpttZ8V3zog5eoFmzMVFppy.jpg
79991,Life,/bnZ84kmXw9OlnAaVJlEYKOMlJmt.jpg
64379,Golden Life,/ioPvkki21jbjR1XYJlWIukqNVK2.jpg
95284,I'm with the Band: Nasty Cherry,/lrntygsnkgAhKi5RBR4qW8XpOOx.jpg
201285,Light & Magic,/91yE4Uo1ZthoLyek6V4uF5crXmy.jpg
14951,Nature,/9kyp84Phe5W55zCimC40JZvKPLg.jpg
4695,Battle of the Planets,/gYvvllQQ7Hb8hgm0PcqVstzFKcb.jpg
6279,Mummies Alive!,/qe7efkAYp0p2qLXtuwgcuJkSxlU.jpg
139086,The Murders at Starved Rock,/xjCTvdaI9U6isyHUZybGtzLgE0Y.jpg
134667,Reincarnated as a Sword,/yZ3VZVc7iyF7KtIjERBGEedVXqA.jpg
69189,A-Channel,/8v5DNnmMgFpjSw4RPrEDP86Isxr.jpg
41072,Weissensee,/9LctuJgMNBbcu2bx1Gg3O5Yxs2K.jpg
196285,Farming Life in Another World,/pT4OoVQE8zGJ0Z0GZpJotK5Vzsj.jpg
4395,Matador,/aPAOnEESzuOHvCjPSveUfsiBPuP.jpg
99083,Bottom-Tier Character Tomozaki,/spDlNOiLxhcJ6ToZkcKgNUDwi3V.jpg
64793,Mischievous Kiss: Love in Tokyo,/tufipY6DEzo6PoDb3Jfj6xlIDMB.jpg
13941,The Partridge Family,/9NMfghSXtPjOOIpbS7oQPQlkMS4.jpg
211261,The First Responders,/ccEYx9NoZvDJRw8Ji2E7yJYLXwt.jpg
64607,Dark Net,/tWeJD3WEf1NkmBviPlzUOHmtKMd.jpg
204774,A Brutal Pact: The Murder of Daniella Perez,/ab2M6OnATtNtQU1xvYS8ZaLUxe2.jpg
156240,The Chelsea Detective,/vWWf7eAipYitLE2lJ7plWL1aO6f.jpg
45909,Daddy's Daughters,/zHOqnTgczrw9WPxkLirJOMzPDHm.jpg
41132,Homicide Hills,/3CAi1pK6L2DHj7t8CAo2sunA0ww.jpg
6015,The State Within,/89C4NwOmQKytVIQJ01on0ddDOCY.jpg
2718,Tom Goes to the Mayor,/jECzaCRzJdR24jfKs5Bcn346Do5.jpg
4015,Commander in Chief,/2WMS3a43ppLxqDTHyGYmOsqOBbr.jpg
8344,Collision,/qXuLNDG9UICDXqG0ciyQpjuW4SX.jpg
68250,Tomorrow with You,/jha7VXf5SYW7VLClmGtj4NCBsnH.jpg
138251,EVE,/6xvIRR50lDzFRWLFCAwSzEkoEu3.jpg
75680,13 Commandments,/kOxrZG0laX9KVWaIItyWkCC5YzK.jpg
214997,Doctor Cha,/77SdMOG6DUiV9QcvN4Ybs3a9bvs.jpg
3317,City of Men,/sJLwMMcnXQ6LBRG4sOSDYGErHt1.jpg
592,Jayce and the Wheeled Warriors,/2cWiAykgUuINyRcPwEgUMmJbDhN.jpg
213635,Khakee: The Bihar Chapter,/xvr3WrwAQMlcb00OZEos9nLekTE.jpg
5225,Hidden Palms,/8ONEEFoGD3x2u1mufPkus2akwyI.jpg
203040,KONOSUBA – An Explosion on This Wonderful World!,/68rh8l8RaGujTDF6k87yykxixIy.jpg
12258,Cold Case Files,/sMVyuelqutkIntNBqjzZSCqS12k.jpg
41974,Monster High,/qq9jwjFk8QYz55uy9MiTC1FcfEf.jpg
76330,Sweet Revenge,/vq4fJoCBwRckBF6i8UU8Wsthb5w.jpg
20790,Russian Dolls: Sex Trade,/9ZnJO7AYFQmrmBigA2H67UuEJsH.jpg
37807,Beyblade: Metal Saga,/9Z247cCZOggsLoD4vY4Bg6QsH4U.jpg
157221,My Dad the Bounty Hunter,/cWSPHOTFFf5hs77gamKeLDhxNvm.jpg
155534,City on Fire,/lGzN8SgwlQMYn5uUI0pzG9EfXSD.jpg
68888,Lastman,/8ZGT8RdjNOczejJMfqFw97BdPOR.jpg
3425,Ultraman,/994dAhimCALCSqO5hiXrfAbZU9w.jpg
75383,MTV Floribama Shore,/4QwQxODmcT8XpjdilkPMlu2un6h.jpg
105848,Woke,/tEcADfyR2jsAlYVblK6A9LYi0tW.jpg
46052,Doctor-X: Surgeon Michiko Daimon,/kgA1JQ5szdoUF5X5y9TgTBILJeU.jpg
100988,Higurashi: When They Cry - NEW,/yyPvh32LQS1zWFTBkynZ6aVAsHD.jpg
87387,Glow Up: Britain's Next Make-Up Star,/zHEDBShXDUBbFxRIXvJDdj9fnJL.jpg
46829,Hellfjord,/rwsYRI2aU3VPD1ZBFWtr8f8rS8M.jpg
93288,Starstruck,/edwRHGJyn3mcQuOxPJwWVENKqL0.jpg
115569,SanPa: Sins of the Savior,/xoiGRUkT5zytfucEsOWyW9KhEiC.jpg
81712,House Arrest,/qCEY9RtEaGeywEAd9eVVNBBGKck.jpg
71414,Little Boy Blue,/fjz2G4NjDvg50yDAyeggWDuybj2.jpg
22366,One Outs,/YlkQr9E5L5ScgWYBq6WdSBkf75.jpg
134174,Before I Forget,/vlx2Lmp1SiEheDPYDX74lFkWwfo.jpg
75907,Mystery Science Theater 3000,/lGkGqvxzrH3TK1ElA1C7uNxicDZ.jpg
62229,Olympus,/dYAPVAMJWXGQ9s8ORnlEDUZqX9Z.jpg
110813,Secrets of War,/g4FFzub0ud62CMhmw7Hert4KAiP.jpg
73982,Day And Night,/7bAS0ENl7pYogOPVNYOo2o03BuO.jpg
4971,Walking with Monsters,/sxNKI4VOjH6wzAccTKQMwCdjVHH.jpg
96305,The Ambassador's Daughter,/cOvCv7elHBksrUJNX8WWKZQwLZP.jpg
222559,Thicker Than Water,/rDVfTRXMP5iwO7EgmVA5ivUwli4.jpg
68435,Skylanders Academy,/jh1RVeQaiT9qjWYm6DOyWkotnd9.jpg
205788,Justice Served,/gOXZns3CxiPh5DN6CxWEKtML3Yw.jpg
55029,Cosita Linda,/odoN3iAPmmLvBBq6W2tu94aIxQ3.jpg
112159,The Sister,/vBmSs2Kn602MkuGSjCVeWcw3nk8.jpg
114841,Blowing Kisses,/eSKiR4rLl7tNNDKQOS6d1QgPXRh.jpg
87407,Made in Heaven,/AgHh4IrleY2iKKInfFjbMpPH5Tu.jpg
13712,Oswald,/aliNWfXb6XvyYSFR8CevBCzMW4h.jpg
120142,SABIKUI BISCO,/j0svbwWz6I0qOoR8pFIDoAiSFCW.jpg
67111,HarmonQuest,/jeBr5TZoh3uZNqHqve12jKzkRUd.jpg
80537,HANEBADO!,/hDXmdpd2kwhqk4TLCaEowx3Y2lX.jpg
15123,Kitchen Confidential,/uxe8bPoLbULtE7zFer3HlBv8eHZ.jpg
92586,Somali and the Forest Spirit,/7l8e5QkTGbHKjK0rx4fOil0TTyB.jpg
137646,Animal,/dTUzqX7Ude2JskIBQVgldRLEaaS.jpg
13436,Roots: The Next Generations,/4yALWSK2sf02pHJvRi0QyFAljEx.jpg
89672,Theory of Love,/tg6NBNCDFrppcKPZFFCLmkX3Zup.jpg
53296,Oreshura,/fD8yIXzu7mnzhsfxJQGWHcujgcy.jpg
157842,Black Summoner,/ie1zLLjtspacRfpcVkLvNt7mUx9.jpg
36005,ItaKiss,/bJb1y6yXBMBwVLChoXqpkXc2i8M.jpg
35426,Killer Wave,/wra50hZXEQqfhiYgEzLere7G9Gd.jpg
139309,Blanca,/ygLft4UvzyeMUZegHNwcCKo7TgG.jpg
86823,Miru Tights,/hvFKwK0g4FGXXMllfjZ28LWBcHA.jpg
3394,Grace Under Fire,/ujeTohDP7Zs14VIKohyZPXJMH9l.jpg
91056,Blown Away,/9YmSm6x2aER6a7vfoOTDL9cKEuF.jpg
64198,Blaze and the Monster Machines,/vDTuk6TxOzjzHzrcOw0w27nwHa6.jpg
37867,Ladies versus Butlers!,/bjBHuTjC7KAGSAfeYY5q0q8ZcWn.jpg
91547,Didn't I Say to Make My Abilities Average in the Next Life?!,/I5ba54dxd7EqW0JMeAlftMEyXd.jpg
70490,Time: The Kalief Browder Story,/2uJWtcLq231IkwwiUonS7QhZtMk.jpg
68498,The Same Sky,/tv4C38mC21bmEjl09D1jTf6aZjW.jpg
75768,Deus Salve o Rei,/bUZOL8XVxRuoaNcaR9ov6QbSIPF.jpg
3811,Big Fat Quiz,/AoscbFCK12Nhfhf6DXCkFRbL2Vd.jpg
68375,Trailer Park Boys: Out of the Park: Europe,/bPr8KirBUgYVXNsNio74czpGI69.jpg
222314,American Manhunt: The Boston Marathon Bombing,/yagaaZpOgmX3cku7fgMCb4dyNeC.jpg
4787,Comedy Central Presents,/223LsiI29uOQpdN32QdeMTfmB5R.jpg
76124,School Babysitters,/q7CVITR2Ca8kg54hZPGIEoctsrf.jpg
61628,World Trigger,/lchqxvVvOeSfkpuvVAIxaDm8Mth.jpg
73552,Heathers,/pbK7GvYCrkqUevhGLcNuyja3ngm.jpg
22824,If I See You in my Dreams,/A3lIh4SoN1aKN1Sl4Oy7fLTUZ3Z.jpg
4734,Jumong,/tJI1XZtiECE6gz5MXj883eFv35E.jpg
207965,The Magical Revolution of the Reincarnated Princess and the Genius Young Lady,/4cPzbS1vgV6GY5xiwULwxMGrFHE.jpg
203780,Beast Tamer,/xVIyHzvdKfyALbas0hTFs2X0LJX.jpg
899,The Wallflower,/zlcuBwbCHki0oWplNQhHhStYwFn.jpg
4217,Zoboomafoo,/yGclUN52mO89x6VyK5MFp2AoiwJ.jpg
4531,Night Visions,/4P4Eb3kM80TittTu0dPNK9OdgMX.jpg
65650,Stag,/3Jd6KFa7PtWAVcl7wHO1PQpHfDT.jpg
63576,Fate/kaleid liner Prisma Illya,/fivwHxH3xddSkSyqonXtuydBpIY.jpg
66437,The Windsors,/mW3mUGxpuzgvRVdxNDfcuXemFzw.jpg
216604,Gangs of Oslo,/zz9fPM8AfrRU9RwxW8hnfshpIDD.jpg
10543,Teachers,/7VGQX1lFF9DoQ6lv7VSK5iUIfw9.jpg
34163,Urusei Yatsura,/bs0Q5TMYVUTNXCPbuPBNylzqrxk.jpg
105883,A Suitable Boy,/rS2osLCatyLuRsrwxfDLheaR3hG.jpg
354,My Hero,/ultFCYTFjTudEsCrGLFr4Sugdbf.jpg
194774,Vermeil in Gold,/gozUDZOZZq19vcnnP95eU5MINoa.jpg
109456,Petra,/pNU7rb01v2KhimbnS2SdGqSfC9r.jpg
12748,Alcanzar una estrella,/7zprNVq0qi1zyOEwMJqs1eJ3hcv.jpg
93095,Corleone: A History of la Cosa Nostra,/ceE9ln1FIP52q6vl1GQUjz0goGV.jpg
38189,Endgame,/f3eC9mj2bbFJVfWBUasJJOBhL7C.jpg
68070,WWW.Working!!,/cUDruI1hqgQUYlwcJp2EmNtRJk3.jpg
46798,Inferno Cop,/glDfHbIWCMtMhyUcXXS6l6Y1CCy.jpg
201852,One Dollar Lawyer,/AoyepneE9LkLSlVKdJb33mcXfFe.jpg
60782,Married,/oRZsQ730CC1TzuRSaHoqBwcR2Sw.jpg
105521,Breathe: Into the Shadows,/mWAkrsBHsrpYGy1E2JzaRkKjfAh.jpg
77412,Mira lo que has hecho,/2FSJNv8YN0gb1go74UEx4nJFB2h.jpg
869,Son of the Beach,/ssFB61XwVABxRZ0vcBHruqpK45Z.jpg
32722,Angry Boys,/kviE2G5B4X5SfuQOITDkKhyYepH.jpg
89899,Killer Ratings,/tgBwvT83hq9qDxQi5aeN40yWmrD.jpg
204698,Sprung,/pNrpWMnKhTnSXHBfXsTRGeyZmQX.jpg
68890,Defendant,/qoFTJi6b5Q5eNOArLOTe1Hi1fui.jpg
202,Nighty Night,/4DKutubtYhgWUmTVMjlkc95p6Rx.jpg
964,The Ghost Busters,/oZ3bO4yTg8f3NV3Eerz2XLEAfmW.jpg
84163,Boogiepop and Others,/lz95Bn85XN2pAXbHcSQreiUMv5b.jpg
37548,Junjou Romantica,/o1xuLiudxvYbYs30KDWlaeE6rwm.jpg
34579,Unforgiven,/2vVnziMcU02wkTOmImhXFasVl6d.jpg
95484,Stove League,/6C69xR1hMM66pZmlEAKeIDXpssh.jpg
39546,Case Histories,/xghENqyHjSZgsO8ZVKFfeG6ioYu.jpg
93737,Barkskins,/eRCk4CwQoN6EXBpUfVEvosnSBGN.jpg
58951,Reckless,/5iCLQwoSYPLyKRRHabU545cswe1.jpg
71427,Life of Kylie,/h4NhWMBshGxp11m9uYob4KJU81y.jpg
127390,Queens,/x3yylKGhD02XlPq16ekGLRkOOMu.jpg
68796,Mafia Only Kills in Summer,/x5pi9o9QUMgoBN9NEbpuKx54gzY.jpg
81991,Sorry For Your Loss,/eUtM5shJF0CZn3MhEMmdSxyHJ0W.jpg
46705,Jack Taylor,/aEZJsUZProvHa5FykCUt4nJxVEN.jpg
216005,Madoff: The Monster of Wall Street,/cp1kTIj3rEZsinWbYMGBfjgVHv7.jpg
20432,Speed Grapher,/5OOEt14tCMakadSZDCwRA6yD4R6.jpg
67757,90 Day Fiancé: Happily Ever After?,/1G9QLviqjwVaIpqkheQ2msNZXbl.jpg
155513,GAP,/ijFfRpFu378uUXq4Eb4W7uEnOEu.jpg
3887,The Mitchell and Webb Situation,/fmcVVNw6duQhegHb4tv0BSh6Ndp.jpg
72874,Tim and Eric's Bedtime Stories,/4nzEg4hZuamfOvtoOObrO8h3LCp.jpg
45502,Queen's Blade,/jtJYpBrN2mOCjSZSTJm1GVogUh8.jpg
69820,Granblue Fantasy: The Animation,/hUo1FNB9WZZZi4pOJ2YE7Vq5UcF.jpg
84299,Al Hayba,/heUxSI3Ul0L53XuziidcWv9GoQo.jpg
3003,The Cramp Twins,/vDbVBSQJx4xz7FAaOoJG9IFhAsB.jpg
90768,The Longest Day in Chang'an,/qb3xkbIdNRgFHKGNPrBUupCg5FC.jpg
95637,Who Killed Little Gregory?,/4fZDI4Q2olfTK00XSon4AqxORyk.jpg
84464,My Strange Hero,/p8Uzpksp6TRKwyn6L6EtZd4fJcx.jpg
201213,ONI: Thunder God's Tale,/b0WL7vIxEYWeDUnnUm2sDz21l5i.jpg
15775,Dinotopia,/fAC8fEWxMD1FlHlXRR0U5I79Dxi.jpg
19889,Timmy Time,/n4n6ROx77ex5zmOZVA4sjtoLJp8.jpg
9777,Friends with Benefits,/kqHYN5Ei3RyNWcHabLPRGW7hT6T.jpg
13269,Jane Eyre,/mGAnZuTTe4QdFqzC3dLHAMEwaOk.jpg
82183,Strangers,/yw0XGZXcKi5bb45FMDDwPZ2RAUq.jpg
56629,The Dust Bowl,/aU2HpeCBZhTnEixhSwfPtP7gfa2.jpg
2637,Come Dine with Me,/enFfviWZwnIKn9DhyMa7cXqKx6Q.jpg
156993,Harry Wild,/erVTW1WQbFvBg8yduriw032hPOq.jpg
11053,Daniel Boone,/lL4XDk4wRELIqciMtjcrD4TQ5m6.jpg
96198,The Dead Lands,/uQPvMVtrwrSAQcFhWoZD1ktscd5.jpg
92150,Skylines,/jyoPy0nW38nC1tEBhUKKrOzails.jpg
70344,Bellevue,/aZdjb44LdNqKFA9g6pk8VnAbW4C.jpg
99112,A Piece of Your Mind,/u25Bd08J1kdsLXdHymXkFJsseV7.jpg
98888,Secret Celebrity RuPaul's Drag Race,/n2BFhtVyc5Guwvw6qa6LaeuRhMk.jpg
36473,Are We There Yet?,/pDhGyrMlgrM5GKtPaJINP3Xg1kr.jpg
79407,Life on Mars,/561HlBWLiSePTtxaAWqExEc1kQ6.jpg
62618,Flip or Flop,/hgbymM0HJrXZVFHPCSXD6XmKkUo.jpg
27398,Harry Enfield and Chums,/6Vs6ezlVrdrnNLUY6wd4lOssbZm.jpg
127987,Visitors,/oYTetO99XH19bEA39KjuYeujuhM.jpg
217945,Zombieverse,/wSJp469uR5nKuhDfMJgFWS58ATn.jpg
61816,The Slap,/trgYWyMOTldgQ4HExwHGANOfGre.jpg
4382,Eight Is Enough,/grfzd62iFtkA68lRJCqMVZEVnSL.jpg
104714,B Positive,/xi1FWI0ckVEurtRFRMplHtXHn9y.jpg
4170,Five Days,/mnRh1Jcn6KAhgVyfVPDLJwgaOSu.jpg
35415,Honey and Clover,/kswS6bL0EbxW2ryWL7sXMyMT2EV.jpg
207374,Class of '07,/cA678fpae4Qz1IWoWh8lRQ5F1DM.jpg
34510,Sungkyunkwan Scandal,/ybx2GDBkbzV2P8NUIj6r3U7ht3A.jpg
52895,Vividred Operation,/hI0gJgMdUu8mT6tEcmqVMf0wNVs.jpg
70456,Guns Germs & Steel,/7FzLKZ41E6TDOD1mPveuCEhbQVW.jpg
35483,Marsupilami,/mf0V9NtGTN8V8L46u0zGZKTdnRY.jpg
65353,Carmilla,/8QtaDRC3a1EXvwQ56MLnOVmZ3Ou.jpg
35942,Cadfael,/9oEoPTP4kYjbS8Gi9eXPQ8wDMe0.jpg
22254,Phantom: Requiem for the Phantom,/tkA2spPJbtaDvx2qz0rQC5af5HR.jpg
45613,The Lost Empire,/cPsBlGhlFbeUd6G7a4Tb8w6O7Mo.jpg
71795,Criminal Minds,/hY9QGvObdABYNLYYnA3o9d7uRqV.jpg
68610,Sweet/Vicious,/jQQyJJto0nzu8EgLDS6O9IezqXN.jpg
82695,Perpetual Grace LTD,/xHwhr4eq7Be4rDEpo3t8rsItjlW.jpg
3921,Clueless,/oFwUrOR4SmbRycom20q8AbCSAbS.jpg
59617,El puntero,/rAPlMG5d2Nf0XZQ6MIzaCCnsd9E.jpg
42887,Sayonara Zetsubou Sensei,/aqmgsww2z7wif1eDeee7YceBxGS.jpg
34052,Better With You,/1afZ935IzCqAtS4aQZ0ubHqvu9P.jpg
51425,Betrayal,/izEtHQS7WNZISy50NW97MXwRQSe.jpg
2472,The Apprentice,/hgHGsnZyeJTrNmFD37MDQgW2kAK.jpg
57284,Betas,/6iJ5GFBXwjvH5i1Uuquv1gSvqL7.jpg
72544,The Guest Book,/7fHjNrwB0qWZ9FsCVivQuAd8H2g.jpg
4106,Summerland,/mvdhBaU7CaIaZzoO4SgjPcyxXAM.jpg
97948,An Incurable Case of Love,/ggn32nGCGpdweIJ363Ji0JoZbUK.jpg
65536,The Embassy,/mVKzUchsNdBMrpzyW8cF5Kngmlz.jpg
115810,Amor Amor,/wksRAOMoyHDxJWSW6bG4MyECW9G.jpg
2544,Rising Damp,/1f0Jyqy4sVNn5rf36n4ldcltLN7.jpg
49297,The Incredible Dr. Pol,/iYI2XC9lFfbdHRL087nOixWWDep.jpg
137206,Till The End of The Moon,/xcKDmUKEzysLjJEJTjonNoMraht.jpg
61879,Real Husbands of Hollywood,/ylRzw81gVNOujaDQvnDGOhXc5LZ.jpg
129631,Battlestar Galactica: The Resistance,/kX2QHFIJbelLd6wdOhjWmBhaDn8.jpg
82501,The Smile Has Left Your Eyes,/yj5KxpFh2qhB7qEJt94WpBTUKLJ.jpg
62113,Shahs of Sunset,/imocZNiNbsFua19Z0hidmTbOWv1.jpg
61343,Weird Loners,/wwBFhMqF7Nt5yaHhZfk9uFsGGH.jpg
210269,Sanctuary,/fnr87DcGxKB02vcuZlLgxX8tHPs.jpg
13265,Den-noh Coil,/4bl5XmT52fdIlIQ5nkuP0LeFQLH.jpg
5343,Beakman's World,/x6wXEkbyhwh98kFWPtfjn5EdVHu.jpg
76818,Chicken Girls,/kr2VHCPjn4JHE5GDfdvep5iQzLF.jpg
61441,Yowamushi Pedal,/688PJsb1sVWgosrQCbwT32vJKfI.jpg
117162,"Go, Dog. Go!",/qHwkhQZ8YpHS3Wz7EWUzwp5WEpR.jpg
68569,Mother,/p5SrEMWe1UiETqy5QkwRrBFcyna.jpg
131875,"What Happened, Brittany Murphy?",/wvjooU9XSedeinHoQKJe9a7MkpS.jpg
78471,The Piano Forest,/3sN8KTZFC8ypxnIhjoiE8M6L2Pj.jpg
62201,Rabbids Invasion,/hOjv6MN6FzG4JMcD0NvEylIoLYq.jpg
81315,Switched,/v1PrIS8oOS5MCVg76anHVnSdcBc.jpg
124411,Aspirants,/r1mh4YAP3vb3h2pNM50gezrK98m.jpg
66774,Epic Rap Battles of History,/4qXok4hvDCdzyp4JoJ82WByHToh.jpg
4190,"Pinky, Elmyra & The Brain",/1B0DN2ri7klVzbKuP8VVSGpCgMx.jpg
10860,Road to Avonlea,/2392PwVEfsMOMgYD5q0KaRWbjhP.jpg
216445,Fireworks of My Heart,/ecF1kGP2tlCpoWXVsaeYP3W6dZb.jpg
31537,Pit Bulls and Parolees,/lrgRiVK3GH0jxQLmUXrWIjFA9Jc.jpg
39261,Lie to Me,/g35bitraxXluK4dFYhQ76mRlNdT.jpg
48000,Your Pretty Face Is Going to Hell,/9NHMwsnDCRf9ML9WJnAcg9oJPOP.jpg
64084,WWE 24,/iScEZ9NXWq0aaWp0YsguUndby2s.jpg
61541,Web Therapy,/9LD7OvTYYCuDAEjetcNm6QaCVqQ.jpg
16386,The Beast,/hPSg8OjovXypwpmTXLuvKe3sI3X.jpg
38952,The Inbetweeners,/hfhYF9lZsz16mCd8jBvpCUb7sN0.jpg
158051,The Lake,/ucCICS60CK5tfA50BXoQbEf8rKN.jpg
88570,Your Turn To Kill,/3dfatE0SL7VaZe9HqCiZxVK6u9q.jpg
92824,Muppets Now,/vLVG99uRkETkMQkh5tN82S1CByI.jpg
80670,The Master of Ragnarok & Blesser of Einherjar,/OVaM55ub5iIEZxLzGdOvFnhk3O.jpg
90254,Limetown,/yVqxAi3OaaNu9KguuhMxjDMtQeT.jpg
71713,Rise,/dZrz8dUvgvQ62HsMzLdU8j29kps.jpg
119064,The Good Mothers,/1WwKoGbQETx7erXfh5w1OW0BHEC.jpg
219066,Community Squad,/tKZmQMP6NLrxO1quNkKGDqwg49r.jpg
13674,Mobile Suit Zeta Gundam,/pmErEd15QbO05OJ3awhr7jvs8LQ.jpg
108353,UFOs,/xvwpLNyKRElnlI4sUaKOBY6Z2d1.jpg
210939,The Mole,/uhUPGELqpHJ3hoeO5DjOwlDRpwe.jpg
71302,Below the Surface,/iiyaaXZpe52Q6WnwzNtpYiBymbH.jpg
106840,I Told Sunset About You,/qOxU4eHAdN9W4BLtplCVa4MJX2A.jpg
13678,Dragons' Den,/tygWEMls5aCdmHW0ZNCD5PhYCXS.jpg
73012,Siesta Key,/h4wTCi6vn1y4NHjquytTGetFvAK.jpg
221869,Wave Makers,/3SyIuLEDFwZEt65pKeFui01oZb4.jpg
66263,The Secret,/vz3ZIlSGJ2dClkgKXhpRAsz54t2.jpg
6353,The Story of Tracy Beaker,/iggQkR7r6hfbaJwheZQIixHx9dK.jpg
6550,Wiseguy,/pDKRxvfp5vB3FrHZ0g3oHvnHQKG.jpg
31283,Mommy XXX,/j6Rr6VvjbLm3IrrufoK5u7uYKYj.jpg
61831,The Game,/xhdl84crUXv0Jc5LXEQaArsRF7N.jpg
71307,Pupa,/6p0dnZkr0QIz76rmoqAR8oHkPWs.jpg
65163,Poyraz Karayel,/pY8GMqiB35LY6TbWsDSGAsRvcR3.jpg
31077,"My Boss, My Hero",/cC8a0TfbRWfFNjDkB6xONPn78U7.jpg
99815,Aleph,/k8kkhYmrbg8Mw6CWGfZmZwYQF3J.jpg
106674,La Fortuna,/nkMNmEzGCPCKUSrBeaLwJFi0SjW.jpg
207493,The Aristocrat's Otherworldly Adventure: Serving Gods Who Go Too Far,/aH3EKIPW9XRaIJQeF7EYlOe7SEK.jpg
59574,Labyrinth of Passion,/tIRvxrnGWkcdPFsNCYuxUbWvaJ1.jpg
110758,Honour,/85AoxBbCqngZOh8UsB4A1KOt4zd.jpg
65836,The Aliens,/1qUocZpBVVMUIwsqXhuSatpvSnU.jpg
114703,A Tale of Thousand Stars,/7322L75WZnZw0pq7nHNo0AnOLKr.jpg
134967,Queer as Folk,/ofLgNhfsLstalbEEdqGN2sWdOJG.jpg
86605,Well-Intended Love,/tkxtbsmv4aGR4h3etJM77pJ6WZ.jpg
774,On the Buses,/dFXI5MJ1L0VH6rOtJ3FzT36lCaS.jpg
1925,That Girl,/rqde9J8qNnyhxjAK9UVgSzWJxiq.jpg
61393,The Driver,/jeveGKPiqqUbWptQLmsGpbDZk4c.jpg
132925,The Red Sleeve,/1AZK2bnsmu5PIbkfxFkKbrjf5Oo.jpg
45927,Liquidation,/7qRkxUon1NhdeeoIGxIJxZEswwo.jpg
1181,American Experience,/g0CcpIzTA3nWETpLiatdnTcU2Qn.jpg
45270,Streets of Laredo,/3xdiNzuma0QNHYCNVYYc7Eu8ieV.jpg
82193,Norm Macdonald Has a Show,/99RcaUmpgdXqbEXmhyPTWCFbm8K.jpg
38112,The Qwaser of Stigmata,/zAdiOfxntBDbY3GSr17Q8vUQxE6.jpg
65951,The Lost Village,/ljuQCMPBHCWO2eiZY6k08xgYFfb.jpg
10610,Challenge of the Super Friends,/vjHNDUMEZfg9UMMQzR4KRNnhIeG.jpg
45527,Nodame Cantabile,/cMhcTPgU2493A3akpBXbzDO0dxl.jpg
204554,Legacy: The True Story of the LA Lakers,/e9lVAFg0q2b7wi5npAUnl0YtfV7.jpg
121792,Akebi's Sailor Uniform,/kGMOxl3o9QNeRzAvmeDJaaxLrtV.jpg
85712,Lorena,/3a6FrCtQ1mHllI3dvaKLG8dsnhT.jpg
90046,90 Day Fiancé: The Other Way,/jw4KDjNmpBnMd7fEjbz9qTUmKJS.jpg
210239,Lucky Hank,/eKYPaXerPYUhmCsGlk8KlGkrIc9.jpg
202886,"Web of Make Believe: Death, Lies and the Internet",/wjdpAclyKGhg8tjgvOPN9bwluZs.jpg
225226,Pesci piccoli,/2toluHSXoBy8ihFAuVg1uBFUkCu.jpg
40903,Emil of Lönneberga,/rT4RdeqzY9Kqj7oHOC5tF5KNmS2.jpg
72523,Angel's 3Piece!,/aVmLA24NypvwPkh9BGASQlOLuLu.jpg
97535,Dignity,/frfglATu6M9yr3XRwzKr4tON9Rt.jpg
62810,Odd Mom Out,/k2mh5mjEhr5LpWHA39WB1jpignp.jpg
3288,The Weekenders,/aqpaC32hWrf9jdPkLiS3u73OcyZ.jpg
1062,F Troop,/4pwrqRLkkpizrF9baXw7MVVzgri.jpg
2419,George and Mildred,/pMgntK0AABRD5DFeFG8HWDsz7at.jpg
6526,Stawka większa niż życie,/b7SEZcfroolYbYDOoaLkfXE9o3p.jpg
129902,Disney Presents Goofy in How to Stay at Home,/6mquHuSdZhTa0yFivASiswFxau7.jpg
119142,The Crime of the Century,/3jtWsNSW2ID23u9OeDRRQBCa5Mm.jpg
121567,Koala Man,/omhNXYjGpx0d3ovdTSLh27XjXCa.jpg
211746,The Interest of Love,/5TcZpfh1JgLKR6sWf6iF4arEGcm.jpg
65835,Captain Tsubasa J,/utlvq1mRI77yO8JZTWTTgfoIUHc.jpg
129057,Notre-Dame,/uMtryUXNFfKwk8rddrjWYm0o5Zz.jpg
6592,Earthworm Jim,/zxZTvRjEjOlRXkIpDXz60cUtow6.jpg
67106,The Deep,/3aoRvpHjuRmn76P2AVXZIBDoCdg.jpg
41322,Pandemic,/kwQb8MDTWhHXYW5WN8T0GIrLLja.jpg
53536,Dates,/cc4hP9Mr8C9TLcVRw8QNcxj0GkV.jpg
49071,Valley of the Wolves: Ambush,/wDWkjobSJm8I5r2ctSPtneUjHxT.jpg
60877,Bravest Warriors,/2Fjkjr3m6cLB8PKtZOooE3D9Dg8.jpg
158258,Duty After School,/gCwpHsTuytZo8YfyE2M1UnvQv3x.jpg
68379,Heaven's Memo Pad,/x4I1965Dx0mP9JHdsvWGJxE0Da4.jpg
31783,Worst Cooks in America,/pWYV0xhyh4aNJv14zNIL1LBKIOL.jpg
2928,The Hardy Boys / Nancy Drew Mysteries,/2gNO5CI1U46a7faNu5aJUEsFS6H.jpg
76318,"20,000 Leagues Under the Sea",/s3NQE1PsgJVxZeGLpRd6WxHXdHU.jpg
106173,Mystery Lab,/ihc15uMbjI6kzIy14CWGvOCZ39d.jpg
77591,Flint Town,/rkQja9qgd4GB0ZdZBk7uYp9SlLI.jpg
6480,House Hunters,/7Bsr9ogG0q6yHtNuIp6bJ6EFpbH.jpg
38854,9 End 2 Outs,/u1ToG0tmD4M2DBn32oayRmFdWRl.jpg
127907,"McCartney 3, 2, 1",/oFLsac8ieC0qCjucFosdbgxpXkm.jpg
196944,My Happy Marriage,/gPqp4ux7rPETtjmjkW8Q2wXT1va.jpg
106513,World's Most Wanted,/dDaIGQvHHP4xixwqwhgwn8WMZx.jpg
112489,Side Hustle,/sTDn4xp6KcnjDLCpOarymUoSlAz.jpg
6074,My Girl,/72Su8fJNHMidt9wCcVWKkLJzHrS.jpg
114162,The Republic of Sarah,/egotOnlmUCFhEGdz1ifW1gzX6cY.jpg
26324,Flikken Maastricht,/55QldouShgVYwv2fSnaTJUn6Oro.jpg
125118,García!,/upc1C7FWozUxd60a1Sa9QLEMOAP.jpg
89642,Chief of Staff,/95U7TJGxDP6OHeAF5HP78as7eff.jpg
116479,Anupamaa,/wEYKsIHnsdPsNDWK8hiKbtRotCY.jpg
79323,Curfew,/qM3mGK7Z2HVRRfofUqecnjmWHqV.jpg
43755,Partners,/hw9rJ6DsbyEa1cPijUfdroYOQtY.jpg
35579,Princess Sarah,/gCYJnaNl2Ekym2l2IEx2dFsrjnp.jpg
77278,Louis Theroux: Miami Mega-Jail,/ybLY8T6ZOakye90nO6TFm1nfHKG.jpg
100379,The Innocence Files,/summ8ctaf2Ho8qpmpqkFNtw5KZg.jpg
2999,Tales of the Gold Monkey,/yuWusb0dvhuw6fuKlVCgXgIh93g.jpg
110,Less than Perfect,/xKKV8RNURtXipLmxa26PfazWuYy.jpg
12516,La Linea,/dzIBm3qZvWY9jomjR7Qt8pPewOH.jpg
31179,The Lone Ranger,/sAQSKgrYC0l5kQbLk8QXINAK6F4.jpg
104022,Losing Alice,/dcQkMhsQt0FFHanfjAboIoe7E9A.jpg
96120,SUPER HxEROS,/1rPzcfNY4E8mEJrytjw1XeJTtVS.jpg
196214,The Full Monty,/tp8FUhXt14pr8acWzrOmrIRbX97.jpg
34152,Boogiepop Phantom,/oldWjJaCGGyHjfh5aKKs4VKzXav.jpg
61462,Sakura Trick,/kkqlvcXmNKRcWXK9Io87igmaM0c.jpg
2142,Fastlane,/4ifuFAUqRrD8AwfQYy3yprqtzgf.jpg
65681,Apocalypse: The Battle of Verdun,/1KFjQgy4mJizjup5ux2qx3QhGxV.jpg
47091,"That Winter, the Wind Blows",/jLzHgNa9VhQ9IVqE8fmYvejYbQd.jpg
70378,Heavy Rescue: 401,/kMxoA2C73Ps40uPVUIvBDgp2jqN.jpg
79792,Love Island Australia,/eAOZWC8TjiB0eo4NbtlosBVs89U.jpg
85547,London Kills,/smVJJAOpOeOYPCOMVOvfhZr6WuB.jpg
1850,Caroline in the City,/eI7GP4fL77x6zsn2d505GzzCTnK.jpg
80459,Stath Lets Flats,/6jsY1d4IfHa9ytsgWn1lxSMdMAb.jpg
9985,Dennis the Menace,/1zpYhxqz9SUGMB3Q9HnyKTh31E4.jpg
40110,Trollied,/q53RlUbQ46qSXO3yTkhZZFUuDIc.jpg
65938,Heartbeat,/gh1gdNKuQ36AWBbXlrKGIblHtKQ.jpg
56401,King & Maxwell,/5kKzx5q7tbuKVLTMBH4EKHhVAQl.jpg
83149,The Bisexual,/9ZzdQ2OYv6XcrMNePUswNx1w7Ux.jpg
72442,Hotel Transylvania: The Series,/mdPDFNqO7NWUtZIt66nMOmji7hg.jpg
39892,Time Goes By,/9EdummL201K7rYtcZ5z08yX8NKm.jpg
80865,13 Reasons Why: Beyond the Reasons,/aauFzhjAGSemDpDBSmWDJpkeQiw.jpg
96049,Triad Princess,/3VxNVZrosgqypezZUWI6SojEhoV.jpg
137967,The Journalist,/fo9CuO19jPjikgU7dzMEFYqNGPj.jpg
4275,Prisoner: Cell Block H,/avbbAYFF852iMNXiUb9oih184C5.jpg
207470,Off the Hook,/27y3YRnu1UiQ7MhOAQpeB5rwWfz.jpg
135794,Vita da Carlo,/pVoAM7TxsrLsnPrlktlDOv4X27i.jpg
79897,Grey's Anatomy: B-Team,/s0FZu5JBH1OdH5kIVfck3c2DpkC.jpg
75140,Shot in the Dark,/hABjCCz8yB7xJvSeJ6euZFSIAFC.jpg
122587,A Couple of Cuckoos,/tdPYDpjvapdSdxroFidhiXvKY4B.jpg
33862,To the Ends of the Earth,/bMBn5C3MTjb8aQpM8lN0sotj9uG.jpg
10020,Police Woman,/leF62WHfjJS4Su9AjDoz4cuqO7k.jpg
70337,Before We Die,/nfOWtcSi8vrdC4J0qcORJJUcU9I.jpg
10370,The Hitchhiker,/AmOBNQXTMPsi3NvcadHxfM4xEVZ.jpg
1455,Spellbinder,/piDLgTPFgQ4ePpfbAZadkaqlWYg.jpg
76284,Gone,/fN3I7ly9XUCXJabIpn9hadJIpca.jpg
431,One on One,/wrPeock4PW1VV2bw8k1TuGet8hX.jpg
107692,Mr. Heart,/ugb3scDQ291cAuvOvv8vwY3M4GR.jpg
43295,Carnival Phantasm,/hhFvh0gFRcIBEk4igTUeXHBLZ75.jpg
5742,Return to Lonesome Dove,/uuCU3QJqtCXVfd1okAptVOU221.jpg
209663,Eat the Rich: The GameStop Saga,/iRO7O3moovOAUQtN8eNW62NQ77v.jpg
99145,The Thaw,/tSn83DGeshKmDTvMEWyMqEg74E1.jpg
78741,BTS: Burn the Stage,/atc0gJa863BVZUxRigGC0MaK6EB.jpg
18892,The Nazis: A Warning from History,/wdAiFowckDaZLdqvWVLw8M9Kx8X.jpg
126824,The Patrick Star Show,/44zbV1t35gxgcSN7sTlkUY85GC9.jpg
87356,Cheat,/wRs2y3xWjdGhaNMo71PqxUvW26.jpg
16033,Strawberry Shortcake,/744dPrpzK89x5H4AbFMMv0aKEgF.jpg
60860,Foo Fighters Sonic Highways,/ng6ACMSXiDtaS6BGRigdP3XevyQ.jpg
57607,Kroll Show,/ge6QB1aUrOxWawe0ZsVfBdp9zNy.jpg
194573,The Muppets Mayhem,/fxJrS7cXn5hK09xDuqp7isQOFXX.jpg
81494,Accidentally In Love,/cPpOYJg3ARYmc3PpB8zDWOhJRWo.jpg
99896,Noughts + Crosses,/xKo7Zog27jcGvPKGkpHkqbLqLR8.jpg
65312,False Flag,/2CRQSmtvWuqunQKeqS8E9muzQbM.jpg
47745,Karadayi,/5FAqOc2tsAIOpu846Q4UakaCYad.jpg
34381,Great Migrations,/qv7nLtGL8i6RCXfQILXhWgR4p0m.jpg
67082,Total Drama Presents: The Ridonculous Race,/NpHctZgDk1QvwQWpR4gZaqZIdP.jpg
135670,Dhindora,/i6RJyrJRps31JKWGZVKow6ZbSZM.jpg
127493,You Are My Glory,/n2j4J1OwOjAsjxSzavRf5AP76kR.jpg
68358,The Princess Weiyoung,/4lojcsfBAH10W64k6JnerDeLd5A.jpg
62057,GTO: Great Teacher Onizuka,/a5FxXDfiBzWu8pOJaII7gt9yzNg.jpg
66306,Secret Healer,/lmDzxj8c0PTpSuxBqwtAZtEtDeO.jpg
34142,Nodame Cantabile,/rvE2ST5CeXNGbvX8Q4UG8s3EocV.jpg
62130,Banished,/q8EW8Fs6vTDimNky9CkiBn13vFp.jpg
911,Kaun Banega Crorepati,/8srHjzgZq9V9sgsTkIwGARDyADj.jpg
156866,The Ignorant Angels,/bbl4kqLbEIGuZWsdbPasdUYqoBu.jpg
61944,Bring It!,/gmk0oDoemqEfdXHbcrjHGNw3nfN.jpg
204304,How to Change Your Mind,/5rxVzVimaxhzyHGSd96ijKX7Twu.jpg
79005,Dietland,/v5cfVvAe4IawRchyKDHSFgunL9F.jpg
43189,Berlin Alexanderplatz,/x42HpsYrkIyOaz9HMcEu8mLdy3i.jpg
2802,Waterloo Road,/gZoVJ0iVcyFDtrS8a7vFaiQfNa8.jpg
71871,The Best Hit,/5KzbxhGvSt5A3Kc9aD6fUdRh3It.jpg
97428,Ted Bundy: Falling for a Killer,/z42KuycEdAhylrHPQjRVaWay2uA.jpg
4451,Filthy Rich & Catflap,/pQiMn7gq2QQJmCxT4lKPJK1DH50.jpg
95897,Overflow,/8RtwL5gxUvh9YViqjhNlVRvJpum.jpg
70445,American Playboy: The Hugh Hefner Story,/y4SnAInc7QqEHn95ENMnoWNS12T.jpg
99478,Memorist,/eC5lQovhFgJma2lqkKvM1XItiZB.jpg
66103,Ace Attorney,/5iqzzrL2cBVk7km4xjSnm2m8erl.jpg
108987,The Witcher: A Look Inside the Episodes,/thnU4dg5tvipytPj8BEuhkiQFSW.jpg
5299,Life Goes On,/6a27QlSY2oC87OGX48lUp0J9SiK.jpg
97488,The Cursed,/7ZkWOHIdSDskDhlVthEuX60vWK.jpg
31575,Buso Renkin,/dx4wVPrb5mHfbD9W98KmXJQFBV4.jpg
81802,The Truth Will Out,/5US3IHaUika6IAZt5E6M4iFEkQZ.jpg
80547,re:View,/riUw8CjlE0CM2fWUsHzndN3joBR.jpg
44235,Red Widow,/7QFn1uHKHzE7PcPS5sYH9d4YIok.jpg
66281,Camp WWE,/qCdKjhjdv2AaQR0jMl1UmfNUbwd.jpg
71884,Alone Together,/x7aC2jYL9brQlasj67TV1DxQL4Q.jpg
129887,"Now, We Are Breaking Up",/dUn67I9Pzpb2XNz6HxSCa26T0rD.jpg
95477,Vehicle Force Voltron,/tPYDvTRTTteSEN2xqlLn0TyE4bc.jpg
64589,Profiling Paris,/8IWWLIHhuUxMe2mmZ7n1wujp01f.jpg
94755,The Accident,/z4Dy7lzjRtDz5bBdDaZMfzQGsur.jpg
207269,Toda la sangre,/zT92V2rxlWgpjjKlGnDdGFd6YMm.jpg
325,The Adventures of the Galaxy Rangers,/wo44yfN8zni0iG9r8vCxfgeEeiA.jpg
228966,Calle y Poché: No Labels,/ivyt3ahhqHi3U0zNMCNWmJuOpaJ.jpg
3814,All That,/ve8xcICNeTQqY99jnSmmEqXa0wP.jpg
66517,Yago,/fCkqI49iexou6yNBnQeSPmnDxCT.jpg
244643,El amor no tiene receta,/fDRy8B1KdapuvBsgkCkEETY4MNr.jpg
32752,Eagleheart,/8CLd5Zt7PcgNVBAAiSeyvBwyziU.jpg
86830,The Fiery Priest,/6s0kZq0PSB4MhHhBKeK3FmlUKAl.jpg
6798,Un paso adelante,/vtIWMVYXHXXevF9bHm8C7Rmj8w7.jpg
223129,Ik Weet Er Alles Van!,/syHeo1w0EK44qTC6sbB2mckuvVN.jpg
40050,Daniel Tiger's Neighborhood,/1nsykcRMGzunNZJnTzIXt1jFOOd.jpg
130842,The Newsreader,/tW6pFsH04QrinknQKM26wtzLjia.jpg
11328,The Incredible Hulk,/eg1HgM1kF0SJbYsWVmpP2BjvPUU.jpg
87185,Kill It,/lxTNyRhEUBK6r3o3ZJakcSsvO2b.jpg
30688,Meister Eder und sein Pumuckl,/utrSWOMSeKuwdI0B3YA2wpsUp4B.jpg
214592,GAMERA -Rebirth-,/8ouoPQIZ4kDdvbw0J0U1wK5CpLo.jpg
134955,Maldivas,/tTGH2NXwFwFv2VmrrPY0b4cVgFz.jpg
157769,The No Man Zone,/7PiWLVa7ti8BDnUeg2hYrpiGkdK.jpg
78685,The Confidence Man JP,/28Coe4j6p1FdYXBMEafJrzdq39A.jpg
49007,Super Fun Night,/92euIThzlIO7PGaAWUXjwQJrroO.jpg
9215,Gormenghast,/gTQCtJa0wsrZUCiPSxXY6VyGZiC.jpg
3576,Kindred: The Embraced,/xcI72282j6X2Dw6HNq5H7XLhVBQ.jpg
5576,Mulheres de Areia,/a9AE92RyGfdXhWtvld8VKvfWfwH.jpg
129676,Open Your Eyes,/50nfmMwCoQ5DDoVL0lrpCuKjJIs.jpg
227512,Zorras,/gQXrIVJ8ojWmD0TK937bNS0w8jO.jpg
132376,All or Nothing: Arsenal,/4LztV8nZYJy30BVVpI1IwMhX8Dd.jpg
76977,The Young Offenders,/qFHtEVLzy2zeg1flGfvQhGdq0W0.jpg
19835,Sea Monsters,/agjt3bcUecI82aWFCjGZx3jL1G1.jpg
55089,Who Wants to Be a Millionaire?,/lwS34iyzAAeRvwWX2o23AfuHkp.jpg
61529,Hozuki's Coolheadedness,/f1lI5HInStAwD43elO3LubKoHdc.jpg
36105,"Drugs, Inc.",/qGZlkIMVyV3Jnh2L3zvnSF8A8gW.jpg
5953,The Legend of Bruce Lee,/8qGKVCtEcoBtqiOORBF61RaXYqP.jpg
136365,Blackout: Tomorrow is Too Late,/8MmY9PpeChgrvUYb3n2L37oqLI.jpg
46941,Lightfields,/hIvPKaSsC6uclsZaOAulaqWbHjZ.jpg
47220,Intruders,/h9LeBY34WRtCjbJiqbO1njt6QTU.jpg
1167,The Inspector Lynley Mysteries,/d68bISjO6e6cOtgeygJO471FUIh.jpg
43207,The IT Crowd,/vah1dnAyxXMBKGyGZDWB7g9Yz0q.jpg
158635,Gravity Falls Shorts,/8ybcBf4o8ao2AtZZNHITMdc7P7Z.jpg
92684,The Last Kids on Earth,/lTpGn2hgB0WGFGp6Q6ArkEWWTsk.jpg
128013,Santo,/qIF53PuAJB0SE37IuPe77xCBuse.jpg
64812,Moorim School,/saNmetfz02QrmDnDlxa29Zh2piK.jpg
64496,Saints & Strangers,/2JqEDwyAehzMLFBDclWfPLdT0iR.jpg
81667,The Rise of Phoenixes,/oClpkfN2ath0GLZFstW1P7wMlan.jpg
35486,War and Peace,/8QTiqjGxq6SGXV8BDUofcSo7Owh.jpg
68127,Black Lake,/q9UM8Ul0ZRmjfHyCJBIWvWxjmUK.jpg
1268,The Dark Side of Porn,/gwQwfHmUm170V14LpLg3f6GN6N9.jpg
225,Sharpe,/adoq3P4qCeDquGXjtcwDDXECESH.jpg
5909,My Own Worst Enemy,/tO0EuW0EQVYIeau8KaEvWVepNjk.jpg
98078,Just Add Magic: Mystery City,/qyxOHsLpn6ktH9gFngCV3AHvG9c.jpg
45500,Mobile Suit Gundam Unicorn,/221Lo3L1iTg76hWhyzg62C5OYOK.jpg
116569,Black Space,/lr1nls8ybKrMUxrggIULMNafNTm.jpg
2510,Saxondale,/oZa6FGATmBEnz0EpFa08e6PVa8P.jpg
194820,"From Now On, Showtime!",/6IlPh7kbjNNQ0AMB7mrAQMn7Xyd.jpg
61534,Love Stage!!,/drudqRieOKYqv66EISTSpT1v1t4.jpg
135502,The Head of Joaquín Murrieta,/szYenUSJozmEF9Bsc96mtfirix.jpg
75814,Terrace House: Opening New Doors,/7FJboauhE3x5urYVTmL9YG3fxg7.jpg
11918,Empire,/5p7en3Ct3bdwYyECA4oHkjSfJim.jpg
38210,Twenty Twelve,/5O9uEXosgtvNmZyOYYh0DCdiHGY.jpg
83110,Warrior,/9K0OtY1dXWmKBM4tHoyHEohxsKb.jpg
124363,The Dawn of the Witch,/2qbR3QB4V5HmBrl8WOKsUEBMpE0.jpg
98950,The Fugitive,/QIgkarZsWQO2YLcOIxs9TNpvVq.jpg
32836,Back Streets,/mxFzuKK8yEz9KdJXb6sPlhUU07s.jpg
101857,Do You Like Brahms?,/5kuSIA9uXZJE8LHePszDEYPSSLP.jpg
1076,Suddenly Susan,/dfM8shbsRi7Iw6SZmamX3mZ2313.jpg
67352,Million Dollar Extreme Presents: World Peace,/8BF4U9rUqyCVvPK5iLuIHKKOlnb.jpg
52229,Arn: The Knight Templar,/34gWDfPhZ7ScCkLiDVZboswdyzx.jpg
88365,Foodie Love,/eJkekj427HeYuUYPU90wRhbWB01.jpg
2702,Cybill,/xN3eCrHdRWY3loR5IxCJ613sGyq.jpg
550,Till Death Us Do Part,/5r8enLaWs3SnVoInZYsOLZgboki.jpg
94267,Council of Dads,/1pDVeFUwkQHPtntPZIO29hsBTHV.jpg
65220,I Am Jazz,/lQCUTs0ThUXT0DNht3IqfGF2bYV.jpg
66926,Valkyrie Drive: Mermaid,/6hEpqMPUxDcV3ljeCHgJoVY5U2d.jpg
912,Ah! My Goddess,/2qX7itzAbTFVU4cpQuCkLO1VkeL.jpg
112202,Douluo Continent,/PFPD5SZxauigsTiYDzarHUQoEj.jpg
70311,Quanzhi Fashi,/wirofBlPHzaENMu5RCxx9T2gNjB.jpg
26732,Super Mario World,/482V5nBdZw3VmpnUDO4h0gH2sAK.jpg
133670,"Work Later, Drink Now",/m6c69FvtN5kMCryjp1DyOssthij.jpg
2373,The Fantastic Four,/kEyV8MffIg2Zmmaif5GHeiHYHq4.jpg
2936,Jabberjaw,/67fu3uo0ZYeKuYlPs12WCte78g6.jpg
8864,.hack,/wNplB2ViLejqtyU76Qz2iv3oZPM.jpg
47007,To the Beautiful You,/kltutuHuFMzvQ3LWbDFcOAebC12.jpg
705,SuperTed,/vYYT8V6lioLQ1OkhkIKiL1Q9gQ9.jpg
12832,The Hunger,/8foXsJ7kEThYbCy6cOi3LJPATtv.jpg
67307,Madoff,/y8Z3wc2ZdIoPFuk8swSPcJvcvA5.jpg
2979,Cyberchase,/rNBxZw1GqLkt8FB9TL9p9jSEBl8.jpg
66938,Total Bellas,/kKo4HiAQsGdpW4gSZjjq0kidpo5.jpg
70581,Circle,/1sINEbJKM2p47VIvZkNvK6APAzH.jpg
749,Cold Feet,/mSPjuYGUpxr3bwP2VB97Ry0oJA0.jpg
42032,For Better or Worse,/qal0vTHLsZfPKlSrmOX56sYKGUV.jpg
46592,7th Grade Civil Servant,/icXFTKLdfjOh8y6T1soyEjXV4T5.jpg
146102,Through the Darkness,/8sJW1IHZ4FQnHeE4cJIbR18L7If.jpg
61867,Medcezir,/gQw5nPY0Z0ZGN0yatzPwmdzNTQ7.jpg
66647,Terrace House: Boys & Girls in the City,/nMjIzMTjjio7CIpPuL17f0l6n1o.jpg
3743,Forever Knight,/aXlJjgxsorDOCl4cDoWpwN7x0JN.jpg
77397,The Zen Diaries of Garry Shandling,/jqNQEh4qudAU87Yq9kf3adrDNT9.jpg
68761,In Plain Sight,/980hwMFK5eWqC3aNd5vEGxdDskt.jpg
46621,Janet King,/e6BNDVq2ypVdZnCSmj1ymBuOqUs.jpg
117878,You Make Me Dance,/dOalRyS6rrG9N2NuNlEtcyoK9lO.jpg
86632,Flack,/aSJF7jz8byWrKnFnwW8N3cSkzDC.jpg
106449,A Record of a Mortal's Journey to Immortality,/9bDt042m2IaDfpSTEyvhPWNlTY3.jpg
66372,Mum,/vRaRhHi7pwPJkiNkVhwRK7RKA9n.jpg
68171,Zapped,/62GbPhk68kK8v1cqcqz4i2RMmM0.jpg
46627,Wonders of Life,/sj1QDXyb8Q0qXfmcnVL22pOqe4a.jpg
57278,Secret Love,/zeL1acoA8ygEOJn7kUI1FItsYl0.jpg
80462,Chio's School Road,/taElEb8RT6CTTTlj1eYiGPzro9X.jpg
62652,The Young Montalbano,/eoAozU5BAxw5jbXtB8xpG95HZe8.jpg
2255,War of the Worlds,/aooe8m3ZHey7WKNdmlllRYeinpa.jpg
139280,Queenmaker,/4PLY6WSRgBKMY9Wc7npJA5f28lc.jpg
46596,School 2013,/1XSHp0wBIGIZGtoFs5jSWVmVG62.jpg
68833,Scare PewDiePie,/b3a3HTXPDbrUGIJlswCFOfKpbp5.jpg
63699,Utopia,/c0nxfNLDvLfsLH0v4UX43vjol9Q.jpg
81500,Fights Break Sphere,/quF64x6cR0dk38v2Y2kTJKJWU1H.jpg
61928,Lucha Underground,/by1AztJ9I1gjWKPL3XdYxiFOU5T.jpg
71904,Capitaine Marleau,/2JSZjb9zAWkpqkhy1VoxBAqYIXS.jpg
216795,Rain Dogs,/cA3JlHtx24lEnflydTdX6TReAva.jpg
91759,Come Home Love: Lo and Behold,/lgD4j9gUGmMckZpWWRJjorWqGVT.jpg
117327,Pretty Hard Cases,/logy60poXm2R5RKPE0YaArgcZv1.jpg
47494,Sex Traffic,/apMOn4wkmG9S4XYXMwP0SuX6wzR.jpg
712,Designing Women,/pqhes4TGTDj9zMg9agrADKo8RnL.jpg
90319,Don't Look Deeper,/v1bZu7mjkiDwTweN7S98pUB3hEm.jpg
105169,I'm a Virgo,/avyEl0afo2u5Q8305Eq27nL5LYu.jpg
13800,Thundarr the Barbarian,/V423Gid9p7wdb6cuKDK8mBTElp.jpg
37618,Bedlam,/b39xZdSXuXVzk2wB7F3snflNDpU.jpg
65448,Stolen Life,/5iPXsfEkKYldXUyUWmBsYIQ1Mhh.jpg
74826,Buzzfeed Unsolved: True Crime,/2s75hYx4FQitQMYafOUSrQXL24q.jpg
30956,Land Girls,/zdEvltYVZHmRmgHXLD13RPG2ln2.jpg
73328,Eve of Destruction,/4hk8x7cFHoyZQ2n9eE7THm3LKIG.jpg
57478,NASA's Unexplained Files,/6w5zVDc6YyiSQZPtJXnboZ2lKfq.jpg
61197,Emergency Couple,/pvk9IYxxLNgsdXDhA1is3LFKeCC.jpg
44318,Hakuoki,/x98F4iTVwojYvpngeGbr9SXss7M.jpg
45388,Missing,/5RdCx8fplh39dYh3YkwI7x3zSda.jpg
63088,Aoharu x Machinegun,/8PNOj3WJ91rgBnLTe7UeSsAYTjL.jpg
28032,Eurovision Song Contest,/xKDaIPDEgaIgUkWGJq7BR1Tq0zL.jpg
3114,Silk Stalkings,/mzJDp1iZmhxlSCBBicWsiYcZGv.jpg
51665,Don't Ever Wipe Tears Without Gloves,/d4CnT7XKrUgiSnZHbrZq2ht6ZnH.jpg
71367,Will,/dXv74kFe1HbEVUTRMt8wpN8lYM6.jpg
56834,My Bride is a Mermaid,/b3Ta4RDn22SmxuGKK7klxDrTbiB.jpg
218530,Murdaugh Murders: A Southern Scandal,/so8k0YprvHS2eFT3lMqB1PokjAS.jpg
9895,Rowan & Martin's Laugh-In,/abMymAYr5R1yVeNl9NZs3x27RoY.jpg
2302,Huff,/4SlzMxpiXHN7k0UhHx3h0128eVO.jpg
210750,The Green Glove Gang,/oEWYJuJNXLOMvDTAfeCwrEf2WZO.jpg
19355,Yellowstone,/z4oNV3A0Sqx9myNYff0OPtnXVN3.jpg
34406,Take Two with Phineas and Ferb,/gqKRtWDEbzkHdxMrpCgqiqkRSpk.jpg
20407,Chuggington,/7LsJcmPIHmbpbO1NceqPPRbSfwL.jpg
122015,Not Me,/u55CWUrewbvR8PG3AGjIkgRB6u1.jpg
32675,War and Remembrance,/e3EkF2C1R4rOzckdPrZ3BarZJo4.jpg
33123,My Fair Nanny,/rMqoJeUrhB1AfJne6c5X83kRMri.jpg
4994,Biography,/jrGlKiEMROImZWZTD38JO4D420.jpg
93842,Heirs of the Night,/mkD3oTxYfsOYThtTM6o5HQom1Ar.jpg
2641,Rolie Polie Olie,/zt1TsOE2L5QXxud1TLawnTFJhSr.jpg
66384,Public Enemy,/uOmawEssC1ZNO3E6ykBpOZQes3J.jpg
58057,Jack Irish,/9f66kq0vLHztRL44FcGCqyaqUJo.jpg
6575,Muppets Tonight,/bm9R1dRm6PBZGIsfZupVAPSXOyG.jpg
35236,Bobobo-bo Bo-bobo,/n7ub8ssDyKRyiWX6IWjl6Gjj2Rh.jpg
2294,China Beach,/hAHjHqh9b31xljMxSc6PBet3a1X.jpg
257,California Dreams,/m2pFSd4HkkTOwVoBj6ticBCwOLJ.jpg
85276,Murder Mountain,/nvMyAp5yYOIYAYhYIjpEaIFzqeq.jpg
6998,Lark Rise to Candleford,/ygnOo7IBXLoGsIHowAezLI4k0BD.jpg
136368,Song of the Bandits,/cU05bKTCIOS5GODIBSB4MeLKq6P.jpg
10494,Nowhere Man,/bMQ0IDjUs7tLf9XefBQGZ7AkvpP.jpg
228051,Miss Adrenaline: A Tale of Twins,/7x1fR7YoXWphEbaQFeZZ34g2BGd.jpg
63039,Bordertown,/ikMzMxJjHgmPymi9RIMWAeGX02p.jpg
55808,Gogglebox,/8ll8L8d3L9Q10m9GabrSKOKr5qU.jpg
90399,Ambitions,/yZR31jvMgGwG4i0Z6Jee2iRUHyI.jpg
206903,Thai Cave Rescue,/aTdJPB9DwF6XMAPYkTQ1RWMfhI8.jpg
36157,Strawberry Panic!,/tpgJ26KgCMKY3ya8mOk5ulXzV2o.jpg
16047,Anne of Green Gables,/hW5TyvMdJbyAOOzFCTQCwDHa3g5.jpg
67235,Escape the Night,/7ouY0lHD7SlyYbMWAigFiaoV1Ew.jpg
59183,Southcliffe,/8bbHIc1lk6ZOgJHlXopg18qx1ZW.jpg
89545,Leila,/fNp0B9slDgBWOcJJjyv7Bf2fPQI.jpg
1236,Life in Cold Blood,/wLmJ5gUNR9fRHczyKpmREkM8IYQ.jpg
120008,Worn Stories,/mDwYQ4MJ92hWtk8lTurUnJHSAJs.jpg
1444,Kidnapped,/7B1Yp0lMGjyWmuFRI6Qb4DxfozV.jpg
62999,The Jim Gaffigan Show,/fIs7LLODtiowheV17UXycFM7DSV.jpg
73549,Odd Squad,/msX6IdjZ8o103P14ttSQ6M79q4F.jpg
39882,Finding Bigfoot,/Lgc4MnuTv16ISNTWoAb95KA61f.jpg
6145,Modern Marvels,/uRMi6q4mazNTZ2HKdiY6RP5noDW.jpg
113113,Awaken,/eSKR3E8Jqf58MmmeyEy27lxXddP.jpg
17194,Madeline,/kh1xdNqCYj4plWOyYjSIrPzzUvI.jpg
79238,Come and Hug Me,/4IxIttWkGqa1RoISSpUdJhY1uOY.jpg
98685,Monster Girl Doctor,/w0RJVdb1BdEjHAUX1LmzGyUvLaS.jpg
63927,Six Flying Dragons,/o5hTTwHmI3DZUWCHaSRLAXYfwLm.jpg
90621,The Other Me,/4dD0igFrVqAAE70pqMTjSNBrTGs.jpg
87023,Wallace & Gromit,/qenTN4It86RxnqfuXRRz1YdJCaL.jpg
210865,Golden Boy,/zuBQbzobXatNvjlodo6trmxOVz.jpg
60913,The Carbonaro Effect,/am9aBRY0ZuUi2wEEUUySNp7ewjT.jpg
60381,Mountain Men,/6OnwNi6qU3fbiyUChoKndiw69rS.jpg
173,Degrassi Junior High,/5fCPJdwgMdIfeoETslRN6ZR8uxK.jpg
103944,Drug Store in Another World: The Slow Life of a Cheat Pharmacist,/37ENGudqofAjZzI884xPMM9umn4.jpg
194718,Reborn to Master the Blade: From Hero-King to Extraordinary Squire,/zrnUnV0PFWnJ1G6wDvzkQL2HL9d.jpg
8757,Chinese Paladin,/nnDLixH0YoVomLerN7wl0xjQgxa.jpg
96989,The Trial,/enlAm44zTOyPT3PMIAEUiMlKGee.jpg
5269,Lipstick Jungle,/75WJq16w7BYh1uIIsoP8ad2Zk2G.jpg
3720,Young Dracula,/nKNtYVK2vhJudSOCDjhCtqAAZpa.jpg
51675,Black Box,/bjfxUhq0IflP9OOsZ19SOVAmhDR.jpg
94421,Zomboat!,/jSruH42wqKCYdCw6CQSKkG9qjYR.jpg
645,Rhoda,/7nVSlqyqtlXuTiEYjku7fzWYav5.jpg
2471,Man to Man with Dean Learner,/9jXZuc6geM7rd5dFbsEnbksznvK.jpg
202306,Di4ries,/xKnjd3x8BWKb5hgai8zJ6DEhMym.jpg
157214,Cherry Blossoms After Winter,/9sFL2XdV4uMD9ysohrw7JNnGqjr.jpg
101797,In My Skin,/zOLx19TxskkCPObaNv890Zuy2yl.jpg
195926,Samurai Rabbit: The Usagi Chronicles,/wX9TmobwtIX8OCWJiG0tU8vsPmS.jpg
3882,My Favorite Martian,/nHHIF7mw7eDa78npsA3nqLqV2sf.jpg
4541,Total Recall 2070,/2LKeqDgFBZB8kyzhikcBxpmRm1q.jpg
100407,How to Fix a Drug Scandal,/luAEmKFrbPyotPN51q8zj1B3qON.jpg
125462,Journey to the Center of the Earth,/z0s0th8B0ccWfQ3bm3bqYnXsGoI.jpg
138561,Kindred,/iSrPT4PQmrVDGdp55cCShrpBMlj.jpg
11415,Trigger Happy TV,/vGrBnXQFePSOQUNtmD8WowkGdAC.jpg
62187,Girlfriends' Guide to Divorce,/gIK9Z4LVurR2C9KgmexWGbOzYh4.jpg
75892,Dope,/lsqqr89sCIrmOhJceEHTCgPmKJ4.jpg
66006,Web of Lies,/cJ6fVEbO3n2npcuzHXfM87sgyTs.jpg
4635,Life with Derek,/3dmfYIJ3RxFkhPJCW5jbBjHBinH.jpg
78418,ReBoot: The Guardian Code,/fyD4p8MgUsJCNWdHUqES3MSQ2Jd.jpg
48273,Yedi Numara,/kM5QIs4EEyEcu7SHc7PK5eaweNO.jpg
50846,Rake,/5AdpBaq4nyKZclDrn9o4h7F15hP.jpg
156135,Savage Rhythm,/fNgjy8rDEprVWqeGfzgQ5E0yyIv.jpg
74076,Mad Dog,/dFgYTNvzvPUpHrK92GRP9xZlZSi.jpg
6809,El hormiguero,/K6tzvTqHFULV5cr5dsWTSmh4Zj.jpg
16591,Galapagos,/qK98dHVkdrOT4JzzUltGYMmaxC6.jpg
231,The Soup,/kUCMWgkia4jnGUmbQkHpk9L95VK.jpg
118534,Jane,/9EuDaqFRui2nVqE4CixB7Umx9AO.jpg
98308,Gentefied,/eFuObt9gK46r0MsjWqqmKuAWlwt.jpg
106465,Do Do Sol Sol La La Sol,/v2LOL5NLuHivBhOQ1ybEBgyAVpC.jpg
42508,Astarotte's Toy,/olOmak0oUyRyq7FBT1ZxcvR8E3i.jpg
63266,Justice League: Gods and Monsters Chronicles,/sytZtuGtxKX6L6hyyMKtK41hLTa.jpg
76461,Miss Marple: The Moving Finger,/xg7OvUZROVFKLSAiShkb2UwPEat.jpg
92628,I Hate Suzie,/hjywC92jCbta6yJdso7WfIouYQa.jpg
35254,Castelo Rá-Tim-Bum,/p9Yo9plrovUUl8sa3UFt3Q9bxpE.jpg
208855,Close to Home: Murder in the Coalfield,/qufvBq4I6fA4C6gfCkLzQ9JuVRA.jpg
80079,American Idol,/ymcESnS1xKohdDRq4i51PUSSDXr.jpg
3222,Murder One,/8POnAqZ1W5ttbeWpEVosMxhTIo4.jpg
65728,Marriage Contract,/i29HTwpnlqTmDtSWS9ZC0kTdZNx.jpg
3554,The Parkers,/vV2wJKLoM3VnHUkNoRHMaLc968c.jpg
7447,Paddington Bear,/bagwjuYOdgoa4N7JYiAxFvBBxoH.jpg
79583,Happy Together,/h9vLHRPf4OxxiYEh9vqxBfRDLcJ.jpg
123531,If Only,/jxJofiJUE9v8gBBmgVZKITHpLRC.jpg
932,Beast Machines: Transformers,/dJdLFsRJZ91I1BEK2xUjwXG4NLs.jpg
3781,Too Close for Comfort,/6JXWDAHHV1SqUeakZVTFf6rbl38.jpg
20861,Jazz,/40S5JFf0pH9Ojk47B0nvy3eUrP.jpg
72739,Inside Edge,/pfGyOXhabq3CrjSLx7LJjCrWTHy.jpg
76462,Miss Marple: A Murder Is Announced,/2V0PfVqFM0zXDOEJ2CUeyHLcwPP.jpg
43268,Bomb Girls,/qZvYxdrvIXFtIYBR5R4bq9LseW4.jpg
60013,The Visitor from the Future,/7VhZjRzoPJOYKfnlRIbp8y1iJtc.jpg
13260,Conan the Adventurer,/kiGR3pUUev5oxynmXNVzvGnm8Te.jpg
4409,Pride and Prejudice,/uzGPFb6gM81WnRAGprOFKnVkbuD.jpg
2818,The Crystal Maze,/tIEfOS0gDDnchkhT7P7zGBHK1o9.jpg
42506,The Mystic Archives of Dantalian,/toIOVNIwyiGA4TBZavgDJnLwaKd.jpg
217710,MAKE MY DAY,/1gWb9o0XVyXwFk2aRPqyVJV8mXE.jpg
165,Now and Again,/cCAXhFIxJTbQFqJAt5nZtFSnBbQ.jpg
115424,The Swamp,/4GAn7bZPJBnrKoMGjumFXgoSDmE.jpg
44004,Animal Practice,/mrWcS77Fr6bOlRMRqkpD07NZjMk.jpg
81918,Fast Layne,/vNPgNu3xMMLbzXdg8N9SgKwwykF.jpg
1566,All of Us,/fQKE9RE2U0EWiFT8f3FVaowokyk.jpg
2562,How the West Was Won,/7SlOtDowU9k3V5nIiwUlI2ZFkEk.jpg
34575,Auction Hunters,/jbkGPIK6I8yOhMqCA14hUsW5eGh.jpg
1789,Whatever Happened to... Robot Jones?,/pLl9mC1Kkb0VLAmsJqJletKexv.jpg
71764,Splitting Up Together,/jMxlolm8TcNKNNMRyjxWqvpiIQ8.jpg
104127,Crossing Swords,/l3jSJcrXTcXK1ibq7vM4GPDGSrk.jpg
110232,Us,/dWBZqmCdM56vCxpb8YO29k8Bd5n.jpg
4167,The Flintstone Kids,/qvyCcBrKrc0nhmOMY49iNE0Fu47.jpg
1869,What's Happening!!,/oaDvj8di0QjPuxqnANxT9ybn0E1.jpg
87282,Gabby Duran and the Unsittables,/rkpce6QmU2GjNkOScLP27HzJ9At.jpg
71441,"I Couldn't Become a Hero, So I Reluctantly Decided to Get a Job",/xwiWn8vggHGxL0ANCsUWwcYFlOk.jpg
61213,Satisfaction,/iqnYdOUQZZSSrj1xbqvCukFOMew.jpg
6100,Long Vacation,/7PkSuliqZ1QnPU8jBh6puFjyvQ2.jpg
43624,Leopold the Cat,/s3lyiTdbo3v2WXHuIK7GPqv8Ki1.jpg
2209,Dempsey and Makepeace,/uyfaW5hbsEg4bWgcgVUo4CjwZT.jpg
13834,Space Patrol,/p8GnYoNNt4FbuNm39t0TK0wPMmV.jpg
36626,Logan's Run,/sEwi68z1sP6iUxHYtIGWGfj21cc.jpg
94649,Infinite Dendrogram,/ePUz7Zq1SRLhNWvaeQYm2oPj5H7.jpg
45462,Pet Shop of Horrors,/teGe8ztT8hqhOkaQDXKPcL0uMGS.jpg
89427,The Countryside,/8OpDcomeBDy2FhrKHeTT9x4CPFJ.jpg
202876,A Dream of Splendor,/liT1qsjEoVjZRZbigDH72xIhA4C.jpg
75992,Engaged to the Unidentified,/uAIQS35hGd4uGP6pKaPiWvMwi5m.jpg
71994,Extinct,/5lOTSc3HECtH1smrzfOsCSyzY17.jpg
2034,Drive,/rNrb6s9WLSiy6CQCvcfrmZKHGM8.jpg
75456,Bancroft,/mfJ1zdGMETbJjAhkx35gdp8cU2i.jpg
110623,Kitchenblock,/eKP944op6UzzI2McIesfNoLq5Lf.jpg
2831,Ace Ventura: Pet Detective,/hMaEc8qqRgBP1DLbx89r70nvNUW.jpg
208720,Sins of Our Mother,/uoShYiUZU1KSlsnV1CvnkHWT5ao.jpg
106525,Connected,/u1xTMUr9aCplVLi67zsJ0DOpbz0.jpg
33674,Algo habrán hecho,/8Bi7NHsCUbRFdcgjpfYxqf6wn7k.jpg
113966,Whitstable Pearl,/wJlAOeqqHXBM6rJ5E9MrQTKUva4.jpg
71771,"Me, Myself & I",/pLujZyU1e7D2F2aIBD86GgjH0Bn.jpg
34893,CHAOS,/uDApqZ0txxHbhm3y93dAiHMznlL.jpg
63499,Classroom Crisis,/12vvTklZaXHSvfyuQMoi8HuHbh4.jpg
86165,Four More Shots Please!,/a4UNvDfbgk3AY7452dr9uGhulzB.jpg
5559,Pink Panther and Pals,/t1Ei15IlJtjgjWhk8zX4OtkYTsB.jpg
31730,Casshern Sins,/sZWVvD5UNQTwhrO8HA3SELfZm7E.jpg
85405,The Crowned Clown,/3UxIBzQV4AYtNLdO4Z9ewhrm6ra.jpg
11578,Ein Herz und eine Seele,/vEfpWSSnKrRGaA4Ng8hHy2f5rrs.jpg
131584,King of Boys: The Return of the King,/vWI6qVGOklBCfdcskDdVcm2JXA6.jpg
202101,Night Court,/aDgsyosno3aKCiAn0UoUuw6HNME.jpg
158809,Wild Abandon,/izMNeTaDDIMMrjxWp2OkBxR60wC.jpg
62839,The Secret Life of Marilyn Monroe,/lrcOv9ByMqOGDaQcSir1Rw3QhRb.jpg
51402,Mixology,/wqmf1BB7BiQKAr3WqYNEt9fEiWg.jpg
100729,She,/YMDfnHowqwi4xRwbZhyFuz15J8.jpg
222792,Chimp Empire,/fBs6Z1QOmZSOnm1PzMjE571tQBs.jpg
66260,Lost & Found Music Studios,/2febzBrLWIQ9oAlZAvnm4XN0cu1.jpg
4295,Time Trax,/3alq98XIbksqiYVD505kEJ2MeF1.jpg
76369,FLAMES,/eAVdTnHp7G8iaCSJ2h0g4nXAATy.jpg
69864,Terrace House: Aloha State,/nYBOS6hekFriElnPsXzT1FmP61Z.jpg
122287,Love After World Domination,/vHX5AFNNNNvkiZlxqS8WftUZOAH.jpg
206285,Nacho,/bcfpovydjIs6PnIPrc04A1SVCcx.jpg
62301,The Girl Who Sees Smells,/uC95QIWiPq2ts558aki8NC5rXHN.jpg
125,To the Manor Born,/dkC1esu05b8aHPUwTO7857MHbd0.jpg
32997,Dual Survival,/8lEagL8MAv2TupalZtDEMr33Yo.jpg
18745,Tales of the City,/mmWd7KVDBDn272Z5bUSPi0oa51U.jpg
209504,Maestro in Blue,/tArsBIPvP90oUmP5fe9o8tNSwOq.jpg
95730,Love on the Spectrum,/zMsuBnjsKDMUrAZ0Ey6Ux3bVtn7.jpg
68455,Tawawa on Monday,/8El663tdtQUxULLx3iBQMlb3FsO.jpg
102192,Lies and Deceit,/1Twciy6LkLmvidw33MBKvgPEZfv.jpg
64728,Mountain Monsters,/1j77TbKD0KSd67stnWyJBI7VKTQ.jpg
65978,The A Word,/82wnISSkmsqY2hMK26EcBjTplpC.jpg
218537,Baddies West,/vh9kHGTAa2GZ5VkyXpCLBR5STEv.jpg
136323,VOIR,/yUw9rCHjJ0t3quFh7aai2OtbN03.jpg
45281,Majikoi - Oh! Samurai Girls,/jRiWiILB7e2tRBu7AHj4x7pBCqu.jpg
92878,Sergio Ramos,/kuJ8QhuxHUTsPzbHkJGRh4dsbRd.jpg
61940,The Casual Vacancy,/wXr9enVT2ECxJeOnrG5MRFtcdKJ.jpg
4899,I Spy,/jJBy1DabmJriKJ0a3Xzl79IAvus.jpg
64487,Remember,/9hVyOXjQD9ADRtFBZUV2C405HjE.jpg
220597,MPower,/gscHqNHaRYp4GiqOgbe6R2EQOoW.jpg
1547,Fillmore!,/4Vl2aYjQ1QlrT5QkfbR1aaDZPtf.jpg
97724,Spides,/p6x2Y8tAy1XVA3EfRgZzo0JHxAT.jpg
39388,Femme Fatales,/qpSL3JdIOVM99hvgXpu23pSCWJb.jpg
133356,Love Is Blind: Brazil,/b04FCMj44BL6ZtOIZ5cDOtKqKmZ.jpg
1086,John from Cincinnati,/u8vyZyjpdoD3JtD5czaqj90ZfTt.jpg
67063,Hitori no Shita: The Outcast,/iQATI0KdCy0D2kvBiTwQcVo8agO.jpg
77416,Ugly Delicious,/pGUDBXAh3GNPVkMK0nH0abx1zOd.jpg
247441,Testament: The Story of Moses,/1ylraenvcOtKBP5bp5cTC365fAV.jpg
218351,The Gold,/d5XBWAtuaO1xASyktYFA71GGMdJ.jpg
209493,The Forgotten Valley,/gFqV774B19cDRzpXa7eLJXZ2ZzB.jpg
58647,Dog and Beth: On the Hunt,/s9P0RCZP4jz5iJsaFPpjibMp593.jpg
69980,Armitage III,/fFOnJdtyKh14Ksgn0PA8HjpWgkd.jpg
21502,The Chase,/fWUniKH0uRjommow4AF47NGcPt3.jpg
61870,"Signed, Sealed, Delivered",/ypUCDuxK0nS0EIbnuPOLyMMgxZH.jpg
205040,Adamas,/jhfZRo3krONzarJFot6WCw99uxH.jpg
16208,Men of a Certain Age,/8G9hjlji95ysRf2g32Dr6KU4btF.jpg
119507,Victoria's Secret: Angels and Demons,/3mx1dvhNVGAU09zWCeqxPFTZ2au.jpg
96870,Jamtara – Sabka Number Ayega,/sHHDIN5UmgCuQTCAfAKaPChTPzq.jpg
57760,Big School,/m4DFP74V5pQMZdXlCTQ8nmsMbIK.jpg
21311,Michiko & Hatchin,/fOzETCtcUblPqQ6x900aqLlr1tC.jpg
60810,Dragonar Academy,/1syOtvPuMq31RcuWfBOpyzDkeY9.jpg
64563,Tripped,/HnKrsCeW4m43b4zVzCJzQwRa53.jpg
1966,Horizon,/uX8pic7asQBdnwMB9QjPvTsn1Dw.jpg
87799,Huge in France,/vj2tyu2SY0pIzToqWpiXbht4NBE.jpg
65772,Gaycation,/wIHbQ6BHSX1o4a47J2cR1qqUXt9.jpg
157062,The Suspect,/rwx5XBJRU9D5HUq6qadnG4C4Gpt.jpg
65529,Trepalium,/x7p7GVZAGktNOXXcqsB6jyG3HXS.jpg
7937,Stephen Fry in America,/9l7Fd4QQYDknzfoKZaIxbXuOWRI.jpg
6445,Cosby,/bo2Q9a460QG9jzjLq3Rt0zFz0pM.jpg
228277,My Magic Closet,/xWjxpuHyQSN54DuTxE6Yotpftds.jpg
4803,The Raccoons,/k5WiuSkGCRjuI6zuMwTyxJPqevL.jpg
61513,Lego Star Wars: The Yoda Chronicles,/a1z0qRGbpbn5nLoZR4PyG84LFh.jpg
33620,Hélène et les Garçons,/s9exSP3DBFSoa6sEz9vVaCF3aYt.jpg
6000,Celebrity Juice,/5wnYgf4qu8gXmPP9KherAbt2iTD.jpg
10180,The Virginian,/oAbCE44r6wtmAnfzZI2SxyeaBmW.jpg
5352,Gimme a Break!,/uiTirUoEoBAJeOtfh2xFpaV3io4.jpg
2141,Two of a Kind,/cwRBIXpNyRICSQTpxs51rHweb4.jpg
131431,The Perfect Mother,/5PsNNxqfG2s8CRQhdd4HCFynPMa.jpg
57261,The Politician's Husband,/kG5mhhIZrpYDySz1tLGtVx1muO.jpg
89504,Chip and Potato,/df2OtvZdUgiNhxRoB9cvwTBttrm.jpg
113330,Manner of Death,/3vRJ8QNK7lNidPZL8CKOPW908EO.jpg
30801,1 Night 2 Days,/fCk6fEIz7wnFtB9weZ9HgpGKYG9.jpg
117909,Exterminate All the Brutes,/pQc3n9iBPql56Hk56IQ0AlyaujP.jpg
74189,UQ Holder!,/7oUjy6CIwjiPCHtjKWH7vw1k9xN.jpg
18588,Paradox,/10VDY7BknsEYSa8ny3oCshfPjBs.jpg
197434,A Friend of the Family,/bmJkzDE6s0QYBGtpA4i2JLBco0j.jpg
18109,Melrose Place,/90KR19Cqhgl61PwN4O4N6cURAi.jpg
4979,Underdog,/d011YMRe22feBwss9875rXC8Hel.jpg
219806,King & Jester,/5t6iLiVBululasgxut5Pz1maVS1.jpg
66405,Squad 38,/nwWzhKZpiDfo4kArZX7kRSxoUbY.jpg
4162,Jack of All Trades,/u3fHJSwOyG0k8077wxc2MAIeqzD.jpg
10496,It Takes a Thief,/17OV310dMUvJXN0YAgwtDUwYM5b.jpg
101977,Libertad,/58GKS7YlyDVz1Lms01ZjRizb1tW.jpg
88050,Cop Craft,/7oWFujqWhPOGdUg4zseZfnAsNXv.jpg
53193,Hubert & Staller,/4zMLHamR1vQivmZvGwmGwwjzns0.jpg
3836,At the Movies,/fRXcgV3d0dexf7WFyNpPZcMmr2p.jpg
476,She Spies,/m5jLMLqMhFOq4zLr9bvEgPOaSzB.jpg
69513,Einstein,/f9ynvnKq1LACJaaUgT26VCmOtOu.jpg
106251,LEGO Monkie Kid,/mwkdJncS60B1QMjK2BdyDG4Bs8L.jpg
113965,She Would Never Know,/7ybwEHiPOEZwWysHoaQ9uCQCMTM.jpg
66781,The Good Wife,/uiYlOr0UfHVT6WzCWxh5qIeF372.jpg
35383,How TV Ruined Your Life,/7Jf1O7Hna6nPjBpfu1biqpMsDjI.jpg
94647,Unnatural Selection,/eDSJbPwRWP961WzWmUuthcKV3B1.jpg
72888,Ari Shaffir: Double Negative,/fwxaMqIGBILQJa3qBhMlnAyzlzl.jpg
67535,Above Justice,/yfkhcajSmDNrWsRy2D9oN2vhmTg.jpg
68950,Doubt,/eYsR9J2aT8dUsRodmUG7PQkhA8E.jpg
7154,The No. 1 Ladies' Detective Agency,/uVPAP1fS5k8nFRtIE8TgSgdL9bb.jpg
61245,Jamaica Inn,/45oapNmPdruvofEFWXl9MJIgwIy.jpg
11563,Bread,/jUDoYVLJralNogkkIFlChMhjtJn.jpg
76496,The Beauty Inside,/hKtPdpEBOiMVHZt3LxF9W2QvBdJ.jpg
127289,Ridley Jones,/6BzkRAldoqpolMuAmNa9XnbMw83.jpg
30563,Noddy,/fnUoPf1Kb9bGAJ5FX3EP2gkF1TO.jpg
14733,"Rich Man, Poor Man",/8LmpOZ8JVzHEgHGLi3opMWsqOdt.jpg
200945,May It Please the Court,/ma4Nexq6LGfCPeCHRaXQwJWilXQ.jpg
8590,Plus belle la vie,/jmU8HlTDn87xmRqXagcL2swDr8I.jpg
94425,The Lies Within,/qinSC5tPqck8BIveuXzG7y7LpDd.jpg
83105,revisions,/iN1ht9ZP9qEsbkpYPwI2OGK4bb6.jpg
211297,Revenger,/tvtmguMWDFThuiRpjfIp4QC37yG.jpg
86847,Ms Fisher's Modern Murder Mysteries,/o7iLddzdaTdCjTRz72qSvVQ5Djj.jpg
62957,Der Bergdoktor,/sV20Nb5C7S4pOcFFINV8Lw6ehlN.jpg
544,KaBlam!,/qdWa6JE3nsVoqfSga4aGTSiuFmf.jpg
2844,Fraggle Rock: The Animated Series,/Atisvr4630sLFs1Iy9Lx1kPNmAd.jpg
10365,Matt Houston,/ezyedEwmz2UdcjshjzQlaopEMwL.jpg
77221,Electra Woman & Dyna Girl,/eKaKadCNs4Eb94vmJWHJnRHgFOt.jpg
80058,MotherFatherSon,/wsWSrTKK913hMatfmDqgFrsHlxJ.jpg
82867,DAKAICHI -I'm being harassed by the sexiest man of the year-,/2YLoMavlrbMyK2CuYzmMu9GdheO.jpg
19616,Trick,/hbF3vrzwt6SW6CW8ziP5lZqZiCG.jpg
62495,Ronja the Robber's Daughter,/pTnFZlLettuek3T9nSDQv1MAfjL.jpg
67145,D.Gray-man Hallow,/iEzSvAnFpb1IRkilTqRGCNIgH5v.jpg
12599,My-Hime,/cWZhtbCNHGtivsebbbxxnw8mczE.jpg
2538,Hyperdrive,/zUpHbyVK0O32KDqd2U0egJHfWif.jpg
62913,3x3 Eyes,/hVetO3otqpgDlSPtxITKGON5k85.jpg
137870,Love Like the Galaxy,/yrFtRnriHMa4qOkAuXzo7jcXQmp.jpg
87611,If I Hadn't Met You,/w6zj5IJpoeCQTZG9zx39vbAh7wJ.jpg
7141,Important Things with Demetri Martin,/oCq8YkCw5kwOexDPQC2UAa9JOCI.jpg
78508,Druck,/3TJnBRHEjoaTQejRMbojnMo7xfa.jpg
62598,Wicked Tuna,/z1N5U6tTEl36OcLXgt4UnaPtC3M.jpg
195053,Case Closed: Zero's Tea Time,/e5T5tLm2EqzfjxhYNEchcuzyLcs.jpg
60827,One Week Friends,/9GUz9NEePmrEw0ULIKWBFmt6S4t.jpg
68815,Solomon's Perjury,/z3aGCmYzgsYMYxkCwcvshRLtjRM.jpg
16893,Macken,/2B3SOD5bs5MbT52ejZGFE5fObtS.jpg
480,Lou Grant,/m03ZVjhCnkS6KakipWjQ9xGtS65.jpg
219748,The Pink Panther Show,/cEXdnBk4rrMiSM9bqIOBHiL6saG.jpg
11096,The High Chaparral,/2aiki9WLZWbv6PIl5CESOYdmOGj.jpg
196412,"The Thief, His Wife and the Canoe",/uuxzEbtTqJHsb8c7Ie8zYUmpTx2.jpg
68185,Occultic;Nine,/5EUgaawNTblWWpnnzq4Hm0QEryU.jpg
4178,Bondi Rescue,/yFokYv63qOY9moPx4zT5OClMdjf.jpg
220998,Quarterback,/bKdElEIyuwrbdochxCXwlaUBFaR.jpg
194807,Porn and Ice Cream,/4BOfJlIY99rCrDFI2nR0ID6Isu8.jpg
124331,Rainbow High,/cQ3Mpj0MI4avOdpmGvonzjiVcmr.jpg
42382,Mr. D,/o8L73uNJDk9GcQU6SZwH8n6DKSE.jpg
128794,La Desalmada,/f7s3EsUtq0ZBH2pEhqxLa446IkQ.jpg
201123,George Carlin's American Dream,/Ab2MuFKz1DaOiMmofxwZbxyf6Pe.jpg
2035,20/20,/fzmAv0KRBYGWwENLM3NaRjwHgkQ.jpg
31424,The Slave Hunters,/j4TL2CKDxUxUKSLwBL89cbUxqoU.jpg
99477,Find Me in Your Memory,/u7bCi8AoLID1ykXogzL5a4mAL0o.jpg
80991,Dr. Pimple Popper,/yg28imu7KwIiPZBNPCcD7UoTW3S.jpg
213083,Shaq,/1jIAXxjHo4FUYFCNZ8YNfgDfWzD.jpg
83238,Ingress: The Animation,/yaubBjPlDCkFLCreyg2migPBpcl.jpg
138663,Café Minamdang,/jFXSdUd12KzpIKixEmTL0P7osxP.jpg
83560,Don't Watch This,/2ln3Nf8l7kYW0oTkCuuuZ30MIRI.jpg
13914,Fat Albert and the Cosby Kids,/owANftMFzlTuYV0prpVuX21r241.jpg
123149,The Problem With Jon Stewart,/oCSvUr8oOtcWPq9wRZScwxbjKsi.jpg
67842,Nightmare Teacher,/jj3WYOM8KN9vchhMzHOxBd91GDg.jpg
2689,That '80s Show,/G3o231392GAHrxgZzx8pACD9IX.jpg
68879,Seven First Kisses,/wr6zop4TiWFSzgPCvSuW9WaREj2.jpg
81945,Abby's,/nPeyYoSuBUBiLgC0d3BTKdmUnyU.jpg
3365,Grange Hill,/8SziJYek4dEumfweUY9GnnOtcJS.jpg
202577,Turn of the Tide,/cSgHTmU8YaKk5b3pqayncbZpPGa.jpg
1709,Today,/xlWdasY9oYg3OO5VTNqlPFftgya.jpg
67460,Yu-Gi-Oh! Arc-V,/nVST01k1PpOZGbGEmCZhevRWhEL.jpg
71000,Tsugumomo,/aQLw9RZvzYTUukElg11bHIFNoQg.jpg
2312,The Jamie Foxx Show,/2xKXfzPeY5jDxvsXSSWszrkF9c8.jpg
157161,Shadow Detective,/bQlLY4OWGKKFCS1OwkIC9n6hsm7.jpg
35464,Strike Witches,/8313VGYl6CWVButaAWIP4G9ViuR.jpg
39715,Napoleon Dynamite,/2ysrqA6uBDNExVOrKOI7UMFjQ8W.jpg
71624,Fallet,/lCxN3gdR8jop196Z1qqNaZEPCDY.jpg
64673,Recovery Road,/awoLSvv65KBx1rzb1BG7GI4o0zD.jpg
64683,Undercover,/oFnxDGtgmsF35E4B2wqT0Qsnmvo.jpg
95029,Pixar in Real Life,/bgKwNs66dsEt3e0D7wJLmAxxgnz.jpg
42039,Love Rain,/2L4StRHeRyqbjxTUSYPpCkzX08I.jpg
5874,Anne of Green Gables,/lYi24owtKga1VDqq8m1FiOleSEY.jpg
248,So Little Time,/iNkK6WIixZlJNlMu912ngUOYTmF.jpg
1638,Providence,/720tV0QbG7s4EKxfcBRXMURPgBA.jpg
38919,Happily Divorced,/lvCwrdDm5wQ8kwoCx1snA78Kpup.jpg
1912,Strangers with Candy,/wYQ9ugFYIj5zoIplo79YHf7v9Ed.jpg
7934,Cash Cab,/hl67ta4DuammWCh6ug3l5sokLkb.jpg
43243,1600 Penn,/7daLZojK2dj8LuBbR0SOXSmQBTy.jpg
69298,One Room,/mANzjpm9YGabJMxIddGZvUlmtfr.jpg
222236,The Family Stallone,/ixyT8oYgT7tcuq4FLo4skZGhdpH.jpg
115538,Color Rush,/qpYgkN9mrg6bppj7V3RBhmhVwX5.jpg
13880,Oliver Twist,/3jc57GnVsKcIOGlEWf5qF7bOaOs.jpg
133439,Moonshine,/jDhM8gMmzOMxmg8FC0VEf2DMaNb.jpg
156473,The Calling,/yjc3yqr4zj228aWdgQa5wZqTPam.jpg
83674,Sobreviví,/qsD8LbWeujHOLaTAOATDtBWL06H.jpg
219476,Perdona nuestros pecados,/AepsNWQiPAZ5kBq9K0BSae9Hp3s.jpg
74253,The Last Post,/kqBXd6AhtrakCBCv0dLBeXrWCDm.jpg
38242,The Great White Tower,/ea0ScZHZIH7pKwvskv3nSh6LbbC.jpg
110975,Osamake: Romcom Where the Childhood Friend Won't Lose,/xmVZuD4vr3fMwaPNvSuPZmQ76ai.jpg
72603,The Flame's Daughter,/qF7KtoyfvYvnDrIpOope79IGUJS.jpg
108268,Get Organized with The Home Edit,/eGfvGFUIpGQe0DEzfUu2DKp4zyP.jpg
98137,Aquaman: King of Atlantis,/zDf9Dv7gmt8qMHnhuiKBldk3q2q.jpg
42862,Mermaid Melody: Pichi Pichi Pitch,/iefBxEbcP1MRAMlHvXfya5yfW7R.jpg
126436,"At a Distance, Spring is Green",/9M27QLILU5hmpJhcqngjPVniXSe.jpg
60871,Soul Eater Not!,/ztbotMzXCEqt344bq4Q9dGwD6t0.jpg
38735,Marry Me,/qc1RrwXA5xjFE8kPRrRLRVYWhDI.jpg
737,The Ben Stiller Show,/7AIbFuUbETdBomWpWanrU8vMJEc.jpg
86365,The Red Line,/r6EYUEOBHu2haKq5q6KE1bsXgIU.jpg
6582,American Gladiators,/xFWYHXAXrVl1AD9WLOcl7ip3r3Y.jpg
38965,Angelo Rules,/vvH2VBpGvXJh9MROeTHrlaVIS4p.jpg
95825,The Mallorca Files,/jrOSijpP34R1LgbRgxae2aMyzXk.jpg
96442,Life Lessons with Uramichi Oniisan,/8D7QUo2w4TwfLXsC6Riy7TMhyje.jpg
153936,Four Lives,/yZK3uB5btwimbgJVFzVo4BOLibX.jpg
74013,Morocco: Love in Times of War,/7oXwd9gm6126tawe0Rqz4cDTQL0.jpg
133490,Family Secrets,/qyv5gt85RRfBb1hSedHIPTyiTQb.jpg
2545,Dino-Riders,/diRVQ9p90HPXTqKcxPYB3XQ3I6g.jpg
83996,Rhythm + Flow,/rOdwfKIJUjc0DFHYrcvwJbVwzVC.jpg
102045,The Choice,/nRDXEjNRaqvFNpUFLoxU4iaSLi4.jpg
31762,The Storm,/sSt4af7HNCBKdZWM9RKeHr2cvbK.jpg
105465,Homemade,/26GU1SxoQ70jTdLxje0spWjRo0V.jpg
70594,Alice & Zoroku,/aHYmjLTc5niV7uuTBmIz4oTrSx6.jpg
14424,Young Hearts,/bF24r2FxsjzgkJcrbBU8RC9JVoU.jpg
155942,Handyman Saitou in Another World,/xp404PMU2cGsODMTIkkUizbYhcm.jpg
73199,Trust Me,/3qBsumuVl2lAxYm95Svt0Y9AhYG.jpg
62508,Inspector Gadget,/gxVDj5jkIkmoHV0ZXLCqWXZmU0V.jpg
24123,Grizzly Adams,/pnD590es3gA7iuHsEzBIlePaR4P.jpg
114156,Once Upon a Time... Happily Never After,/rBJZlUhmZnTSWc47W0lCEyNBU3J.jpg
18241,The Big O,/AsL5J7k9diSxQcxwNEYJSKqtRCS.jpg
62669,Orange Marmalade,/4y59CKPFxdz51BN3K4SeeO5Ift0.jpg
43393,Yalan Dünya,/bTPF91WDJ216MnBUBahvU55J5Z0.jpg
98867,Ikebukuro West Gate Park,/qLvwnvhZkOAax8yawf2kksvIpIA.jpg
3578,The Herculoids,/uoNk7Lkt44lIaosI2clzQZMAqgY.jpg
579,The Biggest Loser,/s5R2Ge8f5i0cx5vwOCllxzPWVJp.jpg
33823,Chinese Paladin 3,/oNAlYd3K404eEXCPWf7yC1hynHK.jpg
50087,Amnesia,/8kZ98kIHV9Gv1fYZbd1hpgLhi0G.jpg
117910,United States of Al,/iE9STLu2DjxwM6TkOrszkfNS0hV.jpg
91097,Ling Cage: Incarnation,/u19AqnbpXBi3YvAtcLn5WOgZJA7.jpg
71492,Loaded,/40mLWPqKo4iwJp8HpDLyuzdzL27.jpg
4028,Legion of Super Heroes,/wWBCxzUqzSli4gdeRvhXvlcUS0a.jpg
11258,McHale's Navy,/ijTZsMIRBFN3PPhOTiJgOxBRIHQ.jpg
76304,Big Cats,/o42jQAv2GNShybESPuzfCJrvpEI.jpg
33155,Offspring,/m0lZo55EY4Mxf5MdkYoVoIkOR8W.jpg
67073,Brief Encounters,/fpllvSi8EFBXnu2n7CZ8Nmshvj4.jpg
106055,Love Live! Superstar!!,/gFs2oxAjyzMu7Bx9mUJKeW3K4ym.jpg
139162,Yao—Chinese Folktales,/lyDRtY01krTcs1JP74XL2XxqUb4.jpg
9780,Rupert,/8MX2vlb1dW7bBhNXa1mpLRTkV3f.jpg
717,Charlie Brooker's Screenwipe,/4rA6TmVOMJ7GZfiCLRMswtHk6gy.jpg
67015,Ice Fantasy,/kmXMaUqlyzOQ0zN5e7zPwd8kawa.jpg
13894,Tipping the Velvet,/yISO3QrjkvAqoZVEAkL4SXGbguX.jpg
20214,The Jungle Book: The Adventures of Mowgli,/zXKAeQfnzvUdcCtN4gsyux4xvj9.jpg
90686,Cold Case Files,/ehmyF13Wre9bLcOR11BrmNakfc8.jpg
61429,Mulaney,/t8muZQjwcNQ1Z9zWBLdWQFzlJKA.jpg
83961,Apocalypse: Never-Ending War (1918-1926),/lFPxkHuZ5N63jrnKo4iIkuiUBCH.jpg
47179,Gu Family Book,/dCOWi2mioPOaTVxRRx2PgRns5bN.jpg
94884,Nailed It! Spain,/xU4wmOwIjDPrKmyGX0KM7Nbwz9L.jpg
132380,Tom Swift,/3swe2ZS5xUFmwF7u917BLyYOo7D.jpg
67392,Property Brothers: Buying and Selling,/3UM6vFhrUGRjCbjgqyoV8y6a1Ka.jpg
100605,Shaun the Sheep: Adventures from Mossy Bottom,/jaRbqGU3eGdSBycsqpopFHXzbnk.jpg
73610,Mike Judge Presents: Tales From the Tour Bus,/s0XXNYPPG1NK3M9AJmGn3IJWd1Z.jpg
43879,Braunschlag,/jre6pjAGc10l1r5ORUhN1akKZA2.jpg
34208,Paradise Kiss,/lECTcLsgCMyrZ1SGTqgTNJ937WQ.jpg
83314,Tsurune,/hD47Vc9hNlHx7ZPMolLfbfGJuWj.jpg
129565,The Fairly OddParents: Fairly Odder,/zpENUVs55Y4FuAUDaST1cNXvISK.jpg
223666,Love After Music,/gwmPfyzvYvLaGK6KrA4omhrpYuU.jpg
35268,The Glee Project,/cWMV3cY96ieuimjP7pdAnOUKDI7.jpg
76715,Misty,/5kqnPQJrbOiyT03OawvSAKnX1u5.jpg
40058,Dynamo: Magician Impossible,/sxPuMmSvC97Wq6TuvciKYJHeui9.jpg
73061,Tales by Light,/ox7D4DIe5jW1MzMzn43yc3OE6ES.jpg
3824,The Return of the Condor Heroes,/1HCeAF2LIs9fFyNgndsSzODbop4.jpg
18395,Mercy,/rtMluBo4V6fQYtApObcLWP6dhLP.jpg
74317,No Activity,/qQTmlqa0jlaMxQ2FZXkKAcMP547.jpg
121462,Totems,/aa3WeVK1goLYOazsPNmg0mDQSTF.jpg
60732,Maken-Ki! Battling Venus,/wQub2j7xzXxjtjELPqDYgDmru4r.jpg
136739,Single Drunk Female,/beNWB43NSnFnGjfbYl21GWNUjYT.jpg
75074,Transfers,/cCDNVreh06y9ndXpe4CJGDgeq5E.jpg
3484,Major Dad,/qOFp3vszwK8qQ24JvytgvalURUi.jpg
43059,Heimat,/2w8rlrwYDnhCvDYVzgMnahh1Bsi.jpg
19887,Crooked House,/jdQrBvfYi4XFzR8bnWPZVxPk9ts.jpg
128008,Heirs to the Land,/zuYtzT6rLn5N4g5XHivpkaM5Yls.jpg
1754,Overhaulin',/yjwvzy3u9V1nfhE0vEk2xtoVnwF.jpg
66461,OutDaughtered,/rwNZPXaOxobm9ouyEdpAMX5Henz.jpg
48318,Świat według Kiepskich,/8LVUcDhWt2JgTuxOSjlCCuiL44O.jpg
41064,The Last Cop,/m1kz5RdlPun8QIpWmy7ZHtd7HmF.jpg
119335,In the Land of Leadale,/GQVw5PC4385SMuKuuSIqzTLKof.jpg
110173,Beartown,/82fby3JG8ObTxXwiB1cSaA37oB0.jpg
96687,La unidad,/gCcR7YiIiBab2HP5lC5ZH6q4eDh.jpg
73175,The State,/yCmGOAOZ2ABfColjHIv9uffPfL6.jpg
12544,Street Sharks,/qk8PDEgEP1KLcinuhn6RIvWXy9E.jpg
1082,Red Shoe Diaries,/ko7HHjQSMSz0lcYtRSFOX2EWdSj.jpg
67493,Foursome,/ApiJmNAa2dxbLCrcrXODdk18adX.jpg
211942,Earthstorm,/kGP72LSNSKnSUIjOB2AeFZkaO68.jpg
14544,Koffee with Karan,/xyaDqO917xzA0iQwtdMPHC5oJVV.jpg
112486,Big Bet,/9GEGH8kT7XK8iUXl76cWsCt8e46.jpg
72396,Strongest Deliveryman,/okUxALg0RQarUiWOtS8iwq6CNOO.jpg
60066,The Assets,/odMEmfyxnFDfd8nzByorTwOBk5n.jpg
203614,Colin from Accounts,/6Bz9jGVoXhqp6Ihk3OI8osXzbT8.jpg
66431,Dear Fair Lady Kong Shim,/peO3vXCws2bD7xz2rWxgJ1CHYC1.jpg
6177,Special Unit 2,/hGc06r4JZlGOZFDs5yqPtTDj1vE.jpg
87306,The Relative Worlds,/u4clNQO7t5Ea8sTQrnGPGKXMvAA.jpg
127666,Prime Day Show,/gve2LJnDlIFS7VHSGVVhKVD1ZmJ.jpg
157282,Sister Boniface Mysteries,/leaPXZKi7OBKfLUwyoGu5bP5WU2.jpg
154861,Fishbowl Wives,/2wt5obMk1u0McCiRSL7exFsPmYL.jpg
99480,The Good Detective,/oj9zTCRn8tfuXTcqa0UbOCO2DZX.jpg
83074,Wild Bill,/qIvBbZ1yq3tzIXKqhU3VxYPbizF.jpg
217699,Trial by Fire,/rhxP4qaHvheSzM5iVIxSg9D6nU4.jpg
89987,Dark Blue Kiss,/ey2BZaCaJllWy7BGAw6J4zNfPK4.jpg
63990,Cheer Up!,/w4Dot7TNl1FGfASGBx8nw8rrAOT.jpg
124073,The Bite,/dnz8XLoesHeQtgeKf4Aftcoqgf6.jpg
7224,Crusoe,/hMhLX6t3C5xAmPqqHoD6ddcwI3I.jpg
83062,Mocro Maffia,/iM6tRt7VQ6p6yqnpBkwb8zZmprC.jpg
46512,Mobile Suit Gundam 0080: War in the Pocket,/a0va06WdjfuauWzTYV0yKgtpUBt.jpg
122169,Under Fire,/2oXF52JveZKcseNCbrZgC7JRWOU.jpg
65952,The Great Passage,/jy4mxxs57mSMuZJgjrUWoDXfWAN.jpg
65584,Atelier,/kJbIqJMPxxnp9WwiZlmLdyqzUjP.jpg
55664,Hotel Adlon,/qGyW1sj0pk4l9swYw2NvqgHNEdC.jpg
133197,The Yakuza's Guide to Babysitting,/csjnPW9Cs82ofUCbI8f6prwKKw8.jpg
207024,The Eclipse,/upelDW5lk3wu0F4Cz9vVwXNvluE.jpg
9553,Life in the Freezer,/l1WmaNCDptGZyMsy90xkCbdEDSt.jpg
61839,Salamander,/24zaZItiCkFArDILOvln5q2Kp34.jpg
63164,Sgt. Frog,/3ca09AAitcYmHoe1IrUAmIedKgI.jpg
62543,7 Little Johnstons,/zmitA2Nxqs7P2GozSu50W7Ck8DC.jpg
112169,Thermae Romae Novae,/vHBI6uDKqI1w0PUt8y1y0yetaq0.jpg
66855,Stone Jungle Laws,/54nBdVDqe2koehYVySfOvXiSU6M.jpg
157726,Standing Up,/7xkwOn8wj2Mckln8h1Voli0lnYj.jpg
67371,Graves,/pfWl1kOR6Y0CC7o1RDOaTYVAVoP.jpg
68248,Rosehaven,/dQpsurcTmqPr64bVMEbzmTzmV4r.jpg
64280,5→9 From Five to Nine,/vk7XY0LCXGgcPU9vEb9yA6WZ0bR.jpg
74024,The Velvet Collection,/dYrLZbWKKSUECCQ5CCvpEm6HZma.jpg
211698,The Flatshare,/pr6e4bmFVahfRt0Ue5LMeKSxk8d.jpg
155548,Offworld,/mvQ0rGelkrMRn2JO42fcFd1elMp.jpg
92925,The Making of an Ordinary Woman,/sHXT7wXvTttEsBaLVcpdrzBPuQi.jpg
66402,Ride with Norman Reedus,/dQyDwNVO88PK2l8rQLaGR2mW6od.jpg
84646,Hero Mask,/hhBiqy0hgah9nZPYvrUMzz8NzxP.jpg
11329,The Awful Truth,/qBIREWBt8rVWRzxlfJiRzxzPzlC.jpg
134902,The Raincoat Killer: Chasing a Predator in Korea,/4zwtRlPmfPf5AbfQN26KgBTuH6.jpg
81665,Summer Camp Island,/syipk7iIpV4DTvGuBuEqrVbAbaY.jpg
95121,Nobody's Looking,/xEOTiRPhStF2mgciX5Jbdz3lXEL.jpg
53352,House of Five Leaves,/yBnrKdexSdSldD6S8LaMgu1zAUm.jpg
46388,Persona 4: The Animation,/kg0dC0WcV5OWyViLfZueO9LnLPt.jpg
1514,The One Show,/qCOlMsNSMDF5ZSvyzLJnFCqehkZ.jpg
70742,Rebecka Martinsson,/rekEkMhWZVIZHNXAV7Z3RnkHWWD.jpg
61338,The Eccentric Family,/jDq0Q9OoeFOqJGCaV9sdn1cmJNy.jpg
70072,White Album 2,/bYl6hBOV3Bzb0uAV1mzZ9JnDl1z.jpg
555,That's My Bush!,/lsj64zEKadkrHq0mia6LmKqHN1N.jpg
4351,Survivors,/djYiHmLuom48ja9g712ZIiHgRbP.jpg
3043,12 oz. Mouse,/8lt7ltHs5s1pdIqxsNN0TeI9L10.jpg
17662,Stewart Lee's Comedy Vehicle,/qAz21k9HdRTsJ7Ilr9aHYNGEcJ9.jpg
34065,Black Cat,/1GpXrmDmQmRrsXLbMY8y0YaxHLL.jpg
2048,The Hitchhiker's Guide to the Galaxy,/yKiH7IIbo23uA72MmY318mXorjw.jpg
43018,Maison Ikkoku,/6jN5iROb8bwm8RSjeKw4OXh93Xo.jpg
207461,Dated and Related,/wspbyKlcTEhUlzbPCgpZGM80vIy.jpg
88062,Wasteful Days of High School Girls,/zXX115ljeirjk1T4wIfBOR2nUtA.jpg
5857,Macross Frontier,/tV4FhGyWbkGQO0zV8arsrgnYXyT.jpg
2265,"I'm Sorry, I Love You",/hw6Ju7DDwXwqSekLLCdGBEWGfVu.jpg
11924,Unit One,/j64GVooTT5q2JC09Eql9aM9sQLg.jpg
198152,ONIMAI: I'm Now Your Sister!,/tpvVSr6ThPQFISYc9xRVR7MKjDF.jpg
116043,L.U.C.A.: The Beginning,/jcEikoCQsdKueYT20ekzhx6C6HY.jpg
5645,Police Academy,/d8zp3b0IM6ALqaSdjEtaCHPM1wS.jpg
73472,The Magic School Bus Rides Again,/42cJukwvrC8eZ1mShB5jBE3HLPL.jpg
114003,Room 2806: The Accusation,/37RH9DRUXQfCdF9qnlbKoIyVLhk.jpg
92649,The Ghost and Molly McGee,/u86g1KKPwsysQx6gA9LJt93xrtA.jpg
204241,Divorce Attorney Shin,/w7bKRPgFG9JlDuw9N2SYYBNWNOU.jpg
85904,Temptation Island,/q8z8upej0Dh79fPxZt3631t7IHd.jpg
1448,thirtysomething,/gC4CW183RUTvOg5nkLfOnERJ5ov.jpg
68272,Flip Flappers,/bMtCTs0ZRA4rRGne5PPO2iZm4SP.jpg
2344,My Secret Identity,/9yjDqSqb9zdD7TZzuXpytOgtqNA.jpg
223121,Ōoku: The Inner Chambers,/j6VgXlUM0V04mJ2EnOf6FWlWqKy.jpg
59174,Toda una dama,/wXU2Sd5MYwIz1FfLmqsVZj2ELdy.jpg
72645,The Romance of the Three Kingdoms,/6Vumws0pmkYUNW8aEg60mcbgHXy.jpg
69430,6 Persons Room,/aQ9ku0WsoqrFawIUrqc3fxQSYZx.jpg
61011,Jonah From Tonga,/k6t97F44hjx3XvYNLqE4Hez7aNX.jpg
13086,Barrera de amor,/wIjgujWZLbnV919BUwqZCsCpLuy.jpg
218478,Volver a caer,/esXkEJVabYCvl15jAvzYkBB4gyT.jpg
61874,Quirke,/zDW6xQPmD9JRWW2OcqxfxpUBXvb.jpg
6081,Wagon Train,/csC6kMTKWmOcy9nKZEgdwd7Frb9.jpg
110837,Bungo Stray Dogs Wan!,/5X3Pz5BCjlrt7X5fzQWWZVLfvku.jpg
62484,Punch Line,/wj2Gx45z3pdcn6JBnVDGdMHW0PP.jpg
215232,Against the Ropes,/vc1hvP76xJwoOqqEnH8Mz53K3i6.jpg
96161,Was It Love?,/yKnzIJ92GbWXRpIsHPhxWPiyF50.jpg
21763,Sons of Tucson,/uby1dF8qZQLMnxiwXPCpANq81yL.jpg
43822,Billy on the Street,/kmWs0EjvFo1jZiAxndBt7tMxvTu.jpg
3297,Wilfred,/3yqxMMHpt2gT9neoba1Kh2KvV4R.jpg
100913,AnnDroid,/scU3nuuuQqf2odFrUvRfvZuOqP5.jpg
53918,Encouragement of Climb,/r1L7E5dtfPr6RMuBL9FVskmRxGc.jpg
587,Barnaby Jones,/wn1kkCGHJcUQ7C8umfQH9LL2zXR.jpg
13120,Code Monkeys,/2L1RypC1PrjxPGoi5Fo3nBQ0Cxg.jpg
42417,Hanasaku Iroha: Blossoms for Tomorrow,/n1MSDtuuxgugtiwvPOgmSbbN03Z.jpg
31701,Burst Angel,/wB68jWuUns3O36sMXGqvtU3LdKq.jpg
91584,Kemono Michi: Rise Up,/g916Xx2kh0FZUIVDbyptxvNMFW7.jpg
60750,The Widower,/6DImb7IFoLm5ghofYwLxmsvull2.jpg
50832,Back in the Game,/cnqbC4kgIV5dvn6KqN2Cp9Lmnmd.jpg
6306,Rab C. Nesbitt,/jWMyWfgn5HqvwcS0wSb5MWnOTfD.jpg
63712,Place to Place,/bgAoYAFo3cwvYDXWgEIzi58JAUN.jpg
21021,Code Blue,/rBzW9ugeSJ0PvfqD1jkSkNaeKQh.jpg
209707,The Café Terrace and Its Goddesses,/7NM9fBIx94Eg1ONTUZIbBjf7JlP.jpg
69230,Akiba's Trip The Animation,/vHba6T5GKimojrXTLvEETDdFSr7.jpg
2548,Second City Television,/h14lTgDANn3uJAuaaheOAKyjs7e.jpg
80885,Ninja Hattori-kun,/9PUkpvq0wJnJ2M00dtgxKn6LptB.jpg
21007,Fortysomething,/6wsPggiUzYZ5nLGSmpv5ZmaBJtt.jpg
64800,The Pact,/56ViDWTZWmWDPnfQ36zOtbK6Lhr.jpg
74685,The Zone,/qF03AjlEVLhSBiHcR6brMws0SOr.jpg
158320,Phoenix Rising,/y400KxI6wZiWEHwZBYxyfGU58E7.jpg
72124,Ackley Bridge,/fWaIn456K1rDjlfSLJJquLpmqjL.jpg
12271,The Block,/e5DdAnURbrF4dz7NfG35MpQnVzT.jpg
111261,Rebel,/hyHAr6lk3EW2krnUp5RFkK6ouwB.jpg
29173,House Hunters International,/uzPQ3FvOtmMrvGsNnKPoIJuMJON.jpg
75132,The Art of Crime,/h4QoRGfDzUQriMLYXxIl31eT4LN.jpg
116179,Inspector Ricciardi,/43rH6NMbcQlGErCJo2qxYIpMtoQ.jpg
42893,Glow of Fireflies,/pDnnS1Baxy9ewNfkdubQIBmaOBa.jpg
1334,Mighty Ducks: The Animated Series,/3PosVvxXXOSQ3APUC9OPeRBorOy.jpg
1523,Chef,/pfmgvrMTSnf624ZAdIf2QyxGWQ8.jpg
17470,Krod Mandoon and the Flaming Sword of Fire,/ztrjpGbWm2omVoUovkgFYtF4k5P.jpg
7398,When We Left Earth : The NASA Missions,/6wnyxE0lsCbwLT018ImwMSYSMSz.jpg
76495,Alistair MacLean's Air Force One Is Down,/i0AziG27u5tcFEmhBKRsz2hYKNO.jpg
13162,LA Ink,/3UZyb4QznF5l9e5HRonArfNTGrR.jpg
98545,Minecraft: Story Mode,/lIFdBogazScckoSyA68JRt8RyXp.jpg
209648,From Me to You: Kimi ni Todoke,/mJAoN9zQmMqZc6NdY4CPhEylp5y.jpg
197107,Delicacies Destiny,/zVa92V94K9RNF2Odci4CRvtPd1X.jpg
62444,New Worlds,/k8gvlJLmGNoXr1iwEHXegffJANv.jpg
66998,Quantum Break,/pfL6RnRd4cLPglUluD7UdenGaoH.jpg
45298,"Emily Owens, M.D",/yhnfHcMrJ8Pm0VaFsgOV3flprAP.jpg
81948,The Village,/yhOrzKjnNpKtNQuGABj5ygAc9Kn.jpg
8654,The SoulTaker,/7iRdBPcSOO3gcdl5vKvdvjEGoVN.jpg
1824,Captain N: The Game Master,/uvPvl5KAzHoWXSKPsTRP1sHpCo.jpg
72671,The Standups,/abXFOhCuAJVzpmTwYbC3IKaWTX1.jpg
146128,Faking Hitler,/yqUDmy7Vcg5c5yQYA8k5vKGm0oP.jpg
126914,With Love,/H7UoEyxRPKdwgdy4kt7UbvkAlX.jpg
69776,Jeff & Some Aliens,/83CJOIOCg2u3NCldx1kuIe7yfhz.jpg
207841,Fakes,/yNeS9JvRynUQfwy8DtsWtNEIkQa.jpg
2823,Empty Nest,/99I4RHS7Vh9dPrYhKyYp2i1lOcn.jpg
73257,Hospital Ship,/gnUbaSeyXZErslzKsoyFRze2Xvs.jpg
194986,Spy Classroom,/cjZL1z71AbNWVSs3ZpBcZ0LWac6.jpg
78048,Teen Mom: Young + Pregnant,/i9z5m5DHAq71Rc2fW5A8o20rXk9.jpg
228963,Club Hooligans,/rNbl3TLlzmFE3DHP7lX0jAv53aO.jpg
196586,DI Ray,/mk5834bFBLW9LZnjbFtqirfZLOL.jpg
62416,Fear Thy Neighbor,/vwND5lLcfdufhTMajPrj2U9Gnhq.jpg
62733,Stonemouth,/lDRRjDkkL8HVga4XHC27OfkKzH7.jpg
65710,Che Dio Ci Aiuti,/xOdeClL41BsOLxwPeT3qcTXRA6d.jpg
76458,People Magazine Investigates,/3CyMU8V6ZdArabPUMHo2K9kjqKn.jpg
4719,Police Academy: The Series,/9KAPETuGQmuOI17h5rYWeABAICv.jpg
80044,Buzzfeed Unsolved: Supernatural,/gtlllYYarRVkUSd8tkBwfMDyGUe.jpg
68997,Valkyrien,/dm8w5pupunIcnwL7lpVL5BgEtYb.jpg
74064,Go Back Couple,/2OzDKStSL3oGKQMlASeqvCFZsHz.jpg
131532,Monster High,/pEmo6aaLTTdDwXY41liecyDeYtc.jpg
63311,Yong Pal,/rkfl4cU1OcalMdvK12oKM7p9och.jpg
83265,Victim Number 8,/ppY7UHjIO7CxmqwV5dUsCovvsmM.jpg
13964,Ich bin ein Star – Holt mich hier raus!,/olvbxkllza9CSI6XA17mE5ig8wm.jpg
4246,Evil Con Carne,/p7eP9ZhUZkM1OYtlqgBTQ6xF9ez.jpg
114091,The Internationals,/8aq4O9cLsRBiVygU2TYLEfsGcku.jpg
4564,Over There,/2cmKeU4uHBrZ0sWG8tJ5nZqhHOi.jpg
45209,Space Brothers,/3o6W53edDLWtYOE2fCLK3154mIV.jpg
10156,The Super Powers Team: Galactic Guardians,/rfPUHd6iCoo5XvioHccH8Wxuf4u.jpg
45853,The Ambition of Oda Nobuna,/o9iRjhIGG1LaEUTAQpeMkGTvXxb.jpg
72515,Princess Principal,/nWDOct6kB9LvCtO6LZ3TT3WlZtH.jpg
100350,Girls5eva,/1RplQ2ooky3kONomTNhsptZxqAV.jpg
65711,KanColle: Kantai Collection,/uaAFhipjK5NTukVZdBEpynGXopn.jpg
4552,The Amazing Spider-Man,/kUTCJhSnH3Dt0KVzcQp8DnbmsjN.jpg
26103,Hindsight,/wxpXx2cv85IzAFdp5Aapy46yNGY.jpg
20724,Sai de Baixo,/6aMwFKTRayGv5Fwp3Xbpo2nLqf9.jpg
196268,Anna,/2Dq9A4l5KaoBz1LerrDcBVgHdJm.jpg
60812,The Kawai Complex Guide to Manors and Hostel Behavior,/leOzWLnniaJc3cjPL0DXSbBout7.jpg
11882,I Shouldn't Be Alive,/d5YZ3ksV26Ki6pwprVT0nVaPCwP.jpg
86919,Sarazanmai,/fRWF8xDA9ZGuvbFE8NLGZoBRuqK.jpg
65858,LEGO Nexo Knights,/d0e5dJ2FQhlwEhFX4cB0ijp5SMd.jpg
62496,The Evermoor Chronicles,/2zlkdOTRL78iV5VNpsu9RDKQa3I.jpg
11835,The Second Coming,/kHDepqr3TUj9jpdmUHrUtPUme9o.jpg
131168,Ganbare Doukichan,/vd60WrTKHcNWkUbrJcOaAUOSVGO.jpg
11693,Sheena,/2qHOOG6ffKFqumWAosHoMuxmKxr.jpg
211116,Class,/vo3NJhf4pejh1EsqU2AXgmECMLT.jpg
153642,The Discounters,/mUyCnAKy2OadRflEKPftrQMn3ix.jpg
82873,The Kelly Clarkson Show,/1ARAHFyJw8L6zyTFiVAfCiqFwDm.jpg
130578,Troppo,/hmaLx7adnvgwccBIDwtxpzZzBe8.jpg
2081,South of Nowhere,/zGvtxSlopOuhXDjjQrSuPqW62kU.jpg
45938,"Rich Man, Poor Woman",/91NTPRrnPVOzKD8i0h0X7XekS74.jpg
117896,Lovers of the Red Sky,/lzKiEoVUTdhGDOuqNoYoL0Q1FYA.jpg
619,Half & Half,/8TVku3ieyStr4mJihUZal2gay9I.jpg
70897,Ingobernable,/mREc0h6fpGRQ3OEfiWqD9TfudaC.jpg
3471,Big Wolf on Campus,/vc6kIm1FUNIgF85um9GUh94cdOv.jpg
65574,Those Who Can't,/w0sO57eQ0VUsZKPoE7JQnVu9sUR.jpg
78087,Edha,/9SouDsTnBLFElBolgn52y8ANiES.jpg
77156,Re:Mind,/xvLY7cusdwRMYSDdgL0HZrHBEGT.jpg
268,Untold Stories of the ER,/l5hg2Qe15DuAdF2Apey8NKTDpNw.jpg
12260,Cromartie High School,/fap9ADMD1xVnz62rmnQerxzmFoy.jpg
77074,Frank Lloyd Wright,/8Ah4jVpW5EKHcyJssbXwXqRGsdJ.jpg
65186,Jericho,/fNQhxTLPz877SrblqUxd9XOuMLP.jpg
330,"Little People, Big World",/WE35ee67i9pzb0yqVIGxz0nSrp.jpg
116455,Tiger,/pXXBiCt4MjlSeXUjU8VP7X9LAUF.jpg
68737,Regal Academy,/7jwY26JhCjd5DpIpEvv47HYrnxd.jpg
94038,Canada's Drag Race,/dP4Z0D32XAbQ5YORSE7k5a79AfG.jpg
63071,Not Safe for Work,/8hJqn2QO7oObLT7CDyjn8H4KJC3.jpg
1941,GARO,/3IBGi1F4oRlykR0k9beIwygn8YM.jpg
18545,Deadliest Warrior,/pJt4Hj9Y33szDxkmPzfurnnvkQB.jpg
1085,Jack & Jill,/oFOyqoy8BP4OByKJGxe9mG7anlB.jpg
114053,The Holiday Movies That Made Us,/iA2DIddggmq1UCoWqAxZCxy3Q7c.jpg
63529,Twenty Again,/adpq2WHlPuGTwSU1jx5RnwI4cb7.jpg
137883,New Bandits,/rBiDQaJRWnQQABHKkxBdxPfmkyP.jpg
77698,Comic Girls,/rXWhBK7NEH3Z6uLOqWyPw2RarYH.jpg
122692,RuPaul's Drag Race Down Under,/nrmPPD0CCVE6sidhszx41utxvw9.jpg
2690,The Two Ronnies,/i3EGp8IB6z9BfaEKcTGhoedPWFi.jpg
58838,Growing Up Fisher,/at9EVvRIzeOPt6F4mTidOiquiT9.jpg
68945,The Sound of Your Heart,/l2EzNJQNh2onlefGuucboFy8WV8.jpg
107056,Y mañana será otro día mejor,/vbxA4OEwAYhjQ7k7ztwLbwEqRcM.jpg
13372,He Who Can't Marry,/dnweJFspZCSSNp249GeYdAK67Ov.jpg
66106,"Three Leaves, Three Colors",/v67a20gp1TfuCaJMUUIy1J0q1ni.jpg
129501,Pivoting,/jz8uIc3ISlUXONjL1P8mZt5EoJP.jpg
2229,Brimstone,/hAKnq2PnhyfkPwCLWmy7lZ2G5IQ.jpg
16358,Total Wipeout,/vl5zPBbtqFoMJ1LBHirCTdaFLhj.jpg
61592,Human Universe,/hmZArRStDK8W7XtcB4qPpzJQ4QE.jpg
62247,Travel Man: 48 Hours in...,/wV8XilIRsfqMB3qfozVvAbRLNGj.jpg
87430,Confession,/sbkcieJjeKfT6oJFc0eomdQITLO.jpg
43887,Mobile Suit Gundam: The 08th MS Team,/zdORwSELKK30P8hWSP2YJgfdcV.jpg
200777,The Iceblade Sorcerer Shall Rule the World,/u2KOdIKAr7XsZjbi6Ku8POnAcIu.jpg
917,Kate & Allie,/dZX5pGw0BZ9woVQqtmC6DlaP5e5.jpg
201146,Love in Contract,/6tMIhH0T5JYJwypWy2K7zTJiboZ.jpg
814,Hornblower,/wF4O8zmo2O0B6dQpzTDYruKOpcA.jpg
2386,In the Nick of Time,/shSmGTs6JfZjKYnCLBEh9g6iR0p.jpg
207836,House of Hammer,/3BYEyu9Ej4oSywd8yjUTbMJkBzY.jpg
14759,Yo Gabba Gabba!,/m4ZmvnSBpd7CaHQ1PL3LKujFXWq.jpg
99144,Angel of Death,/gDuZPf0dbkURi7JRM1iHyksSdad.jpg
206637,News of a Kidnapping,/gNlnZcrAKVkL2j7U1CN4EuqpLB9.jpg
117886,The Executioner and Her Way of Life,/kZz3poAxVGjaeIgETtysi1Fx4sY.jpg
137584,School of Chocolate,/mJe4JUiH3qz40eXT6wQ1zd6dA3O.jpg
4453,The Hogan Family,/2deFhQTN01DGG2ys9tNmRRB4SsY.jpg
60843,Is the Order a Rabbit?,/wjXnvCqRxpnSbp6XwRCrWmgJcZu.jpg
112710,The Blackout,/khTpmYr4GGy3qZ46UXVVM5hgyZO.jpg
116155,Frozen Planet II,/p3hSdvuPfx7AXgOk7Ut1Spin6FJ.jpg
91605,I Am...,/s1W8U5W85e2zXdDqxWEoP6JFj3j.jpg
3591,The Jewel in the Crown,/88NRL7zQhc587n3yDEl0SW6vwE1.jpg
45801,Smile PreCure!,/f05I50C9GwA6FbxMNna3FnTube0.jpg
30958,Charlie and Lola,/78XSc7oUweLLpmjCJ9q59y2Mi8e.jpg
37621,The Promise,/1lhQ7Zxcl10N7PzfjHYEHGw0Oef.jpg
70130,Gotthard,/nepcWPejAGAJGLoYC40Iqb8twUu.jpg
61508,Benched,/4wP2VhLfR196Qg49nVEj3yAOkbX.jpg
71148,American Woman,/oyXmpALuMFa4PfHEK0XzgySCpIO.jpg
88806,The Demon Girl Next Door,/p20iserOUnei2kYvMA1Sz5zk2uT.jpg
39952,Zig and Sharko,/5X3VwmYrkkGpUqcWYLPkzP00nxr.jpg
63072,Significant Mother,/8efSSGqrIlQFgmJGIdDHIxq672l.jpg
62318,The New Adventures of Lucky Luke,/no5MpPRcVVQWh33KDpA2CE7Tvvu.jpg
61606,Birth of a Beauty,/6z9mEvrF6g9UPTan7xhWq9ssE5Y.jpg
78797,Wok of Love,/dTh81YtdEzacHhnmLw1Tef7cBRl.jpg
4231,Walt Disney's Wonderful World of Color,/qxzolPXbAigjPANgTOdXXDxqcbr.jpg
39958,Bent,/bR8m3ZjqQS44XAfieFsFXoEQ5In.jpg
121854,Life's Punchline,/2xp9gt2KNcRvPlfcXvA9Juf1yyo.jpg
86546,The Light in Your Eyes,/9HSrz6SH58YtU612iLb4aiRolTJ.jpg
207371,Love in The Air,/sPL95QpwujQnPlY7ZATqMYgZn1j.jpg
2666,The Tribe,/hfLYpH7XYtq4F4UtRHXP26WE1A0.jpg
61287,Blade Dance of Elementalers,/wAzDvjpbFA29gIYlMibFUFqx4c3.jpg
84310,Selection Day,/4vzDZD4vvhsC5zLHrkQAYYp1idJ.jpg
82855,Stockholm Requiem,/meL408grwYVYrVZ3ql5u4iA6TXU.jpg
33267,The Silence,/rKnPW5MAYYS4IM4patSQ66LIlI7.jpg
61157,Three Days,/iDnaD7E1qNMkCLfFuMcI8JHNGQ9.jpg
96826,The Goes Wrong Show,/8sWhuKuzDJW29QoDBkscMbVJpNs.jpg
60842,Mekakucity Actors,/4fYd1cBnv2CEYW3bdQvcWCOwXhK.jpg
1937,Baywatch Nights,/3UVQpYZ65r855CttLRCov8SKqBB.jpg
104976,Life: Love on the Line,/nFe7pqihbHo3U83vVIuL3kn06bR.jpg
75523,101 Dalmatian Street,/5meA7Ik8h9t2Bd3VR7Pw85pXECV.jpg
61289,Aoi Bungaku Series,/pqUwVesDkL3FHvb0vhCixN2FQND.jpg
5258,Drop the Dead Donkey,/btHvMfyEoFJaoJeCaOFWhC1kUzC.jpg
155278,Dangerous Liaisons,/epuxWxRq1cSvhw0SkWzSiuntrBs.jpg
71717,9JKL,/6jFLTrrmTgZxLAqTza171eX2FZr.jpg
105052,Mr. Wrong,/gLIgB9hWc14ffEnH7MLV9V2E1OP.jpg
101531,Brews Brothers,/bZONqPgSEfphbuUihJ7wjfgmslV.jpg
1270,Father Dowling Mysteries,/2i5jIo5pt0bdjZh2CbJk2YpWP0M.jpg
4530,Daktari,/snopJzlOhhjG5LKkW2SZ6A9YA0W.jpg
76092,Mother,/yjjZWS23ZawJ8OgpR3DbzfaWcI1.jpg
229516,Superpowered: The DC Story,/2MKY8LIUIXPNUHIWneadd5dqPXF.jpg
95631,Super Cub,/higmQmAxcx4UAWTbjQvJQXSlaXJ.jpg
62863,High Society,/rgQm6Afr15JPVQ5n1cXGLA5QkoV.jpg
68102,Brave Witches,/tBhdfjoT8Co0ogfjuKSQgLrcaTy.jpg
17400,The Littles,/wALSyamLPhk0IzJj13B5ukJpeM3.jpg
130147,Immortal Samsara,/guScvEfq9QpnRwCjzYwQFbSSIr7.jpg
96372,Momma Named Me Sheriff,/ipSvuM88AMediEdoy3oDWpqaNng.jpg
78597,Fugitiva,/sLxXhcw9edUlDrx9dUtaTWzQQOM.jpg
66047,Vanished 46,/nED2H9414r4u2ecRkW7VcmgbgL0.jpg
42238,The Line of Beauty,/iRpVgm9YpgUHzClwipjopvk7kQC.jpg
92371,The Food That Built America,/6ipyh4VHk8r3tgba1BMEUBlBsr6.jpg
202307,So Help Me Todd,/7q8EKVJjUofnlP3k2uVP0oRNtER.jpg
79095,Here on Earth,/cjjcPMvOroLKDa6ndKf0TBdIe2w.jpg
13945,"Gute Zeiten, schlechte Zeiten",/fNHBzjxsydcAssxXqb5IV2obDdU.jpg
99969,The Sommerdahl Murders,/8OWpc7Lck7gmgRhUG5KN7LjmH0Q.jpg
80500,Yozakura Quartet: Hana no Uta,/lTovUcVdTlEhDDSCeI4BEfIO64x.jpg
9,Match Game,/yO1yfYyHemDZAJyLNLz3tCiaNC8.jpg
95074,Queer Eye: We're in Japan!,/5PFq8lqBUqDiQPYakYsfKnugVKU.jpg
46198,Jin,/dGyyuDIDkvP2eSNgxMRrbciM1vI.jpg
46528,The King 2 Hearts,/d08001LY3ROaG8DFGhKyJzrruK8.jpg
102846,The Forest of Love: Deep Cut,/A7VsDn1WJ8AT55snAjvxNxTvHNt.jpg
103830,The Titan's Bride,/8Gwi01ZjZ2VLW7BTPCEUtOiKCTd.jpg
48557,Guyana Tragedy: The Story of Jim Jones,/qxTx31okJiOZtMLYXpiLVF6o73l.jpg
3538,Aliens in America,/wqfCYDdTg4FMdpokvnW3rr8J0cO.jpg
2697,Sapphire & Steel,/6wWM8yP4TmQX60BC42iaak5g6b7.jpg
492,"Upstairs, Downstairs",/vptpN27HqU7kwIfPE1E07ffnK9n.jpg
76277,Kiri,/NMUaIdDYZFOg1XAWES7Zg1ZIXK.jpg
116944,The Thin Blue Line,/quDsL13MvDoGI9aX2xddQ3wwFTW.jpg
135654,Again My Life,/6QDWvFl9eScywwF8eUvhVZBleb1.jpg
123403,Pørni,/tjT2dg8dwpSYgTtZuXEZYrWeOX7.jpg
46440,Samurai Girls,/HTVddlolhBpsE2JDPRpUrfv74G.jpg
6504,Ninja Olympiad,/5CByRksNiGCGycnnUb2lBg7xlzS.jpg
85536,Star Wars Galaxy of Adventures,/3XAho8lPuEz28fhHraN68lUK1no.jpg
63714,Backdoor,/ogNJzZ5elxPY3eb95716nBUnNEv.jpg
62048,Home Fires,/zRqKhlhk1wVueOnjWb009YDYbU8.jpg
86825,The Kirlian Frequency,/pdZWEWtasVgG6wU0YiYZyt57FgR.jpg
134180,WWE Evil,/k2gWOqIpLMP6v0n9RMXbS1IFmC1.jpg
210805,Tyler Perry's Zatima,/umB3MJQ79ZRvgO9uqpo6bsWl6vk.jpg
36536,Penoza,/dvYTGjftwpcAHBQKXZUh77fMrur.jpg
21761,Stoked,/7KnqmnjwsxC114ZLhuscaOoEsJx.jpg
56242,Ring of Fire,/v3QS11lTqOWFYjewYmmyebAD4WJ.jpg
96398,SAKUGAN,/j5qKYDIc9FHXtij3NaolOWOiK1I.jpg
17109,"Toma Lá, Dá Cá",/d00Hpwh70yAapKSmaIhBhTFn3HN.jpg
58887,Omar,/yLxq3KAuKeRHtEVR64QLrSPft6J.jpg
3469,Minder,/4s9hiyQvTaMe1bK91HRCTgDTAoF.jpg
204370,The Path,/raDj1xSVzBenwI87arenZY6eHmz.jpg
69069,WHIH Newsfront,/2RAbC1bwYvE3kYr6PdYFUo6vmO6.jpg
135022,New Heights,/8hoZuxGSe2uPBms6CTPuOzFJVOL.jpg
69045,General and I,/9gomT6yDdIKULaMsNTWIJPwsCCW.jpg
100354,Amongst Men,/ua7QFNnspjLcjrc0nCY9RRonmHS.jpg
38935,BET Awards,/vPDO166j0z3jck7BVApmrmgq5JS.jpg
73659,Final Fantasy XIV: Dad of Light,/cuPkfmEsWh3kEEjAHabH1m76BGP.jpg
156085,The Teacher,/kRW9KXd3AdOiVtjSox2dXjvrh5M.jpg
69959,Chef's Table: France,/HNWHUerl6He3ffIxvHC3sTxHNw.jpg
1834,Friday Night with Jonathan Ross,/dweqcAMlpidmoJcLu4omwuwsnef.jpg
67855,Zumbo's Just Desserts,/9HRjQL4Umbt8RDN3PInX4jHzZNi.jpg
93972,Why R U? The Series,/uBJ65x6qAQmj1QQOsfUz6r4zTKI.jpg
70858,The Red Door,/yBlrWtyTeDpC96yswLhcP2WonwX.jpg
46694,Ironside,/f14yvzQg1xEpK3rQGdlApltJki4.jpg
49177,Life Science,/dYlKyIhikTckVO2BapargxfgauA.jpg
3437,Hotel,/y1dduOHvSGWOgX19K9DPbA3oFB5.jpg
218475,Nineteen to Twenty,/eii3tllx5vS2BF6BPcXohrm9hWz.jpg
64093,No Second Chance,/lZsfIgsW2gseKsJnXE45RLRvDSx.jpg
65977,Netflix Presents: The Characters,/5WKd1EmsCStstPBJPh0zNMZ7OXC.jpg
44100,Million Dollar Listing New York,/en2WjVfxZuPEWH1XP6Y7uXCydEC.jpg
45137,Dominion Tank Police,/pgjbd6g2wz629oErKnE5LBZeonc.jpg
70784,Marvel's Rocket & Groot,/7FHJr40MPFwtHrOyOD9buQDoVcs.jpg
84150,College Romance,/lCvYGef9G5aj3jeoLW79f79O5I4.jpg
117166,Pui Pui Molcar,/twIb0T5no8v8t8KIt143L8FKPvQ.jpg
22432,Video Girl Ai,/55kGXYm6oC2WULfhmipJvTAOqsx.jpg
84761,Nailed It! Holiday!,/74IzFJpapeF25D523atUT8m3Sz8.jpg
61469,Survivor's Remorse,/13TrR8n9m7f60MddXF5wmWiXzwm.jpg
69272,L'allieva,/mTTTDSWsyHRYzhXt0kALGqlEfcb.jpg
2953,A Little Princess,/bYE4sqNKrGP5jrBk7MyR7GAiptT.jpg
4714,Human Giant,/vEuSf6Ur9EobO1i2vW5VJJJHQyr.jpg
157064,Litvinenko,/mXVn0ullYhiWpoR7IP27PnjEfck.jpg
196040,Engage Kiss,/rDWpWlApRc37TejFkgmqutcDL6z.jpg
118947,The Pursuit of Love,/4jFyvf5TYHp91hYee22chl4i4w.jpg
71008,The Royal Tutor,/9kcVETClEE295oZu5bDsQrB6Ou7.jpg
34838,Sweet Blue Flowers,/eeuSpw47UmVYLgNFtsauAURxZLf.jpg
719,The Fall and Rise of Reginald Perrin,/aXUltLuEU4lw80kbqUAjLjctYUz.jpg
125712,Life With an Ordinary Guy Who Reincarnated Into a Total Fantasy Knockout,/zDPQkyzNuqazWNJlDCZazfZ4hop.jpg
65387,Kocktails With Khloé,/g6kzfVC7ZBkv5jNNzRyom5esgn8.jpg
70788,Payitaht Abdulhamid,/u6XmzhddbhWY0m39TdUq9ZSe4yk.jpg
10848,McMillan & Wife,/AfR5azFdmuEJ3V89mYRDSUpd7ul.jpg
88770,Games People Play,/Aox7nECV3XK8SxkkGPsGk4bWDhY.jpg
64900,Hangar 1: The UFO Files,/b7JYJGFK4aI50KxuuGphhRkIUw5.jpg
153966,WWII in Color: Road to Victory,/cmj2nCslE1UJded94jgjYocL2k5.jpg
4153,Not The Nine O'Clock News,/i2HPl3FFf38Ofg6Y0rkEcsthUZS.jpg
5595,The Mummy: The Animated Series,/buHYTfxH7QSd24jVftSc2JFMfQL.jpg
45923,SPEC ~ First Blood,/mUYbksMk7IkvKWDUPr9zq76562K.jpg
33965,Littlest Pet Shop,/2D0O7iZuN0AKnEB4D7mw08DCL1n.jpg
66271,Lucky Romance,/hH8nO4YuXMlNBJBYJ6iEmzwQqwD.jpg
39674,Sirens,/uWf6iq7HJgHVfpFXGBSaBoX3x1B.jpg
21444,The Elegant Universe,/3E5akUCSxZM86NCnEfeft49ag2n.jpg
24211,Josie and the Pussycats in Outer Space,/bdoWG0ras2rpDdZkJQvVw21W7PO.jpg
363,Legends of the Hidden Temple,/jsUpyxfYgatd4UKZKfS6WZlkEhI.jpg
129621,Battlestar Galactica: The Face of the Enemy,/9lHOVSOZMqgimIH07fBhUJ86SFh.jpg
71347,My Sassy Girl,/llSHPKnZWaFvvTKqslvUVeyrK4O.jpg
91980,Everything's Gonna Be Okay,/l2izUWhDaBGwGyJp4rvNsrzrNNQ.jpg
221048,Monique Olivier: Accessory to Evil,/571M2uLgbHxAysiP5WxHwBXUSdP.jpg
100033,The Wolf,/o1ykZNT8N82P9CSHg7HhledEbOx.jpg
216289,Pyar Ka Pehla Naam: Radha Mohan,/cGUF4aT3GCmCy3f84KKIpWS3kty.jpg
925,77 Sunset Strip,/uoBZjwv3TPJ7L6ybHlUSZvOhodE.jpg
2045,Birds of a Feather,/c5dylz4QUaIP15NEfhZuJhyvIQX.jpg
7460,Criminal Justice,/b9eHNNoUGju7P5Q2Ez5Kxu4fzst.jpg
63313,Alaska: The Last Frontier,/hBwlagcxxVTQTTQUAMNbwfRWZ86.jpg
14614,TV Total,/pmWBSXONuI1cZrCGi23olCw60ev.jpg
13375,RahXephon,/sQhAs3I1nqZusc5y7s0KiaFmju3.jpg
26663,What's My Line?,/A9T7xSQFnlxFgZkqC4lmHYPXhq4.jpg
210107,Behind Your Touch,/yewQKAEyczmAut99u2ooI17O8GD.jpg
30925,The 101st Proposal,/nzzqKO8GbCYHY7K6qAc4Vel3OrT.jpg
2059,Rosemary & Thyme,/lqWPl0dZK1EPjUH0iZgEJuCtvuO.jpg
68187,The Idiot,/7ujIvdVoaqZ98i7t68zd4JypkaR.jpg
197078,Summer Strike,/ge4M0QHCfegOETAkjAKZroo82Rr.jpg
106348,The Beast Must Die,/iYLgrsOxDwjdKskaurBiHDHlGGr.jpg
201124,Mo,/x3ojdK36AKestQaL2nAE6A7JYWO.jpg
205272,Reasonable Doubt,/7eGwjRFFbF7ADUn6tsaypNrIlkh.jpg
110825,The Challenge: ETA,/yJXmGzLqq0LASbEVFdYO0d4ftv0.jpg
51823,The Legacy,/zMvftUo6wnqSQFFO2o1rAaTMGID.jpg
154911,A Trick of Fate,/2ItNPuofB5LoOG4TsXWAiBayfcJ.jpg
154524,Urusei Yatsura,/gIvkC2kshTTF310fXMG1esFmVBA.jpg
66229,Z/X: Ignition,/oeUCXn41raVtge7wT3BAw0gN3El.jpg
157972,Great Expectations,/izd70v2VS8SxGvnKxDpb65Q5Bx8.jpg
10118,Father Knows Best,/5uvDdhz7Fq2OceIbmmOVpk2cSwx.jpg
17324,The Master,/8MGIjGfjwl22HL9G0eYOwbMqSTT.jpg
10808,Tarzan,/keL3WMJW45o7rd5aKDPMG3bgf1p.jpg
96041,Tell Me What You Saw,/2erQhWHjpLMWfjeJFpg8I9sJssV.jpg
49324,Ruhsar,/8CZee94C79kl6uVjCXqHHfs2tlD.jpg
55630,Masterchef Italy,/fOgyFYaKH5PqvLKku5mS1RGlAbL.jpg
4213,Once Upon a Time... The Explorers,/iAByj3prSRKtFTw8FjaX6MeepBW.jpg
104811,Train,/9TScERozyKFUKbc63aB4bF6jqkD.jpg
50076,Aiura,/7jghz8BJVYNbrMeQPRGicgiPZvn.jpg
92462,Carol's Second Act,/7XOT3uguMpkZoCWNmDOA6tPI8CB.jpg
122648,Happy End,/4nBUaYIUlJR3tiDh4wS5VJoxw18.jpg
63869,Mar de plástico,/tQzJVV3VCgnHFezF6LhXsETtUm6.jpg
72744,The Disappearance,/wDw0ItLofAmLoMUYxVyhdK4lI0p.jpg
67078,Planetarian: The Reverie of a Little Planet,/9XIwicpQCDqj44uyomlxJe017MI.jpg
12939,The Steve Wilkos Show,/uW9wkrbum5HL8xdLuoQcvysTLDj.jpg
200861,Suzhal - The Vortex,/z6IJi7xmAMmKdbzSnwguIXLIVjN.jpg
73924,White Famous,/uDnHjFeEX0Xf695sQGEjCFCo7Sc.jpg
99595,Legendary,/4ZIPELWwcKnR6cG11a6mbn7lc4J.jpg
86456,Dolly Parton's Heartstrings,/jW41XQ28sRYf7WDTtPuQaymlOxW.jpg
51036,Killer Women,/5EeME94QLIethmBA2w3vM7AVTb8.jpg
56354,Minami-ke,/zgdsmw06yv8JeLzw4Vp1ODgSrjj.jpg
124641,American Auto,/zWxMlVysSG9BEp9qAzZBaC97muw.jpg
155724,Christian,/6LsADzNnCQE6IusbRYnNyX0CYaX.jpg
112111,Murder on Middle Beach,/j1VQYGEK8GZgqgGT0RrHTjk8NpG.jpg
695,Round the Twist,/nxOScaEU2exYLBkqG8LiYL69z5l.jpg
70541,Maximilian and Marie De Bourgogne,/5nz2jRroBZaNPmtHAqiwcmsdE3B.jpg
13406,"Gunpowder, Treason & Plot",/6xQjQ8oDdLGCZaWna0R5dW2s1sw.jpg
81807,Hackerville,/jHcg4cEVxT7355VRFGfbVp08Oe0.jpg
139397,As We See It,/bh7OXB05LgElZDMOoxFNSJL9o4h.jpg
74931,Trotsky,/mtLfhHJRFlRyrX5AkfVALsNOj9u.jpg
65136,Barbapapa,/yjvw7XrK4ZbN4spOn11Ifdpo9iZ.jpg
76300,Love After Lockup,/e3OgnW4ov16XueR5FxVzaFy7d4U.jpg
81180,Women of the Night,/tX9DQ16TaYerrKMWCSJ7MVv7ZpB.jpg
205722,Country Queen,/39rLohFji3qUKu6A5OXZW4NMJ8l.jpg
98492,The Ghost Bride,/if27EYCdFPSh45WbUqPLo47wb1o.jpg
66660,Hibana: Spark,/tO8DN0VK82Zu5DS8drllzJlZOQK.jpg
81614,Simon’s Cat,/ic4EYKTsYg2KXDXjYxsK3B2o8CB.jpg
4003,The Mod Squad,/c5HaIPOSZitasqNlLRp8ZzuUsSn.jpg
79864,Joe Pera Talks With You,/jR0hSznnvWkEWSUP4F1o4b3ielg.jpg
90524,Holey Moley,/hENnYXmi7q8fzcffUbzxfdzvZtO.jpg
101836,Absurd Planet,/s7gO6ZoLuB2wu7YUTVvMiNzyY45.jpg
85226,Grand,/uUoq4iQ2naXvMiblD8qX4MogXCC.jpg
3527,My Friends Tigger & Pooh,/pjFdWwr36A5ZO8K5W5NuPRS7Bil.jpg
61059,Doll & Em,/8YEt7xPz9kZ1sG1mfvOSUOz3Zec.jpg
31035,Flesh and Blood,/3MZv8kEMPWkpjECLbg5S1dQzYnE.jpg
882,Connections,/284Uol0JsQiVVDcgXbqe3gzkz47.jpg
78434,Last Hope,/bWMRcwNXoKefS53x0pLnZgOhg3R.jpg
56556,Nazi Megastructures,/7Df34LNjP0hTMAnED6DifnPFfeg.jpg
34708,Genshiken,/erC2U9IB0eIJpecKE6QxuK9Rkab.jpg
262,Squirrel Boy,/ukNq4x6HB1wsmTZYelQxMja8GCJ.jpg
64708,Hostages,/4obZkXzyIhe6OKS4wpueyNGgwhm.jpg
156878,Killing It,/hrGmUZ1t0N7xbT62qF9KS2m1dfA.jpg
9103,Kimagure Orange Road,/spa4vqIguULjaWpXmjmVGcAfWDt.jpg
208422,Club América vs. Club América,/zzqQ3JSfRUaUJFL0OC6Sn7gF6hE.jpg
6479,Marco Polo,/xlfW4hmgcaNVdQfUuQ1jnAEDL6U.jpg
74647,Black Sun,/jmh0hWOAy0C68EpWDTSYlUh3JPk.jpg
80626,Samantha!,/kXPFOg5nPsqDFzeVVacecwk4ajm.jpg
121702,Do It Yourself!!,/x7hcg0gUvKaLHshVH3WG4CTTrT.jpg
84962,Apharan,/fj33AKajFr79filiwrhkD0lpAWS.jpg
62481,Beat Bobby Flay,/o7y63dACNBfQGT5rpKbPzmWjw67.jpg
91902,Graceful Family,/hQTuXbytXxFxm8kQf7BndzkBIpp.jpg
107442,Private Lives,/xLFKRcp81TnBRs1bc3FHOhylcjB.jpg
65713,AOKANA: Four Rhythm Across the Blue,/p7qJXTAoA3ITA8yf7lyLJSXwEgX.jpg
134050,Ridley Road,/6fUvGknVpFpTEC5byjTEae6u3gm.jpg
114937,Taisho Otome Fairy Tale,/wZps2MzUSyrXUu6cq40oivxaxU6.jpg
55886,Inseparable,/l5ovAuGNIgOOjTFv4PtewDbFJiR.jpg
136394,Freeridge,/14dtUdFPXmjLNNOjkYCHCNOg01d.jpg
86968,Bluff City Law,/c4kMxeRENGn7YQVvllqNxIXtaK3.jpg
68292,My Dangerous Wife,/7axC7j7N2hCri0O4zFKaHV8GfUC.jpg
68296,The Kicks,/lEczQVS7u92ntfZQlqY1hpMie3N.jpg
63106,The Scholar Who Walks the Night,/115598hfMYGkUtPwA5p95gntKaC.jpg
34166,Kino's Journey,/FKUT397b6Z2P2raqw1CjGQGisZ.jpg
14675,The New Adventures of Jonny Quest,/wrtBKhLEuWbD64yzxSBtugV47la.jpg
61329,Tanked,/njjzKLWtJ3IZVxG0A5vm0FWIAiz.jpg
1636,Top of the Pops,/jjfTTjVYWyD6rGHVbnC44IrsJ7P.jpg
61241,The Crimson Field,/aig3vbSnjHZczndfhhCmKVtnYlH.jpg
73581,Wormwood,/rQZzK1ux4J0bBTJii6rzNzeXbe0.jpg
61251,Our World War,/2IlaZm6UCbaXNDaEbo4YqcYObHb.jpg
67242,Home: Adventures with Tip & Oh,/y2z8SFDZxFllkTgUJZs2R4glVSl.jpg
43250,Alternatywy 4,/sRCSTfBDmENv7uACta1nPKBqHd7.jpg
106014,High Maintenance,/yCcozhFKIecvP3JxzRk70CGEg6s.jpg
10477,Rescue 911,/7Cm3d7XZqwGnNEu9UI5pkLLPz1W.jpg
816,Shooting Stars,/gajKdQQ0CJ4ibdcIDJHf089cVan.jpg
124045,Drag Race España,/55lj6uYlganKkljx5Hnax64brtI.jpg
5606,Stingray,/cK1HKKqkE0RE31n7DuBmjfyljqa.jpg
158296,Smother-in-Law,/eAtipcahOmXbsGMP7m9N17kUOwz.jpg
59184,Quiero Amarte,/seh2CX0WeAe7norKvTRgOrPmF0U.jpg
212464,Bosé,/dvZdLjhdlDyDB6XI9K4PkKqBFdR.jpg
6755,Casper And The Angels,/xFP5k79VDE1u52G8E96ArLC3zKu.jpg
89661,Summer of Rockets,/dXtr2q8oDy3AfD5RdlH2w31rIgn.jpg
60640,The Stray Cat,/kTdXgsRnwhjCrn3dCaQuknLWqDm.jpg
1970,Hogan Knows Best,/8ctaVZ6sMT65aFWJh3ootpOzBZl.jpg
80070,What the Future Holds,/c7R1bst4ZQIoiDdTFGSGyQXTgbr.jpg
71763,"Alex, Inc.",/uDrUGwYPV5qsE1ZxoQivOLOMWmv.jpg
14037,Operation Love,/kiwbmOh87lwqSOYtyXYiH6KlaNU.jpg
76062,Beatless,/2PtN9nZJYEXiklRe1T5DxwIKED9.jpg
80867,I Want You To Make a Disgusted Face and Show Me Your Underwear,/gZFxEYP1ALHapZg4Wk1hJ4L1w4L.jpg
65010,Paranormal Survivor,/9Fr8xQkrbf4gjAGDr0gK5NST0UB.jpg
64541,Telenovela,/gVG0Hf8naAL7AfvMjiQC34UtqDX.jpg
4107,The Steve Harvey Show,/iGUWv21kgKc79bpYxImk2nTIPin.jpg
87216,Losers,/vBM7wBzgXq4yHbNCX4iRyg3Blx1.jpg
39424,Extreme Couponing,/hjuBoNc4hZuSiCmPTjZj0hc9pBv.jpg
812,Harry Hill's TV Burp,/Puiy7mKLS5fLC8S6zLTIiXQRNC.jpg
31370,PhoneShop,/qelYbwJTJ5TAPfo9ZV0R8rt9VEQ.jpg
60742,Neo Magazin Royale,/tyGd40QPEzDyqW4hkErOzCRBPa7.jpg
72526,Hitorijime My Hero,/5glvkwxDpXiFkqni2IzDT40MGRH.jpg
207743,Ranking of Kings: The Treasure Chest of Courage,/9txbeJIHla2QXW3bGi3pgjIsVp5.jpg
67229,Match Game,/f4GmtNrtIzpqFNAxk3DFzk4zMmR.jpg
54539,Unsealed: Alien Files,/eRpVNCaBTjbtlZfGaTlOf2fDTyV.jpg
36737,Lady Chatterley,/oR5MdtO4409hNVctaKYKN9DNcY8.jpg
79090,Future Sex,/20HVtcyeSDCUF4IL0Mg8Wm8NqmS.jpg
84007,Carl Weber's The Family Business,/A1WwpjcFynFe52KyD4sUb29KUrZ.jpg
3511,"God, the Devil and Bob",/uSpUzhklRGKcBgeuDdAxsOuizCs.jpg
131830,Dive Club,/n0pmXgbBepjIcE93g5OeqdCfZ60.jpg
417,The Class,/9OkGxfZ5H20rO6ph1kW2kxt59BD.jpg
68059,The Level,/gr6AXTokpsEOBoXUz9ghjq7Nvyv.jpg
39255,The Firm,/5m3jenqRfwi97xRDD1vlj7rFD2j.jpg
81502,The Story of Ming Lan,/flNWgUPwtkAGv8wyxxBlKaAwLzt.jpg
7030,Hana-Kimi,/2pddfXAbAGq2qi6bjpuIBkDx6lo.jpg
5403,Starman,/4fKXWIiaLTQDvOS5Ok4XfD5qKJb.jpg
101050,Julia vs Julia,/cuATf6aqjIC9ivUmkqyDMoSlnEP.jpg
125437,Racket Boys,/wnJ4lGrjcYKtyjl4wIy7rXG4UDm.jpg
152512,Love All Play,/qsvYA33F4vwMDbNscdvt6r9zCZe.jpg
77723,My Sweet Tyrant,/eG8r71D9CfRvHCVick2HObofIxn.jpg
34765,Bokurano,/nxsG82r30eKyybItqVJjOCPbpwD.jpg
1736,Complete Savages,/xFaNmMuGowqKJxJFhco6qRH9TnG.jpg
4603,Faerie Tale Theatre,/5pKkikAvKfyiAmxwkw1HHb2z2Za.jpg
67169,The Collection,/1mcVVIOzfdQ1gmAmr9q8GfL9o3h.jpg
70139,The Moorside,/lGi0Ll6S8zmYfSllBtqHyyylhqX.jpg
203688,The Future Of,/6jZ4Vo4kXAoO6zL4MwCK3FEN3W2.jpg
39845,The Voice,/t79aBTcPC4vEeeDMv8cWE9tnVwe.jpg
44008,The Goodwin Games,/nhLk63LAnYCWxEKhKx92iGlFXKa.jpg
3701,Fonejacker,/o0F2yte0MNcknJTLLn6seSl3cTr.jpg
215471,Call It Love,/m7xiLb8mLyHHgThJICIPCsSq1qR.jpg
67340,Magi: Adventure of Sinbad,/dmNFk9TeB8YoKEhrn2n8tWkBSVO.jpg
203888,A woman of her own,/dgW4EZRxyJfYeiKwoo1UP5ziZfX.jpg
46121,A Próxima Vítima,/x4w9I4nepjaTTc5fgm2EVbYZnOS.jpg
486,Captain Scarlet and the Mysterons,/83Q8UHBJYLQx4bbCDYvt3TxODd1.jpg
3821,Full House: Rags to Riches,/oq9Qn6nhAXjXF6igxgYzxzy4qQ7.jpg
203822,María Marta: The Country Club Crime,/ljxCQ1bNFAnXMuUsWBDMYwK9E8H.jpg
37131,In the Face of Crime,/4YMGmvKPTFA6b2DMvvXYocPokFE.jpg
21855,07-Ghost,/v4pW812Jpqpf3Ih5gYGCu51kdDl.jpg
155772,Rap Sh!t,/frzmA0F9rLyRSCGAymotHyRbuRh.jpg
138385,My Beautiful Man,/kaJoOvDAYQYzNsJh4LFFpsO3Ux8.jpg
3840,The Commish,/osvVYFdCtz223oOQmMcoM1N4JGP.jpg
85368,Lord El-Melloi II's Case Files {Rail Zeppelin} Grace note,/kKtYZGaIFuG7vztNdxkoBq324s0.jpg
16281,WWE Superstars,/595BCIq8CJUjYHlx0xwkfiesMLF.jpg
68573,Magic Kaito 1412,/uEUset1GJx7QvGyWsSMecRcysJp.jpg
73648,Padre Pio: Miracle Man,/tRVzB7IFd1L4ePjo7YfsPQIIosK.jpg
81923,The Kids Are Alright,/r5Ox9hxPT3bxG6Utr76oKevrNOl.jpg
70112,The Good Karma Hospital,/b1JuFDNI5Zh5ngFqsPgunGU4YW5.jpg
131836,Wedding Season,/xZSMj79fgGhSldMJbcggO87hsbC.jpg
89367,Silver Fang,/r73QVhM5n5G76IQaUsfqdySuDBc.jpg
135187,The Girl in the Woods,/sPWL324evebfthe8noIBaJkP6Vp.jpg
132960,S.O.S. me estoy enamorando,/phYXHG3zJxCZMqACEcwXw1h8l59.jpg
137467,Adult Trainee,/myIFGCAPV2NPdbrdASJCx3hwUQQ.jpg
59149,Burning Bush,/p2MmFaXEf74UBrLnbe2R9YpVxX4.jpg
12026,Reilly: Ace of Spies,/xsM7xRTIoba2J70eaRnlThureUS.jpg
85487,The Titan Games,/cEs94sKekYmUjHKN2c9Untznq9J.jpg
87954,The Murders,/jjgWYKbvZMVSxrC0RUGlj5HnVh0.jpg
228303,The Show: Chronicle of a Murder,/uAadZi5QRjWINE64bqX1oQxVuD8.jpg
30180,DearS,/rqquMDIzWC1oAQ6XvKKF8OzBx8K.jpg
72311,The Advisors Alliance,/xdlltLF34oFEJ0yIQ64JROFR2VN.jpg
224490,The Patients of Dr. García,/y57ND50yq0nPmQpvLmMBKrnAvRB.jpg
67877,Once Upon a Time in Russia,/uOWGEto1JWrywDJuGWB61N0N8el.jpg
59159,Atrévete a Olvidarme,/dRYrHwHEzZNwVD2T9mh5UkCmC51.jpg
61424,Survival Game Club,/6kgCVSoVTqzwlqOqqm5Egf4em1l.jpg
62039,Gallipoli,/oreAFlmrnEsxNwZvLxBAeyYUyY9.jpg
134710,Dinner Club,/5uJUFQVUgGdNXxwJ0T1DH2tH8Cb.jpg
45968,Good Luck Girl!,/96S0X0URgVa9FxPfffvSnU3ADcz.jpg
34412,The Human Body,/tt4yZv8iOotVvSfCGNORMYYAhiO.jpg
638,Once and Again,/vB8qJsBXdDmRflz3JjpJKdUcSQS.jpg
497,Lipstick on Your Collar,/87bxyjSx1DZPicwEYzEIoAdLVSR.jpg
74323,Vampirina,/18Mmri8vmBKbGbiymFPlSHlg71o.jpg
31741,Black Blood Brothers,/tAA1BKAqpRtnemHL8zF4cG7NtYn.jpg
6298,Dengeki Sentai Changeman,/pHC80SHVrlQLHjq88isra3r3GV3.jpg
101339,The Turncoat,/iuEDWjhKrXV3w9LwBhl7kY6N3t8.jpg
100128,Big Brother,/9Gkcvdz89Q7w0glDDga1c8m5vaW.jpg
120013,RE-MAIN,/tG92mLqwXdByHNhGp8yOxIc1BjE.jpg
86704,Man Like Mobeen,/eldYxHJQDGrOGi0NHoEURzAWcUS.jpg
64711,StarTalk with Neil deGrasse Tyson,/qCSXMlSNtgqTkrAYzK9dWPS7hHR.jpg
19305,The Syndicate,/cTkeOkwVujH2S0tCgNV8Ymq40Ux.jpg
32231,The Qin Empire,/zfuObpAXqGEI3FCSTsBw3GKRyOE.jpg
35447,Squid Girl,/wNF0cGFIy8CMllwjE5zANQUg2DR.jpg
2062,The Darling Buds of May,/88JSDfXpyLhs4gk1248HusyIFKo.jpg
121460,Mixte,/24I5eM0PCsflpaGc5hMa99afn9s.jpg
155229,Cheer Up,/agyQFkNKBExKYiIealedXNDIDqn.jpg
61150,Cunning Single Lady,/4URIdeUdwaQV1QDLlXH6cyssqI.jpg
47089,Nine: Nine Time Travels,/aPCOCOca8auAP4YTgUzftmVjzMh.jpg
156563,The Reincarnation of the Strongest Exorcist in Another World,/AvVe8mmY3FY3CJwbw5sCYubzaTj.jpg
4532,Superboy,/g8QxvkOSGiGRk0nW6U8QLX0Y8NV.jpg
40161,Titanic: Blood and Steel,/5awTemzEgzOvsopOk92vmLRwhhu.jpg
78075,The Repair Shop,/4YjXfhJmwCWWqoHWiPSNkoMPZHd.jpg
12890,Worst Week,/2ciGpyDucYtjRpdVKz12z6btPSe.jpg
854,Ripping Yarns,/xhOPY1HgHjMortRSMa7qSLFeThk.jpg
89578,Chad,/8i3KBIgdnxpHgzE0eBr0CuKWTF5.jpg
12500,Rainbow,/cAORJWMV0ufuYrYSFrznDTh22AU.jpg
220663,Dudes,/dk6bH5y7Q7bNYpQ3u5L4NLS1Roq.jpg
1041,Noir,/w0nWbKkIFfwU1A5RzF4pMt7aUdO.jpg
65368,Real Detective,/4f7CCoRbrETYNvkShUFwoma3bEZ.jpg
223119,Yakitori: Soldiers of Misfortune,/lA4fOKjw1epq8ItNWVNX2VKsLAN.jpg
64839,Great Barrier Reef with David Attenborough,/4Ue5quQfo6HQl9vwf0msfpuD16b.jpg
103035,The Big Flower Fight,/2ZOi6NYiYECJmpAqIXanzMEiYPH.jpg
218476,In the Name of God: A Holy Betrayal,/srGzplt2VmQqpLSRytAqkPr8pVI.jpg
158704,Better Call Saul Presents: Slippin' Jimmy,/wSeVvdVWUMnANCyhn963T99HPhF.jpg
367,Klovn,/pKwXQE8Mp2W23bAqrPq9bbzIjXN.jpg
2223,The F.B.I.,/tUlL68lFmnonSg180QJ59ipnd7c.jpg
1679,The Tracey Ullman Show,/bxPSAqN8opsW4xXBHlgB2Jokjtc.jpg
42194,Polseres vermelles,/8re3Is10yJO5m6t6aZjDZkCyi5J.jpg
29650,Kane & Abel,/msBIc6YXux5HXA9u5O7oQZZnlol.jpg
129479,One the Woman,/gnyBDlgdHucHa14sZl0MS8fZRUO.jpg
943,Robot Wars,/hgEMphZflf0IQcpYSqAbx65GJXB.jpg
70748,Bonus Family,/dzKF5BnmOlOl6BaNrnQbry5nb65.jpg
113678,Heaven's Gate: The Cult of Cults,/kiIB8SpmO5qi8tE65sOftW7hWFo.jpg
124185,Mediator,/10XqG3RLo4C54AmDyCzGGcdoDHi.jpg
68637,Okami-san and Her Seven Companions,/bCO8GZYBQBAOqgALNvQ7miaW4Qq.jpg
116250,Bling Empire,/gMiq9zJs4UNFV61HKhfWvbzLFgu.jpg
139609,I'M Possible,/tR9m26bwDeoSm52ohtgqKOpccZf.jpg
130266,Police in a Pod,/bcTwjNfNdzNpsBqHbq9aaya9OOR.jpg
34156,Chiefs,/byKTs8ftNOp5SNy0HzXdd6QiBIT.jpg
91284,Coffee & Vanilla,/ofzfbEVT7ayFjoWU31kRPMgeomK.jpg
7516,Dunkirk,/5sMOjEMsDBiJL0CZqUXTD58kZTN.jpg
758,The Sweeney,/bB7er5lQytNjsX3qGL9N4RwXfgt.jpg
150,This Life,/f9PiErdWF5IDcvZULIae4oeeb5r.jpg
71096,Söz,/orUokYSO7obeN8T1AhgbMNHb4FB.jpg
59500,See Dad Run,/wO3Zr3iBW5vgcktfkCPKvHleIdD.jpg
63859,Run,/gjXcUJsLfHzpLahLbGuulwMIheD.jpg
8040,Departures,/gUGQx9938K4siy9t61vF0TZntCq.jpg
106691,I Tried Asking While Kowtowing,/lz7ot8bI8x9tuXvYOpK6cajnUbJ.jpg
122182,The Long Ballad,/sxMS3WpSiQIffBiKjN575e8N2SE.jpg
92788,Marvel's Moon Girl and Devil Dinosaur,/1oFkjiF9fT2asKWjRiJtlbhu3hn.jpg
79723,The Cool Kids,/m0EqmQqCQ5zkofwkVwoB5chodfa.jpg
982,Transformers: Armada,/tjbBjYfXyISFZMbpNQBNoiKwJp2.jpg
30093,Mobile Fighter G Gundam,/2CDLkw5DaLj7DfBguvqRpmVtDz.jpg
13605,Jakers! The Adventures of Piggley Winks,/vJmdj1yZ5MY3repUubHK39cqUbt.jpg
42370,Unsupervised,/i8m1BIJCoDi0WUAncm9PkYJbTqY.jpg
67172,The Investigator: A British Crime Story,/g3NZBTzWdVqhmN7XefYiUXL6HoT.jpg
122843,Honest Trailers,/5wZDu7JVXqmzJLthh1ngIfLmKIS.jpg
63839,800 Words,/c1fqAY0rRBlbXZdMRSqJqNoRIAg.jpg
19802,Alex Haley's Queen,/3DgN1qsvKqrIaZj2DFfcmEWlpQZ.jpg
204519,The Ice Guy and His Cool Female Colleague,/2nZrmcyMgYCHmNGKPX9NXfWEybH.jpg
9552,The Trials of Life,/v5ehIbLHiXFKfPwWlUD7PBwsWxc.jpg
15179,Bolek and Lolek,/yPO6noyrRW1B3GIGAjABzpRDJ2v.jpg
21013,Iljimae,/wFEQQAmsao43R8PRfFZTupYYOc9.jpg
93593,Pet,/3V7XVYjB13iufST1R6Kdfd03Xfv.jpg
68406,Wasteland,/rmcXj6qyiQYaZ3PwHbr4Ko0y0Ry.jpg
155623,Hotel Portofino,/4mVKQJ9cDO939sK7MvVxpUfOZHb.jpg
70972,Please Take My Brother Away,/zCBGfrrCMu3axBk2UgCuEBAFrPn.jpg
72954,Blackbeard,/pK5Lh2BW9Yx4NCg4hPFfzqCsyIO.jpg
7744,Sid the Science Kid,/7tXoGSNnqRodNMTvwYDsLJrXuRo.jpg
93521,Ghost Adventures: Serial Killer Spirits,/xDy4PoVmLKBP3RnRLQssHLWEnOP.jpg
95568,Age of Tanks,/igHrBYTqDYIsfLkyzr1aW9m2naq.jpg
95213,Room Camp,/qMzDCQ6Au3nlc0KrevYeQHFUzyE.jpg
64049,Fight! Kickers,/n4KLsqSXBLsR72gklIVDem1jvpD.jpg
38848,The Saddle Club,/vq0UMUB1EZLe9dDduC92YpdeymT.jpg
76201,Fugueuse,/kgixUrGLxtRncf4SxP3atD0YVpt.jpg
9551,The Living Planet,/jkmfOTmCFHSnc64LOEtXkNmLzZw.jpg
1098,Witch Hunter Robin,/7fJaKBFdXS9ouUWVUMhp4aoe3rM.jpg
32806,Off the Map,/s25iy6jAQotC5eJY3FbXJYnUwBB.jpg
2470,Room 101,/i8TSBGHq0Qsrmn12oyeh1W4G2Hp.jpg
82032,Player,/6z5GNHh4J0AC1W8TyIwV8Xnby61.jpg
96532,the Road to love,/q9cRILAWLff5A3NGGZ0OAbR1Fo0.jpg
204852,King of Stonks,/5dk2XFOpwG5oEVffAvvCILtW4F2.jpg
83236,An Oriental Odyssey,/8g6DBJM9rkuKUAbrbMggOBgQoM.jpg
12505,Wolf Lake,/41uZS2rBtgCMT53DRSnzvUCgO70.jpg
123818,Deaimon: Recipe for Happiness,/208GQuV0Px9qTMQcrPo1QBb4baG.jpg
82143,Press,/d63xomXlXRLOVoopz746IzhQQQU.jpg
222117,Wolf,/wQB5bOHhzoWhTIR0KlndLUdxHkp.jpg
39604,Injustice,/miXmw5Z7GSu8niv5bo6WM9CgB23.jpg
76498,Drug Lords,/7LDHsDjvnyVSnEP2o9aK5JbyJqc.jpg
96928,The Trial of Christine Keeler,/pXVswAsAuqGA87oTwfSOWhXkqnV.jpg
32803,Celebrity Ghost Stories,/2nQByTYVW27g3XyZNQeStzm1mD4.jpg
852,Michael Palin: Around the World in 80 Days,/3Di8n294xp5I5KtzrQa74LBNyPC.jpg
128567,Don't Say No,/mpxL4Y2X4JQ45wCjVRtLuH8ocY6.jpg
66094,Dice,/tKTVOH9DonnjKzj4UOPYEIilvmI.jpg
46848,Angry Birds Toons,/8lN3RNXtCdFMMb6kbpdrmdsuRr2.jpg
93313,Ghost Nation,/xbyFj3j8SleBYRSlwaXRbynaUsX.jpg
12158,The Girls Next Door,/rBTePNXQGJEJI13BsBBFgog9Uay.jpg
101666,Parliament,/4iy1GGo65751ZjJLIcFZTRbrcKX.jpg
16055,Space,/rEfAdKJqiqlSmQL9WLc1fjvYX9d.jpg
6335,The Planets,/pAkMkV9eWcA4bpNKH2te5Xi6wRB.jpg
67507,The Case of: JonBenét Ramsey,/bKN9WzVYPep5SaYsGsf4XSnNgDH.jpg
59541,The Job Lot,/4GSccRnH6JG5FPKqaH5PjWJZKjc.jpg
99486,Tyler Perry's Young Dylan,/gch0Y3uJTsHhbEgMdmpDx9Wippc.jpg
29574,Mike Hammer,/5Kr6dVI7V0lbroMFLNxUdcd578l.jpg
6193,Extreme Engineering,/y2Ojs6gFwVhJvGA3MsPgVJOYT0U.jpg
68726,SashaTanya,/A5r6O0QhfrhOz0KtVh007N7fblJ.jpg
3357,Law & Order: Trial by Jury,/r8TB8X1UV9moANdBwybuRcjVOYJ.jpg
5339,The Inside,/k9ux77quCeiEchr36OAUuv41zoR.jpg
5398,Cleopatra 2525,/3de4W90463uuCOt6AnDmHt5fEjG.jpg
88850,Terrace House: Tokyo 2019-2020,/3TrGKyXb4AoTikFG8SLyYzqSHVs.jpg
126829,Ray,/xIyV8VjF9ZRnI0w2MFJfSxev3q7.jpg
60563,Mammon,/jj3VF9QvBu58zkLQVYastB1Oyor.jpg
3574,In Search of...,/bJunFmZZ3WiUv0ZIR5tXVXwd6Hu.jpg
46353,Oliver Stone's Untold History of the United States,/fBln8eob2wYQ98GftMBaU69OGgX.jpg
60586,The Penal Battalion,/4AwznJuGfpJiSiIaRjDsqdgkFnm.jpg
65841,Page Turner,/7j6u2v3V8d769D5fO0J4I6SSNWo.jpg
38206,Dragons' Den,/rddb9OJq1Ytu6p1m4eNCDIhfyta.jpg
35092,Lights Out,/mxxollt0l4J7TlVgfO7n7vyDMRp.jpg
155973,The Secret Life of Our Pets,/9mjy3XxZwcQVBtCrh7whVUb4kiU.jpg
86845,Paranormal Caught on Camera,/wymPX91jNHS52v1tPeDggpryyFu.jpg
88227,All the Sins,/nAyAlFVc7GAFYbLxcMaiYsV8uHW.jpg
198090,Class Act,/mOYqoV3mxrm1dr4FZ5liCtVQecM.jpg
123128,Love Like White Jade,/wjZ80sfVNXlJiykeJZ4QIVfErCc.jpg
3752,Fort Boyard,/nFQyP89WGXtsDeD7ShiERRZ0kVy.jpg
88090,Araiya-san! Ore to Aitsu ga Onnayu de!?,/upxgNd7JdqbxUXDuEkgba18iG8F.jpg
46414,Kanokon,/qFsVgxIDZdpGCV8T5knfUW7Wver.jpg
63260,Cooper Barrett's Guide to Surviving Life,/AbNiwiMD1504HHoMfg5bgvdeCpu.jpg
63157,Turbo FAST,/iOrUJaEqMJ4rNxS3GUD5QLUo5Ky.jpg
62487,Harvey Beaks,/8ZyogSmk6UFKz6Cz3VOo93QRuB4.jpg
125527,Twist of Fate,/2Q3k8rzZzzFPLsyTpHDeZ7BVc9I.jpg
41733,"I'm Mita, Your Housekeeper",/186abs0w1P1ZXEOnAuEHbergHdV.jpg
111818,Cryptid,/osC6DLGcup7Uy48DrOrqHVWdQ1y.jpg
4130,The Detectives,/5JWALQsJZs23Tx36K8FGa1mnMfa.jpg
42877,Akagi,/hsXnmIZfp8B8TobylmIbe8wHyDi.jpg
63706,The Last Leg,/u2MNENZmIg1ktAPiqmjrNqm0g4c.jpg
10957,Australian Survivor,/ulldUEaQ3ntInsI7omFYVqd3Zp2.jpg
4939,Ikebukuro West Gate Park,/cw61IB776FMFuj0wkASiSJeX3bW.jpg
7827,The Way We Live Now,/lfPRBOrtKDT9bM70OQ2iSvE0BKH.jpg
9542,Bubblegum Crisis Tokyo 2040,/visWGTzuyinneD8a2tNMSdHTP0y.jpg
6208,Little Bill,/uud37MhZDe2GuQuRIMNuJ1aZQM7.jpg
203344,Pandora: Beneath the Paradise,/1D2dw3zmReQpTeYn5eVuVhkps1K.jpg
78064,The Hunter,/kcdImo0hUTJIdnWswU0xLr1FKPM.jpg
74778,Meet the Romans with Mary Beard,/q0d8SfhpkvgQQ78KbNE1nqXGrof.jpg
28326,Ninja Nonsense,/tBKUGyqiHC5dRwMxVQgqUHkmuJT.jpg
208952,Aftershock: Everest and the Nepal Earthquake,/8ejcagdDQLDBO1C0Mwo5VAfWZ5a.jpg
14124,Paranormal State,/xldEKH1jo8h6L70AIbC9jA5yswK.jpg
60686,Louis Theroux's LA Stories,/15KONbYxX3h1XRXZuOVEFG1DRXy.jpg
232366,Secret Jouju,/9ARSU9RT754bamSD1CD6PnlbToa.jpg
10490,Pound Puppies,/8lJYTZKLmG6P02HaRns9ynMpcV9.jpg
126326,Borat’s American Lockdown & Debunking Borat,/flEQeImhhciXu77EKMnR7LEVswx.jpg
31673,16 and Pregnant,/pNNHlx6ySP9Xyfx7RetkI4hV5x1.jpg
69322,Çilek Kokusu,/bnIFc4MzMe9TukVZWXdiDAeb9wq.jpg
16343,Above Suspicion,/2ms6LrCx3RowpeGg2PWZq0XEY2Y.jpg
35730,Strawberry Marshmallow,/pcb6GPHQGWQNCbL338TOOlnmTrI.jpg
91514,Who Killed Garrett Phillips?,/5514E6S44pF430rs1fpBBhvDV68.jpg
61202,Tokyo ESP,/p8eqfHkrRF1pviqFEyKw3LeLeEA.jpg
9838,Wildfire,/4u5HB5IUw41f3tuts3ri0jdd1t3.jpg
111815,Inside Pixar,/dslzJo3irq62BmYqi4tEaY6vunX.jpg
64323,"Marry Me, or Not?",/zyDJ546YyOe7ihkEajRug2nf04M.jpg
4155,Game On,/g1Pfoog8aMaRqInVgtCtJn7BjWl.jpg
100867,Call Center,/dDfbrxJlsYMtFkdBh01GFZhkOdY.jpg
17017,The Legend of Zorro,/gNxDr0pGaYqc1JllTAPXJTvTZUg.jpg
155437,Reginald the Vampire,/d1fEqGYSvEsJmHgYnRmEiRM87w6.jpg
3956,Who Do You Think You Are?,/v7vzsmEDVDzUgEuiMAMRdyh0abW.jpg
61890,"Hyde, Jekyll, Me",/pSus8FBfnEAGkrVNDkAW4L1qB5Y.jpg
118546,Clone High,/pmxq3egWxTEKNnjOdD5x9FGnDbs.jpg
51157,Prisoners of War,/k4Vlx1PKXdCLuZuLlmteegqeefp.jpg
65899,The Edge and Christian Show That Totally Reeks of Awesomeness,/9L7a0YwTCk0urHBLHR8o2VY0Xez.jpg
68045,Stay with Me,/76qtuHvpqzp30By8Cp16R0t0Mtc.jpg
56355,Hayate the Combat Butler,/kXNV13f4MiJZJ1oQqwsjetqbn2x.jpg
33927,Love It or List It,/itU2jGOa5ZxidqZEsHyKgI95Mvd.jpg
112278,Trial 4,/oODwXKC36RkIbdstNeOFyKm4MOK.jpg
67355,A Girl & Three Sweethearts,/67bmfuVVhUqHvFK0qUk9vuKmCoE.jpg
9890,The Dick Cavett Show,/uDkndfnwbEGeSY4YmZbTRg4U5RQ.jpg
13453,Attack of the Show!,/jmaVEytsCdkJaEjlJUsiKAKn2lb.jpg
125359,Django,/eQ4GRmP0EEkxjwlPbZlVn7HLoZp.jpg
204716,Akiba Maid War,/uSbDmK5y8dWVxngbWSWpmO47EI9.jpg
62504,Black Work,/jOWg5kZJ2z0mMz1NwengsRXrChP.jpg
63315,Cordon,/qMoGWi5kQXynBLwh11AJW68M3OL.jpg
157383,The Golden Spoon,/1fJcOnUsRlpiCSt3J35T1Ga9UHV.jpg
69236,BanG Dream!,/odOfS98nLcWcgz4NaGkTwI8jgq3.jpg
82338,Sick of It,/mJu4Z4KjTIbdHfUr8d6aEzzNjlu.jpg
30072,The Fix,/soXzI7IUQWHvFcG6pXgJX0DuRov.jpg
52387,Bullet in the Face,/xEz8kTez0u8q4R0UEJ8frzDgYL4.jpg
19597,Lucky Luke,/i5b3EXnsKOWQb3P30hZukWNPr6d.jpg
60621,El Principe,/9edkwqws2gstULZDzDMBJEBulkA.jpg
225351,Missing: Dead or Alive?,/pTSzU9gWSsbosFD9nblTIPG4gur.jpg
69450,Edgar Rice Burroughs' Tarzan and Jane,/60IcVtP9l8tDjt9toY6Sfo5jZ25.jpg
70719,Ten Days in the Valley,/JqSaz2JOFi6GzNJU9BpfCTeOuN.jpg
33374,Say Yes to the Dress: Atlanta,/nXWZJhVmqlqTbIEUeae9ttwcsxV.jpg
61559,The Passing Bells,/3i1Gqt8ejEwjXq3pFiD1P8ykgVK.jpg
988,The Rookies,/Aprq6E5NO2GiBwKwjFop7kOGiO1.jpg
83118,"Gordon, Gino and Fred's Road Trip",/wnDIhtrXrzGMfrQt2CzAKZluNVr.jpg
46732,MTV Video Music Awards,/nwcFFwWc0CYKW95ytYQqtC5D3sa.jpg
85935,Midnight Occult Civil Servants,/cFCPAtDwiL3zrysqxGeVH5MsMW0.jpg
98315,The Prince,/7J69DSxg3tvDmO7RJuebPEP9YJk.jpg
91814,Work in Progress,/gnpF1pqAr2WXHr467U8Rlc205IL.jpg
77059,Trauma,/igdmYGPhD9HS9i405NKvuxRJPyl.jpg
68640,Unbreakable Machine-Doll,/hVZEHhtunEvFHUZGyIZChdci6Ul.jpg
1375,A Step Into The Past,/fVhXei9SNu9hnzRBTKNZzvaMb3x.jpg
64489,No Activity,/kJOrMWTA37tzZGHZhWch7SoZTxK.jpg
117889,My Isekai Life: I Gained a Second Character Class and Became the Strongest Sage in the World!,/2frM5EXhvwPLnD0eY7RaGCktPTv.jpg
79640,Hidden Worlds,/tzpdhmCIxrK16fkkCEU8ZDPGW64.jpg
62452,Safe House,/e4a2jpwMzemN3zZSv8JQKhQEyWY.jpg
76114,Radio Romance,/xpiV46aAnD4U5r7IUZYh4NtkcvU.jpg
48846,Çok Güzel Hareketler Bunlar,/tqvyMqzqp8L6CXx2m6JQ6O69EaZ.jpg
107484,Mandy,/khBtuNAkctXOxDToWPDFjyTUGXP.jpg
17562,Rob Dyrdek's Fantasy Factory,/csLgMc2aWK2Z6DYgpmZGls1QRWN.jpg
2280,The Head,/9C2ybAXcndXlrwzRyHkeMvatOTa.jpg
739,Acapulco H.E.A.T.,/xh688GLiHihEqmf2yyBwmgcBOv5.jpg
27117,Ninja Scroll: The Series,/oVAJUtasoSKLFTwEsd51TXo75tK.jpg
124643,Family Law,/amxRi4RUIGuV0qaKiJPJpROruYR.jpg
109374,The Attaché,/c9uHvO70Ev5YShvHYZMUkWSJ8Ow.jpg
6636,Animorphs,/iRySFvDrJOTW1f1WuE5BlVFXEt7.jpg
855,Pole to Pole,/3EaicaMSc7hB8AQREl3pJZy8CGh.jpg
1526,Brookside,/sRf0QnCNCM8wj6MGH8nwxEOj2K4.jpg
78231,Age of the Living Dead,/km8EJO5ZlafMt5AFOOumfP9vMY7.jpg
83217,WWE NXT UK,/wnmbwXmqQCW6iL13eoavhxGhtbJ.jpg
75066,Black Knight,/dONaJyzTAG973ifDGX0StnWMrC4.jpg
91198,The Unsettling,/klQFSpyENmZyb2rkogAvxHKtWwd.jpg
69121,Guyane,/wG2JjoSD1VIrODrIgq3tQF31P3F.jpg
62217,Cherry Season,/3u9RIzHo3jLXeGjLZ2ewxSfqxZI.jpg
68485,BlazBlue Alter Memory,/z7c0u3685hh5ESCTrZZNkATqYm5.jpg
5092,Infinite Challenge,/3ZIPTvMnzI5ThmdGeEYQFxJV5Sg.jpg
623,Profit,/ck9YLbs0LtNwv1eFLpAVHfS759q.jpg
62470,First Dates,/luVPGegg2oxQoMqyx9g82vlwLF7.jpg
83047,M - A City Hunts a Murderer,/mNei188pcYJqWEkRSd5OZhIJWRK.jpg
83612,Ever Night,/q8kBDPvFvEOdCqCC2ZkdPpb7xKo.jpg
961,B. J. and the Bear,/pFYowtsK6oYOZySPnNXf4TlIoBT.jpg
220009,Mariachis,/nmWNGnb2GFbQyW0KcBBGKfT7xMh.jpg
215521,You Are My Makeup Artist,/l3BTdC2BFswgw1wIRAVqiSMXvxb.jpg
11490,The Invisible Man,/ojmrxi3abFeLaCcYWre9EO3la87.jpg
30745,My Kitchen Rules,/jZonhgbOHGWFpzgqaVx8OqztBeO.jpg
11747,The Phil Silvers Show,/r6PVPzI3Crqd7jUmnpxdtSrHwGa.jpg
69168,Candle in the Tomb,/ewy3zhByRpM8fDDK2qu45LexOdJ.jpg
1625,Sue Thomas: F.B.Eye,/cXxTVyj969DEFNrP7Qq5ELkUY2Y.jpg
97317,Detective Chinatown,/2hZMrhQgofYtcKUqNtkmThYcJEF.jpg
66081,The Wonderful Wizard of Oz,/gULxsk1pbbhqal80ghawS2ZZhaY.jpg
62705,Married at First Sight,/cSJrAFkxM97tXrUUmon4YASJAXQ.jpg
11141,Midnight Caller,/oLzg9iPQjRgySGDy1dhDmd1YOi5.jpg
202753,Oh No! Here Comes Trouble,/fJIXw2CcPWMbxgRkw0svYC81oZV.jpg
201710,Lovely Little Farm,/nd05n4FDxU4tPU4HNAd7GPbbuSa.jpg
86835,Fairy Gone,/rTgHQcJW6Coq997kfHatwrzd7Vm.jpg
137391,Summoned to Another World for a Second Time,/fVPf76DIHh8TpUj4BzkO5ZJsDJw.jpg
69407,The Memorandum of Kyoko Okitegami,/Ha2tpmrhgQhruNElxZmFNXLqPk.jpg
13905,12 O'Clock High,/ocq6H8uIitqJQO4qD1odhRYaEbC.jpg
7096,The Last Enemy,/wI8lY5Pprvgg3RPjV1HPANykrFx.jpg
118759,My Heroic Husband,/3yX1VynUjD6Wowo9hYB64BzMJQU.jpg
212512,Mammals,/poSN0H5RWqQBZJxPUGyPY1JqppN.jpg
41731,The King of The Cattle,/l2h5QrRDp9FDTaugXrjo5vJWMCG.jpg
74042,Tucker Carlson Tonight,/8DpGOur6dH43B9JNDpSqUVlbZII.jpg
87890,Party of Five,/3GhdzcEKitGNt3hhsSv3uOecsGf.jpg
19757,Black Panther,/op1gn2mK4ohZfhpKj92KEbwvc9C.jpg
71920,A Life Time Love,/jaMc3ouQmFetMh5l1y23Nq3SWrg.jpg
69329,Pure,/93yWBeueuEpIxDUYldlMjgUn90I.jpg
12152,"This Is America, Charlie Brown",/1q745vkaoHZ9F9zaElmbUK6cwsV.jpg
71985,Le Mans: Racing Is Everything,/alQb62BMk4UkkPWNGugRAmi7roM.jpg
44964,Queen In Hyun's Man,/3561NUqbxh9LNNyFjARtugQ5x2.jpg
44082,First Life,/uiGTOjevSRd8vsszkKGxTCE3mlo.jpg
157014,Our House,/mC4fHlzVMyPi9T9nCKYybKgWRzQ.jpg
1589,Mandrake,/szjVgn1gjiFHNESvISh5j5D4LVG.jpg
203202,Rana Naidu,/4kUF7cO76W4vEx70KVfwmju6Vud.jpg
40444,In Time with You,/b8S3VDUiTJEePr8m5v8qjw1etnj.jpg
11054,The Get Along Gang,/awxnldwwtugtkH25TPuzopKmSst.jpg
62553,Kurt Seyit and Sura,/9lYKjtegF62sdr1UtWnmXBE067z.jpg
420,Whatever Happened to the Likely Lads?,/n9F822PC6D3rpbN89ztZPBDTeWf.jpg
53787,Aria,/5g6Tv4VnmEYgw23N4xw6unPYukX.jpg
67818,A.D. Police Files,/cnoxaByiINVuvb20bR5LmkHgzJX.jpg
11167,The Magilla Gorilla Show,/155bALKa9LVdUlBziy2ennW3fyQ.jpg
33565,Sunes jul,/m91EM7ASw19lxLX4jduMicPSzjH.jpg
32776,Detroit 1-8-7,/6Pr1PiKJadiJld8pB5ZQ4gGCE3m.jpg
197190,42 Days of Darkness,/sO6DNZlNX2IkIJyWZs9e2wYYElc.jpg
11838,Our Friends in the North,/ljcyi0JEOf2hh8PIso18t6bieXa.jpg
357,The Trap Door,/bEFkBpLlzVKDRtbUSe8dPbXQKz.jpg
35993,Ronin Warriors,/cS4MHCOgmFun8X9k2avAd6vvQ37.jpg
84363,Interns,/iDCf965fYVImXnECATe4s2ob5ix.jpg
80309,All About the Washingtons,/bDNEWowpAE8iHl3X8r1qpshSSfp.jpg
54905,Gordon Behind Bars,/npHPfADDLy9duJ2LvgXhg318rGd.jpg
74538,Laakhon Mein Ek,/1cmPvN63JCTIcRGx8SLlftmEXcx.jpg
49530,Dexter: Early Cuts,/zMfOoSAB7q3xclhUEavyv5MR5iU.jpg
71356,Mysteries of the Abandoned,/49P6ieIlzKyfmx2rvT5TkI8Sn1v.jpg
96262,Chimera,/v16Q8DFQeEZ2vxkylS731WHQNLh.jpg
218994,Delete,/wEbf9llYilJuBQ5406Fh7JKenq9.jpg
98632,El Le'ba,/poPlCJGZWLoGTSD1PoMAsWOXsMB.jpg
78101,Camping,/qOHuHzUVTFoGORQVZ3KOndIitIS.jpg
21736,Patlabor: The TV Series,/eVScFCd5lV0LcQFmewGJI6aGT78.jpg
15280,Satisfaction,/fuEsTpkM40vwhynt7XBS56ajP9p.jpg
90746,Better Call Saul Employee Training,/r4XJEZlMpzPOeFtdF58T8gRvOJC.jpg
81141,Eternal Love of Dream,/unL3B9QwIC32lUErNKJYDxTPMK1.jpg
16953,Mad Jack the Pirate,/6Cq9tmamf37gEKiMR1hXeKkOia2.jpg
153269,Astrid & Lilly Save the World,/dgYFcMUOojIeK7jZEjkjK3tOqTe.jpg
35551,Visionaries: Knights of the Magical Light,/5PW1FvjWOFdeRmdXlQpmJZbydBh.jpg
195099,The Invisible Pilot,/5T5FQ6nIssxojVioynA0G103Yer.jpg
36002,A History of Horror,/8fzm3QDrfH0vq3ZJOw8EiAZTIFn.jpg
65746,Goodbye Mr. Black,/piCa4skIIHCKB7JpKH2Twx1G25L.jpg
16870,Comedy Club,/qgltuWLgT7G9xO9xSokKAreI25G.jpg
51502,Hollywood Game Night,/tDsLEeI402QThtGWkWm4NX62FE.jpg
10141,Misfits of Science,/10G3uMONllAwlL4qfvJFDV8Zk5P.jpg
1300,The Avengers: United They Stand,/p2SrnKTQjLRXBCcTZtYkTZCwLpp.jpg
102777,Ancient Love Poetry,/dF4waBOWABTMSZ11IICfs3GwvM3.jpg
8168,Demons,/zdKu9Du8WlSZAuXyDo5TereLDMa.jpg
94112,Secret Bridesmaids' Business,/8JotLuyfPvaOgI9O6Poe4Xm0oCz.jpg
77269,"Marvel Knights: Spider-Woman, Agent of S.W.O.R.D.",/93pxdXPT8RC2pArLU3iQPGyQkAX.jpg
228820,Prank or Tank,/k62CL0rXM1uj3YFbGnGpM9sT1C6.jpg
79168,The Break with Michelle Wolf,/2UFPnQPTxGErBXvuUrP47n83x7J.jpg
38122,Mysteries at the Museum,/iJsBQRZoEehX8biph7XkkFjtoM2.jpg
61740,Maya the Bee,/tBl8YASck7z2PWgCWHXRBuWyvCU.jpg
67858,My Wife's Having an Affair This Week,/lU5ahFaalMxBkT2cVKBgQZG8pSN.jpg
9373,Blackbeard,/jI1jtvc3fksd9D9nxUj1areYhwP.jpg
137430,Mila in the Multiverse,/cZUW5Rf6oJUJXWqeTNVbciLyT7G.jpg
34921,The Wiggles,/e4O9IXM3ZmuDsrEICslrwqCl7MT.jpg
1738,60 Minutes Australia,/cRqVCZPAzaerPv4ysDrXdkyXZ8M.jpg
87208,Critters: A New Binge,/pS4E3DZ01e5vVD0fgsExyDQBW9R.jpg
1890,Roughnecks: Starship Troopers Chronicles,/9nsL5HOXthBIesyPp6j07mtUK8d.jpg
77484,Greyzone,/uDSsJlLYbflgnPgNYWU7XLSRHUP.jpg
68034,Ming Dynasty in 1566,/fxuofjUugGyHpahh1oBo1xSNEw0.jpg
68891,Missing Nine,/2bzbCpDruScU8J8b9jtuiV3QA2K.jpg
42086,The First World War,/uhSaKP54QxE7CZ7vQ0hvHX6mWWq.jpg
46657,Dancing on the Edge,/AdP0aGZOWKy3IFkmgfGVupfOplM.jpg
46412,Utawarerumono,/ckMwBMGxF2tfEB8wfebGWdgcaPm.jpg
67534,She and Her Cat -Everything Flows-,/cCBEORZpoB3Q8jzsNs9nLwxAvlq.jpg
87829,Carlo & Malik,/mOjH1IswbvwF1tXi3FZ9fD9zdEn.jpg
113732,The Night Logan Woke Up,/hgrvVqiZ1ROD78edrq7aqPBThFR.jpg
101396,StarBeam,/ijJruqW5r7YtxUfWHbcV49y8NJ8.jpg
158522,I've Somehow Gotten Stronger When I Improved My Farm-Related Skills.,/8TTveKSNr23SRib4Q4C3yy9dszz.jpg
95925,The Invisible Line,/7uGRPutjPwxGSq3rHDluqrADkXp.jpg
95738,Behind the Attraction,/yYQAzT4G0Y3b2LJAlspBUmk9iEb.jpg
37580,Princess Jellyfish,/qRE7eZgIfem4NBSSugQNO7dCuG5.jpg
85549,Success,/npoqCHxv7yjezVvCuZdrQgBX2dg.jpg
195081,My Life as Inukai-san's Dog.,/l1rMliOKZXpsY9SP6ZgCfSmhaxC.jpg
66943,All or Nothing,/a3VFOFuhHXcXVmvHIUVDA4K8KFo.jpg
46431,Love Thy Neighbor,/e6tG9AQBgBT2mBDxKJVdLbQchdy.jpg
205434,Indian Predator: The Butcher of Delhi,/kC6CSCUQlb1MayCrtBqC1Rt0Ec7.jpg
35046,A French Village,/269o4Ti0R7u54lJOhTWIXjh76T3.jpg
63436,Dark Side of the Moon,/flPnlvzDd1od28RKLUCVzwPEdoU.jpg
136733,Bloody Heart,/cTiempmGquBdYhsd3Yyk1gCmV08.jpg
90492,Dark/Web,/rqDwDcOBwOwSiu5iC37NvTx5B3M.jpg
98772,Followers,/rvlLzHf8GhzJ7YSlClkgg0xGcaY.jpg
61190,Bachelor in Paradise,/7wNqIeb1SBaB6xVhojjERnrzYES.jpg
31892,Gordon's Great Escape,/ppcwsWX2RPghKkJgjYv3AIVciPC.jpg
101400,Spirit Riding Free: Riding Academy,/1P73hdMxOmxeWySMA8RDvmS1dQ4.jpg
1022,Nickelodeon GUTS,/qa9XO8X9t5htchvgR54g3aBUEbW.jpg
31623,Team Umizoomi,/y090DrGOIK5LyrCq3GeA8TZZ4lY.jpg
45254,Nyaruko: Crawling With Love!,/37tfOPuIout9BJbyuJfGIjy6n0n.jpg
1205,A Nero Wolfe Mystery,/VT1DGePeuqweHp13Ce6b3PnTXr.jpg
156822,Swimming with Sharks,/kiBuVgOdEYAx2kApt5FJ4SXiczz.jpg
198189,Runaway,/aCQZIvBvMVrJaSq3t49nf9NbjBO.jpg
100575,Tyler Perry's Ruthless,/qYgAnS5tMXMtckAjaj2xemzol4m.jpg
204777,How To Build a Sex Room,/hMUdxFWsBFyHeoF5zBOwv1bUltB.jpg
158293,Shinobi no Ittoki,/iQGkG7D9SPICKLDzLmbuMR73FH2.jpg
46898,Mayday,/dVuBnErc7hJPjwApTVq3UawldOj.jpg
45277,Nakaimo: My Little Sister Is Among Them!,/y7U5YwTl88pUb5lr9xecPfPIc1S.jpg
22940,SCTV Network 90,/k7hUQypzN8zHCPeF76eWFD4qRCx.jpg
69490,The Sea-Wolf,/tSrBO9HhzfKDbTQtFchsAtq3U5D.jpg
231380,6ixtynin9 the Series,/3k4J5hO9Z3w60F8ZEQvdnS7DEbh.jpg
225660,Pira-Pirasong Paraiso,/gELcO56G9EsUj6LSjaDq8VvI8De.jpg
119374,Le indagini di Lolita Lobosco,/pVhzkegwD88xtpCojN4YBjF1YbJ.jpg
131808,Luna Park,/fGABVcpMTfnvjZQ2s50DvTrCqxQ.jpg
34132,Princess Tutu,/lXPCfdHq3GQxLqTBIQ9QtRZSftS.jpg
129063,Danger Zone,/aBIvHDQ9444vbSNW1SrdeHSWA7N.jpg
116175,We Best Love,/Atz1RicPQube2aTsx9SblYoG7aM.jpg
1023,Blackpool,/nTfqEIqtMbehNWXliWXmu4Ki1E1.jpg
216234,Paris Police 1905,/6EPIQ9DpGEkS9ML2Jn9Ap8UmxSP.jpg
83072,Gintama 2: The Exceedingly Strange Gintama-chan,/2TI2ikRMuinLNW5QWUf9C9T8kSB.jpg
42763,Project Runway All Stars,/cguWV6DO63Be4xJvQBR0hW023F5.jpg
126698,You Are My Spring,/elwXwSRBJHxLqOtSYFztytB7vj.jpg
75765,Bad Guys: Vile City,/fMMamrvPNUYCRjaGFnFvJWZAiUF.jpg
34284,The Only Way Is Essex,/71rik6FBbM6THkt2YKBzpxXskC0.jpg
1320,The Norm Show,/eLZOKtpOIgZnIcEVtQKSDTUuwP0.jpg
156868,Our Only Chance,/axcClmqyXbRDXzt1rTWP6Kt7nQT.jpg
64203,MasterChef Brasil,/tdhpC9YY3MEl3jdWlmIxGudALWD.jpg
67654,Mary + Jane,/fL5xjxdL3xdROpSJ8VYKU504evx.jpg
154891,Woori The Virgin,/vYbah2lzD3kVqk9dTLPOF2GlZXa.jpg
35006,Bill & Ted's Excellent Adventures,/oN9qQv593rlN9qpRNF2sATtyOFg.jpg
64365,DC Super Hero Girls,/6BIHNmQHktFWkprlKPv7Q5h7Nb7.jpg
33168,Fact or Faked: Paranormal Files,/lYNYf4rMcWhu7v2O6qdnaOkhLYN.jpg
94661,Mighty Little Bheem: Diwali,/4FI7HOfpKe5bxsKTOT8p3APiOyI.jpg
64367,The Art of More,/pI4ozkOD08Xpwk4WqyRqwcDoHTt.jpg
2082,ChuckleVision,/8IqVujMx8DuATY0ELRZA3cEfXaY.jpg
1990,Ramayan,/gIOtRVKHHyPtyGPsLLhzhSYG1QF.jpg
204358,Strange Planet,/zM1UUFXEhlc417nshpi3GyG9TzA.jpg
33289,Grandma's House,/51OKk4HqEdDL7ouygXCyIQEsVqi.jpg
67504,Sleepeeer Hit!,/YP6HPqWi8q1S0UyqExzb9f7hfx.jpg
68518,My Father's Murderers,/aJKjdu0MuUUctLUGPqZtzbCYaWn.jpg
3501,The Goodies,/4Xf0sFFDBkrwtZj3xnXL4PUqVbN.jpg
98410,1000-lb Sisters,/8aWKTieKWYebP10W84lj5kzFjjs.jpg
94405,"Wave, Listen to Me!",/g2wTROLPbCCX1ekBItjTmotfpYy.jpg
10158,The World's Greatest Super Friends,/arfqzHgDJsGpd5SSnGo8uBKFV8d.jpg
102376,Multifaceted,/20H3Owszst4bvAOpLBdtVVScv8i.jpg
90181,Class of Lies,/j57pZCKyaXRParhXE18hDGJRfbA.jpg
97267,Alice,/8P625mp9icBj9gVshRCchuQ8Hzw.jpg
879,All My Children,/4zYDW6wunTm5gm8vo4dfhpvkT0w.jpg
45046,Do No Harm,/aHXUJU81QEThgz7LMNvT9UnZ2cT.jpg
7448,A Favorita,/19aeBWMyI8nZczAAbcF1oMUZLMk.jpg
60698,Comedy Nights with Kapil,/9rScFaEadiT3r46LuT9wWOkh3fo.jpg
67274,Drinking Solo,/gvg0rVqAunvKa5kepicwRTuzBDp.jpg
26683,Ninja Warrior,/mIKUsb4Xj2ykUgptYGPpyiptry6.jpg
272,Korgoth of Barbaria,/lch9Qu3HD5CBx9VoUvRgRJ04mFE.jpg
67656,Bananya,/nkHA9QgrHLh3vEq4WL5itDZAiCt.jpg
116912,Heaven and Hell: Soul Exchange,/3e6vf00ClppWIToMXL1Thx1N7K1.jpg
117946,The Drowning,/7jdOyS9OXbtobEYDl8Z4V4iWaH3.jpg
82619,X.X.X: Uncensored,/cufcKjv41k4sRJotdxwwHMDl70L.jpg
10390,My Super Sweet 16,/cPluoOPMIGJz1E5JUfMVlmQDaDh.jpg
70636,Clockwork Planet,/ztrVDB4G7L0zq9Geeh7FLPFWMwO.jpg
102395,Grant,/dxRQTh6BE3rWqKPtqcx82G4RGOj.jpg
31706,Gun x Sword,/rHTw06fSEBXFOXSILep4KIKEY9a.jpg
54244,Heartless City,/xYdaEPynl8FXq2jBH6qlOsP3aDn.jpg
69949,Our Little Village,/dR3Op6l0SyBb6XthoOZGmzbus0S.jpg
115312,The Honor at Magic High School,/zXN3jur7j2R6zw9ed3jm0rqYtzu.jpg
220030,Bill Russell: Legend,/nNQs0sJOZfJoKCOi2HsgcdUHcar.jpg
6390,Escape to the Country,/ykSfW3rU7Th0VvrgB85nHvQZCAN.jpg
10762,Skippy de boskangoeroe,/ZJzIV0pOiFvt3Fji50vceNHizB.jpg
89964,Pornographer,/8pGq8372l6gokMu0QDpMIpgnbU2.jpg
114898,Still 2gether,/4aZ2P5crezp0Kl4E4VUJQRO362T.jpg
87447,Case File N° 221: Kabukicho,/a3IN3jazd0GtDjSPuPuf9WTqR56.jpg
71866,Paula,/k6M7Rpkzfw3OU9j0MDJvmTfrDAK.jpg
71748,Queen For Seven Days,/S4RzpajATNmKbI76IDDUJNJdsH.jpg
204667,Save Our Squad with David Beckham,/2o7DjmsuO0zQD2b5T9otj1YO8TT.jpg
205166,Glamorous,/3ERKin2VLIbhZp0vuepdmen8uCG.jpg
113457,Mismatched,/kSAckGd9Lg1ikXA48OAIkoii4x3.jpg
103310,Novoland: Pearl Eclipse,/tJ0vndu5q7S2MDSYsEJFRWO4JMb.jpg
203282,Mind Over Murder,/qDhVWwcRCXSFJuIOfLyvj1buTzY.jpg
67553,Sky Wizards Academy,/1fBWnFW5qXEMX6Fs7lyjAdcghV0.jpg
114893,Paava Kadhaigal,/bBoNiWcVrAXHh5TJOHA5F4LMD8o.jpg
104,The Legend of the Condor Heroes,/aB1u7Y51cjpZrWtBqa0BefAAPcN.jpg
85956,Trigger Warning with Killer Mike,/3s6X2fjKnf8wgbGckWDdoY7jwvb.jpg
1734,Dante's Cove,/KtTEB48xXCaah50sja2Xw5Hdkk.jpg
209390,The Brave Ones,/gtJVqPfax61940ak6k94F3D6Klh.jpg
111841,Dime Quién Soy: Mistress of War,/z4jEmxcam9qLLgFdMPkIlTzInOp.jpg
65656,The Lava Field,/4kay5i8SUb8rtvQ69jNnV0Lltpz.jpg
62317,Botched,/sBeKZ9kPCWbjX6zfVdHgeVFZDcw.jpg
23936,The Wonderful World of Disney,/liQIvgYvnNwqjV6MvnFzvlXJNL2.jpg
1103,Elizabeth R,/xTyItdnWjurKvzu8ytbUF1Z8O1G.jpg
65679,Shahrzad,/3GjrxoDL7SOJyCV1gO3Zqp7SYfm.jpg
12479,Pink Panther and Sons,/4B2WKgIY1uNov3zLAgSeNIk5G0W.jpg
60566,Ambassadors,/39Qf3G9gnTHz6Bmi8CKxV2uj378.jpg
98039,Handsome Siblings,/s8rPZg0uEirxB3OrXk6yK0sUG8W.jpg
121750,Mars Ravelo's Darna,/CFOce6pbb3FRNaBaVdvNsCv5kR.jpg
78749,Transit Girls,/qmQqRCHIdlQvnbFG3xh4OnkznVJ.jpg
137903,Dig Deeper: The Disappearance of Birgit Meier,/jUjfNRuPbCTbHAYNeTmWc475P9D.jpg
76581,Aggressive Retsuko,/bOGx0ySGwkRrwYetoIScvB90RxQ.jpg
4683,"Good Morning, Miss Bliss",/4iXfRWIhb11hPPQ88fvfxyLVZbD.jpg
86598,The Case Against Adnan Syed,/9ofrnp1aml6uRH9Jsx58aSHITug.jpg
218268,Up Here,/tcjKq7l6XDd7KYwxOVKm5nWwlUV.jpg
214540,Dead Mount Death Play,/A0LU3VAfThzd3CYWvZpOUcXzaPx.jpg
29009,Who Do You Think You Are?,/h7h3HstYuH9IQIgL7VrNLYTeI3H.jpg
3068,The Golden Palace,/ej1EQd50VZKvzoXzOsXR21D2u02.jpg
6460,The Busy World of Richard Scarry,/eusoONNTGM8Bi5By7zLNDvWJdG3.jpg
25722,Kodocha,/73UnEMJUxbG9zSIftY6HVJC6udS.jpg
66919,World Break: Aria of Curse for a Holy Swordsman,/e083Kkp9cC3no0Zc17gQVKBFqLu.jpg
4508,The Zeta Project,/pv3PAeb6H5OUUQradMTbK31JCn8.jpg
527,Joanie Loves Chachi,/kPJGFJJ6ID3vPo77nXJeZr33y9Y.jpg
94931,Imma Tataranni,/lb7zGdwtz0ECdgRRZewDj3hgbEx.jpg
88366,Lunatics,/b1XdwJT0oB13MnJWaoailWuvB3Q.jpg
4539,Kingpin,/gTIeheTQTnCfkqFA16Qhvagv7Qc.jpg
101046,Making the Cut,/mVd46hT4hyPPsD0XUzGYqkJCf76.jpg
32090,Geniş Aile,/49LwfpVhAeaVdyce5kZPuznatrj.jpg
16413,Yeh Rishta Kya Kehlata Hai,/g6DQP5G2ivVgYpIvNaRJFcqCC8c.jpg
1676,The Young Riders,/v1jwfL6vVh5XgD2BgRNQvr6S7p6.jpg
30715,The West,/3QyHP8J67jc54QBC2PiozI3HrHH.jpg
4832,Superstorm,/qHU51HpvTeoQKWi2ZqzuAtWT4cp.jpg
63910,D-Day,/tkbl4I90Fqeutu5vprcC3fu32BI.jpg
72819,The Demi-Gods and Semi-Devils,/w1zxTgTfIa9GKVnXygHRmpqbBnK.jpg
3480,"You Rang, M'Lord?",/qjRTXFlicxz6z1MHhMdb340sZ2c.jpg
78704,Bobby Kennedy for President,/hHp8igpFvtoIPHslSoJJyYUzXaU.jpg
202296,East New York,/vOos5pwq3tzPCwFohG80i2SXAgR.jpg
64518,Gåsmamman,/dLR2xbsdEvPhxgjdrFReBQNSpIX.jpg
86640,Possessed,/zEoX8FfgkQKHMybmxlJ8Vv5huWC.jpg
4650,Dragon Hunters,/zIjUPw2XbNPmFbuhhvyF5RCFbJd.jpg
78795,Kantaro: The Sweet Tooth Salaryman,/4zJKJ2VydZl0AbJ9oCAegeoe9UQ.jpg
116609,Kenan,/6aQRh17CO64vLMYpGw7nXO2l7MA.jpg
112119,Kairos,/cnThovHCzJ2YoKrZ0oBBZfkd26j.jpg
75050,Sıfır Bir,/tXy9VWKWC49YFvgEusLFhSMl7sy.jpg
111,7 vidas,/sYNk7nES9qUIXXICXILo3MOU4qt.jpg
209751,Payback,/gYMPoSUPI0MQPMKUFPVa32aXxPb.jpg
1630,Dirty Sanchez,/q6WNE6DAOE34i29fFDvgQ95kbBO.jpg
65564,Bunnicula,/zpL2TN3GsvwiA0XJjpaJSwdV5Wo.jpg
98272,Baghdad Central,/5GvX1hb0nPF1bLfJC9ZN99Gl2pq.jpg
54653,Siberia,/xC89MsXewbmecgZLa1ZCKWskBK2.jpg
40302,The Jonathan Ross Show,/kVdXrrqVlNdqdzmQcnc3yeYqUkH.jpg
61777,Spin,/lBtORP6UHMVAOcR9G3Rbp1tjyDa.jpg
84869,Mysteria Friends,/nmiwfWF2Vc5ALcibb7G09VIBe8d.jpg
13793,The Chronicles of Narnia,/kLU9GngSYm19OljbqbLq6X3PQmV.jpg
6536,The Basil Brush Show,/cd2acqVtE2e7fimoFMLKHmDcFr0.jpg
116724,The aquatope on white sand,/86dxo38ksU7hnCpbfYgIJ3jA6kJ.jpg
74182,Love is Like a Cocktail,/jZ9NgE7kClT16yjLF6pSx2PO8Pb.jpg
30704,The Forgotten,/beZJ5QIUkWAjhCb2O8kEc51eF5O.jpg
218804,African Queens: Njinga,/261fvNbRB78p14bAERDqOrFtZ8J.jpg
12306,Tropical Heat,/dZN80nJjFoNjzt1Z7i04tQrWBa1.jpg
47093,Rough Riders,/xhxKLz1j5BczwkuIJrqEvNtYiY4.jpg
100077,Otherside Picnic,/kIfswEV2y1zqscebe9oBVKPKjw6.jpg
220150,Pokémon Horizons: The Series,/mrnSYkqY2sPkf5XOQTMHcdCTLyI.jpg
77134,First Team: Juventus,/asq4TGwhGvnBri8vpX55CXFlYBJ.jpg
128591,Our Kind of People,/qhXFRWEn8u24eYwujk9PfLLB7uS.jpg
1012,That Peter Kay Thing,/90HCiW3dyrWa8QttqAlM5bXnVjz.jpg
64505,Capital,/8cTY7TOT7GauA8zEANk9C7kZPko.jpg
13777,The Net,/jGanyuPSFjIQVfKg60S1dHqq8eW.jpg
77548,Suits,/2SCfjIeGbdYWDV6zVyUqiyDL3Mk.jpg
69288,Kemono Friends,/2TQq8uiRob7nboF7UBVKBach88N.jpg
206324,Chillin' in My 30s After Getting Fired From the Demon King's Army,/wt3y5uru1yaHRHl8KUZ68HqcaMv.jpg
78107,Raven,/aUUcGQY7MPYXtbrmSDzSmRXOmVp.jpg
84534,Death and Nightingales,/mZ2uK5oe5AEmCbNplUmX76pWWg6.jpg
132306,Ridley,/gdvihv6BhxYDWquoQbZctlVSBwS.jpg
5246,Godzilla,/p24jIrJOOr3r4JcrLp6UqvkbpUG.jpg
25117,Tomorrow's Joe,/b7xpXIT5imM3G92Asshnobt8VNi.jpg
109377,George & Tammy,/byer2whf1IaMlXYrmzTbaJMCitu.jpg
2428,Taggart,/3PbPPSHjaiZ2jxFUSvbd8clmfaB.jpg
70718,Himegoto,/cfNgyiz8bX6GxpiH9rP66h5n2Gp.jpg
45890,The Brave 'Yoshihiko',/lhsJzNmXlktaOVsdTAQDQhGt5ob.jpg
13783,Vanity Fair,/55koDFLAS25RufmG3mEKJq7HpvB.jpg
61160,The Lottery,/x9r8P0snC9FmdpkuwUYMFznmBYk.jpg
8082,Meteor Garden,/h7rX9nrKghkAiEKmofStlGKkTki.jpg
98522,Inés of My Soul,/q3lUWZSxNo7TWNxHwqHs0PQTkGA.jpg
223589,Running for my Truth: Alex Schwazer,/lf58RoEn39TNKQdJJbwiNoeRrwJ.jpg
137899,Where Is Marta?,/4gpbQ1rWzAjOd5drFImfTgB4Ovl.jpg
70943,Onihei,/4ZAvfpUzxhFheutfxEUjQxt0QmA.jpg
11667,Petrocelli,/4YffWt26OAnYG7aeB1O1Z1QeXBb.jpg
62497,Just Be Happy,/hFhyIxBPgEz80loY8cuIvP9RN8a.jpg
66387,Beautiful Mind,/wD3VFcL3B2eSjG6VEzK9OTyW9HO.jpg
80604,Liza on Demand,/8MlSuBsIQBau74cWQFD7tqCOox9.jpg
61407,Denki-gai,/yDQBCRXijW1AEwKw1mAViIMUI2n.jpg
11821,The Abbott and Costello Show,/vorrWqNL7alMqScKhrNLdZZcMOt.jpg
95066,Chocolate,/ugLwOOv9k6NG0XL2IX06RiqW9yt.jpg
5024,VeggieTales,/mVozArOpfessXDPMwA3Q7pBsPmH.jpg
15185,Gotham Girls,/nx5288muDMdOM5fNHEovKYEnDCo.jpg
72796,Line of Separation,/fr07T8AawmU9HwxfbJX6Gvzn8Uv.jpg
13189,Chelsea Lately,/h7kmKQKGoFv2GgDWpybqB8Zb29.jpg
81188,Valley of the Boom,/ivKrYuFI4r9yOBqvuYJpPX3Bws2.jpg
1039,"Trapper John, M.D.",/rUqIscf4OwAs061JVDh3wdNRye9.jpg
70910,Youn's Kitchen,/dzIILAFte1NGrrEDxkDViqK2c4h.jpg
62703,Old Money,/1hZLTIuLqsjPFwnYSoHVaWmxqP1.jpg
18604,Three Kingdoms,/nx8r4hBNddMT0cTYbvAV4ttrE2v.jpg
1814,Smith,/lNfUhVQ4NCsILxGUAlnjPNJoLTh.jpg
68642,Yurikuma Arashi,/5iR56K02oa9RDZZaDmwnNasewsS.jpg
121459,Greek Salad,/jYWqzYQIl4aGuDOciSp8g2H3eWF.jpg
222288,No Escape,/AsIDKFpBeTjuZpKjHNki6JgV0s4.jpg
62047,Arthur & George,/j9GdKg0ctuD7hlk59U2men8wPs7.jpg
224773,The Actress,/whJkC6iQP51Af38zpz3a3nT4zvU.jpg
96676,Queen Sono,/zCq56uFGe16RrrEl9D9lKjzdAnE.jpg
3213,"Marcus Welby, M.D.",/areZG2JxZUYjCs2oDpkf2TW1ziX.jpg
79082,A Different View,/7rn7Ljaj3oMPpKvRKlSfmHwd91K.jpg
68410,White Nights,/zvC6cvRuvGI8oWHkVaE3JwE9prR.jpg
133255,Wolfe,/effKtgc1SYOeK9L7ebE0wx1LyfT.jpg
136069,Angela Black,/dJy3tQLVZWo7sfDj90HKKLfgy16.jpg
13253,Traffik,/6hS25nGr7fNCkNf2rqr6FiVk6mo.jpg
106782,Those Snow White Notes,/c5TXVs0BRGy7smjMHiqUnttiktw.jpg
32125,Burnistoun,/3k1aC1GhcgH1T8NHB2kIXvSDKC2.jpg
135154,If You Wish Upon Me,/oqQ90A1WZxyy7nQDtGXQSA1xlaa.jpg
62929,The Interceptor,/yYaGl8oHjSs6EDcAegsezk5j0QP.jpg
14769,Xavier: Renegade Angel,/baPYs8bAJxJbVshqDng20UUxpQG.jpg
71907,Alice in Borderland,/lPWujB4L91e7yQ4XrviAZ886HlR.jpg
92139,Perfect Harmony,/mhs4Wx9KKNK92bGcACGVzK5nd3z.jpg
31418,Curse by the Sea,/3idQ09RG8ZVxntG3p4yWG74sGqr.jpg
62982,The Book of Negroes,/vDb8HvQyS3zSigUR1Spmt02IeQd.jpg
112860,The Houseboat,/iSDksiuqY2qHLxhE9NVpEATJpZl.jpg
72642,Invasion,/rPZawR5pJXFtE8EAJfyR0k4FbW.jpg
69871,Case,/uB3TxgdR73BECuqFobwuYZnXgGD.jpg
92204,Spirit Riding Free: Pony Tales,/lsk3FCjcLW9Jekzprn4W9aCFud9.jpg
17915,One Thousand and One Nights,/nRdTWjflcTN3k0I06OAJgWrL20Q.jpg
42855,Rumbling Hearts,/66jZ55jSMIiBPO7t1U7nwRc03hC.jpg
122486,Birdgirl,/vL4O0WQG4P4O8MpbmIRrVUFNMGC.jpg
13908,The Rat Patrol,/wHJQ7QpmcqY0x6kGdlAwoJToUmo.jpg
66819,Day 5,/5ryWurYwkk3I6c3cD1asbhb8O53.jpg
88931,No One Saw a Thing,/edk3d3LqLcLYMdWxGLqMgy2HBPS.jpg
29904,Redwall,/vLXvgV2bpqPuva4k0jCSJ4kidRZ.jpg
66515,Brothers,/uX5ldo2snjJuZ8P9AxOharboxJn.jpg
225152,Barracuda Queens,/gnlWpchunjLzgFXt2KVJZT4Jonf.jpg
61448,Suspects,/yak88sPje9rEc8pHHE8dGIjg19f.jpg
57780,LEGO Legends of Chima,/rn1Bnam0yBolJPMhR4VJAeCxM0Y.jpg
86328,Don't Hug Me I'm Scared,/g7Yixnyo1Hy3No8hTx1yC4lSFh0.jpg
64751,Black Ink Crew Chicago,/afKCDnjYzr8rkVzhrTq3bpMwRLo.jpg
78375,Lost Song,/jRdgOMB3FxTYfP7CVJzYc4kg8eN.jpg
1802,America's Most Wanted,/7ICJgQPSkf7ppVBD15teVuEL9iD.jpg
114511,The Promise,/40h7guJ78WnNWsGcEZaFyXQEWW6.jpg
88947,68 Whiskey,/yOE0zc63XtGb75UTHbK90KpD2b5.jpg
4061,The Power of Myth,/xRGMy08E90e4WjZRLizNtevda42.jpg
61519,Home Grown,/fItKuuMcgO5iD7L00Srzgqq6kXv.jpg
2197,Jam,/pK7HuWgy7HpIyyMXj9CksDIIuWn.jpg
9285,Civilisation,/5tpcQbnIiWQSSdnJgA5RVfE3Qr3.jpg
62180,The Comedians,/mf4fRyKmGLxjeJIQIXaRGxjULQo.jpg
199918,The Kids in the Hall,/cy5WLoE5QvyWAqOpaAytq70Xyvp.jpg
99125,Renegaded Archangel,/5pENOolBDpGtGI9MqIIiFj2Dtwt.jpg
83019,"My Sister, My Writer",/GjPwaeQ7vnABC69OQPJPcZ27F2.jpg
169590,The Last Bus,/tv1jyfYC0ZClQod9v6IbhwP6ak.jpg
42870,Bludgeoning Angel Dokuro-chan,/hJOKiT6BCfmiP1qpnJj0oy3b3lD.jpg
32362,Hoarding: Buried Alive,/6QuVe4SNejDb6aJbNWjPeG1znCI.jpg
15030,Secrets of the Dead,/qZlAzzAJ4ECvYTaYaww0Jh4vP1m.jpg
89499,Filthy Rich,/sCvtGcBuB6iHOOJ9BKfxS80Lyy9.jpg
138108,Hidden Assets,/p3NIjKPD8sJiy3Q7zQJchobrpYX.jpg
3316,In Sickness and in Health,/9akKTcT5K1O7FGQbZVvB0Ni1Pal.jpg
7191,Dream of the Red Chamber,/eXLZQboX7jVt51l8Llmwa3lbmNw.jpg
73078,Martial Universe,/dpzNbL0PntJprEtO4uKQq8hJmcb.jpg
84000,The Hunters,/58p1lHpSE6D4HMi6ok8Sn3HQanC.jpg
209649,Am I Actually the Strongest?,/og42meOPOiq37wUSfQV0lqb1U0Q.jpg
13210,Messiah,/iPUUeDTrCj2RF0z5prSPjKkBLi6.jpg
9769,Vega$,/ugJjhw47YoltHOHMjweRJV7TzjN.jpg
213803,The Secret of the Greco Family,/2ppZZoTORmHhvcWYp9UvdSXtrVL.jpg
1340,Banacek,/6lJ7GqQ4ebGTjzkG25AZIkuS1BH.jpg
95718,Grand Maison Tokyo,/2BkkqUop7NM4BfStDi67VHjl21R.jpg
14210,Police Call 110,/6ZZadTzWhvC6msfEm5G4F4IFgBY.jpg
12501,Kaleido Star,/5anP8cMAckVKe7EcuM7oVSFmCGc.jpg
157485,Turma da Mônica: A Série,/7lux4yKOkXZo8dXrsFyAky1tA8x.jpg
462,Most Haunted,/x5GYZMx8QM5y5ca6EdUIsCpyRJm.jpg
69692,Ouro Verde,/2hJN6OVo8FL0C9mXl3DJ3uM96Sj.jpg
201363,My Unique Skill Makes Me OP Even at Level 1,/cIrptxkpf3SNcPty3JaywvWRJ5w.jpg
71888,Growing Up Hip Hop: Atlanta,/tZA7FGe5NK4aaIIkYH9gtOmCKcM.jpg
62152,My Sunshine,/4aFhRiUe855SBdFhapvjk58UAOo.jpg
81133,Story of Yanxi Palace,/k6eVxXSsyK6ukKzdgn9eNCAiLJ0.jpg
121017,Irina: The Vampire Cosmonaut,/a5SstgQQ9XmIRrYR0HL95sPpGAQ.jpg
157717,"Young, Famous & African",/vjyi7REjtUY5OCIFf7peJ8mZ7HI.jpg
13268,Life on Seacrow Island,/17TcVEirTld1FQpfB6QzAV2EVXX.jpg
31959,Demi-Gods and Semi-Devils,/6YfpQ8iZFtttkzCVugQpNETFlNt.jpg
86127,Vote for Juan,/e1XCwUFEJWhKBw1gyj4CaA27jtO.jpg
67564,RuPaul's Drag Race All Stars: Untucked!,/62lGCIOubNiEQV94vuKETeF1IA7.jpg
223249,100 Years of Warner Bros.,/wHDsqOf8xBvDRUVpEtSZ27GfMwS.jpg
73071,21 Thunder,/3uzYvXvOwGoW2hdsvYm46Z2NbmI.jpg
21145,Natural World,/lM2O6k77POzauRNR6iAcOFZKwqY.jpg
61510,Cristela,/qmvHnL6TP5XoUJB9pUDMaz95tOz.jpg
74887,Money Flower,/8Ep2HCbLX7wm1zGt9LJO5rFrNqk.jpg
39299,Allen Gregory,/jDDAUkgsGOM2ZubRsP03LBSRy3y.jpg
196572,The Secret House,/wNN9hJDV45BF2PiJQQVwBCiqLIl.jpg
47711,I Named Her Feriha,/asSZjCDwf5kEA4VpWb6LJSvbiSS.jpg
93748,Rutherford Falls,/qAIyLeCD4rs1orIccurWTWeTQbh.jpg
98887,All or Nothing: Brazil National Team,/git59xe4wiAzdPoBWhL778coeUu.jpg
16069,Tokyo Love Story,/nRoJ4Dw2uqbKP4HqhKEd5GP9vHS.jpg
71708,Ren & Stimpy Adult Party Cartoon,/qrN7lxrxJaQDAhLLDUj16u5Hd5O.jpg
4377,Highlander: The Raven,/8XEWEJudkpfOZKS1YFQ56ZYmjMb.jpg
39837,Eight Hours Don’t Make a Day,/huzN17LhXWL49myIb6nB1Iso2N4.jpg
59097,Highway Thru Hell,/45mrc5BtsFUrU5DjCb5DQNGGwTV.jpg
90966,Gullak,/arn3mvRYSrEqO7vaKbH8QxM8EEK.jpg
65919,Tomorrow When the War Began,/pr01jMldN0wpkrUtwIyUqPfRVDz.jpg
68735,Ice,/lLmHKFEWnbzIVHay54VLF8FwiJM.jpg
196103,The Miracle of Teddy Bear,/50pmQwzWN3vW1Jn3h3zcyvpcAtM.jpg
209275,May I Help You?,/pOOxTbTt30wOZR5EYyd6o2vwGo6.jpg
128251,Too Hot to Handle: Brazil,/hd2MbR2JVXmnfQvmuN5mf1SxZiO.jpg
61841,Marriage Boot Camp: Reality Stars,/s16jQQ8OvrLtG66J9Cs21x4y89T.jpg
84107,The Last Empress,/kWJw89ce4gxGREKxaFSiQmETWQN.jpg
82859,Hinomaru Sumo,/isIjEf54wvdAHNvFINN1osQ2w7Q.jpg
4929,The Great Grape Ape Show,/l7khLLaMOiODOtz5fRpKRC30k6K.jpg
74785,Two Cops,/eOxQhCu8tSXDhbfkTlny3dgLjnA.jpg
101699,Prop Culture,/43wuBG4B1HGB4B8Z9MnVNiLwawR.jpg
128002,Light on Me,/cDaMMSuaTrD5hrbbHvwyD2CPY4Z.jpg
46002,Missing You,/zCmdt4JeD0ss2ttc1ci1XAMnYpv.jpg
39148,Made in Chelsea,/99xPXLPqKHcNRYq3fCU7GkHQyQI.jpg
68597,Martha & Snoop's Potluck Dinner Party,/zKahWiEtLRKC4lxeVPyPkNaTirO.jpg
114211,Gintama: The Semi-Final,/o32TJ5jKsZxCsTxmz7T0Kf12wik.jpg
70823,Mickey and the Roadster Racers,/5QLBEWtzbvyQuIB3TLXQmUUtTyl.jpg
43717,Cracked,/2IBYX1WwSRpp38X4YD7HOJH5v8P.jpg
61380,Glue,/owN5YYNdTAMJsCUEA4JhDRLF4pD.jpg
126100,Guilty Party,/6DJgFMGa4VA6fVZVQ4FWNKmpagp.jpg
4284,H.R. Pufnstuf,/6C8gOxW1xzBFiYOZCtxptN3icqZ.jpg
32388,Ben & Holly's Little Kingdom,/iJfBAzPNojxE3LTcUhrev7TR0eH.jpg
3349,Cold Lazarus,/hVbjzNDirX5Nn2to4aV4kfzgP5p.jpg
4733,Food Network Star,/5eUfbRsi8nPVbxRFPWKfuOW4zyv.jpg
231681,Thursday's Widows,/jkjLkKaDAeoF383eDC9gPxEpn4p.jpg
74415,Grizzy & the Lemmings,/vpzSerTbEIspXUndYM7MGhhX7dm.jpg
103960,Richard Osman's House of Games,/g1D2iBtf39IdPGBNB6Nsy6oJRXr.jpg
75486,Freedom Fighters: The Ray,/45sUIqQEt0XGNVMyQ9hxcdLjaq5.jpg
59086,Some Girls,/rVNMVGKaX0WFQzk4AbthB2f9myu.jpg
61373,No Limit,/6PURJiQk1ZJ7EoS342CMvIS2uWp.jpg
64448,Madame Antoine: The Love Therapist,/2KPy2xw73qllYQHszlIIKmfjSra.jpg
46866,Sarah & Duck,/u4SwnXjUFDiyRPPBc4st9TGQefm.jpg
19105,Alan Carr: Chatty Man,/8GLTQ9uNBr4PwG9ghqhfKdnLKEO.jpg
237554,Los Billis,/a6qep5xwzSsMYrXNvEvhhMZk0ro.jpg
158233,The Andy Warhol Diaries,/ls3Ek39IKSiAYJES1CZHPj90TEZ.jpg
203554,Tiny Beautiful Things,/djULGvJpPutOiMlqWgOpzMAo4au.jpg
103635,The Romance of Tiger and Rose,/mCsidkxf6ji8e71T07dYff3FjCF.jpg
20531,Magnos The Robot,/y4oOSfy0TMyPq1PuDqIgA9Ow8f9.jpg
95837,The Test,/mIDaHnJPeMGKDSR76L73BURLOv7.jpg
136397,The Long Call,/aq7akjOvNnQOX0Wtdq28vxlmPJ4.jpg
153877,The Kidney,/3nP373Gxl2ggzxMoe3RnrHukvSh.jpg
154390,Rules of the Game,/6Pm7oywq9aUVKGS6NYutuyPJeGN.jpg
49482,Love and Punishment,/9bGPgAlTFdnXqahcm9NSTcKkuNg.jpg
5618,Escrava Isaura,/twvPDqQXaS1F04DLnUWJTczwau1.jpg
40520,Loiter Squad,/FFfCw6861Fy3LcrmbqkSLBymXO.jpg
60672,"Recently, My Sister is Unusual",/rkoE7RxkBXuTfGUA6HwQ1DQftDc.jpg
15935,The Blue and the Gray,/aOS4W1Y193VNIjsULVpf0hWbCLJ.jpg
53356,Humanity Has Declined,/g52KI6mJOmPKek3Lqtqfc42ARSG.jpg
4594,Iron Chef,/dfjqTOxuEs2p7xPkDVLot7Gf5Lk.jpg
20259,Rebecca,/m3XQPJRzWAMIx5Mffpkee05RHRG.jpg
40521,Home with Kids,/x5qIQzteCNiUTqC0Z0ioPdZ6wLA.jpg
45018,Ghost,/ggVjRfX3jINq1JOiLH5I87Bj4jS.jpg
37731,Mr. Young,/b1K4xB1FoExSQiPC92Euosa1trz.jpg
112217,Hikaru no Go,/7cETtbpWu1Q3PpdDzoGk5ZthvQD.jpg
62572,Saving My Stupid Youth,/cCSbUolrUMeUkMJZPkpx2FFTP7I.jpg
105702,MaPa,/sK5pUecPzaKkX3q00t43Eo2DJWW.jpg
37264,Birdy the Mighty: Decode,/vzUfPzzAR8RFSPe4xMm5Y10usAz.jpg
72482,Ice Road Rescue,/KUVaycctfjs1qKMkujHjIZEWwH.jpg
77772,Mary & Mike,/1qcv11hx35vnXcELgSjRG3iktbM.jpg
92432,Take Us Home: Leeds United,/llBSlYou1gxkZaJo4EITqd4OmLU.jpg
49474,Treehouse Masters,/eo6leCPGiaF1gXU7FJhV9AQOeO.jpg
105276,Unprincipled,/uCWVJOIEPSieYZnWy7w8LBG5SU1.jpg
93960,Team Kaylie,/8Bl04gU9cyDUrWsti91aVQDUzA6.jpg
81999,Inside the Criminal Mind,/xF9ND54C4olBqvKdJ86wYMZkhvn.jpg
37508,Pretty Cure,/6mpebL9rM6Dobd0xy6Bwlhj9WYt.jpg
76345,On Cinema,/li5qk9Hdm2Yrw1ApXpT5UNAUxAY.jpg
33739,Antiques Roadshow,/pvgZzlD4STYonWLirI8I6e6c9vp.jpg
13398,Ancient Rome: The Rise and Fall of an Empire,/qMVzcLIWRqwe0TddlDG8WQMfmjx.jpg
81284,The Curious Creations of Christine McConnell,/81BS0vEbWOfsAVo9ln9OAnXLUtd.jpg
65989,Prison School,/oAbk9fH1aZDOsavyH8ndbgGkl3K.jpg
3636,Karaoke,/kPbKrz5gsRlAF9LfjqlowJexHZJ.jpg
26725,If Tomorrow Comes,/oOU7ifPTMpSjXAld5ZWWdSk7QSs.jpg
157936,For You,/7GmlOYoR2GNiBRFs47azHIcqncR.jpg
78976,Ex on the Beach,/3DK09dmyy17xzRDQO2F1cbvYjJo.jpg
1865,Early Doors,/g9qbBr9W08hHB3pj5QMFv05NuEV.jpg
62412,Kevin from Work,/x4IZKQDS8fh1EJuRglfDYNkDxnu.jpg
66504,Please Tell Me! Galko-chan,/g77GQPzn1dhMzxJbSTvcMIL62oG.jpg
128676,Silent Cargo,/euP8KQvgfWtpMdsjV2ixdod1pIA.jpg
113774,Dark Woods,/trWKXnJ8DWawJM0qT56Cx9bJKVf.jpg
114195,WISH YOU: Your Melody From My Heart,/2kDiBH3ZpBxfFed9oquyEhRK3pC.jpg
66730,Divine Gate,/fHjODQq2sOK9kGhO09XtBgToxzQ.jpg
127527,Melancholia,/cn3CIR5LaKubPmzOv5jsxcQQwkZ.jpg
851,Full Circle with Michael Palin,/9uUGcoUbbNXguSe8cbc16wVO4ph.jpg
43750,The Mystery of Edwin Drood,/afJL7uqu5MzMgRjRtQxMyFCDFJh.jpg
116708,Imitation,/s62lBhUvPRx8WugYLjaar9o3Vb3.jpg
68115,The Numbers,/deAAWfBOx5ObJji03bEv19pY9u5.jpg
2980,"Lucy, the Daughter of the Devil",/eUEeu0WV4QTK04OZ9RMjCYsQXtF.jpg
114641,Red Light,/a2ukCeVRvkmlayYTcYEDRgwN6ov.jpg
80813,Comicstaan,/inbNS2jhqUcfulcSUKUkNX37PPt.jpg
60667,Gundam Build Fighters,/k8EBZ63k2fOfQNRJWpyqFxcQTZI.jpg
138525,Firebite,/wMFLGQ6dQ5V4pPp62hN2FCbpe0E.jpg
14131,Simon Schama's Power of Art,/bWo7XzCSrqC10B5Gu9uCZYbenKR.jpg
31770,The Kids in the Hall: Death Comes to Town,/wGTwA6lXmXxeRFu4teBpR4kKZ1P.jpg
62453,Cites,/z53FHnX4d91qy0oKXcTnSj00mEL.jpg
73919,Marvel's Ant-Man,/6msLuFmP5MjyDW6x8vXHnFM86li.jpg
70046,Sun Records,/qPNhnfrfEg4l5NJa59zRW7OLMQm.jpg
1578,Out of This World,/bUT4VPKzb6qddIN9sc5ewsREKyq.jpg
66695,The Triplets,/yHLVEYOdNbtD6UPFJEZBc4i5sMj.jpg
62411,Let's Eat,/63PsUTkJ2FnDYzJGFNKPLYFDQpO.jpg
93479,Frayed,/g4cdvm4RGeIs3n5NwIYroFoaum3.jpg
52896,Valvrave the Liberator,/800znNngbnDR2cHg2HXVHxCaKhP.jpg
65725,Vampire Detective,/wObXNGpREf4xIQh7bTaFw7Bqun6.jpg
208953,Bupkis,/y2hAQhAwE9fRe4cpq2OrcPLRxNO.jpg
34667,Maria Holic,/4FKRgY0cduckWZmAc606RfNxUFz.jpg
53020,Teekyu,/iDyd5ChrP4uRBGkvODq4AIE4wab.jpg
197084,Gaus Electronics,/gKPLyIu0TQo3tkV9cgl9mT5GuC7.jpg
37760,Exile,/c8wwPUIFw9853z9ioHb53hZyIUH.jpg
61146,Secret Love Affair,/nYhZngGQaOGeYtISWjN3AMeSr1Q.jpg
69237,Chain Chronicle: The Light of Haecceitas,/9wBEr3ZSPukbb2rS6lRauyeDv19.jpg
155761,Amor Dividido,/9fmYGE1sUzEg69UH7qTIbWcSO9c.jpg
19169,The Troop,/aXLJkgGfbLgFh3Cftehygj77WrV.jpg
84157,Addicted,/7b4PQ6TS7SzPQ1b7Hw3m72EyQf1.jpg
89724,Property Brothers: Forever Home,/j0LRq69y1p0aO7UR0YjDs8U1Pee.jpg
70968,Downward Dog,/vLkVpC2jf3phW2jBtuK63LaeOu6.jpg
60652,Soda,/97DHrBEl4kGlSQVD3RPA6CWR61A.jpg
194922,Trivia Quest,/zzGl5PdVkEbvIV7PiFZ9SdQln3i.jpg
2215,Monarch of the Glen,/jeMhROvJWKTQuwSip5z5RsNPyfU.jpg
87525,Russian Affairs,/6TOmAMpIq3LPU37Jwu4Rnt9CSy5.jpg
36210,Blue Dragon,/kz1WUNjTUnjQCYvvpn4Jx0ZV22A.jpg
6232,Brum,/oZSD9YU9rb7onMION4bgwj3Pa7M.jpg
73063,The Gay and Wondrous Life of Caleb Gallo,/uLf3YkYpAhzk987pOlzuFT5VsLJ.jpg
78589,Kinmoza!,/wNejReasHv0nIFWVafxHvhHk5eC.jpg
5926,Testees,/aEOqH2zBM4gmXiOgag2gvyS07Cs.jpg
197406,Life After Life,/s4b6C3B8M4JVGNvugs0jR7E1ywd.jpg
80210,Rig 45,/qrTE8fy8Hvx71QjdJcipG9MqWMw.jpg
62160,Raised by Wolves,/54ONCnoHQZdMnPZU90QN8ezjhS2.jpg
214258,Dead End,/j4yasPJg4bZLKv18lYZNc30xZM3.jpg
69055,Karas,/v5PIkmbGrRYRN1MRt7wFDGD9kcu.jpg
2812,Action,/xTIohs08xedCORLIgOCDOZSpwVy.jpg
73093,"Actually, I Am...",/aeYkJdj4bWJ56Qv89Ninn2k0zEI.jpg
120199,Rattan,/7iG3NZfZkyaxJSsJMerOkcZFgI8.jpg
76048,Ellen's Game of Games,/hlO6hYXPZgdvDZPWwCC2q64D6PD.jpg
230043,How to Become a Cult Leader,/d4bCJ5f8LzZr5TG3EpU9rzfFfui.jpg
396,The District,/hnd8bGqWZhtEdCwDf5YXdIDaJei.jpg
1478,The F Word,/63tzS2P1B7FQD8MJFoKmvUYK9hz.jpg
2156,The Tyra Banks Show,/du7W8UdGmqpqUUCZdOGGZNmD6uS.jpg
157433,Abominable and the Invisible City,/rk3eYIsdGge9A8DlrqMYI7IKJ6m.jpg
62475,Heidi,/gw0dxuL9roVp2rCYx3y5jFHE7Cf.jpg
95696,The Age of A.I.,/ccOtYMsGr7xUGgDFS7Tsx32fItv.jpg
12337,The Life and Legend of Wyatt Earp,/sq7meZ5XvxFKZmsTcM54q28IqHp.jpg
10748,Pippi Longstocking,/5dWcDLxUvddeovSbiHs4isgfaBf.jpg
4665,The Berenstain Bears,/cRA1KVomv7d9avL7UpdPBJmASrv.jpg
92648,Arsenal Military Academy,/sVqP8rGqTrjJtJV9t4UuiPKwLEq.jpg
3133,Doctor Snuggles,/tPPycrOUzvBdwTamPasTllCksfb.jpg
4662,Close to Home,/7z2od9wYYEY29YR1V4Qv9vzhegH.jpg
225217,Two Sides of the Abyss,/idewc0QLPpR8UNUm4MLqXUfFAiL.jpg
79478,Gary and His Demons,/wN6EU9KJ2K8fwFASuwDPWrAXkTn.jpg
66101,Rewrite,/iyiLtuHFiehUASS5HEDJvUivLIG.jpg
129096,The Great Shaman Ga Doo-shim,/c1XyUdGPRWfI79kGTqstXiHElVT.jpg
69715,Humorously Yours,/138zC3znm8vY0EtXEhvvCMVGI45.jpg
110180,Love in Chains,/5cLKmC9OPUByCZdNOu5Drr9J28g.jpg
104032,She Professed Herself Pupil of the Wise Man,/eDSsaZZVQD0rjrMazEIWrYUJHPk.jpg
51890,Car S.O.S.,/d0brqNfJYNMNiPoPCw8DtKFIfFX.jpg
73275,True and the Rainbow Kingdom,/cdflZ8czbWKeSyousytVXsGzyFU.jpg
1825,"Love, American Style",/aSL7chmSyz6aqTebDd8qxTFlwbW.jpg
152326,The Game of Destiny,/l4AxEMRyaGWDI6ZqMNiyulZRYqz.jpg
100349,Mulligan,/t4jMaK7u5S4p5sEW76GmBNQfE90.jpg
61352,Falco,/jKpqAfRWtIJpu1wLo9fSQL0qTGv.jpg
65339,The Circus,/vnufA6IaOEgmnk28CSTIH9Umk4S.jpg
60550,Mahabharat,/eV8G3F2MWmtjprghsxZncxCdS90.jpg
11057,Scrapheap Challenge,/fLWN1dXEtLSPS2UwWjloW3O6tom.jpg
74500,The Boy Next Door,/cmdb1lPi0N6DTjlY6dF7TURG9IJ.jpg
72506,A Centaur's Life,/m3WqZmeXgdjTu6ZieU4wFGjmjR8.jpg
32719,Love Bites,/HFIutOGJgr5LtUn89ltq3iZbTi.jpg
103511,Love Live! Nijigasaki High School Idol Club,/yYjRqt1xwt61omb3XwMcxsYh1lA.jpg
21738,Patlabor: The Mobile Police,/rOEKup7wS5bXeOS0CntxQPjhND3.jpg
119731,The Last Bastion,/8bnCaA3v38kz56TSXy0FrQK41At.jpg
23652,The Banana Splits Adventure Hour,/erXApEwZ00cRcHY1B848F3m1Dtf.jpg
47144,Jo,/l0UHTjvEwpsbJlLyQbVTupcR9lU.jpg
33036,Memphis Beat,/8jPfHUUdMNzO4qtmDuafeAb1O1p.jpg
68545,Captive,/9x27AnEbcQ64IBtMNFSfgy7S4GP.jpg
63853,The Last Panthers,/43kAJvbomTZ27Rv0r4efs8MQt0D.jpg
69067,One More Time,/8OOvLLwUp2CduJ4FvreQWUNM2SQ.jpg
57758,Brother vs. Brother,/eJNikR9taFaNuJHOk4BUowVdo0k.jpg
51170,Mind Games,/qAnfbp1rvKdksaxHK7N865R6E4P.jpg
65503,Aikatsu!,/xCl0ZBE418ZgEzoy4MrssCLcmff.jpg
153581,Hello again!,/zXmi6Zz6N1pmLtRznVCRNAJDgSa.jpg
63525,Hyperdimension Neptunia,/y8W1GS5fEY2XrqkpQrOiLnrf5Kk.jpg
75127,UNHhhh,/4PxZiDKcCYZHMuTJcaFRMniLVgZ.jpg
9519,Excel Saga,/55mHvsKigtxCx1Ew8iM5snsmlp2.jpg
66722,Uncle Buck,/hEqJPheY1h1wBCVwCN4D7JpKJdT.jpg
25181,On the Case with Paula Zahn,/y1dqnrudoH4BRINwTnaJKgJ7ajQ.jpg
71785,Mr. Osomatsu,/vEsmh6m9fUhJzGfLxUpliT3vqdh.jpg
132636,Pokémon Evolutions,/6aEFDKdQItpRwwrjZtKUSAlxjO9.jpg
124278,HouseBroken,/elcQIEZcU76esXbO2SNmq5OBEgW.jpg
90214,Beecham House,/2H3LDNwrnZl3Rmfp96KkyWkWL0n.jpg
68952,Pretty Proofreader,/1nfhCanO5ZUIJjhe47nNYYz6p6e.jpg
68516,1 Woman 1 Man,/rqGxI6FTUyTiorjHajbnUwnEtbO.jpg
91278,Marvel's Future Avengers,/buxBvftqx3g57FTYtdrfGSHlWfQ.jpg
95067,Black Dog,/uBlTyrvCu08h9APMvSajBiNpsyV.jpg
95755,Europe From Above,/3YnFJgJ0KZQKioKONmg6PVYcFdU.jpg
100369,Atlanta's Missing and Murdered: The Lost Children,/sj7ypoywE2RooXnTjcggd0ooYPC.jpg
216424,Meet Yourself,/qIPAvmgFlOYVoKMmMGsiSBsdAgh.jpg
68915,Still Star-Crossed,/jfwsXHpVuxWmGakSDHEg67FjId.jpg
947,Cheyenne,/osdglTGStAMbThkUsVJ0DRzvwrq.jpg
12875,The Dean Martin Show,/gOxZ92eL4Eyn61297yw8cLSMnWH.jpg
135597,Fairfax,/oOEFB2yTmaDOoYsybgxJw7lz8UW.jpg
94750,Interior Design Masters,/49R8SYlrmBJXhaerarZFdQRpg2.jpg
1337,FX: The Series,/kLdsiEqnLEdVde4mq32i15xgEBi.jpg
81238,Murder by the Lake,/9EVrp4AuKiLebPAIabfFB4z1EYJ.jpg
69530,The Legend of the Condor Heroes,/jHCYPFQpuQvqyHVelXaClhvoWGU.jpg
113888,Trafficked with Mariana van Zeller,/8L0e4ecjsLZirpAuTfMjFf6CufP.jpg
59599,Trail of Lies,/h8i9XWOXNMgOHixobXIU76fnfmw.jpg
7961,TekWar,/95tsFJksRh263dvL8PIOCIvU64J.jpg
42067,"Are You There, Chelsea?",/mpTqwUvfYJcLy5f9g1IPKtrjmAT.jpg
226907,Siren: Survive the Island,/3aBlN1yk8XLYSH1FvEY7EEkvqlp.jpg
33050,Pioneer One,/p53wbsukyhJ8TieisoeU1zZr9iA.jpg
61577,Kourtney & Khloé Take the Hamptons,/dX7xfoY74cA2HXH4XawEeXhmbjQ.jpg
106349,Crime,/rcI50B1ytbaozGWmblkMRYBPPsm.jpg
62288,Heartless,/ypSphK4IzeceNKRZ0cyVFHlrzUV.jpg
64186,Truth Be Told,/g6AzYiyI82YZrhjAmGy2RmC9IsD.jpg
18351,Special Agent Oso,/jZNyZoGN7fsGUhFWT1LX9qRnB2H.jpg
225335,Tour de France: Unchained,/mnAWIXRJUReiDXAhyuv4T0bKzQF.jpg
67802,Something About 1%,/hmj93zym1op2IEM4HIlYYezTI5c.jpg
18591,Three Rivers,/exDuz53NNj4PdoT5Ckkri5rpK7o.jpg
157409,Signora Volpe,/wEhY7XzejGMPc4vWpJwfwhRAg3N.jpg
34235,Thorne,/3Eqqd4iWG2vtXjB9Rr4buehtjyX.jpg
128073,Mohanagar,/6MJEhfdoQHvc7j3kyCmY5x67buJ.jpg
77454,Jenni Rivera: Mariposa de Barrio,/hyQWFImjucnnJrc4s8yxX7ZSk5F.jpg
2234,Noah's Arc,/rET7biv7AcG4gpOyJNIKNz9Pt1q.jpg
105689,Indian Matchmaking,/to0ZjbkPUt7WlK1RMPBZ4fa99EJ.jpg
116605,River Where the Moon Rises,/diZfYo9Z6AqdK8yfCp8GLzMePqc.jpg
62883,GetBackers,/d0Ce4UnaJ4PKmcjyziFJjrpUsD0.jpg
5307,The Ed Sullivan Show,/gUEfDXUxwhgXBX7LSk57vJKXCTp.jpg
95212,Love with Flaws,/eq4ITUNT2SJTGuUkxO2aHyGyO96.jpg
226751,Shiny Happy People: Duggar Family Secrets,/tYoh3YfEkyqQbHZ8sRtJDMPELpx.jpg
82139,Queens of Mystery,/yCgHxa3jdCGbHpyEImotLBUGQr5.jpg
31390,Un medico in famiglia,/4nRaX8FWX2ZtFYKhNRFvss3g24.jpg
128254,Tattoo Redo,/b0LIMiV3iLWgmBONEc7AC1YvyC.jpg
62813,The Real History of Science Fiction,/xCPZ8trSwZPG3mf9kGViYNMW0BS.jpg
113085,History's Greatest Mysteries,/tld3acb4DuRjYwXgqVGwAG3Jocw.jpg
5035,Pole Position,/vE4ozgflQgqijO5SBrjHk440N21.jpg
11042,ALF: The Animated Series,/l6yzVC5wVdGI1ucIBkRwadImcqb.jpg
108351,Possessions,/8CaCRmXOJiUESbb0BBzPkZ4pyHu.jpg
197929,The Immortal,/ofsqtGkm3iSYqEMvMgP5NnSgKST.jpg
12072,The Secrets of Isis,/lIc5LUIoshHlFXrC40e229Bu6IU.jpg
4898,Bizarre Foods with Andrew Zimmern,/mV7A1F4xfglJnwZn9smv9glUqD9.jpg
34881,Bananaman,/4arhFTur1f0PKyvsSp3s58vztmC.jpg
3783,Room 222,/gcAILcFjcpa6YQkMuwYhXBk2pog.jpg
3813,Little Mosque on the Prairie,/nEMsdRTjCkwESxrIyQ3g2TN5BGe.jpg
12066,Robocop: Prime Directives,/lSI9ku0DTXFVSuY3b9GPDcjQpTP.jpg
74615,The Other Side of Paradise,/tsb6mDJahJMgLcpsV6ZQjtZ6nzc.jpg
86833,Penny on M.A.R.S.,/aa34y9dNmEULV3UmXyyPY9Q6dRb.jpg
36361,Ulice,/3ayWL13P1HeRnyVL9lU9flOdZjq.jpg
52645,Forbidden Fruit,/8fnado0qpXLohbeHxaXzL2x7FPc.jpg
49422,Crazy Heart,/57IBNzzBJ6LAWVbNZtdmYwF3fj2.jpg
8872,Aquarion,/b7nYCiRLElXOcSICrZ8jdBqQP1m.jpg
209408,Bad Prosecutor,/t5GIFwntLGrGomQfioCOPnvVZR6.jpg
56497,Mei's Butler,/b27LDNYDwr5PbZYRvxQMVvsODpo.jpg
157525,Trom,/bj4aUYJtFJaD2PvLjdzMd88xmbb.jpg
78473,Dragon Pilot: Hisone and Masotan,/6oaEH8CNlMDiiQHUSeirza96q0g.jpg
76321,The Paynes,/lyEEiLavfNz6YJCA6iWIsQ1nvkq.jpg
90833,Dark Money,/sYCOQbb7bXra6BMgV8HQfNO1YNu.jpg
116041,Love (ft. Marriage and Divorce),/bb82u4HyI8I469TGw2B7d1oM49.jpg
83602,Dogs,/dz4fP4l01VTwqa3FZFslDf2GfDD.jpg
87493,He's Coming To Me,/ni0AzjW4DGbhmQkuiJ2NHMxRuwI.jpg
196429,All the Flowers,/dihpH1yIZpNqxCNTNnEOIXLUa7f.jpg
5065,Once Upon a Time... The Americas,/gStlZULqXYpk5dTbrpO30RwqXAl.jpg
10492,Hazel,/aCfdfRavcLjp8INACd6bPvyw8D8.jpg
11196,Catweazle,/ayr14oIonK3HcTYMxO09SkphbEU.jpg
129889,Moonshine,/dJAlUCdFWAso5cowfv3vhI2QtZY.jpg
10476,Speed Buggy,/n5aOrdPM890y061exW5AmmYLB9X.jpg
2136,Big Bad Beetleborgs,/aIHIj3VxKTlhdeclpnw1dT9581w.jpg
135334,"I'm the Villainess, So I'm Taming the Final Boss",/dI52sNRWyrskfnM67ssqCHgLvoD.jpg
66122,Entertainer,/qGYWbU9PnyFT2ke1HBXk9UqlDlI.jpg
65549,I Know Who You Are,/lDde4jpwRBhNc6VlbJW6QZ7cLiX.jpg
10838,Dear John,/eG4Za6U7r2BdlyXBXEaMCOyeiKf.jpg
75859,The Third Reich: The Rise & Fall,/bE1SMW5bKnQ7Dr7sOCExqKRcpav.jpg
94680,Psychopath Diary,/hGmNWy80ILs8wLTDLjnwtOieNw4.jpg
11801,Space Goofs,/dDy5TItuydtcMIGubp13GBZsQZ1.jpg
39367,Stella,/GkTYF7KEHKwaFkXwgq4snoSFSL.jpg
129502,Welcome to Flatch,/ztJqyTocc1pylks84ZpiRorC8kr.jpg
6137,The Courtship of Eddie's Father,/t5sd3mdW6kJB3zpZP5HIoDOAG8x.jpg
126849,Don't Call It Mystery,/sxIKtFzM1QQ11u9mX9QH50OYX7x.jpg
61781,Pointless Celebrities,/gyzSp33fxueKV49XBGvH2ADk5EJ.jpg
38785,Beyond Scared Straight,/99OZnLeMq7n0M4NSkGfvlwgt40v.jpg
123348,Wild Republic,/yrktuA8dfZzGYzbqMEJIskJKKiX.jpg
76127,Hakumei and Mikochi,/8kH6xVLC5si3VHn1nhrGL8rDyGX.jpg
61132,The World Wars,/y3KL7tlWsaLpB7zL1yAO5BZhoXG.jpg
210095,Panhandle,/mt8cGIRth22K0Uv22XZvUI0Xmkg.jpg
129936,Ilha Record,/43pX5G2eL4H6EppxVcirMxdkcGN.jpg
9883,Booker,/9nRV7WiAIu48xzCpmSKBs5bjNpu.jpg
23587,Kindaichi Case Files,/iaWyuhpsgLbYnlVZ043ySmjdAVo.jpg
23545,Ask This Old House,/kWWTqIJiNZudyPLp4tple20z8sP.jpg
156407,Hard Cell,/22cjCaUikOW14dr1htuhCVaUbzk.jpg
70940,The Boulet Brothers' Dragula,/nCaLnQs8zqnQSRqm12DF4l7deg2.jpg
1669,Oranges Are Not the Only Fruit,/1Nofyi3s5uNoEjGk67c89wqvjdd.jpg
39706,24 Hours in A&E,/beBB1ZnPOxG64dlTYKsEO8BwEGf.jpg
5287,Kingdom,/9hXjCwADXXUksnOG6FFN7xxKxSu.jpg
204416,Pirate Gold of Adak Island,/xaq3mnifkknC8cGA7I65W3bTmu0.jpg
121806,Frank of Ireland,/wTH3JcFFGK6WRjHRTSZpZ51IMij.jpg
78414,Sonic Mania Adventures,/qWZ2UDYhHmWch9dO9a5lbvsBLPE.jpg
121745,Till Death,/g18jnJuhIujMYErHqeG5t8U5F9X.jpg
82736,Ms. Vampire Who Lives in My Neighborhood.,/An76xFiqgurA6rYDU5j0bvQZxyH.jpg
106925,YOLO,/zjVOFnXzo5GDP2LFSHK3umrxXn8.jpg
131369,The Lørenskog Disappearance,/hxWNSjQr4Elg7MBodXxYwjzw9Ue.jpg
129318,Lost,/h2KVyiF5qYjOSQKbEw8ev0dUM5n.jpg
90393,Crown Lake,/2Vs5vDZaHaZd5jsK4SzGyjrtFCI.jpg
5660,Mobile Suit Gundam ZZ,/u7GMUFdfljplCbySERldRUReP6P.jpg
196421,The Others,/1kMnZxgszV84LrGwENNeb0ncbw1.jpg
101501,Tira,/3nCMhbOg8cb4fB12C1VcPu46uy5.jpg
135786,Monstrous,/fuHREsrbmBejFXREu5DgmzQaYm8.jpg
16934,Dark Shadows,/xLE7P7JFwZUQKIggwXpkBhq9wGR.jpg
34812,Haré+Guu,/wtO541BFRT6jp7MShlZNIOAnX9g.jpg
31708,The National Parks: America's Best Idea,/6RIXsAA5O91qnUha9VqUN9uBfng.jpg
87815,My Husband Won't Fit,/i3ZGYsLYv0DkBQ1223NJ2k3NH4X.jpg
131366,Ningen Fushin: Adventurers Who Don't Believe in Humanity Will Save the World,/tP9a3N8DHs1qK0ZoaVaL9PacgKk.jpg
10502,The New Adventures of Batman,/h6QGkiMztXTKU6GjQEhPwiSdV8f.jpg
64092,Danger Mouse,/cnWr5XFOPaiIwJfx2MCj3MEQtsL.jpg
89295,Jailbirds,/cymY9UQs6PoAhHQ5sLYIV9JzSz0.jpg
42554,Sekai Ichi Hatsukoi: The World's Greatest First Love,/2Ald4WukHy8TeqacR6pbeIs1adO.jpg
38239,True Justice,/isMo7GFxXGb1x3lqbPStOfmNjaM.jpg
115161,Criminal Justice: Behind Closed Doors,/WthbiDf5t5q49AX0VrXCocNydZ.jpg
70669,Queen of the Ring,/3Fh0F9tlq1ly788RnZRPoreAhSY.jpg
98762,Who Killed Malcolm X?,/xrczl6XRvNq6jD88q9hugLt334F.jpg
99492,Search,/qdEtSjZaNHmmlvP7EFklZRPkk7B.jpg
155545,Secrets of Summer,/a5N9eVOTpKKckAVM4Gk1YpupeK4.jpg
10157,Super Friends: The Legendary Super Powers Show,/8MtDyP4wqqhTIbwEGA8UINVMb40.jpg
155440,Insomniacs After School,/qChtK3uuCc5L5CpSeBpVV4MFRHD.jpg
114796,Tandav,/zaK20kqsos65s5O6caDKuvFQvBb.jpg
4858,Sea Patrol,/c3GYo28VyRkc3zz4ivLa9Z9OK3E.jpg
78144,Ku'damm 59,/6m0xFnyl6rpAr6SH3gSIC5VoiY6.jpg
15226,C.I.D.,/zNCpkoHN3LSK9yi1C2M0Z1rOv6J.jpg
8859,Negima!,/pfEiIQQ1n3LgSRznpoDWpniCnfo.jpg
3607,You Can't Do That on Television,/6Yw2aZ5uR2yrKoWlxsGeV0VZ3VA.jpg
79070,Partners for Justice,/lPU34PKrjJNISguneRdAB7zQfTj.jpg
135211,Star Wars Galaxy of Sounds,/u6P36HJExo1lNoiU8p4MwPn9Y2R.jpg
76518,The Lady Musketeer,/oeJHYjm68q1Wkps10j9anFomGLM.jpg
130688,Sharkdog,/cdkeBd7XZ6CmSE1a36rGG4bjqbb.jpg
3863,Countdown,/dMQxcOLpq0D6TEOZCotxZ3zZv81.jpg
97765,School 2021,/cMGunMajOip0Viu9QRvoFywhY12.jpg
6323,Monsters,/fnBz19xGCKc7mfEo9NOeRWIe4iX.jpg
58777,Destination Fear,/8jpJTYwqiKGMZNpLll8kjWnydqz.jpg
97456,Deathstroke: Knights & Dragons,/7WCsBrznq1RLteXUTsiqP3AYKXt.jpg
83061,FIGHTWORLD,/vokgs8npB47yjZmdEhQ4te9BC2y.jpg
97220,Nobody Knows,/e9OuMHRH3TwtCn1Da9UV3VWhjh5.jpg
16505,Bullyparade,/mRTgaBOIzbQtevoamS8xqnW6wl.jpg
42786,Ah My Buddha!!,/fNT2SVbYfHQ1UyRIrHqbOUuXEWF.jpg
74731,The Restaurant,/3tc9McHoE2TSU1d422cs2PXmL3V.jpg
96942,BACK ARROW,/w3RUD613FuVRRiS1g9IALhKdhVe.jpg
91907,Joint Venture,/rCLY9HHbqPesoElsQsABK2VwCau.jpg
135360,Mad Doctor,/7Qole67s5qDOeqT2topUEGzIJAJ.jpg
5653,MegaMan NT Warrior,/roZllkX4mOoDAKljFtpYJzD41Kn.jpg
245551,Can I Tell You a Secret?,/2FGjlE4b3FfbTFBl0vahPsxQTfC.jpg
115639,Bump,/hbgldqIwKWJehEWHkk48B8qkzJC.jpg
5396,Upright Citizens Brigade,/hNvKTRDZ5ssImDTgd6BTHpnPwND.jpg
39014,Yaprak Dökümü,/saWjY37nt2eLWWGoG6w40C5u6Vk.jpg
49003,Liberation,/vvJMSyLmKTahi9wtRER2hws1XUd.jpg
50592,Shipping Wars,/AcZTjWs5ajlLaHjsahSKP6R3JdP.jpg
68639,Tenchi Muyo! War on Geminar,/2GzOTBaTdxXh3fAnEZI85zadmu9.jpg
74075,Revolutionary Love,/zIe4h9F5X7oF0gOTgjBS0C1leSo.jpg
61331,Our Zoo,/2uJvWj3Tdt4NbhnF6Ifk3pKzCnn.jpg
100368,Yu-Gi-Oh! SEVENS,/zfEcbgVnUsnLbpbiEsyAP7vkVWV.jpg
3817,The Land Before Time,/p4eUTWcyh5U62Y26HkALQQjdwMF.jpg
71810,Lost Love in Times,/eZTNf0O4PKNF33LM6MTyerfe2dO.jpg
53594,The Troubled Life of Miss Kotoura,/k7zmxKj1l5N6XF4laoH490z1LgP.jpg
203906,High (School) On Sex,/yvNm4AsPmMA2hpwagshhTZvZuXK.jpg
4398,Herman's Head,/i2FWG2EureiEbTA2iD4c2y29bF0.jpg
66368,"Love, Nina",/78BKagsl5IShu5UJ7ZWBajf3SZ6.jpg
106761,Missing: The Other Side,/gRlEg8sjyA73pi3ZZF3WTPotmXO.jpg
15871,Shark Week,/t8FUNX9OY4y6zfxMAigI2rVapzQ.jpg
1006,Man About the House,/tGQZtRCvAbmL9OfemUAHAO3LHCE.jpg
137065,Arknights,/bOHwf20OzBVBrhX31MyUdxQR0d2.jpg
46435,Robotics;Notes,/fsKS4puyVlrbuswHRl2RBBsDwgc.jpg
123854,Now and Then,/2z4ePy6Z6cURDvNnEmR36nidBNU.jpg
75086,Dokidoki! PreCure,/afZmkzUIcpwBl0GAzQbtqWFxihj.jpg
90388,Fire in His Fingertips,/yHUDRf2e9FGeWXPsT5lVF3iCUwc.jpg
41875,Chemistry,/bdCzqgZ0x2jtA37ZTJsZgfcvOIT.jpg
42496,Hollywood,/jCAFbN0ar40BeM6tnPpcnqKMVml.jpg
41255,Doctor’s Diary,/aU0wDuE5PbYn6DlRABhd8t6wR2u.jpg
12304,Highlander: The Animated Series,/qSBVGwPl9A5sWoipesXPpaGFKDH.jpg
11741,Dark Justice,/iMJ86qVLmDMdTrGnvpdqnAJEzW0.jpg
136275,The Madame Blanc Mysteries,/kEb8zqZuO1Og9DG2lzg3ldi6nXt.jpg
69975,The Emperor: Owner of the Mask,/tLheSyczmvW8PJnhuZtxmKvRwsR.jpg
201581,Dear Mama,/iXqsBzdsZuck0EL0Xf6iR8EnsoN.jpg
95710,The Melancholy of Haruhi-chan Suzumiya,/dbnhIbwrBrjzBtH2RLHUc6TQ9WH.jpg
125713,Monarch,/gwF3jnxoRhnp0D1alh5UgopnlW2.jpg
93649,Shironeko Project: Zero Chronicle,/uK6mSOkZvSmEEumWlLbgiHGg4ud.jpg
216808,R.I.P. Henry,/kEWOAKYKTwQsvqGMuUYvtQOz6yN.jpg
2784,Donkey Kong Country,/dPctx2MdVcY3CQ2OUbSs1aEy069.jpg
7669,Julie Lescaut,/iXhpkBBfsT3HcPpSaA7oLfiTwKD.jpg
22980,Watch What Happens Live with Andy Cohen,/onSD9UXfJwrMXWhq7UY7hGF2S1h.jpg
99858,Three Busy Debras,/8sv0zrTgag4RcCGUrpgTWlnreQy.jpg
121926,A Man Who Defies the World of BL,/q1FBsKJfreyW4hCbsdVlKZPjRMA.jpg
211660,Cuomo,/jg7nEqNlgkFQxkSNcLlVn66LXjk.jpg
45322,Long Island Medium,/7jUv9DU6vglx0D7qmLYyEC9N1bY.jpg
72089,Puppy Dog Pals,/phUryg6hyEToBuQMgMhh0gnOdx1.jpg
20451,Tenchi Universe,/xAO2jn2c3JyYn19B9uvVa7Xrp4W.jpg
65282,Home Alone,/1hqGagr94soBq70Lq7tPHvNmmxy.jpg
44432,How to Live With Your Parents (For the Rest of Your Life),/2NvzmUDJ7UUB9OANzv7xZ19cPxH.jpg
85699,Cleaning Up,/9LSpeWnsSDX6MNNNs5AfEticY3L.jpg
205366,Why Raeliana Ended Up at the Duke's Mansion,/ruRJfBa0ehd39BgyvoJclg0SkDh.jpg
110966,Perfect and Casual,/vFsSSAIGcsBKExxlJas5MlJmRtG.jpg
63756,"Carlos, rey emperador",/rAon5txhp59jlJ3HYhbxI4CDsFa.jpg
64581,Maigret,/kQQARcBsgzd5d2s7ZPA5NjHF33S.jpg
91491,Sexy Central,/d4veyR3FQxmXhBqqDRWAQiJaiTr.jpg
11092,Bionic Six,/m7Yr6HkhwEjmqJRpHjntnoD0liH.jpg
88819,Portals to Hell,/whxU6AT1xdNVtHO4lVFNv7mruj6.jpg
106694,James May: Oh Cook!,/wxOR0WkvlX4jNLpX4GoAZi1X8Z6.jpg
4579,The Champions,/93fLFB8HfKAhVKF968Dl03ITwOX.jpg
71360,Yu-Gi-Oh! VRAINS,/wZpZzXudhHHiaGYX2F1JSgA0GSD.jpg
99620,The Circle Brazil,/cdgw9Zupobk7fsPwqaJ2ykI8W7n.jpg
5919,Privileged,/aWKIygjCaiTIw8kpfCnt83JWLSt.jpg
13961,Usavich,/zg781peocunLpi2p1tBpiWEZo2Z.jpg
11844,The New Adventures of Flash Gordon,/phFEsFPIT5DCQGdOSrtgJrLsSxK.jpg
10444,Shazam!,/iXNoY4ThylStpcDKrGJ3LIYiasE.jpg
125760,Blippi,/lBqTjYByc3qDiLjdD2RtIk6vVZq.jpg
32656,Funny or Die Presents,/p1PaO1kMsLNkkw15zWsp97KN4Ez.jpg
285,Waiting for God,/qYJyAbUI2fUyKNOMcIRaFAUgoeg.jpg
1903,A.T.O.M. - Alpha Teens on Machines,/moOsmnBXUuHrOUVAMlQjDkDtiiQ.jpg
89491,America Says,/cNZTNrWxc02moLzn3NYZqowyJdU.jpg
70189,What on Earth?,/re0tUOekrGIw7S66FyTp929pthP.jpg
95417,Broken,/42njPFgW3cQcMrOpLYeA4IM2xlC.jpg
9477,Attacker You!,/6iiSUJbxIA2XiFfEZCHk15LmlOG.jpg
2704,2point4 Children,/o7Ndc5x547WbBEzd5fgsKKYKpga.jpg
113819,Cheeky Business,/7cyVQOyabhLlTS18r2whwcEwJZb.jpg
71999,Battle Angel,/w8wxHzbVzd6Qcq3qectKbkC5HYf.jpg
223768,Pretty Baby: Brooke Shields,/sgEzuz9UPdJz9Eu5fl6LMA1J2Gm.jpg
727,Return to Eden,/c5tRlIwUgV5SRQLiM105D3hfegf.jpg
135037,That Girl Lay Lay,/zqHF8bo8YjqMKZoHqXCAZRDiwoS.jpg
200731,Love on the Spectrum U.S.,/9vvwS95aGG8pxWuVQ9rRu0IywG7.jpg
43083,Big,/siINo7BXXBFmpnVNT2e4awuAQX3.jpg
5050,Sea Hunt,/5aSZlCZ0zEvww83kmFFxlbCElPf.jpg
153195,The Ferragnez,/2LAH1mdTqJoWIku2yaxoa63pt70.jpg
202311,Baby Fever,/tXGd6hBT7luufhZCpAgADyKIFIE.jpg
18863,L'ispettore Coliandro,/bPJbQyRJ0m5WAzMXZV6JOikZcTc.jpg
195420,Captive Audience: A Real American Horror Story,/cTeASlHFdnB4xBX9WrWuf4Sp9R0.jpg
92739,Blinded,/lmo5v253Aeonasb3XzZPfWIwRKy.jpg
64905,Science of Stupid,/4vzpJ7JNMaDrPYAWBN1HAFmsMC0.jpg
132375,In Your Place,/4lKsGoq51dSq7oR8BIOJ6HHP74U.jpg
61170,Idle Mermaid,/5aBvzys61Hq5meLmV7pONIW5Kug.jpg
207642,Family Secrets,/vNfMqQniQ23sW8rICfcrCt6ZotZ.jpg
14807,Autumn in My Heart,/zAto9OSTtB14PMGK0pIKLQYEyQl.jpg
766,This Morning,/79XfvbOCcNwdXAnPHbcQd0cH8iN.jpg
3878,The Naked Brothers Band,/ksdSDTU0Yx1GNof9vHquxJlEsuV.jpg
83109,Medal of Honor,/ljXTw77h4IENaB228rimG1NV3n8.jpg
39479,Off the Air,/uZrln31dbJx6jhEYqz37zd1BvGQ.jpg
60733,No-Rin,/p7IXHtdnFr26TblQlsHiAJFUnTn.jpg
63017,Cold Justice: Sex Crimes,/s49XDKDZuDELIsNWogcxeFk4uF1.jpg
5030,Get a Life,/x5u3xjVAtOn5gCfOWXwXA8w9En1.jpg
218344,Blue Lights,/wsqbimnYIubXnBBbY1jjlLQH0nj.jpg
80784,Tokyo Girl,/uFD1J95XjCXVqAEJ4CMyRBvmaKB.jpg
95705,Deadly Tropics,/s3OCHZagbD9srLgpb0Do5qMIQc3.jpg
200750,The Legendary Hero Is Dead!,/wUiJ3CDcZx8G4wAUQJBfqPLMQRm.jpg
3876,Dalziel & Pascoe,/mVpcAmAgCo6CQQNAwMCbmycPvJT.jpg
8456,Shaka Laka Boom Boom,/72BTEpYvS1NhQ4p7AvrNHnOzhZ0.jpg
208061,High School,/cKasVe3wYtZpfQamxZlRCWYeqgX.jpg
83248,Larva Island,/2dVuw4Ym1a7ciJsRvvpVn78uEh6.jpg
130950,Queen,/2gHRAmchK9cnAb1BR80yObV1gWT.jpg
58658,Charlie Brooker's Weekly Wipe,/iJl8S1QPRsZik6tMU6tMjnc0QlW.jpg
95387,Maradona in Mexico,/iwdRfFrCxdaPmnOWejLBisDWbxq.jpg
219600,Spy/Master,/wD5LSVOY30yXyCgK32CJolCugul.jpg
61450,Strange Empire,/1uIBQmoB0MYtVHbn2IR0t1gXuIo.jpg
83002,Transformers: Cyberverse,/fxgzkgFavRmKLawUR4w6MQmWmCl.jpg
106524,MIU404,/xOdguozUF1UGtpT4j9BJ1zSR6ZX.jpg
96128,Love and Redemption,/9mIzTVwWhkFQ52OtELrxewtJwdz.jpg
7173,Fated to Love You,/5VkMyFLHubRlW3fj3QoTqerUBV4.jpg
218865,The Architect,/oVj9MO352wH3rTniTpc21atrM8D.jpg
71493,Yuki Yuna Is a Hero,/aGbQU8amYmscbNgprSuIKRfdZ8N.jpg
4670,Stella,/1FMaZxyOXbICzCyhw5Ps3T4t0Jq.jpg
58703,David Attenborough's Natural Curiosities,/uzQAFloohsMyhNyuOgiProDKoOK.jpg
155780,Batwheels,/2ULWo7qnQvj6KkcgLEOYfwbkspQ.jpg
221166,Blood Curse,/8u2dpmG0oB3jrTbRYnmQHbFwU54.jpg
71746,Lookout,/kYV0bkbRZIDM4WrZ4RwFtNEX530.jpg
153950,Yeh Kaali Kaali Ankhein,/cyHFgiRHBW3DP43x0vw2gpBpBUx.jpg
7871,Beautiful People,/zoOfwOz6tS1kCcu8wurclpQi5f9.jpg
129500,Next Level Chef,/pNWhHZBymc0Q8xTLayWKzMKjstl.jpg
79068,Second Chance,/wtsTkRZkyCBlQgXt4ORQoQjafzf.jpg
11163,Smack the Pony,/cDocsijzYFwtdOkJMVlidBvwxa6.jpg
1387,Entertainment Tonight,/rVAMCmlyDqhw20NHg5jk9sMuMNg.jpg
87148,What's My Name | Muhammad Ali,/nMgIVQVRDTSae95VivppOTm39N9.jpg
205588,Hear Me,/wxpu7cWd7Td1LlreFyZVJLrzMjV.jpg
137635,Showtrial,/ozOAA6NPpNHgqWfKo3RVweO8Ic5.jpg
99655,Graceful Friends,/mMvmOEnjxH2Z3pat4yjLFyJxRWm.jpg
4503,Life As We Know It,/zAcvZvHXlvJabsrzkBPR2drp7iL.jpg
108681,JL50,/rWVD5ngXxi3iHCDjc3Mcqi7AvG0.jpg
109,Blue Water High,/tHnD4vbVGorHal7zuEyiSir1V1h.jpg
88063,BEM,/fUd4ejJ1LkqaSaHItHwXE4HVrGy.jpg
68380,Dream Corp LLC,/vxkgH0KHiN8ilJCafYWDbz8WSjL.jpg
132664,The Heike Story,/t8fvOz6sSsvMq6481oAWrN3lI7h.jpg
103407,True: Terrific Tales,/97zzdYwoQUYJmtk0vz4hnG7Xpzx.jpg
71640,The Good Thieves,/twQLMej5SAPVwNfhpFzponN62T2.jpg
43077,NYC 22,/2aA9K6pxWZBCY65bHwV8NSigvkT.jpg
5464,The Visitors,/dY0e2zKHhgwOmp21QlGOAu8YgFu.jpg
61618,Liar Game,/v29vqIeeKlPfIFYQeDbLJlHkUH7.jpg
67856,Sweet Stranger and Me,/1ON43Foz15rWlVD4zaQVWSbJeZX.jpg
66659,Backstage,/r7oQgEtIuLNAiUMRVSiBi5j8WjJ.jpg
228550,Muscles & Mayhem: An Unauthorized Story of American Gladiators,/aOaufsMpt6oo4M04BaNuGVAY8CN.jpg
9841,It's Garry Shandling's Show,/gVYkTkOdInXkVV3gFDQtNIoDDVA.jpg
8086,The Julekalender,/qn2s2z8yo1Tv0DhOe0SLz6MPgTx.jpg
68590,The Swell,/6OfWzJ0fanJO3kHyQn82z41dWQb.jpg
425,It Ain't Half Hot Mum,/4VGXChqk3PLFpua4GCNVrJwvFd4.jpg
110170,Estonia - A Find That Changes Everything,/lvEldJ40ndNR87sVr3nswOWHUad.jpg
76034,Love & Hip Hop Miami,/tmmkMPiNwPz2i2twiaGz8hV3iTf.jpg
49546,Our People,/3Px2e9XgpOhhofAUUT9NRmrARvq.jpg
2863,Time Team,/1LXvcjdQMsb9094a4cNGdk0S6QC.jpg
63054,Lost in Oz,/bYPm31BjQed8fqbly7BFPjsOjLH.jpg
95317,Nekopara,/42r41IMXpMhMtTKyJIJORf6L994.jpg
228663,Horimiya: The Missing Pieces,/eWuIcqvfqNA09G0fgolALevCpP1.jpg
31393,Gravity,/my3wzNVRGTCpaApDXJXcLDsgbE3.jpg
135144,JAPAN SINKS: People of Hope,/d002IaCQ55rcA7mXZzl4Y5Pq5nV.jpg
139009,A Life to Die For,/aGswiNNfkNvSNdgiUukiRgVK6Ya.jpg
42824,Midori Days,/gyY7CfjW70VsJXZRzs1JDD278Oc.jpg
73945,Zak Storm,/ugpb8OtFaS2JrLogXFJWvzJFhF8.jpg
199935,Bling Ring: Hollywood Heist,/REHb0vj7aTeNFKvXuUzLJYRLcq.jpg
76047,Today's Menu for the Emiya Family,/aEzyap4vAuZkjSxtnuGTwOcZafY.jpg
138392,Between Us,/hCxWDw5FmXzEPzRIxecnFJ3mxH5.jpg
156013,Kaina of the Great Snow Sea,/49p6TsjsuwZy3FwpsCjVByaOCvK.jpg
4311,Stacked,/2I8vnE3HzjpEf93pS54C2yvPOYf.jpg
120835,Smother,/liE0KylYp5uzqONbDT07bVUUNUa.jpg
46065,Senran Kagura: Ninja Flash,/v04svAk6eI1ptjmfjYeC4KIJYp9.jpg
66181,Thou Shalt Not Kill,/onI5S4fj7BLVaTKQgxkj6KcLJtT.jpg
10794,The Adventures of Rin Tin Tin,/325dZgSWTdsu2xlSJIlhkDBteUa.jpg
88754,LEGO Masters,/5ocdD7DRYNmBXS8wOVAkFPKhXFL.jpg
45976,Shinzanmono,/yUwGbitZEg8ViBRsOkl235bDDnc.jpg
43261,Satyamev Jayate,/eJGst5nJO9tGzWZeq8D1xAaI5Bl.jpg
88088,The Last Drive-in with Joe Bob Briggs,/zeiIOJwadyxs9aPixjAN1KDD92D.jpg
18596,Kourtney and Khloé Take Miami,/tBXkXS2uKYTtwWl6n2Y28sk3YpJ.jpg
87778,Mythomaniac,/qLTYhndA8cFTRcEyNRSrY1GexmE.jpg
215344,Predators,/r8xCjuwOODzTK9bSAOsJT8YVlUg.jpg
68373,Eyewitness,/l8K3AxNRI6Ys8eBZbQlgwR7SYnD.jpg
94998,63 Up,/wUcnmaO3zRKG5vQLxzGI98s21Vv.jpg
18317,E:60,/iL9kLvORR9NeMObNYi1d6e9jX9u.jpg
62445,"Big Time in Hollywood, Fl",/2GffoHF7ZReGHUFw5atarHyZS7F.jpg
89138,Forensics: The Real CSI,/iZ4iuprwJtOD0iSnNTN7YNn0O0r.jpg
11709,Valley of the Dinosaurs,/f34mriDMMf9jvTE3asSXNx7BBac.jpg
63470,Cheo Yong,/3m7XYqhkzP6GWRBDkPQSSMxWk53.jpg
91348,The InBESTigators,/7QBEGiRDzRsVu2VQrc8FsIFqMBa.jpg
3454,Stingray,/9JYXvIo0Cr1HAATz8hl8kyNQ76O.jpg
45194,Dragnet,/tvozcbojiCAHIFar7kdaGfwSWew.jpg
210781,My Lovely Liar,/91EgTADbhm0lkUf7Fq699hwseLV.jpg
45816,Shades of Sin,/u93Sewx6YHaK81K03pWdUqXxabx.jpg
90451,Hungry Heart: Wild Striker,/IFYUFTK4hsmvL6wsdHwJSMFvVs.jpg
4360,Iron Chef America,/qHTuJ9LvGlLImr7n8Rg0KaTxG9L.jpg
156714,Guns & Gulaabs,/yRSvwppi9u77UWGPrRgJoTfv5DR.jpg
66201,Shadow of Truth,/339w1FvyQvZTdaY6knV4iaItRJJ.jpg
77353,The Ice House,/mtubNP745pvHDhNyLz7ZrElDse9.jpg
61285,James May's Cars of the People,/jnpgKyje1iO85MDSD2Ao4dId51z.jpg
120197,Klangor,/9BnHYkAzEPlgsl4nB6oU3cUWYMN.jpg
70805,Invaders of the Rokujouma!?,/8i6QjMLZPPUVv8XGWyelGCCBBmS.jpg
8123,The Wacky World of Tex Avery,/uxbqkT0qAtmP3gZffdLf2e6pMkg.jpg
41580,Unusual Suspects,/t4WmMdrgY4FwJceb9EP5BHpm7H0.jpg
72677,Mobile Suit Gundam 0083: Stardust Memory,/j4LkiRJ71kaa3z9BgEJSPPk09AE.jpg
41571,One Step from Heaven,/c8yNofjVkfKrAnAnqPOGGLxAMFF.jpg
32789,Basketball Wives,/AdXQ6gPKaeA1p6hYofLI6BNd8ym.jpg
84706,Unknown Soldier,/otFtdZ0KS32XvVe5eZu1Y1OglRl.jpg
80225,Tut's Treasures: Hidden Secrets,/xijdOpd8WaNeSDGk2RqxOCf2WIG.jpg
681,The Girl from Tomorrow,/nDxU9wk7e4zZQJcJzB28pHrTwJd.jpg
102887,We Got This,/tFx1634RORK2YJWntUv7byZAvXP.jpg
115033,You're Nothing Special,/mol99NhNlwNMcQs5vExIIXzpe3Q.jpg
62547,The Disappearance,/ddHMDQ52wGCbd2ZooBuHpxg2io8.jpg
220992,El amor invencible,/i6zwenRLASRRKTklSW4r1IAiLKP.jpg
4277,Archie Bunker's Place,/kjNp6j9XIfUtNrIJWOC9uzfvZN4.jpg
1465,Danger Man,/5wCJ8Rt9PA1j6jzzmUQg0EjsxwV.jpg
90403,WATCHER,/abDUQMDt8ex9PklXsKsWISyvxni.jpg
17671,Snapphanar,/dU7BTBSh1K1nA7M5lipmeGWtXVx.jpg
9199,The Ten Commandments,/oZw9pMEHNtBzXMkWtsmnTEnrrVv.jpg
1460,Andy Richter Controls the Universe,/m8GdEnMamK9rOo2Th2l8XJXhw7U.jpg
211927,Thirteen Years of Dust,/uPGPeWo7v65HePODxE9vQQd1Z94.jpg
35490,The Last Don II,/kTVftAEYVYmVi7NiwJjMMNUxgWL.jpg
82937,Skull-face Bookseller Honda-san,/9aKzJUkC7r9UTlDpNjUnQh9CjPf.jpg
222785,Undead Murder Farce,/o1X99lE6KoNKxRwqx6bHVMK5NRV.jpg
57606,Zach Stone Is Gonna Be Famous,/hKanycHEsO40jxDnFeCCEytnTW4.jpg
74579,The Day I Met El Chapo: The Kate del Castillo Story,/cHJ08CcTSCBkBfcVDQRRiOFKoM2.jpg
196526,Trolley,/oqALkLrRRlBjZMQ5bw4QXDQy68g.jpg
83584,Crash,/nnC6rX59DdIRxOq5fnvAX8xJP6V.jpg
66009,Little Women: Atlanta,/yqVuZi5po92ud74wFbIn5QvLe2E.jpg
158648,Team Zenko Go,/jMBXG9yMIzbrJosvMJKjr9CRF1L.jpg
65214,Active Raid,/c1o3sK5FHr26IQ4JzsNElY6kqW2.jpg
108290,Love Revolution,/tBp7xZnremnarsutgoGjrEtaN7C.jpg
114149,Royal Secret Agent,/n5oPht3t2MCkmIskIRKzcOcwH8u.jpg
19855,Blue Gender,/e1fkIjgSiFvW3edqtG9sSaurcFI.jpg
1821,Going Straight,/mOY12FFE5Lzau0raQ1Vum3dAC0O.jpg
55585,The Dark Charisma of Adolf Hitler,/bSi9nD7DydjEBzHYQigBounbIXl.jpg
25992,MasterChef,/aMDr01WW5nG4tF4VYjn3Mbzfx6x.jpg
85041,Murder in the Heartland,/qf3XpDhhWL2Ka5e2Pipcwh0FIJT.jpg
32539,Rev.,/rapm6NKOuFPhP7O5CgsCA9rt7MB.jpg
124734,Star Wars Vehicle Flythroughs,/qcVesiLTqbUYpGKl8KXZgeNhtz4.jpg
59271,Extreme Cheapskates,/xL6B0JSIqHty7IE6spPfd6Llp2V.jpg
40605,The Harald Schmidt Show,/lQcE1AzjDP5zJRUW76PMRn7ai9W.jpg
73315,Monster,/2JZrlh8kSnZFUzf6MVXbZoOZZBw.jpg
133784,Rhythm + Flow France,/fywhrJNTWC70f4xzUKGqLOS8dkD.jpg
3231,Match of the Day 2,/ftMUYGMA45FEAlRVMnYDuYdvWN2.jpg
98628,Washington,/1ynDi8x0n5c2DL1z6FkA7m0ebk3.jpg
32196,Kangxi Dynasty,/rPgnqZKK324uWuROAaJbjk71Hcl.jpg
106872,Bandish Bandits,/dX9tKay3T8TIwRrhEcaokllr41t.jpg
4637,The Worst Week of My Life,/kEDdTSq0YDd0PveNE6CSmyNrvxL.jpg
138927,Tschugger,/eRaXq84VxbP45HJJqsTpOjEJjox.jpg
66634,Wanted,/7rac6bLE2GrDXiJpR43H6uWO8H5.jpg
234200,Pinches Momias,/1LkqyZQf7GPlpwpIHbdzuVCXOUj.jpg
69306,No: 309,/jYOcAeNQgSj7gff73Lmc2Pdd1QU.jpg
128024,Unicorn: Warriors Eternal,/w0uHVrvCQYAWA4gj4j1GOCFM54a.jpg
43548,Fugget About It,/lFz1HYRPXw533n97bpSqJWq0BZP.jpg
94412,The Case Files of Jeweler Richard,/gJTCRJdGszMEoBukZf8wwvr7hrJ.jpg
31768,Knights of Bloodsteel,/kB5y6THf4q0L4ojcW7RvHroyljo.jpg
27647,R.O.D the TV,/d0oPRXZznnP3B9sovtlbaxU6veK.jpg
21556,Web Therapy,/32B1UJmPnjVwoX37sr4783xsXZw.jpg
11688,The Wind in the Willows,/ycCv7QZdgNtrhseUp1sFKUKZzvO.jpg
61173,You Are All Surrounded,/qlb4RfxgPIea5Cw22L9RzH1NWww.jpg
70331,"The Long, Long Holiday",/o3VCwUEz1zCciYvuVvXWed6u06v.jpg
77192,Stella Blómkvist,/yjNnZRsLs5HLaJiIyQ3y4ZSapwg.jpg
34309,Taylor Swift: Journey to Fearless,/yUINl8VPJRGxGYrhWAtl65gOV2P.jpg
75911,Transformers: Energon,/bNoznz2CDSWbarJ1NuT0m6zU2SP.jpg
94384,Nowhere Man,/cFt2MlgRizkHerAuQkBLyPXaZU8.jpg
9855,Police Story,/kMHPtFigTmiov5DP6gFN0Wpx5X1.jpg
76386,Ultraviolet,/3AAxYTjoMMBgu79bzMrilStWOoo.jpg
63270,Siblings,/cuhlbNBSy74kvErTfVp9wUeTJGq.jpg
13606,Mighty Mouse: The New Adventures,/ppRNd8w4YAv3OSOnIwu908adcw7.jpg
73606,The Opposition with Jordan Klepper,/eHmxHpJLDbhzbMbWyjowfCIy648.jpg
14249,Mistresses,/dXFMJ9qtGpt1eA8XoRAoE6X942h.jpg
136919,Universe,/wnJJY7yPFeUvi3PytWFvcbrK6is.jpg
94495,TWIN,/kUM9P2GEdd9M7cJD9RFDaKA0fDQ.jpg
2695,Hi-de-Hi!,/dCPIZ2tgQ0PE6tE1B3QYHLOqJv2.jpg
347,Ultimate Force,/616qGkxSeZBAX5t1fIO7h6WY2Ec.jpg
2020,Hey Dude,/99jgKf9X82jbSVMVVuhKKr187VL.jpg
153870,Shark Tank India,/kDZhUEwqWrRkG6W2Y0WIYTstb0K.jpg
105060,Double Cross,/g2CDcltzgWVrF5NlaDfAsAYlUHe.jpg
2903,Le cœur a ses raisons,/vhS1R2vZAH4bVKVneBwZ0f3R0lB.jpg
222108,Exterior Night,/9nGoCWZjKF7qSJZHjzkdSfkbBB0.jpg
133808,Ten Year Old Tom,/mayaOgDJUn6c5ZbVPpH6OnCZGYX.jpg
39283,The Real Housewives of Dallas,/9QDd7EZgr5cWfyEirSYxVBIjDkS.jpg
226706,The Curious Case of Natalia Grace,/nob2INC40ytwbMnHC2bneDz9k5D.jpg
156867,Alessandro Cattelan: One Simple Question,/mT5ZhsUisUjQM0ZF3hUieROXWe.jpg
98982,Thin Ice,/yq9B44vLMRIGlhW5bBROkJreAt8.jpg
117184,Story of My Family!!!,/sKYM0g7xzmy2DH68bsstUg2fRxy.jpg
65955,This Art Club Has a Problem!,/gCLhgNtu6rMWYAQIxMbgA47jWgW.jpg
61025,@midnight with Chris Hardwick,/eVvxhRtJzl8nom2rAFxg60QkaYo.jpg
10472,Austin City Limits,/qBVRuTUki4okdGOO5TJJZb99Q6X.jpg
16247,Nitro Circus,/t2s4hxwplcV3r7L6UcdKbRIMOAV.jpg
114649,How to Ruin Christmas,/shXZvITyeSbiH55UaUyp3ZMCBNp.jpg
95439,El final del paraíso,/1B2upXyWC74tRmg6UEtuvIm08rQ.jpg
206232,Unsuspicious,/aaDoQjPqlfsGO6LC76PXgrJjbNz.jpg
106899,Secrets of the Whales,/2g2CxykQVP6ol7lqa5kiExsARYR.jpg
37337,Pitbull,/vU0kLyAfdqynoYicwGuqXNkFewR.jpg
111372,The Expecting,/rHfAk3vs2ZRBNFFzQyMKKKxD7js.jpg
63498,Close Up with The Hollywood Reporter,/h7X59O3T4VWVAUzZ00LEpbwA3GP.jpg
2248,Butterflies,/AjzWayWHnSNt61JWwCfROpEq5tF.jpg
84552,Death by Magic,/ic8ANhZGZt04X8uB1pt3rTjVOZ1.jpg
153482,Raven of the Inner Palace,/eJI1hJsSJNkKeIBs34qaDCSFbb5.jpg
158697,Deepa & Anoop,/nLl1rMu0fWHqlVlzeFLWiTwTZjq.jpg
114294,Judy Justice,/4E8Rb9vPbixxC0ZdzSkvE5fpeQa.jpg
100659,Amazon Riders,/bQhhO0nSRlnHSIlQUuVUkO8YlKw.jpg
221483,Luden,/mGpnSPcWVa7ynIwdNmuwdGWseRh.jpg
32222,The Black Forest Clinic,/ovIHVQ0VNK8SG6SqI3aNZLAikGt.jpg
71007,ID-0,/26LXBxfhqj0GeukmXXdJ2xpBh85.jpg
87247,Bakugan,/go2IfyqSK7YJ403tvugctEQgjxQ.jpg
63021,From Darkness,/8nL4OTXbixDoLucsMnXSBXbpc6k.jpg
49982,MasterChef,/9p3sgMqNulDMsHbk2ZdOsWoJqTq.jpg
138981,Mental,/mQMzJ8rVbemB77knDcc2miGzZ5r.jpg
64685,Close to the Enemy,/kKPgGgKcw3bN7PO8mNJpGQAQPAL.jpg
3195,Gene Simmons: Family Jewels,/7L5SG57CeojwqldJqRAGldILAsv.jpg
44150,The Hire,/gpmhVICNp2K4n0tsGBqqlRiV7ge.jpg
6094,Fantaghirò,/dVNloL6eQx0Fv4KeXsSRb6GyZiZ.jpg
83542,Crikey! It's the Irwins,/9GilRQl4TU6qXcmSpi3yLG1ZLvi.jpg
49391,Young Catherine,/mpqnDQwmhOcEwAEbzAKMTKfb8k2.jpg
39249,Wilsberg,/haekMdm2WUhLeodyGM1jo5FSQgh.jpg
46337,Cross Game,/zxB623CNBYJb5ibsA85QmQopotY.jpg
68134,Anime de Training! Ex,/wdPWxokwuZvHiL4R4lNg3Xg2Sz4.jpg
70260,Urban Myths,/aiL7kSSL0XNh4j4TIE4pO97cLZY.jpg
95609,Kevin Hart: Don't F**k This Up,/ryPDavyhFj1FMCln4j1U6Je0PBI.jpg
65200,Nobunaga Concerto,/x0VmoTTKE7bMm9RNoreMG0xuqvf.jpg
156763,Crossfire,/1opiu4UYkPDwxmXr6IxV0Az24nX.jpg
547,Medical Investigation,/3bTy80VccV3suS9ywXryGakdG5y.jpg
70389,Seven Types of Ambiguity,/1dtGG7dH2rwNAC2gAzzcFz0YNZh.jpg
128301,Argentina 2001,/s3IoJEiipoZVz82gQET4lhZsiZy.jpg
62178,Billy & Billie,/a3LsRiEgGnnD8KdmUW6zCfMC8DB.jpg
2906,Cobra,/zLPql2lI5yUFbKMhP049QGD5RPO.jpg
76995,Mysterious Personal Shopper,/g0Vja79H9rOcSmmtzOaAT7fsytV.jpg
99552,The End,/cDaCNvwuJa8l31lwwZD0BxqyNzK.jpg
156644,Funny Woman,/7Oh4tGraCM7UgnmzCcSKeuXC8f8.jpg
51658,Newsreaders,/rGwdkncdJp1OGmmrKShCqaYzcKL.jpg
61384,Zetman,/4okKvxSog0DPYb61AbXBdojLJfv.jpg
16295,Pulling,/3ifJGXGlKv6amOjiE8Tq32jz4Ym.jpg
61211,Partners,/qdcPKb318gGUHwazSO94Tv5XinQ.jpg
111410,Cry Wolf,/xmgoRVXCWnXYf1xQ2b7pM4utGNb.jpg
74098,Konohana Kitan,/d6w9C9iReOHXSmXfNCPweURvCVa.jpg
73752,Edge of Desire,/f3M0NBUIridW73XranVm3LAJyEQ.jpg
52270,Monarch: The Big Bear of Tallac,/7RewhFMYlw6fHDCJgoisbFGTgvr.jpg
215307,The Traitors,/4U9W5w2p5P8k2MaD9L33BhISm7W.jpg
126990,Police in a Pod,/3ymPqgAHPW3jwBAHdxjjlMVJOI0.jpg
46669,Skip Beat!,/swcwu5M0xoquONxobt57hWK7U9M.jpg
31865,Undercovers,/1ElsQd9lz8bPArb8WyyC7pfoLVH.jpg
60985,Steve Austin's Broken Skull Challenge,/2X8w5Gu9OVPsLwEUtx5AIoOvinB.jpg
77288,Rivals Forever - The Sneaker Battle,/mDxySbeQ1IVZzuJa3mGH30iei7d.jpg
214290,The Bermuda Triangle: Into Cursed Waters,/zdIxHkSa25mxAWZ7OXYDnfFFuJV.jpg
108891,Shenmue the Animation,/owwTW4OVSG1IbU9gpVgRHbD6Dgz.jpg
12307,Pac-Man,/ztZcRBgDD364huvae7IAInoxLRD.jpg
1066,Three's a Crowd,/vqXiKqsU9Ziva3iY2022kSDHhbi.jpg
35700,The Island,/mEzLFnDrYSHreHtBeL7OIbWE9vA.jpg
203687,Bugs Bunny Builders,/llYAgSgJBH1EnC17e2d5WnxgP5K.jpg
85615,Magnus,/yvtZ45rTMjvmrw1nYN2G6cDgoyL.jpg
14633,30 Days of Night: Blood Trails,/A2MRqKCwr96tyrr7EBVLmXDNLOU.jpg
156775,No Return,/r3ccVDrDI2yWqG0Qg0Vhpyop1uH.jpg
220018,Fisher,/9hhiiKNjUofYdcVbukYYgT5itnn.jpg
62630,Love Once Again,/qqpRmfYwGaSzkqfmweFZoKAC0F2.jpg
93891,Shadow Lines,/sqMVBUMxxLEN4IY3JKhOZThdQr4.jpg
77312,The Seventh Scroll,/fjSB9tznUuTJXQk3cR8jZTTjYGX.jpg
97543,My Perfect Landing,/mlGLr6YCKfJWCLI5aIjuGDHCQJu.jpg
39680,"China, IL",/gxzKGspzftXVmhIquL2tYdt9ZU5.jpg
82195,The Road to Calvary,/dvg4EzBBzCXabrWOzlwOCA3l61Q.jpg
4030,Opposite Sex,/oYSX5NFjFbHPVMbo26M3VJtPYYl.jpg
36024,Ghost Hound,/mebvYDOMnnadzDDbJOdjQRnap63.jpg
106755,The Deceived,/nQzfgnvDQiBMdh1o7sPvZB6148R.jpg
35359,My Princess,/le1U5CbfKkOpuk4IIL0jREydXRf.jpg
10199,MTV Cribs,/yFKZWU5s4vTgw87Vm14h0GrtUkt.jpg
1721,Keen Eddie,/tURkYcFRI0k82PR4Gzj5RWGoeEb.jpg
203697,Behind Every Star,/eInV2LeBPEQMqsrnmzVM9ClGnDk.jpg
78412,Fastest Car,/6nDW5jb7G1TN4S7zviZDvhbyx0f.jpg
213753,I Don’t Like Driving,/9R58hivOW9BLE51Qy97xd2tfFqs.jpg
1768,Animal Cops: Houston,/pT5AqjPB7kxTDmaO5xsKpBpmD0U.jpg
110829,Cypher,/dVe5Z0CIfQcBvAv8se4NekAYtCg.jpg
62923,Skin Wars,/f6yCkIvmJU0w7Ai4oMEr5ViHQGh.jpg
68776,King of the Nerds,/1edLqHEushuMeEBBldqdROYHZbe.jpg
63527,Life In Squares,/xlIUAmsnM7slE0P5RXN4QDdAeCj.jpg
3129,Space Precinct,/j5Gdg0wmhWQQZmHmBtOyHEiPtaJ.jpg
2058,Absolute Power,/q8O8C2OsM0DIyGmjlev7XlBzGCE.jpg
105044,Heaven's Design Team,/pssa27KHi9GwQAn3BebhwoAlaIr.jpg
117031,People Puzzler,/gELQSCY5KKIGQAmOHbcgcRGNlp5.jpg
77280,Louis Theroux: By Reason of Insanity,/l1ewkDoUPAwqaQkDU1jwbq7yvPj.jpg
73073,Daughters of Destiny,/uAQVzQ7lZeC6SeomJoUgi0CGQu1.jpg
107597,A Wilderness of Error,/cBotXKdOYKEFNmGPW7N0vw0d5Dm.jpg
5744,Tokusou Sentai Dekaranger,/gnJMQ4u7lkySxahhuwZ96u69Vx2.jpg
87584,The Dead Lake,/6uyGqDiZQ9tiJIaxhd3Lk125GDd.jpg
93411,Bride of Beirut,/v85weOiO0S0navaklsCqisgKN3B.jpg
100857,Born Again,/6l4YkHNBANt0VfUIYrcPxUK1bNX.jpg
195237,Poor Devil,/x7g8NHyB7b9Vlj6NqtXGoQkwbsS.jpg
73933,Our Story,/10J9hDKtmASo9YFPUeOWYRO3ffW.jpg
157202,Super/Natural,/ahLDsYgJqLqBJW8iqpVIRfobkD1.jpg
18660,Miami Medical,/twgLSj9dJaiAJPVTpxG70iHhVBu.jpg
68432,Kindred Spirits,/1iWu5nDiY3YHTE6o5P3gVvDax2d.jpg
16859,Million Dollar Listing Los Angeles,/vGy9Wu2ISmD3G48Rh18Dkf282hX.jpg
43798,Bastard!!,/lzmCDRyDrpLo71nLLp6IkHBJgBB.jpg
35507,Marmalade Boy,/ebque9KJDaEtuSNkrc9qQfYVIhW.jpg
70468,The Dragon Dentist,/xnN2C6kud4T54AaF2bqAqW5IoWd.jpg
66809,Barracuda,/96PI6G2AKSnM8c8vOBQ6v6N2Doa.jpg
208527,Gymnastics Academy: A Second Chance,/1X7jR1gF5JSlcBAdNIofgoxezbZ.jpg
83591,The Degenerates,/5HZYXXaylpVLnFAc5fzHciM5b2c.jpg
69604,Revenge Body With Khloe Kardashian,/7sUkBqHKCsj63waPWsqTBE0UlVU.jpg
62521,Acacias 38,/6sNmvEwWQdEvbP233rPQQUb4tUT.jpg
211188,"I Love You, You Hate Me",/u2vhKXPOLqlVT3lcmqHvyrb1HFf.jpg
60610,Gortimer Gibbon's Life on Normal Street,/7rg22mGHtJkirhVEOTbcxTdWiqB.jpg
1584,What a Cartoon!,/7wSlmhJJwlGiYXPHkvByFj5PQ5D.jpg
70195,Radiant Office,/5cpANNfhpYNfPxvUNmQyvtMVTkQ.jpg
36025,KAMPFER,/aMYrlGS3jah1Eu3pvv0DhHV4f6H.jpg
64767,The Killer Inside,/tAty7oBwoj1YdCAShQAPs1IhUXZ.jpg
366,Tweenies,/vY69uInloqhFSzihcxqwkJPuK39.jpg
61143,God's Gift - 14 Days,/iVstA8C7KN6UqT57MJBO8Qwb5NF.jpg
25778,Family,/bPBeBzhhfbF0aYZaHd7ESe0TVwK.jpg
4715,Meadowlands,/vQAga1pYMKaUjPqs5MYUtxHErUK.jpg
124902,You Shall Not Lie,/66glWt0YL55LolAJgVvXSO95EvU.jpg
138948,Malevolent Spirits: Mononogatari,/88hOwyBbQGUqcRMFaTiye2S6MIS.jpg
2017,Phantom 2040,/8DxhF5JjJPk1SS6osdT09FEh5yO.jpg
13818,Branded,/8ACpRBnhTwZzmJ7K53nCspALyw3.jpg
203599,Scoop,/qo6y0XvSBlKM3XCbYVdcR3a6qyQ.jpg
70123,New Journey to the West,/gUTettmcgOOO4TtidGa0oydNl38.jpg
137453,LOL: Last One Laughing Brazil,/vVryBbAzZcP0SuF07oDi55cfQv1.jpg
10179,Dallas Cowboys Cheerleaders: Making the Team,/gZSwy6ByE5uY9pHsXVFqAzdobTn.jpg
2052,Boys from the Blackstuff,/xhAwRMLs3R0kJoj530RNRE9Zu5s.jpg
73538,The Murder of Laci Peterson,/4mko1zdwxDUQwdIWcLE51RMtHX.jpg
49876,Çılgın Bediş,/9I5UXo1n7b7v5DFOFuz1hfL6Hsw.jpg
155063,Blippi Wonders,/7uQIxacaoTsXI3eAHnvwmwCSy3b.jpg
137164,The Freak Brothers,/j0KFoZZcebZIGnodqtcbcRKiw6r.jpg
63322,Superb Song of the Valkyries: Symphogear,/g0jsgViN4aBybkgTmr4XgZHluxX.jpg
20368,Absolute Boyfriend,/Cpa9HhjuuxV4zKiXvaZxpMhQQF.jpg
180,Fantasy Island,/6KqXJr6J2bDBCwvMkRpsZxKYQiB.jpg
114809,Taqdeer,/cmkU2VXEBxLfh92xjXQsctTdFDW.jpg
127447,Ringo. Glory and Death,/hT8KLz6zRLfjklJErVEfHIpYVlD.jpg
65926,Bakuon!!,/wTLuAiUrAfNNt3RJtq0FOPcU1HO.jpg
70134,Guerrilla,/j5Cqh72RhEuspl3mfbs2mynefCl.jpg
72735,The Detail,/9Ec8QfalJdDDWoAGTTjMH1V3PTD.jpg
84665,Grimms Notes: The Animation,/2maz7RReUStEmwXV1svJhCwd8MW.jpg
214422,The Real Has Come!,/phV9ZfUD6tQM4bIZ2kqCIDoEU9J.jpg
14511,WordGirl,/q4zApVkqZQtjO2VBFGR48DWg3lK.jpg
62105,Cesar 911,/mplajKxJ56mL6VlUl6gWPA5gXJn.jpg
73453,Argon,/10owHXs2WFV5AlWFGGeq3U3nEzX.jpg
67013,The Highschool Life of a Fudanshi,/p3B27eOXibFnpSuaxDPhgOVc1wo.jpg
12272,Thriller,/lLrNBo5Krzu1oNlxEqKprk8UW5b.jpg
209922,The Woman in the Wall,/f54pcD2UuOLOV6SwW790Q1awidw.jpg
73214,The Story of Diana,/tNP5Vo4dfCHeg4ob5naikAwnw1m.jpg
65420,The Promise,/uiTOM87Jsv9FS4W3UafkusuO5xd.jpg
65704,Idiotsitter,/eYkfVLTFISg0wfra27H0R5YvpW8.jpg
62329,Nymphs,/g2lFNXj6vZamEAIliBdLaxMS3aJ.jpg
2400,The Red Green Show,/rrDCC0WbGgSDB5pPU1HvllrygNh.jpg
4308,Romance in the Rain,/pKWgTMPfwt4H35VAOXIy2PqE3Ws.jpg
93192,Rise of the Nazis,/fS208Utv7BgWwlvGf1X5xF4pfPV.jpg
73598,Kill Me Baby,/roi29pllxcLud3wVAky4msljKE.jpg
67170,Zindagi Gulzar Hai,/74FidiY6W3swBY8dE6TGkN1MYef.jpg
123417,Ultraman Trigger: New Generation Tiga,/cUb3G3rrOxmDTL9L2kXWc9mzf3n.jpg
78570,Corner Gas Animated,/zXftWA3LqP3PzCbA8I6JhlNlW5w.jpg
79876,Over Water,/dBwftNlRGHcCMEWzAbl8dg0APZ7.jpg
1596,Bergerac,/rmkzmJKhv1mNS89y0ZkSx2BPimf.jpg
44956,Bridal Mask,/5EW5VUeTicxFKy4ZL8ugkRV1cxq.jpg
194929,Redemption,/k2u1Uyvz1EKz3NRaoNTpaigqll4.jpg
130838,Crime Crackdown,/rfD6BrWqSutrgeOFQ34gvBWxrjH.jpg
6850,The Premise,/cJZatTCCcaHkrSJHOVF9xLOFmni.jpg
2181,Route 66,/6T4wbgACiIggTUIcIwBvm88MDKs.jpg
31441,The Famous Five,/lC4oVuewZGTglSbIoDooI7HWinQ.jpg
61507,Dutch Hope,/iWgCMHfsZiiXienGKzIsfxypJ6i.jpg
12883,The Ghost & Mrs. Muir,/nfcHhTRlWYv4TQD2xWR3InBnWLI.jpg
72764,Distorted,/yT8eIJmReu3EMn66ZgT6O06OJWN.jpg
117954,Awakening Age,/irnWVsvW2RnqyhaIF18gK1fNeRt.jpg
27275,Place of Execution,/7gTDGRAtRt7ILTmCJSIVsDcLDHk.jpg
125027,Human: The World Within,/fvhMKnzVhknRMRE6bz6dhVRHH3r.jpg
72707,My Golden Life,/n04DUwIbWuvBrpzLh5H3oszLMjq.jpg
79342,Miss Hammurabi,/fa3lNbQQWIZw7zenNRuh4Nsu0ad.jpg
14555,Baantjer,/5R9rzh0eaFWFCfVJt9JdLITpjKt.jpg
53297,Nyoron! Churuya-san,/85BghSKcTxWPlyXPjmEHatVxG4r.jpg
74660,Stiletto Vendetta,/7GOqhzNWIAwBDH4iY3E2w1XY8h3.jpg
46231,Akihabara@DEEP,/yTeANXpU7Q2biinrkIPCDHIcYd7.jpg
75961,Mária Terézia,/vmeULvlcbPU4SVyANslh9PecDWe.jpg
35519,The Presence of Anita,/ydrjCb8C8KhT6Sk7mk8Uggtfo1l.jpg
7151,The Fixer,/fQFGiQHmbYgeHLDnvq57uDUqFW9.jpg
28853,Girl's High,/3UCmPslDGsMZkul7rFXZUDTjHTR.jpg
64054,Wicked Tuna: North VS South,/pZLdxqTHRvXD7DNXQgjMGAFnZKD.jpg
228547,When I Fly Towards You,/mjCChwZcEZ9902tUAG1hWZlfOHm.jpg
97121,Ghost Adventures: Screaming Room,/moYtOsylVicJMMQJZnWuhrhA5yd.jpg
67050,"Saimdang, Memoir of Colors",/ubVZJWnkfKjcLXduRweYY3u1wYn.jpg
14076,George of the Jungle,/j8Bh9getcnUEDVkBquTZLJ6VYhH.jpg
4935,Roar,/3xJLEhpVEN7aLsqJchbhzGOpRLv.jpg
1245,Harry Enfield's Television Programme,/1wTdEKv2i1DPayunRaDWOR4d3NN.jpg
132752,Barbaros,/1VqjAWF5rW431wY4eEoV9oIyx0L.jpg
28312,Wild Russia,/ymCHIuHZOQjcdwYjB6xrhLHKHo.jpg
211260,Hit the Spot,/2vJJUyfS9EfWf6A6DxPg8mdFCFD.jpg
73010,Under Pressure,/nv9ay0scDNf92evgnyNejpnifZ6.jpg
65927,"Dr. Oakley, Yukon Vet",/v8ZPjONySmVWFlD9JzLR9wwCJvO.jpg
10817,The World of Peter Rabbit and Friends,/jWpHT1KYvb34qrZZmrw4GeJAPsP.jpg
17425,Delocated,/daV0YFc0HNwm2JSDN0zwKm3kPe5.jpg
153268,Supernatural Academy,/9ZCngZIuBPaocJyiQHlyFecUpru.jpg
704,SportsCenter,/5vND6n2S47U80S6Zbxyslk1RUm5.jpg
43004,Tenchi Muyo!,/jQMDb6sS3IpWOZNkbPQZLLfNM3w.jpg
223305,Amityville: An Origin Story,/uydSkjtL2O0FcEOw9vIBTsrjCy7.jpg
90725,Exhibit A,/fqyDyPlvovDP0qxKs6l837V804p.jpg
101588,If There Is No Tomorrow,/nFmIIoOluqvv60BV3QAaDDKHh3z.jpg
61596,Drifters,/cc7HnXZhCoRahXCLCV9en2io1Mu.jpg
2559,Boon,/xjbb4DLt9dnjNvSFWAy3rNZQZJU.jpg
104614,Ghost Adventures: Quarantine,/yVzQUO4r2fR4bBTrjioaLpIVJ9Z.jpg
91862,Sex Life,/huFQvDBX5V8bfK7uiCUI6iYnEbE.jpg
224784,Farscape: The Peacekeeper Wars,/tlKtmeLFsM6hH95gv6s18Nf1sK8.jpg
60817,Daimidaler the Sound Robot,/7becJ8vETWWXH6p40efr44APCvo.jpg
2027,Mysterious Ways,/hyt3CECCEmCyyY42ZmEzasMXyfL.jpg
38251,Toriko,/8NyEmf5xB1HSYM0MzADv8mjUnc4.jpg
63787,Angel Eyes,/l4O5DMWL806Ty6RxxRDzYysvb2G.jpg
13050,Flipping Out,/lk9XTcvn4oymQxgtdi3ktKmPXmE.jpg
95224,Apocalypse: War of Worlds (1945-1991),/cBQQpqEGiFmK7qZ2id9i1AQQGcZ.jpg
28599,The Capture of the Green River Killer,/tawUkWbLQ4ZGOAfLeX9rEVR1LP1.jpg
11110,Liberty's Kids,/uAJYUum6922FcIlLiOLbJGRqQTP.jpg
46161,Vale Tudo,/mDcRbUmRtri8ibccK19C9vYslxF.jpg
10851,Slings & Arrows,/fRZycR6zj0kYn6ddpm9a6RCbNfN.jpg
60828,Mischief of the Gods,/eGyHddc7V6DRrnMg55RYAirIZDC.jpg
41066,Ijon Tichy: Raumpilot,/yrITMB8eHEvweHzZtCKnQDwpAp8.jpg
222922,Jubilee,/l1mIwrnnU80KGtaKDHgDFZs1DSU.jpg
87392,Quem Quer Namorar com o Agricultor?,/yoRTuyC2cYLXJzKct9Iql0gcCL1.jpg
46083,Not Born Beautiful,/du9uAsR3sNrhLSnM8oQdTNJFt6D.jpg
697,Challenge of the GoBots,/bOPhNDZB7wA5uHjtn1DH5TjiT9g.jpg
99119,Mirage,/ocXdJZ11dRiCc17TxkzhSBhcQ2J.jpg
4475,Hogfather,/nH9kXeiWMhjDFXTKQLC8QqqKN2J.jpg
27866,Ef: A Tale Of Memories & Melodies,/AoxyuMX7gQqw2tdbTYaMIO6HMZ1.jpg
62082,Junior League,/8k3QsusJyURsbPZ4pwXIGiF0K0L.jpg
40663,AIBOU: Tokyo Detective Duo,/8u8rCCeuBufMQ1VlGX0lruhDaPR.jpg
120057,Monthly Magazine Home,/qoJLJhbQqlrXNTjwm8FcTHwnR39.jpg
13899,Laramie,/gZSnbWABcJ98UP9kYPjUbZ6fuDH.jpg
63464,Public Morals,/sogCeR7biHJcp4AFoVt0mWCOCcY.jpg
345,My Little Pony,/tkVztC8YKR8JSIHgwRWD5boViBJ.jpg
90522,Love Island,/46gYkk7qMmmacyrYRPesonseQqx.jpg
61499,Marry Me,/iUT8oHqb8N7jqaZCU8NpRlylZFd.jpg
15080,KVN,/uIUqROdAJQlMcQ126afIfwTIcbd.jpg
68962,Pacific Heat,/3rhV69hqsUCoQA6crVMM4yMkNdO.jpg
95543,The Rocketeer,/jtXnWs7zOyde3VYEvz9eDWGPvZ7.jpg
2466,In Justice,/6zL3cDoaRrKrxxVzyMtZIC5ckit.jpg
213463,The Best Man: The Final Chapters,/lpInnZep9PfG491qJtZAIbAEF7F.jpg
21699,Desperate Romantics,/cxqyzO1L5utmVX1tXMlx2hoJ6rS.jpg
93831,Laetitia,/l6c7ro7AQHHdYRRNe0FWGiMqyGg.jpg
58660,Mr & Mrs Murder,/3EBxin895amLlror12k5MpmRVn5.jpg
137004,The Motive,/sUl3WDHBjAQn0Wsf4zUeE7XHSRt.jpg
9311,Seconds From Disaster,/rufC0kteg9OmYA2cbRf5AHZzy3.jpg
44878,Suskunlar,/mNfZtq3YujsbuHdmXK4I7UrdWb3.jpg
64958,MasterChef Canada,/qWEFvkZya75NYhJ9ilPldflh9q0.jpg
63214,Supermansion,/Mv6oIo8bkWATYpZUzzvxT63Qyl.jpg
14766,Super Why!,/lJttSVfKx56a2wN2pg2yR4IHzwy.jpg
60814,Blade and Soul,/Aheo8qBUXTFSppHdgkZfc7fIovB.jpg
41196,Hausmeister Krause – Ordnung muss sein,/yceg59jWpahp7El2VRCjIkLchUt.jpg
54310,Plastic Elder Sister,/vH9JBLZzvhFXjYFSoiPWowiIZc9.jpg
7237,The Worst Witch,/qlp6neUawjm4AfGq8mkL4pn2P0K.jpg
63864,Mr. Sloane,/qL7dx4TiIsbrT8AQIk4eTSc6t8f.jpg
5281,Bakuryu Sentai Abaranger,/oKvauf15zNdThK2HqhG4cBe4b2C.jpg
7407,Dennis the Menace and Gnasher,/d9lcuWdQNmQxnrw5ehAAUzOPtsO.jpg
91121,How Do You Play?,/dJd8LFodX9831AeRD3CzWklYcS5.jpg
14891,Kirby: Right Back at Ya!,/6Hjv3JQjEnMgEWIZ6QQOS2KtMZJ.jpg
8943,The Death of Yugoslavia,/pPnXvse3vL1dvCOiksZbnGFD3aR.jpg
398,The Last Train,/mUoU7HaG7fjyOcwJvLJIPuh1jk.jpg
125412,Errands,/hXu11FiEED5CYwf78A8WCqa2kmh.jpg
28104,The Awesomes,/g0k81yKURYRpw3wFawiYPydlE9g.jpg
53119,Minna! ESPer Dayo!,/fPrEXgiOtgC9QZ2BJgfha0UJQmu.jpg
7972,Dumb and Dumber,/wHZbv2ZYJ74F5Vms1QSS09Qw1tF.jpg
90788,All That,/yjZ6fYxUiHxwFYDbjLjI8rugXJy.jpg
155459,Unlock My Boss,/8SmsIBU2v4AWNNhFi5qfSUOT4ZN.jpg
65210,BBK/BRNK,/3Mi3N7l5X9Rm5U1lUzC4vD526zG.jpg
70220,The Package,/7PGqU5uLWOoUST15ED161PHqZDr.jpg
78152,Dip,/rybfoCnSY09h8aJSU9cE79zqvIX.jpg
124791,Bunker,/k9XtMkit6yjXMxWD2sp5p2THWu6.jpg
1319,Calabash Brothers,/nvcazlLfe8jg27chKzISdCP0KWB.jpg
53128,Hormones: The Series,/aP2HUUax7fpz1Zlxzw7AAlhZLNk.jpg
158865,Blind,/dJ8egkMVuFMtwsHDX6zonwxH2xx.jpg
70702,Two Years Vacation,/rYmdYvwjKphPPLHRAPcfkDwBKNa.jpg
121718,John Wayne Gacy: Devil in Disguise,/3LZHmVND6WyY0bhoLlyWPRl5Pa1.jpg
5877,Pandora's Box,/2vFwXMA2xDSYQZK04iG42I7855P.jpg
29310,Emma: A Victorian Romance,/u43TPGInj6J6onUd415oATvoPgS.jpg
556,Good Morning America,/oxLO2ROvzS6oGNFaweV745wynP8.jpg
36562,War and Beauty,/ccxGrCFrxAKRxVnoi0k0bnMYBHD.jpg
44446,Al Bernameg,/5IjRO4rRCGPBy1BsLo6fL7G8A3V.jpg
5864,No Heroics,/dTY9jqgxunwwifCtDwUWjW4gN4C.jpg
4060,Medical Center,/qxjZg4q1C9BrnwOY7WzWsuwsfjC.jpg
62824,Clem,/c6Ixh6NsU89VU3T4ydKcn6Dzn44.jpg
201889,Kubo Won't Let Me Be Invisible,/kQBRkfuByQVww9R51SeGsgDOIat.jpg
87856,Jesus: His Life,/7gO2Foa4qzqf5riQO5F8Rq2SUWc.jpg
39756,Drunk History,/gfz718EJUZXHerFKjwJ8WGrqIV7.jpg
34188,Princess Lover!,/rCpJWhIezs1HEp7R07eFwiEBNm8.jpg
62696,OniAi,/gHaRoBJfNhzbzq6B0R4Gn4nq1lc.jpg
17362,Dr. Kildare,/1zJFzPsnC3ih1sdY25XbHactXiB.jpg
1,Pride,/9Ub2BwnLYKoiSaQF93ItyXriCon.jpg
19311,Charles II: The Power and The Passion,/5ZeWc9b8ShRdbJSY2NR3XkI7zoX.jpg
90424,The Hills: New Beginnings,/z2HdQdvNriWQyOmOpA8bdOuUKuJ.jpg
83122,Kemurikusa,/o8RdaIzATv3pzHVtyIyvLS4rq1W.jpg
63011,The Journey of Flower,/64asTN3V8An6FqGMsLTVP5yK0q2.jpg
11890,"Goede Tijden, Slechte Tijden",/eQj2e8Nok6LCDO1dJXqNUkVcNby.jpg
10918,"Wetten, dass..?",/4i8719B3j4z5U5EI1mjw3sOjBWe.jpg
71497,Woman of Dignity,/l7UKAlTPRcLA93VAedVzQ9GX2y8.jpg
106084,They Were Ten,/vowNBCgOrKVvAI98KVzDdCcBCdi.jpg
2044,Madan Senki Ryukendo,/k2Zu19nKv7bT2TBw8mpYaqhUEYy.jpg
210674,Roommates of Poongduck 304,/30j5IWdw5u6XsVWmUUscOmpVUNu.jpg
85999,Wu-Tang Clan: Of Mics and Men,/r8Sl0EAH7m2BCRYSjq8DNfSSVZ8.jpg
61574,A Mother's Son,/spqETTrL69k6heBkBolmw5ZIAKN.jpg
7547,The Cleaner,/huLx1P9ByuzQWah4mtSAqiSnzg8.jpg
106935,Kiss Goblin,/1cRHbcm77dBvqMGvHOJgjziteqZ.jpg
228001,Hijrah Jannah,/dumuLQuZXc4Mspnyf1u4nrCdDAO.jpg
219053,Too Hot to Handle: Germany,/ffw52OgJiryYR7XiuEGPGOl9g1z.jpg
54558,Unsealed: Conspiracy Files,/db7RZ5MTJO2mS3zvBqJEEShSRAU.jpg
58479,Upper Middle Bogan,/pM4qvHRDpAiWUAaQ2PlvI3z6qmo.jpg
138116,Villainous,/thmEMeCQvbqeN3LURqxaIBbJjEM.jpg
131589,Too Hot to Handle: Latino,/tnW1J8sg0W8WiL9083tSW6K0yL3.jpg
71564,Duel,/slU4E2wHaGNs6ZoqpdEq3mUK4cQ.jpg
68549,A Crime to Remember,/yG9GlL0kYqo4gkgPGAJelXr6yhD.jpg
110186,Song Exploder,/cXxyhrCUFY4TXtFQIxJOrtmMV0O.jpg
73,Ever Decreasing Circles,/uiqsdY2sEGLxLyU8YnPEuLIvIq0.jpg
887,Space Race,/4YOo6nbtwH1yN7Eb4aaERGIEGWj.jpg
95192,Punky Brewster,/ap4hlAB5pZn7CSJAtSs8GjpOrpV.jpg
34304,The Island,/4P2DsOuMBl2PRYiQvKxG7IkXQfp.jpg
7815,Last Friends,/MCIQ6o2cAXUd7L8tn3z5pVG8Ev.jpg
112440,We Are the Champions,/pRdIwngObfH3yhtoYLbt0QsR8wZ.jpg
42502,Brave 10,/bY9AXfGAT1WOVItw71sm869zn5B.jpg
79064,"Rich Man, Poor Woman",/77PP7SfgONe8AgdTHXg3nHwExQo.jpg
2208,The Mickey Mouse Club,/rXC5rbj05g56U93LQsllj3ycF8k.jpg
76835,Bandits,/lpU3b1brJxtAWSU4ONKrHEgoAWx.jpg
93704,Trigonometry,/1VoKtxF99V0mige4JtWnPfEeWgV.jpg
8939,Kenny Starfighter,/fRQzhNQi4iOvgubyhCBV5zEPohV.jpg
10305,Peter Gunn,/hE0Un65f1k11GUQTCqk7s0hzokY.jpg
64500,Empire,/sdLoCTgidFSVzzKthQwzmNcAVS0.jpg
118285,Lovely Writer,/A3BhNxkie8WGuF3909sciZPgqZG.jpg
153697,Ayakashi Triangle,/sio2EmpowZXOtHv7bqB0gv9AZ0u.jpg
58188,Instant Mom,/8SEtj4Z0KItjFb0BaUgDOvgkIlO.jpg
42336,A Casa das Sete Mulheres,/jhMEYknTrAKgjsxQQpSNafKU31V.jpg
67233,Wasted,/pKKAYHgzxfO4VawwHBVJ1g9nxri.jpg
83292,I am Bartu,/bFCM1bCWdgTy8QNxG0fR2HDnuXo.jpg
71494,Golden Globe Awards,/kwPQHGHTTgJ8x5KTQDB8F2T4dzC.jpg
153307,Surfside Girls,/4UsNYs4BiEy3hQd76fCmAOYIZ97.jpg
68079,Magical Girl Raising Project,/yXna0rYhYZfsCk0MGZmScavoQst.jpg
2681,Off Centre,/imDCSdyfz4X1M1mwCQn5BDVRCea.jpg
7,Bugs,/Ae1vRALxdMwxvtCR9YgvpKSHkbS.jpg
46010,Evening Urgant,/hnrYoHQJdO91MLv1nECp3W8P36q.jpg
70634,The Rolling Girls,/9QuzoUebSW3xu6F40tYOb70rODt.jpg
95885,A Mother's Love,/5FGuE5rGu9OixjmDHuIaW2ld92F.jpg
63929,The Village: Achiara's Secret,/layQ0TmOUDPVEOsP3XPiR7C1LQP.jpg
72095,Fear Factor,/jJ7rgZSPSRKvZKITrC9moKZi72J.jpg
2210,Tarzan,/7VqtvdnT5INWyS2iIqNu49dDwC1.jpg
195900,Mai: A Mother's Rage,/2x2lwLB91579qtOVpHJkxJ3klSs.jpg
82682,The Girl in Twilight,/df2BpzYyo4p4UrD12NGu1mKhkMc.jpg
118824,Everything for Demon King Evelogia,/6Juf2mClD4JpfLVU2YDjLKzFd9E.jpg
64012,Midwinter of the Spirit,/37OWErAZXBUpLAL6Y8pcSHWZTRh.jpg
82656,Best.Worst.Weekend.Ever.,/bnLPmAawX5YVu30tYPbIiHGTkv8.jpg
88273,Gold Rush: Dave Turin's Lost Mine,/pwuI6fytScPeDnLpxFPLEZXJYYU.jpg
101973,Workers,/rVaNlykTkQvJepWo87nJxf2xISq.jpg
96919,Atlantic Crossing,/kPJgbaxEWUOsZpfJlnBtDNOH6uX.jpg
83859,State of Happiness,/87L3UF1Y0gAMufigq6J9NyKz2xg.jpg
35105,Gentle Ben,/7YL88UAWazsi91wQbqRqJ6N2PUs.jpg
31254,Riese: Kingdom Falling,/mGA7lqZ3AKLOPQ8KmjXRYxx2V41.jpg
62108,Ordinary Lies,/1X7rtIG2x5ExfCRgJrTZG75C6BS.jpg
31952,Heavenly Sword and Dragon Sabre,/1u3mRlDQWVbrZB8FtNRpYFYTIBq.jpg
66240,The Flower in Prison,/exEyu7QoXweu45giEzIk6IqNfz8.jpg
65267,Halfworlds,/A1fodBNgyaWok6dV1QjTirWo6QB.jpg
106868,Bad Genius: The Series,/zYpWGXTOGWHg1Fs2zjmgRJrnHT4.jpg
80251,Produce 48,/hJ7LBa817QEr7TBi5eA7t6QcsdQ.jpg
131013,The Ms. Pat Show,/sLNldjTfJjVWNE9SuIYiaXJf2Yp.jpg
38167,Mary Stayed Out All Night,/yp3Uzctyy6Os5ayxklv2EtnUw2M.jpg
100595,When My Love Blooms,/anfprOg09SpMcA8bWsDhZLdbHrJ.jpg
67794,Rob & Chyna,/zmulX5zdGwIciDzRWH4zCczCV1y.jpg
37392,Arcadia of My Youth: Endless Orbit SSX,/j878WnSrVaJB2LznHkqQ49GI6MX.jpg
74145,Ride Upon the Storm,/8eqZPWEZCD4lkRgw2KMQlL13LnM.jpg
83165,Meet Me After School,/mU5baLDpeMz9tH9JD7yZzRwA6Ru.jpg
77700,Girls Incarcerated,/l693WXpW8Zc8RaAovfvBAwNEFSH.jpg
225732,MerPeople,/lWIcDfmMOWOxGqMG0OPytMpWWcr.jpg
66147,Section Zéro,/8cCcdwqEtMvgTNrmHAQ2XQeL8ti.jpg
1521,Quark,/jzHndascxtvxE6FtAczjIymckS7.jpg
38806,Kemonozume,/7HXXQ0WUpvpM5S79OpbcSiXtUku.jpg
63813,Blue Eyes,/xEAmFHk761J0XeUE1EX9YiWaQOo.jpg
229736,Sugar Rush: The Baking Point,/rzNM1JFQviIc9u0PBDgqGk1TPRg.jpg
62623,Murder in Successville,/3yfXiwhU0hIGX7zyUw81C46ZRWW.jpg
90407,At Eighteen,/AbEoQOZO6xnXg52Ehrd8aXchpLF.jpg
21678,The Colony,/4lR1r8oXVWR5Kqut1HYQxojDpG.jpg
32220,Pasta,/jhSGibYMV4xEVomQLgZsXwcaoLd.jpg
68892,The Rebel,/posvP9SXFXzTzAH0pj3rbRk9Hj1.jpg
73102,Madicken,/5FGA8O9XqTpZrR4huItebsUrqOZ.jpg
4554,Raines,/qBl0okmhCzSZT89YfYsvBYyKrzu.jpg
24458,Bamboo Blade,/smMmhAW1lZO66yjsywiMmK7vEEW.jpg
84111,Prince of Peoria,/yeSeRzUnFpwYIbGVRYgu19XpHPr.jpg
79012,The Woman in White,/fra8kaDIpWYdsQrwyctqHWetIWx.jpg
197097,NINIS,/bNxQH1djoq4EBV2699Nz4kdQENu.jpg
194831,Immoral Guild,/lDqRJgunhvkHLJaH7BZjVtA1GzA.jpg
64817,"Belphegor, or Phantom of the Louvre",/5JMgv6MvyOKWSnEivw62gn9vK5.jpg
7290,Fur TV,/44ItgUyztcxHy1S6SZ2GromKO9H.jpg
74461,Louis Theroux: Dark States,/r6ssEhTlXLgmyoC8Giivufs4ZYg.jpg
57285,Quick Draw,/3WWJmF4zLCsyy14xBOtELxn3hcB.jpg
61913,I'm a Celebrity: Get Me Out of Here!,/kFByXOpdP0aZokUPC16c9oWb5uN.jpg
1956,VR.5,/zm9g7NCYIJx9oD8m6oybB3wfaR6.jpg
62771,Clipped,/cQqhmXvfB0QQl7fLz5Pila7zbuY.jpg
154598,Patient Zero,/2Cnip9JnImYU9EhYKwo2Pki4W6d.jpg
65434,Chelsea Does,/6t8ONAMcJMWw86KVRzZ2dUTP2fA.jpg
196142,Stonehouse,/7xmnEX695cnHmug9biL9J28IW8l.jpg
34162,True Tears,/ni8LxxOvCq9CadRt3WpqoiBgyX0.jpg
67556,Better Late Than Never,/13AQ0k3E7zwIc2zp5c7luXVbsJg.jpg
46127,GTO,/lfPg2GC0FgZ63xghEmAWPRL3cp4.jpg
194637,The Control Room,/r0broJNWX6aUkZLKOU8wDTfl3lu.jpg
138600,Saturday Morning All Star Hits!,/vHB2sMGWVjknajaKYhRPutJyQDd.jpg
40030,Storage Hunters,/79l4pF26V8XLGre1BzBiI8dl8ex.jpg
90617,The Bravest Knight,/shQOswlI6DQPmy0hmSBHh91jlhQ.jpg
32066,Geronimo Stilton,/eQ9WP2eG6TOfQbwViq1ZISxyrFT.jpg
98842,#Luimelia,/eC7RVaa4DVtbRRbX04smp9HMG2r.jpg
75986,Servant x Service,/o8xU2PnuJlNJlo7krWgLMEVCF3y.jpg
88393,Mighty Little Bheem,/2iw5aWhN5quKEE4j59AKjOlzR6B.jpg
61658,The Field of Blood,/b0BMFly1L3CZpwX43sWkRh7hjTQ.jpg
93005,The Murder Tapes,/435MrSukGQU4kF1deHfo4SQt6us.jpg
39103,Braxton Family Values,/oEvOwtfoyTcrRqznPFZix7b9sSn.jpg
45311,White Christmas,/3uf47BQ9nLOZti7jMJvSqohcG9m.jpg
46019,Roque Santeiro,/rtNRUE7oqkvmPIrS69CsE0CL7u3.jpg
121481,100 Foot Wave,/ubwVtWy86MmIEGpOOlzSdyUB4dn.jpg
86936,Ms. Sweet,/dBqlrehZmfmR2imjoYXGYBtKnou.jpg
205783,Bee and PuppyCat: Lazy in Space,/ki6vzzyqC8fkayJnHa9v7VnqTNd.jpg
35461,Sound of the Sky,/pDylWLyaVoQp3Zlrg1366c10OLD.jpg
81372,Crashing Into the Future,/3CMGRvCZ4fAv8l90p5WFwQuoG34.jpg
77652,The Crown of the Kings,/tPx4pZVi2SwWbq0apgpJwfAZqW6.jpg
197427,Savage Beauty,/nT9TdyMkIp9UpsmWbwIWdTUFS9Q.jpg
105031,Jim Gaffigan: The Pale Tourist,/zmfHmgq2iit4hARSGcCUC3eDXA0.jpg
206816,Death in the Dorms,/xwNn6YDaGsoX9QYyeKqAXqIGtsz.jpg
92999,Bauhaus: A New Era,/50Z6XkPSzM6bpeUeLrqLWCR6QpF.jpg
46056,heute-show,/y7SD3fDHBdhEyeXorsXVM5RKU4K.jpg
52069,Tattoo Nightmares,/rkaMsKgBGmXB7JH4BcvFNQ58FfF.jpg
43926,Wandering Son,/eh46V76Xn0aVJvc9i7l3ELSCQg1.jpg
63692,I Have a Lover,/7FoF7JjWVVIj16lcli8BWpbb1fe.jpg
123901,Crystal City,/iYzGugGunPPEGLeIGIbM3gzRCqv.jpg
229229,An Ancient Love Song,/s1BUcxuOnlG8b54XqwN9N2tTdES.jpg
12453,Desmond's,/h36V4F5FltqnMY2P9eRng3cm6yM.jpg
3605,Laguna Beach,/40SJwdcrq4AQb5EWMRSbfb23SKI.jpg
6143,Quatermass and the Pit,/mtcmZEcsFiczV4mcmOQ2yYWMm06.jpg
154404,Sergius Against Evil Spirits,/2Lzl3uM4DDUJOUxi3UVb7pG2Xne.jpg
81425,Talking Tom and Friends,/u6We7ht3z8bSIaUF8P7DEwopOPi.jpg
67273,Fantastic,/pRruFYxTtywm1J5u7SOTwPs3omN.jpg
117549,Please Feel At Ease Mr. Ling,/rYquBAJqfHuHdPQ1w2YhISXPb9E.jpg
2330,Mickey Mouse Works,/iaqRcfPLrhshfSvWV7BJ3o8bYGz.jpg
133302,Close to Me,/ofA4EBwr8LDoXcFJCBjmk4j0OeE.jpg
64884,Jennifer Falls,/6IttEAmBO5AOPpG7LCxv1KzyLcQ.jpg
96907,The Masked Singer,/olQM8JgKxd34QgTZSUXYNVgMeAU.jpg
64465,Infidelities,/fD7n9P3F8EumAxrpnRdqKnq9GR1.jpg
126441,Before We Die,/rBz7joOAR4SYm7oDElynmhziNVu.jpg
136748,Leopard Skin,/5U5EscRz89quJnLdNgLEbhQtO18.jpg
105301,I-LAND,/yUFsaPjU5ovAvobWjRic94LEVf6.jpg
19458,Into the White Night,/xPQN7ry6qiDZF5aoaKPfC7IP1Oz.jpg
86558,Country Music,/hT4El65ShM6fzQ2RSbvgW7Bf8Qs.jpg
90234,Sweet Diva,/9WXkn39mIIOT9dFsQJMczk3PeFJ.jpg
63023,The Spoils Before Dying,/AhIFPJBUge7H8gAO1JMyZZLg3tt.jpg
67433,Ozzy and Jack's World Detour,/3ti0yKOajMdQ3a2IXGZHZpU6Bls.jpg
608,Bo' Selecta!,/fGWYALZ4yi6lVX4WbCFVzYjstog.jpg
13505,Cold War,/14IgYtsAEbzdYwXFiNCItIH0epc.jpg
156861,The Curse,/kGr8ulZ31zzidZUHxihjgNCxbjR.jpg
65076,Pesadilla en la cocina,/fUC5LKaSqe7eZtzAm2PdP0kxj6O.jpg
68319,Desus & Mero,/dU33kLbobmzwWTk8XhmkbMgR0sc.jpg
100002,Twenties,/1OdmKUouR6xCTfoDrqFNqKyiWQP.jpg
64298,Strictly Sexual The Series,/1I4KLhTan73xet1ZVakf3IwbbPu.jpg
31955,The Condor Heroes 95,/pkUGghGufdG17N601kD4m04LDNw.jpg
113623,Bossam: Steal the Fate,/y6tKynnesWeZqjGQSJzkKz16F6E.jpg
6513,M.I. High,/gFAvKUZopjfkHzmQNDfjmcXVDCC.jpg
2619,A Love to Kill,/tjttqFsLkC3vEroAbqOZsFaYDdq.jpg
65083,UFOs Declassified,/2IGCbZkZqwFnO94WnTjNjFhG1rc.jpg
29642,A Very British Coup,/5KthHbeccVV37Kc74W95ha1rYtA.jpg
105306,Dirty Lines,/lXMAbn4wVA5JPHifaUF94ntrx2Z.jpg
157312,Everything's Gonna Be All White,/9cmQwNOE6eI0xDDw9YIa41g3Kk2.jpg
22657,Flodder,/bnf5tMHr3npFdj5tUWGXbx044k4.jpg
20653,Spectreman,/lGkAOJ50swr8zesYRyVDrb9Pu9k.jpg
74556,The Flash: Chronicles of Cisco,/bOtZcYsBkgwMJQ3ULweCW8wDpdM.jpg
129019,Lie with Me,/lK34ugXXc5hxlRvFBEpyixuJEGU.jpg
70299,The Zoo,/7Uij8is9LXZdJ0jbXIUpJVjHuiV.jpg
73820,Killer by the Lake,/eqjiErAVHAovK60q0DHWe66BN7U.jpg
41652,Tree with Deep Roots,/cBM4HLNMQs1UBrORf3T3tfEtuHz.jpg
71026,Super Wings!,/lu2DNsIQgn1Jb6djHvrqJSUQXXl.jpg
108847,AEW Dark,/kwg1eIJpF0qVt9uh4wImHaX4Yzk.jpg
65895,"My Lawyer, Mr. Jo",/dg9oQ7evGEAZEiB6uqeTaZgEY9o.jpg
19836,Magical Girl Lyrical Nanoha,/yRAqx0q58cvU9saJhvwavYF6XgV.jpg
125694,Be Loved in House: I Do,/csZMvjwnWVLBhzGY5FLjON5waPV.jpg
35091,Poldark,/cVmuMJfGftgeVk2mmhF7LnetbkC.jpg
95157,Expedition Bigfoot,/yk9xktHVnFWAPs9IeilcYikSUIy.jpg
119060,Oussekine,/5sE8o3CqYcYybSWG5AbWBIUIK8v.jpg
76814,Legend of Fuyao,/3gv7muCZUxQEJJLVmj1dHhm2ROr.jpg
32107,Asmalı Konak,/b6OtKo28DkO3QJW4KJF7vYXazoZ.jpg
216943,The Blood of Youth,/vpBFIvcRvCAoYrQ6AKaSTKaJajQ.jpg
53715,Little Busters,/iyt2vTDIfpfBXKt7uTQn67YZK8z.jpg
1994,Eve,/fgZgKdFU2pkY3XrtCvTk2MZLNgc.jpg
6200,Cambridge Spies,/dQ7nKa7s8ba9WTFFQXzQUa6yBMu.jpg
93570,Gal & Dino,/smkJFso7Lc370aj0M2GK5X8ydlk.jpg
97711,Unsoul,/y1Z4e4FmAxdUktyWe92j9epGvN1.jpg
38084,MM!,/5xsIJYkzrMahFHrwtpp7Gr8jDoQ.jpg
46348,Attack Number One,/ubdlKL4ejScebWB6dmLpwCtXQUH.jpg
77362,Iron Man: Extremis,/w10ClxT6uqnyxJZiMAx2ty9GkWu.jpg
137735,The Reluctant Traveler with Eugene Levy,/zgXtwJtkzIpuXLfDOQaTMU9ZFaS.jpg
10706,The Magnificent Seven,/1fFkXghgxKAS4qI8S72O75yUq4j.jpg
217662,Gunther's Millions,/eEp4fiLzgTAotJl8OOJnMLDFSvB.jpg
74588,Conquistadores: Adventum,/30AEXzzywyEjT6db6d3ZYoiIRyP.jpg
2841,The State,/w53sr36aEbsnXgh4ftWP5pc9XFm.jpg
35188,LEGO Hero Factory,/9R9dIsuCpUM8fNsHFx0ZYSbzdlq.jpg
71322,Aussie Gold Hunters,/bQklSGISVqD8V1QVYjn6eJk2TnN.jpg
7677,We Got Married,/mRibuyUmOttydFuuiW3rmKhkldz.jpg
34245,Kourtney and Kim Take New York,/xEqy12n2wSZHVPrsHHQjJjskJ2t.jpg
71511,Rainbow Days,/o7rsIEMjXNMtukssbJnN2MVLJET.jpg
58287,PBS News Weekend,/h1T2bLRsnwMVm53gk7XIJi1tDKj.jpg
81876,Smoking,/i5lw3l5HDARBK7vGXd7EwPHXWfY.jpg
46502,More Tales of the City,/wZlCWSxSKt2XhR1zpINGBsNDIDn.jpg
120424,Demi Lovato: Dancing with the Devil,/4I9dSghniR15CvdrFVwoU6BI4EM.jpg
9126,World War III,/wf2oD49H5Q2muE3OMt4JrTuNlP1.jpg
92957,The Gulf,/8aFpUPQr3Swtbn1vMl1ovMuVgmK.jpg
74561,Who's The Murderer,/wTU7dcpBKcQM65RTOmGJXtgM7jp.jpg
121021,SpongeBob DocuPants,/fxB8pHdIri8U1pcrEhIV4qh3Etv.jpg
31688,Green Porno,/vECbqA4OysXEudFIxa0jEbRQwJ7.jpg
153742,We Need to Talk About Cosby,/jaQq8yngDA1pnMRcFcxfq6Hhrop.jpg
83275,Μην Αρχίζεις τη Μουρμούρα,/7vylvnOzWpBgLVMBoyIxg1eLyot.jpg
34697,Blade of the Immortal,/ufo6y5FUdhUOXc97zZhpvmcQLRP.jpg
130780,Bigg Boss OTT,/8ANsjzsyuVwvVBuC0jm8ZNQ06Jw.jpg
117447,Can't Get You Out of My Head,/3LP4c5SC4Yr9BDoDLJ4XJjgV2bN.jpg
61591,Adam zkt. Eva,/xGaxMnVYETXiFAo7IGAaFs2mem8.jpg
48041,20 Minutes,/putH2FIRYastICb1purKuBaNLyt.jpg
210234,Big Dragon,/8hEk1fgqlOlEw887tpEpVp7dkKf.jpg
71052,The Teenage Psychic,/2KmlehlW2HACVmMbUAfflI8MUaF.jpg
76912,Celebrity Big Brother,/4LpkmwUrtLFoVoR0HqIXgweLfQT.jpg
68342,When a Snail Falls in Love,/7e2FLcsjeIvqtUxVY6O696jA4v5.jpg
3523,The Bill Cosby Show,/5KsVVhrdb2wiCP45m1ObIDZ34KE.jpg
157002,They Call Me Magic,/aJKpiQYPiCfmsiwVKAMBcF65puR.jpg
210180,Somewhere Boy,/kewJo0Kul1ukTIPXvL8aObNlEXo.jpg
49608,A Mother's Love,/pPjyZWvaLzu2MRllG64p6eyQyre.jpg
65330,Join or Die with Craig Ferguson,/7NZBqM4G73GQrTSj5czGxnH0wMH.jpg
64809,Mobile Suit Gundam Thunderbolt,/p4A0nZjf5A0Eu2quCpbXOaDPcC9.jpg
112624,The Vampire Dies in No Time,/6ZFAqdFmg7wHUiJqowTITBxh7C2.jpg
111834,Stillwater,/t6tcFn0LiyKRqR76XwNfErK81cw.jpg
96478,My Engineer,/mL98LvcM7LaYJIQWXyTzqhI7ceJ.jpg
56996,Chaos;Head,/lewQtkay1zX2VeedVLAbOoSzzBp.jpg
31678,Kekkaishi,/9z8AQd7jy9LqK01tJBcnYSU4jvT.jpg
8988,The House at Christianshavn,/hDbSZV0NfOxyiTDtqe1p0Tw7ArC.jpg
64591,London Irish,/gF4sBFocVVv0kWn9Er4JiO3u42f.jpg
35971,Pandora Hearts,/sTcIkpSNRBVEqVIpcujCnB1r6xO.jpg
990,Big Brother,/xhUSwOLbAkeRsO5S9dc2KAoGHAN.jpg
60245,By Any Means,/zELGJ9tP1NYD0pInhEvVdxSTQZV.jpg
100120,The Most Dangerous Animal of All,/u13gKUHiDKEumiCOrux0JqJP5s6.jpg
134843,Digimon Ghost Game,/tFI1gE0idyh4E1bvRbHhL3M96tz.jpg
546,Colditz,/6wjnO0DpbUmvdQSLNt1nkbXYazV.jpg
40427,Case Sensitive,/sjE9JlP5Gg19LVJUH3Li61SdtiQ.jpg
41670,Penance,/gkdVkykQBGei0oX7nNjv0lqE772.jpg
33665,The Great Food Truck Race,/pOCKDH03m10eIjliYb9Q8KpRZZk.jpg
8727,Daddy Long Legs,/eZuyNToQ8ri5eAcJzHIp0FwDZiG.jpg
64529,High-End Crush,/izcSfNInntMVwBSZX9oRs0EPwz.jpg
72380,Pulse,/2GsViNEfhZXFUTpF13aSO1vUCkv.jpg
17322,A Diarista,/h7uzLfBI8CVy1W0VxVqC24VaSY0.jpg
2030,Atomic Betty,/2xX5y8mmyg2TBYo4tC8Mlx1IR9I.jpg
103822,Zenimation,/yP7ZZyooWrUGsbROjWGtrqji1Y7.jpg
65831,Ms. Temper & Nam Jung Gi,/muBaNgGA4UpYB7c7kf3mMOd4PHB.jpg
4123,Rumpole of the Bailey,/4UNZ0w9tc2T7tDbE2DO4wF718I7.jpg
80562,Seven Senses of the Re'Union,/33NQ8CFTlO9WCLNY18pA2aX74NB.jpg
2173,Alone in Love,/v8biLlOTS6egL8UxPcKDej2MwK3.jpg
73386,Burning Ice,/xufu1tAufjKOsCMkY3T6QqubJTf.jpg
72464,Tribes and Empires: Storm of Prophecy,/ckRjT4TG2nP3FTA6Ub87hME4tMg.jpg
13533,Harry's Game,/aIbtBRQQnQo801G9xB97Y39OyCg.jpg
126726,Fired on Mars,/7x4EO1UOvat2V78WuC2CpAqxjH8.jpg
156510,Bibliophile Princess,/S0xduJgRyZCDVzTjtZVuHIGlhj.jpg
10823,Teen Wolf,/iFPVcdkYhx34E1JPOkCPknX1dt5.jpg
34714,Kannagi,/1if3gNQW5X9k8ne4j8ToGBZMGtp.jpg
65302,Moon World,/5q5EfaxmbCFQzDYSu7E3lw7RZhi.jpg
43563,One Night,/2HWgCXwOSK56lteYBIjB0JMsTfs.jpg
68150,"Gogh, The Starry Night",/gfXYpfQan2CTl4I2if3CECbiuBe.jpg
973,The Book of Pooh,/vnXwJlVXCqyRE0qQn4Af102k183.jpg
41684,Mid Morning Matters with Alan Partridge,/3TWj5XCBgAHC1WShV49dcrvE4pl.jpg
59544,Andrew Marr's History of the World,/6RYrYDJnZdUR1uB3xUZFk2l8VIj.jpg
2746,Charlie Jade,/2hOs2u7GmXpdjxLD5mbaQdjg2a.jpg
12680,Los ricos también lloran,/bYrC9ReL44aNI6uxAYSGN50r7Yb.jpg
111169,Ku Klux Klan: An American Story,/qKe4sEs6yUAxKgy2SOjHbGwQ3EH.jpg
70169,72 Dangerous Places to Live,/dH9jZ2HWpkPDIXEKk5gMptWnkw0.jpg
88765,Savage Builds,/6SZiOMAf6fQ8Ti9wlqWRGrS3vmX.jpg
10649,The Donna Reed Show,/vfL1ZzxnvbLH9XaV2C8MMTS32se.jpg
55600,Gadget Man,/3IX8C2vUFqNVzNPCYKYjWzYq29a.jpg
208596,Modern Love Tokyo,/bC4ygdG0TubCbYpM8USPdTed9Rq.jpg
20445,Jefferson Anderson,/1TwieAaqKPpA0X2Mn18Tt0V7Az3.jpg
13388,Invasion: Earth,/4jamRunRSV46A5Q02QhBpLR6sQY.jpg
11136,Help!... It's the Hair Bear Bunch!,/hA9sPll82j1gkGZp2SNZgOSuDJq.jpg
22104,Touch,/vxtmMvfTOYRL4fQn9B8Pla6oH2N.jpg
157006,This England,/lTeBxdyTSK8f8WERwKyzTRwBL2C.jpg
2905,The Ropers,/tmKtdtAHrYlJkWLgh79yj9FSnPE.jpg
214033,México campeón del mundo,/eyfsZTM9VkODo3IDKicH6x5vim4.jpg
62107,Critical,/bY8dFrdSIuXgSiRjqYWNVup6a9o.jpg
981,The Danny Thomas Show,/l2ovIZjDq2PelProVtBXmK2SkkY.jpg
70454,Buddy Thunderstruck,/jEtXiQqeNHR0RB4EowR2U3ADi3L.jpg
66071,Sweet Revenge,/hoOSZYDXhcb4tjdzzEbe4dsDz8N.jpg
75966,All Night,/j09rhmtg13NyueqZii5WYZABbDD.jpg
16347,Samurai Sentai Shinkenger,/bWuIUqUDZ0FIf1ipu7k2YT0cAL6.jpg
130958,Container,/dPsrzSu6tbugVOsWq1U2zAsLRuz.jpg
2590,Stroker and Hoop,/w34yxFrhptVHLbAOJ6GHwv9OQo.jpg
20153,Cocoricó,/xDivDzd1yF7NG6GW6ccz7ramLuv.jpg
20755,The Last Days of Pompeii,/kXg4HvdAgLQOrAFfwEDnXcydSgh.jpg
75262,Robert Kirkman's Secret History of Comics,/6bZuQOxapj98cUTs0pioh2vQg2O.jpg
2509,Knightmare,/iRKy9cyNjMVQ342xy84hCOH7I7H.jpg
32858,Neighbors from Hell,/9kf6IRph1CFdGc4UKVn7ji5tWhz.jpg
65623,Diesel Brothers,/vsGGun3lTW3wwTJKvGJJu57JlUF.jpg
1506,Queer Eye for the Straight Guy,/gMD0wzkjnCpPtRT2NOx0o01kH2d.jpg
31581,Os Trapalhões,/pqW9bmYxHhpcoqolHCm62w9F0l2.jpg
136548,The Wind Blows From Longxi,/zcCyK8obdrOBZg15XurzEkNuf43.jpg
2174,Just the Ten of Us,/ptYWQoLcIpCSXoD6rO5UC8v1JiH.jpg
113252,H.U.S.H.,/go7X8AUn8zUiMpZN7VQ0TmuiNO1.jpg
1543,30 Days,/3l8cqGXqJ6sgBsDDIoXTsbHMexZ.jpg
72813,American Ripper,/fXB0J9A1BQLcTNKOSqs2rbyy4jh.jpg
97141,Justin Bieber: Seasons,/sEwk4XPTfH2zIFQqawul2B4oX05.jpg
198,Bless This House,/4DgrPHUR3JfQ7mDK8UpLRl6gvPv.jpg
74359,"I Love You, America",/jJdaEBcceRq1g9Xo5zSjtNaoy4M.jpg
88319,The Legend of Luo Xiaohei,/25QCyhnF7PqvDN5xfVAHt7l3Xtd.jpg
211069,Teletubbies,/fETLDRm3d7ScIZT3Zu09LOUphw3.jpg
70472,Mirage,/vYXylElqUiv3dbgMwSksKDfWIK8.jpg
189,At Last the 1948 Show,/jn2Y6psl6Vk48k6TjYKfytYaWc6.jpg
67346,Amanchu!,/aAH7MHYqmBujlTfKbMwPGsbtMc5.jpg
67359,Qualidea Code,/ssMDIsGgo5AyDtrYCTsWURqQVeY.jpg
61762,Playing House,/zhOOP0C3Llab2eWYbSOdLPtpXYh.jpg
1732,Flight 29 Down,/gNI4PCGldy4kzi0nD5FQrLBuL5d.jpg
104735,Into The Ring,/1d8szoDrvv0jZILRO1BEuaehhVv.jpg
66120,Norn9,/huhcKz75jx5kqs3W5AGQNTfxUd2.jpg
80837,Guardian,/weu4yDKxA26PWgdtzPGIOJ4bJfv.jpg
11187,The Twisted Tales of Felix the Cat,/1tb6Rr01HCSGjOCs72BGKryNDwX.jpg
86800,Hostile Planet,/kCTpidYdyXg9r4KcaWLUQZdsCbo.jpg
66370,Ode to Joy,/mw4ZkRFHMuA5Ao4Zsc7p8PVnf8q.jpg
14525,Martin Matin,/3SNDqkeLqMdtJ25YrtR0kwiuAUE.jpg
104712,Men in Kilts: A Roadtrip with Sam and Graham,/6XxC7cnwRxBQ0wgb2oUdHb0XO23.jpg
36134,The Sacred Blacksmith,/rEKwIEClCuvrF1HjJ5jON5FKRUl.jpg
86745,Cadetship,/CNQ7c5btvWHBxMqlKD7fepximH.jpg
32348,A League of Their Own,/xCc4GEn1rTOhxkADaY3tFDllCea.jpg
4366,The Electric Company,/kqSyefnBcymXCfQ51Kukd4xq4w8.jpg
95926,Inspector Rex,/fTqgJtSFPCoDeyTkbrqcmRMUpU8.jpg
204255,Graveyard,/ye6n3GdSaiSy81hiIRvf3vjVv1N.jpg
79283,You Drive Me Crazy,/iMSxKAUqfWQ7NWRKWqKj6xEzY24.jpg
73333,Quacks,/lwvaxIjapCE6f4TaUjums0tIr3P.jpg
1592,Fifth Gear,/yAxMzWGCuQI1adyPOGNefZHLOIy.jpg
61246,Lucan,/5NUyxKOoaaZqGjy2D6lm1LtyEiU.jpg
16678,Der Clown,/1LfwBtnGKWLIQ28tgxYd33WrVrE.jpg
66954,The Blue Bicycle,/e7EnTJLnfnmCliyJiUfvcd8Uqje.jpg
32825,Traffic Light,/rfjOdHzFnzsNuGjCZuyEbkF5Sik.jpg
20043,Train Man,/fXy3TwY5jgXAP7Q9CAHlroR7GEz.jpg
133089,A Sinister Sect: Colonia Dignidad,/4N3Ow9Y64a0onQuUHhIhBfDqsZi.jpg
66482,The Eighties,/qlmuaP6c7v52niT1UMw5uCUeznG.jpg
15069,American Masters,/n2PHBbRwNxaQGuqIW4Y5ulq0HQC.jpg
205215,Sing Again,/iPRcPYkh53tdNIcsBxbUZfn5ryC.jpg
37686,South Riding,/tL1AV4Z8NMqXMU8oCS2U0mc4804.jpg
46129,Löwenzahn,/2qS4TNPkZycFHXQO1SpqISe6irV.jpg
66562,Yo-kai Watch,/k8EM9rl22UAGtR2YUHNHsnMWggn.jpg
10684,Sherlock Holmes in the 22nd Century,/mwLwPQBOeS1ukxUMTh7Sq1aNM63.jpg
43232,Kyo Kara Maoh!,/2ez4tj98hlSN7QUcneW7NCsOpNo.jpg
98971,I'll Do Better Next Life,/9O0hJHaVUzu0r7Z3Q7zpyVfVl7B.jpg
68768,Dance with Devils,/zO5qNYWmA4lFwxuBJCc6P1mIHfo.jpg
73320,American Monster,/h2aFb4tm7ygeiDC7MUCPNeYDSLy.jpg
88775,Yankee,/vjAnDlC1xWAAF7MKEhE2TG0pfI4.jpg
66518,Coupled,/64gRCgTqjGhRgm1LUwNRJoAy1Ov.jpg
124152,That Damn Michael Che,/c9VQefDLjVyaZlBd4UWumOyyOua.jpg
96130,The Prince of Tennis,/jJWQfbCUOQJvv4PYBRHsqvSJJwo.jpg
63463,THE iDOLM@STER,/q8f6reeyLpnH7EJG870phf4uJBx.jpg
213573,StoryBots: Answer Time,/ccMq0WNCvgq1GitFrBRbJ3BTzet.jpg
27747,The Dudesons,/nCNLfAfW1TBYRIMcR3eJIWnGO5n.jpg
13833,The Six Wives of Henry VIII,/oRvqdtqEibPEaxAkmln8Sx9czAe.jpg
35832,Romeo and the Black Brothers,/r4HYMeXhK2Rx8tYVaF2xCfbVdhB.jpg
4014,The Flying Doctors,/Aj4xa7lo9RwTV6DpZ3Pcjgp26Ht.jpg
205214,Mech Cadets,/5awFqxnqJHQD0TQCasf8VjAWqTb.jpg
72452,My Big Sister Arrived,/1VGTgk5gtCKNKNghWxsJiMKUv7o.jpg
34688,Puni Puni Poemy,/60XmQzsKOZlkN7Is6m0byPNWNSE.jpg
69153,The Wall,/bKORjL8BOISHkz4HSOW8uBp2I1W.jpg
133090,Baking Impossible,/hqvELiloDxYwAv1SF0Nkg7vmbfv.jpg
3929,Thief,/aKbOJ6Cgsg0yxZvvxGEZvKG4T67.jpg
21768,The Dr. Oz Show,/zvZussCQDXKsmZNF4LCyZC8uuW3.jpg
75297,The Letdown,/kTG4W8IzKvsJshBVaN2aYfhGrfB.jpg
32495,Facejacker,/8qWjIyrLkDipZnMXRqoPb96GpVm.jpg
4230,PB&J Otter,/jTAQVBNVb9socC2IpjVqZuU4hKr.jpg
30667,The George Burns and Gracie Allen Show,/kvCVEK1AeNTBbY5OREw2YdRa9bF.jpg
122296,JANET JACKSON.,/jQniNP1XSYvSk2qTU8PGe9kL4Lm.jpg
46183,"Listen to Me, Girls. I'm Your Father!",/m4LD5zdovH7WhqLWXRrTFNasV7t.jpg
63378,Apaches,/fOZZxNxR1gSZTGDofjTWVAXO5nD.jpg
120349,Welcome to Utmark,/8Zu5ThsK35HOoRrjqc3DjB7g3yI.jpg
39214,Arsène Lupin,/a81Jwfu3Ryi7oKx4KnC3lRUP2uD.jpg
21735,Macross 7,/zBWL8ws3iRxrFTTR7TAQw2B5aiV.jpg
52883,Senyu.,/eF2CoVU16N7npyC4NsRgiy9cwts.jpg
95373,Gold Digger,/5tCRwcpWRmcLixfqZLaGKjWlvE8.jpg
55582,Solitary Gourmet,/3DEWsJv0OxHON7AEy4Us6m3e7fS.jpg
80611,Gintama: Mitsuba Arc,/r5VypNU15wX79E1fCV2bqFynUhQ.jpg
95380,Once Upon a Time in Lingjian Mountain,/pjybBoxfCwAdoHgMxDqhtqjuDi.jpg
122206,The Rational Life,/17byAWsvq0ZvV5gzJfFuFG8FJSe.jpg
198109,Disney Gallery / Star Wars: The Book of Boba Fett,/pfoGiDAStk1T8Dhj3lO3LbBoDTO.jpg
51808,Robot and Monster,/rcckppfyUFVgPIxWtYJjRtjSytI.jpg
203832,Taaza Khabar,/jis4oaz0ABmI9qRhuDCMBi6Hz2Y.jpg
46878,The Village,/oPMdDZUkmZjZ9ufSi9CKwsi7ZVI.jpg
198146,When You Least Expect It,/f7Asv5A9VYnDP6qOubdJIKC1mB5.jpg
35544,Martian Successor Nadesico,/iKd4q8iY1mcCCJ0GYBh9uJdlpUn.jpg
81181,dele,/uj9WKJ0jIZFnJWznfSOImaQR7Ke.jpg
156248,The Law Cafe,/vN0rKik0oCSfFmMFoH7qicPhcHj.jpg
218263,The Girl I Like Forgot Her Glasses,/vkL7KQzJ3YFcKiNBc4QXrJbYJV8.jpg
4906,Sıla,/fKdDCsuNIMvhTz5JCMA1UgTyPjv.jpg
43086,Alien Nine,/Al9a2ByZlYP2XHSLnyeEoaKelqD.jpg
40043,Protect the Boss,/77bvGWdCrFN4gzWBLeeOXNAUfpO.jpg
46179,Kodomo no Jikan,/gH91Eo35v8sHvyx8f9wTmaT6Jwj.jpg
14420,A Shot at Love with Tila Tequila,/5MBJF3QMqymfRMe4MPGrlSe07Tb.jpg
89671,Afili Ask,/6p3rWulvjNx1bP2xgqGxUh9bOCY.jpg
222322,Headless Chickens,/qOFOJzbSW90HsFEfwzh2PYLP9tZ.jpg
8823,Samurai Girl,/sFiI5WX8zl77rP9u0Z9LM0uiKx0.jpg
81769,Ruyi's Royal Love in the Palace,/d6qA9ENvBpic357ogejhfZSmPZh.jpg
209708,Princess Power,/bMwxyVC50bV1YfrpUIrOCLRdV87.jpg
128256,Agatha Christies Hjerson,/krYSzTqn8Jk7RHnOAjNAOp676qW.jpg
45757,Doomsday Preppers,/z6JpmLKFSNlyxWeaVLSwlNy2FC8.jpg
84667,Endro!,/2X8iOGsSZ3lceTpfDp3dIfZWLJG.jpg
35532,Mitsudomoe,/1FgmEVB9DKQ865tlBRyKAko3YyX.jpg
4265,C.O.P.S.,/ddJaAFQCHGxj8cIyhVcJMDiMROm.jpg
72765,WWE Mae Young Classic,/rEGDqzxKGHDWFozcURWL2sCsdHD.jpg
124578,More than Blue: The Series,/4TNefOGL5En4sbnmHN166MsXaEo.jpg
226531,Scoop,/my4imieiLP02unyU6OnF4pmIDBi.jpg
210444,Silent,/2X4x6ab8Xv3qkun5vAhrDpOFnjV.jpg
39914,Oscar's Oasis,/wk7dZ7qoocFZqzvr37SfO5nKncr.jpg
14784,Wie is de Mol?,/fkEsscRSAWuaYi8ijbTiceGbVTz.jpg
121040,Fisk,/kfBHjnHTXJY82xzdeSkI7b5DMud.jpg
218038,VIVANT,/pWQNnuCe1uC5QCsYw3JV5JG7khL.jpg
112113,Gosti iz proshlogo,/cniKuFrRsOP0pKzvXnEHrR2wQyH.jpg
7771,Meet the Browns,/yS1NOS5o4G2eGOqsjgF91Tv3ZTK.jpg
75867,Mob Psycho 100,/bKsuVX1jnxJDEIg7x0gEeIT0diA.jpg
69900,Nirvanna the Band the Show,/js5Tlm5hxLzwDZRuJoEMrfWvFtm.jpg
137440,Stories of a Generation - with Pope Francis,/qtOOSDlTAcfGIDbLwHHoV0QtQqI.jpg
138180,In the Heart of Kunoichi Tsubaki,/q2tuEq6N6Y5soicGzN3V7mz3L32.jpg
125030,The Broken Marriage Vow,/jfWdh5oAUYBa6G0WeRouPkdGkUl.jpg
118932,Be My Boyfriend,/yQAocOGBuXSRPFJcZyjTshs1Jiv.jpg
102287,Accused: Guilty or Innocent?,/fh0CGgySROOzd8hSbnNW6VRtZ0u.jpg
1650,North Shore,/eSqrHZEtpr1pEtAFHYMfR8aYA2S.jpg
7074,America's Best Dance Crew,/1yy1wNjlSEMMdRG1LFZq98TdfpZ.jpg
21174,Sindbad the Sailor,/60A2gjXPGD0yGKiYobqBQE2lq0q.jpg
135134,Wild Crime,/wNtr8sOVDlK1gcXfnJknjjvOzQU.jpg
207372,Savage River,/dKzfsH0xzO43mR8A0mJ7IlmIP0M.jpg
68657,The Whirlwind Girl,/8lYG9ncLI7rXrp14ShA58k3113.jpg
63236,Yonderland,/pUMoOTyZvmi15C7c7MgxIXf7Ye3.jpg
195840,Blueming,/bBD2ZWjwc3W9NyLmu19PTt8Qrb7.jpg
14774,ECW Hardcore TV,/2IxWmRipe3P66iBXnLc79JLcTC0.jpg
106128,Cursed in Love,/qDP7bwx7i9zesqPmarsyy0C5Qep.jpg
53095,Two Weeks,/2Lsk8XAAoHtPGfbDE4YG5jhCwnT.jpg
81105,Sweet Combat,/bhB0LQM4MjU67L579GOzsZsgG73.jpg
1604,The Green Green Grass,/xvKs7sfGBfA4P2UoLejTXZ0JXS5.jpg
209793,Man on Pause,/1XQAYmlJdCyi7SPo9ygprrbjEE5.jpg
83377,An Ordinary Woman,/gkd9UJ0TbbRCwXnQpsMMO6NxXJN.jpg
63397,The Mind of a Chef,/tCXLBa0iroZo9ziEeN4g1cW6NXC.jpg
42963,Ayakashi: Samurai Horror Tales,/k2ZxUTQyCvqa3IIJ3oyqPZzKLLz.jpg
201408,Suspect,/3531FH5JCYspB0tz1lFpyZJdeVI.jpg
71200,Casey Anthony: An American Murder Mystery,/BPwAlIL2IrWaq2B9NWm4OMd9hJ.jpg
120398,Kikai Sentai Zenkaiger,/zkWCnOVHK1IKXuFHf5EVdW3gkJ3.jpg
157270,Gold Rush: Parker's Trail,/tIQMELfaE3mabV7LxE9Bz1FC9bF.jpg
13407,The Secret World of Santa Claus,/9YLFYkmcA3ph3HiEtkwEV7Kr4Lp.jpg
215629,Glitter,/pFbYJJCGUuJPt2DhiNgHfGCI916.jpg
113042,Pretty Boy Detective Club,/yriQ3nib4eJyHBviaw7nm5hzIpO.jpg
201330,The Forbidden Marriage,/xzlMB1nGJtMhr2GnecpHIh7XUZe.jpg
9573,Furuhata Ninzaburo,/56aSKXj1zV2KVOc0FcSa9ENk4nc.jpg
132629,Reyka,/8gbeQdO4RZRmqH7LkprbepAxHXj.jpg
2295,The Loop,/1dpAs8sTHGwSPCdZ27oxIH8V45n.jpg
218069,German Crime Story: Gefesselt,/vptk6HpCshFXWGFea6IqAShXEyv.jpg
42960,Box of Goblins,/iNpdxX6mmogeJJJ6vDpuFwYTtCJ.jpg
1684,Night Stalker,/coj4zrUDaYvfmV0cvlaB7kIaW4.jpg
213044,LUPIN ZERO,/zbUyE5Lc70yi88LHalRM7KFj89a.jpg
18203,Madventures,/e44ZB8kkETZZ1EOTDIRTaVOybzI.jpg
91678,Queendom,/l8zn50A7P7CqCFT3a1Q18u3Uwve.jpg
3128,Mile High,/jSvEF0zSNjvZqHN8Ahoz8EL3YO8.jpg
85328,MOST!,/iQZX4bdLEpXIBJYmSxE1IKJWthj.jpg
11866,"Eighteen, Twenty-Nine",/VOcgbM0FD1RMkpTakF8QuElw1b.jpg
59437,Galapagos 3D with David Attenborough,/aihAVCOIzDC5bVud2nKUbHaxyQY.jpg
134331,Lighter and Princess,/oFFlFjiMQrOns39k9VbWcrfvbLX.jpg
122198,Ordinary Joe,/fAse8siiwhuT24h0oaindlriFj8.jpg
44550,Flower Boy Ramen Shop,/99d5gnU6CxC2JsNeTqfUtXOm8WI.jpg
79408,I Feel Bad,/9kTwJBdfI9IJ2nt1AtJUD27MxqW.jpg
9380,The Path to 9/11,/njDpXC7cYi3qZ15sh3r9MXalX5b.jpg
79694,ThunderCats Roar,/ixXYN0ODQ1NtObDYXVfh6enuxbo.jpg
64072,Undeniable,/8GixCmMoqysyxLGbNrLXHARkpCg.jpg
86352,Item,/fZ2QYG3rSivaeNs1GxOdGnkpHp.jpg
72507,Clean Freak! Aoyama-kun,/dN6aCJdkJHk5Sj81befvlGQcDVP.jpg
14404,Honey West,/oCcdOxnB90yBAHTqtg7yskoe0iF.jpg
77020,H2O: Mermaid Adventures,/nl7gKdxdAHP6YGVH4zshxz121iu.jpg
67708,Secrets of Great British Castles,/dt2PD6WpRqrHyKCfW6xnGObOXDk.jpg
64669,37 Days,/iqDzrXyRvm0mCMzYizRDhuAxkMF.jpg
67053,Camp Camp,/rzhIbpGodTXw2i4FdiQJMrXAhbH.jpg
8425,Only Connect,/cW1bhhnwWR9qtGgNchYfMnsVHUy.jpg
155222,Today's Webtoon,/dxCb9TLWQN6LGaPV87BUiHRKSKI.jpg
34851,The Ascent of Man,/usT68RGcKcXThqyeaaqP4IMdHO4.jpg
72757,The Nineties,/c342XIOS93CIB5uafzOUDGIVqwe.jpg
111292,Birthcare Center,/rXPP452gajhEMO5lmQiiPkekJty.jpg
111260,Call Your Mother,/xdtYChabx06Skimt3tIeMvmQgNK.jpg
91027,Val x Love,/6TIEhcHYK8fLmgDKxrLE6tieEQQ.jpg
97957,"Meow, the Secret Boy",/rwWiYRlDLECxkHTQ2kkkr2MkqLo.jpg
46837,Naked and Marooned with Ed Stafford,/4bGanbS0wnWaFLIaskymAczvMQy.jpg
29422,The Other One,/2SShbsKfkBWWecKEN0fgiYtz7IZ.jpg
3830,Haunted,/mNrOi286RnnYYfcATdikA0v2esR.jpg
157747,Transformers: EarthSpark,/ceVun5ktxwbAQFliomMmzOl05S3.jpg
91656,Twelve Forever,/xJocMECVkXeBw0gRyjE5FEeiAmT.jpg
34363,Είσαι το Ταίρι μου,/6befyqfyCbr7UQuxyzccl0bDNu4.jpg
83931,45 RPM,/dkWii81Ru6NCvWPInbNy1sTZ293.jpg
124714,The King of TV,/gqXqKDQVoLPDSVcOA9BugkX7vUB.jpg
62811,The Seventies,/tjdUWLijxH3PGoxftR0yIB06lJT.jpg
9503,Lace,/668Nv3Z3HifmtcC61xrpBB2Y8uc.jpg
6457,500 Nations,/tZGw197IYyF8u0Gur77439kpZ6j.jpg
127108,On the Verge,/plN3s9SzplgkFX4kT93ZWIOoCSB.jpg
60781,A Bite of China,/XjyuQ9oXCEdYDwBQ5ZOlvcbHak.jpg
90729,Unrequited Love,/8GZ7jvWjfxpfCDMG0xXaJIyqQjq.jpg
158762,Hei$t: The Great Robbery of Brazil's Central Bank,/n9rkkPK433u5A2N7lEorqxgkGLi.jpg
3842,The Book Group,/9tmaP20zhocoIKsyogbPqQVEkiO.jpg
122519,Intruder,/tllvID5ssVD2wPj0p6h024nUNLK.jpg
7539,It's Punky Brewster,/7SEwHF83BGGJ6Z2Sf7e8Crf6CUZ.jpg
71,Malcolm & Eddie,/l6zPtpkP0wejienR6KBZboeEMR0.jpg
81,In the House,/i207RSpEkIqyV5hU7xRAM8doygg.jpg
3085,Lloyd in Space,/ysifCfQ5yrjsopi4d8kgycmYr3Y.jpg
25114,Tiger Mask,/doHX1Hg4AEw54TvOIPcY5L6BMy8.jpg
2332,L.A. Heat,/zQ0kZUZvKuVObrfVFWxjueHNfFH.jpg
76482,Home Ground,/3uxcKue2jPl5q4ZvquY7FncpKE.jpg
39112,Combat Hospital,/gdsjYtMBiHLIajWrqyQPO0x4mWl.jpg
117558,To the Sea,/y1u8FTMjcETqxxj7NYwYss7jWFQ.jpg
9897,Coupling,/pne160vqidRdthKOpEGg0U3j39N.jpg
78132,The Water Margin,/uFn4LOGJxL72C69cFFEOgaGiwia.jpg
74316,In the Long Run,/qLnuYtoiJUDQYM5BeuyNmx3YQmo.jpg
155431,RuPaul's Drag Race UK vs The World,/qkEOo3w1GHW2ohOAsY2FM5YLR9B.jpg
68603,Ex On the Beach Brazil,/9aBYWnwd86ejV4ic36z188ZiGu4.jpg
7017,Laredo,/maqeHrvQNhIzR8UmQyS11pq4EpB.jpg
218739,Gaafar El Omda,/ceWZtoNS71yptJUkiT3iGhHfosq.jpg
135655,Insider,/5Gy4yvyLLqxRylwV1OMQ2OPNRYl.jpg
2403,Downtown,/3LkKz2dTZI9xjXOptPYbsINyKtu.jpg
120314,Dark Hole,/s6bVrvezseNz7j1svt89ESG9ZkS.jpg
213228,The Gymnasts,/uOZG2dI9FpICOzJrmsigqns3SNt.jpg
1644,The Collector,/zsvj2iP2CdIH1sgR0i4FcN3qkjN.jpg
61439,Candy Boy,/7O68ST950n9zDAs2IgH4brDfGU2.jpg
121628,Headspace Guide to Sleep,/j2GiaMo878GH56c5QYV7BFXFFGP.jpg
17486,Scrubs: Interns,/leE3IJMKd4DoQcmY9NxFKWYZz4w.jpg
68078,Bloodivores,/iVXifh1KfGi5N68vchvNZQUAHhQ.jpg
71732,Year Million,/b2NeEZindaZ7tC1kRgAhNen7IJs.jpg
53460,Tada's Do-It-All House,/hx4pznOSz2eCAMDDSuAJx48Slho.jpg
210586,True to Love,/oyY2NRn9J1onVAx7NE0ncULtJur.jpg
45287,Mad Bull 34,/iCODvgGuDDZW0ee8i44wyVg8h0p.jpg
205755,The Scooby-Doo Show,/79JX7jbjDj7DO0husbiNLdndz0T.jpg
155618,Midnight Asia: Eat · Dance · Dream,/3qLYkhY5AWev0bWUXvWDYNQ0LLh.jpg
91511,Khichdi,/3LxhBhB5i493EvJbvFD5Ki2SeUn.jpg
11894,The Naked Truth,/cXxh8emuJhYIDV82vXEZ2sC6lHX.jpg
68058,HIM,/8VaMw9b9uMFJvUxemxxr6bqmdKZ.jpg
209577,Fenris,/vnpxhtxs2gjKTTfvQwNudSGHcOy.jpg
103135,Tyler Perry's Bruh,/awXwj4A63l9PoSlbj9scpEPuAaM.jpg
62181,Miles from Tomorrowland,/wEIgCiIHtmJWrwHhVLxnvugYBVn.jpg
62177,The Island with Bear Grylls,/uu4URWFdLWxUiap9g6qk8kdUJZQ.jpg
10108,Belle and Sebastian,/yJ0xM73STVS0H81zdWEhfFKEvJm.jpg
97312,22 July,/o0sAM68L6mzzvLTOtGIpEieBXKU.jpg
75577,Life with Judy Garland: Me and My Shadows,/qNh6PCOJIuG0ErqFFvukuodrStw.jpg
76759,GeGeGe no Kitaro,/9QiNuGa5vbG0vT485eV92o2Nfzs.jpg
65067,Your Worst Nightmare,/9HL0wfzD5O8q3XlhCUy1LuLWGVs.jpg
8894,The Buddha of Suburbia,/5DnR1THP7DW22o7HxMnX4JxntYr.jpg
83104,Magical Girl Spec-Ops Asuka,/kQdLe1kjvIBei1J4dt7XKYULBsX.jpg
70674,Ghost Brothers,/cyMoRYUGfymWcMNUIPXDGT6GzkL.jpg
57277,The Divide,/yVlzsIJfX0pabYsW1MQEq0Ofjxj.jpg
61365,Lazy Company,/gHA1If0n7bFe4ui5qtA3STAkS5h.jpg
25492,Sengoku BASARA: Samurai Kings,/bFdT4pUHnUuACXiLTnzhTK75kpv.jpg
156854,Kissable Lips,/2b1KZu93A4gz7cj6TnGMNuZ1srz.jpg
69063,Four Seasons in Havana,/pMnH9849w1Ivz4AtJ8uiqe9Zbfl.jpg
9115,Amerika,/zDGXITdBaXbLSviaRF0edaelbO9.jpg
61438,Dramatical Murder,/nfyRtIFiqaIRFhyzEPKgLGCJDXw.jpg
31721,Corpse Princess,/zbYRzhmQm4LyJiPF4hlH3B4iy2E.jpg
14426,Parlamentet,/zDYqsr3Z934ev5Gc2H9ekaTimgy.jpg
34362,James May's Man Lab,/5kjsPkb3djMGE2K4OWFKkwQglXR.jpg
83940,Children of Nobody,/x5YVWkS6NfiGh8leVttQWnDHIN7.jpg
49258,Spartacus,/xA7kXbi26FcjbgXdbMjUs3m6xvr.jpg
62464,Drunk History,/2zEtlEOozwuL5WVnNamc4hVI26r.jpg
199920,KamiKatsu: Working for God in a Godless World,/d82CH1EMSoC2VvYSTxCZHPboJYq.jpg
45982,AKB0048,/lRTmEAerrjdBEqGzRA8y1lp8BoF.jpg
52508,Sidika,/5BjQGfKOwLKbkeYGpTF3XmEubhO.jpg
26107,Gilgamesh,/y1SQ2FTRyOhsvcPgI7rM7LUfyn3.jpg
109819,Barbecue Showdown,/4yf81AlYGP5sDKtAwluGmcPjMlU.jpg
97296,Zemheri,/6ZEx8hBvUtpPdczbQxN2uOAtNWI.jpg
98793,Every Week Has a Friday,/gh1WR0bkAepjWAwL7snznHoh6Cj.jpg
21674,Buzzer Beat,/tN4g0Y4AnrJlkWKfU65acMhkszn.jpg
213182,Historias Entre Tumbas,/cPerRFIA2yeX7hnif5IFYl6fMhi.jpg
31360,Autumn's Concerto,/o81XOL2dWOQFLcZxtKRiWkNytI6.jpg
61487,My Lovely Girl,/vMX9F8NRFkHupWrmCZ9yhkYv4Kj.jpg
46999,The Lost World,/5JrEhs1tgi7tSOwlVoEekZJHTOD.jpg
80959,Your Honor,/lYcz1334alOCTzIB9zJAFLCoSeT.jpg
80051,Ossan's Love,/atDYLNUfSMaAwbL9GSH1l9l6jAS.jpg
124339,1971: The Year That Music Changed Everything,/tmq56JYUMh5xik1FHMgtbhjwHOP.jpg
99285,Wireless,/lXdVZam2mc8Z9HuvxPnOKWeJS0O.jpg
74473,Avengers Social Club,/5UFDwXBLFWGAomUHMAEdONcGyFr.jpg
62006,Mankind: The Story of All of Us,/w1ZBbL7JfFHHuKegbvwFheyKO5m.jpg
850,Himalaya with Michael Palin,/twH2ucAzIhal2MmQVnhp8RM1fkS.jpg
71014,Sagrada Reset,/ldEuPb5uFwDk1HQInurcUV2w7tD.jpg
91701,Diagnosis,/7KYUwDjSDpXkPNcQW20OhKlwNrm.jpg
45858,Medaka Box,/7W0wmXZa8ZOgawGXvHD3Gv1vVQ6.jpg
70618,The River,/s26MAm41r6fTxwSXft5k1mQBKA9.jpg
203728,Flowers in the Attic: The Origin,/uMbGo8zmkYngFL4M9dsbc7xrq9b.jpg
136658,Hearts,/l6E0xqdKt6zk26xo5br03fO4rI6.jpg
68362,Hamilton's Pharmacopeia,/okSdHs8s4A9dqGrDmO3MDkJmsdg.jpg
20516,Beyaz Show,/jQUezFWCY4CfdI72Whv17RoFMYF.jpg
42083,"Joséphine, Guardian Angel",/bklI8tXDDScpibUCvrAjF9KwMtF.jpg
206748,"Saving 80,000 Gold in Another World for My Retirement",/heAGJJHVkYmGJnj5xJZg60HZHXf.jpg
13789,Our Mutual Friend,/zAPTteGFcfWC9L2LJPA5lDwZXUs.jpg
83657,Sally4Ever,/fCO8p8YwcEbelrENPbRpaJKZ9yW.jpg
60951,Wahlburgers,/9BXnZvazRdzvBf3MP4NhBkEqd5x.jpg
69286,Hand Shakers,/5JJFZ4xXpkA40Vvnp0frYBgqf7b.jpg
90846,Serengeti,/31ckbBXdYq9iMCrXVBgpBiTpMsU.jpg
63909,Vanished by the Lake,/dk6dj1IBn2mb2up4cSNAZfDrRp1.jpg
45275,La Storia della Arcana Famiglia,/iJQv5pcYzZYfguY8YyV5rlvMBoE.jpg
33059,Call Me Fitz,/9TObLC8ePjudI3xW6g3YW2APvWF.jpg
125004,Littlest Pet Shop: A World of Our Own,/dhksSgkzyNyqlcaUFuGRcJZZqrV.jpg
127723,The World's Most Amazing Vacation Rentals,/8BVUyg7Gh1EixUdmH8hxCwQM26j.jpg
46824,"Luna, el misterio de Calenda",/343a7WH2VrczBcMmvfHU3KSyZxx.jpg
43747,The Reckoning,/aAVqq9bEpAiKpXWm6fnYjNPQ1Ed.jpg
90129,The Hockey Girls,/6PXK35fbG8kR6tHxhSiWNrGyfZv.jpg
68871,The Romance of the Condor Heroes,/hrfqpadWj3UKaz0u0uSsnwajUEK.jpg
121852,My Dear Exes,/1eXHTtCd5ntRTioqD6Y0K2nbofY.jpg
99490,Once Again,/oV3yxKG56IMQvdXzYn2GodT79rb.jpg
66297,The Other Kingdom,/3yhShqxSoM9ElDZg05Eolqij0tq.jpg
10784,The Grid,/fJWa5Zjuz5d521q8D98Fg2zWBCC.jpg
111974,ZOMBIES: Addison's Moonstone Mystery,/pkbmrflWAJl1DgHwhE9qoUGWhKW.jpg
66043,Little Big Shots,/inkDTbjxHMFJZDTWmWDw12z31Ft.jpg
71618,Aria the Scarlet Ammo AA,/oEwQ3BmxrH9upzT6JKREDiOyPQg.jpg
43197,The L.A. Complex,/OvSHYW0ATPyxtvDnOLJHDOsVwC.jpg
111724,Live On,/dop9lujlpXaIGZImoTgUteHXt7a.jpg
6771,All Dogs Go To Heaven: The Series,/qXsiNGhJbVLmfYaAibOMcYhGYJL.jpg
94631,Diary of Our Days at the Breakwater,/paYqR1V82xMSl4EXSQez0jSIEAe.jpg
74169,Anna Karenina,/b6seDdJl7B1bRcy32qgAqZAMNNY.jpg
156989,Irreverent,/kczUA9Sbcjx2bIJoZqMFQLXl705.jpg
101197,The Last Minister,/2Wm3OkVGz0pAIeRC4clSo6oyI5Y.jpg
109357,Hausen,/fsNFVFGMs8L9Hpcjw8BnCdITG1N.jpg
70307,Imaginary Mary,/64V9f9THcBv5vS9MtEnShQqzSgP.jpg
101172,Swallowed Star,/xSEMinHYeHdxOj7IImk80W06kDk.jpg
224009,Ghosts of Beirut,/w40j5uqjJIUvRSP5zJ7Q5qRdNRs.jpg
127008,The One and Only,/uT4qYVvilfiG8WCRjmkIKIzPbA7.jpg
65686,The Secret Life of the Zoo,/8iy9sFWx9WBXHTVffr9TuaYHbxf.jpg
110381,The Real Housewives of Salt Lake City,/hNcxo1iLE4eJbrN34Sn6uq9ngRZ.jpg
76134,Mitsuboshi Colors,/uiB412p9JIfTqavtfJ54Izd64TD.jpg
155646,"Yosi, The Regretful Spy",/x6UcbvUNkyokH1egt6KabLXVuU7.jpg
9136,Οι Απαράδεκτοι,/c5JPlQoaIU71rFrXGWQDR43oBXX.jpg
103664,Chicks,/aLRL66LykG3kWy7IAxCbbAfXDdj.jpg
95231,Diary of a Prosecutor,/vtUeyhtma5Gz0eBFEtFMdPv7r13.jpg
46504,MeatEater,/iIBlBmYupUT8n5jyiGyuh3EDmDq.jpg
17968,Newswipe with Charlie Brooker,/eXZLaXTUHn4468Itu5yA6KtcbT6.jpg
39945,SAV des émissions,/c63Rppw9IVB79A8Sx8jqOeuXbg5.jpg
83558,LEGO Star Wars: All-Stars,/97dmYYI7TACdGvXWQd2sIyMq16n.jpg
78254,Apple & Onion,/dtCfVYJUJrHnQzrO426hZbYHhXK.jpg
73501,Le Portrait de Petite Cossette,/auZdNEDCeHfSfVXX971WH4M70a6.jpg
65242,Attack on Titan: Counter Rockets,/xdzOgkVvfwXZKDI6VCdHV1Lc84p.jpg
99565,Caronte,/PWBQIkOlJzJolUDYHW0fp87NKC.jpg
238,Star Cops,/tFXaUrl2TMyucSGGlG8vTmgQHhL.jpg
78060,A Poem A Day,/ogYCFZ0qTHbRGPYauOIVVOSPurj.jpg
46099,School,/2py43uJZ5bRcHOmMB7xkBx3oRLU.jpg
30979,Gravitation,/1WGRX9mvcycn3PgNap0clEy0KgJ.jpg
58347,Diablo Guardián,/5aPeosEyu2axBCRoFJ9osO4mEPo.jpg
89763,Dangerous Moms,/5HA8IEofJfxGsCoE9gMSPBNZW9E.jpg
64409,Bang Baaja Baaraat,/VCjXYF2vMnDvR8uYJUQp7bniZb.jpg
12387,América,/hSMaND7FiiwkpLafET7pUeiME7a.jpg
102049,The End,/bgU8k57U5IEZ7PFkVCFyG2wd8p1.jpg
21116,Das Traumschiff,/6Jb2jvnbly0E0xLvpTCLsr9wD2O.jpg
99103,Babies,/m3vDzamSJDHdzMs7RVaPenhJcXi.jpg
37158,Drain the Oceans,/sOQgjE91FeXrB3Hf9zguXhCUoWw.jpg
5315,The New Adventures of Robin Hood,/t26XFa4fjm2T3By8ZO5Arlo8zt3.jpg
281,NASCAR Racers,/xi3XaKx0v4gpaQcWp6Rf0yA20wm.jpg
826,NBC Nightly News,/dQ0g2AOzHz0SUk8v6bFMw4Sep9V.jpg
64091,Can't Pay? We'll Take It Away!,/9fLQ5LEmDPnwFzTvHYwcgurKAi4.jpg
221102,Our Dating Sim,/9B6nsCbymm3GxAURvydZKdxpaR5.jpg
60744,America's Book of Secrets,/u4l4CGzNoukLjXgvgnSladOc8Xq.jpg
105274,Home Game,/o4A1023Tel6t4gatJz6UsK9iKKt.jpg
90306,Ultra City Smiths,/1TkSXf3SjHNhPyK7nXpcxAaM7Qa.jpg
48652,Room at the Top,/aQ0FlDiibc0fbT1RNeRWJhmWy38.jpg
282,Ocean Girl,/d5QZqkMHlwaUFGNZkHaZiSZXeOd.jpg
112364,A Patch by Lundini,/1nFVXPgfKDKTESQKAzrMIcdZcOs.jpg
217735,Bed Friend,/eQ6Z7mdheAwsoVMHwS5Oz1eI5p4.jpg
49473,Sunday Without God,/mvJOxuu7BT6fSq5zsGlW3JNNalX.jpg
82988,Conception,/utuOBLomLO63df6c28A7fppwl6c.jpg
126997,All Elite Wrestling: Rampage,/A2lFBvxqFnJEPbjftuH3vDsmlhd.jpg
39341,Man Up!,/dwuxKqzkcWzyjUMlzuP1AWC7L2e.jpg
100962,Love Scenery,/2LBOvYWtWWWEtzfEyugpcRXor5u.jpg
16120,Alma Gêmea,/eiWxoPVgHGZEDbRDql8r76kfmqh.jpg
36960,Code 37,/eBLOw2lCIKW0TNizy2HKQi6XSOJ.jpg
231505,"I Love You, and It Hurts",/3vkLoub7HsZZj9e6YOlgQrxyITS.jpg
73910,Spy in the Wild,/qb41klJJW6fuwbwJIanesRT70Jr.jpg
132178,Players,/n0YH9RlBidJNsSnPmRsV4AqK2m4.jpg
66886,Road to Destiny,/cxMehErzLSBVMPkZfTmL1xhpZFF.jpg
85233,The Defence,/3sohkhCEkIboAuJf8SH4H3HRmsU.jpg
31712,Pumpkin Scissors,/56MIZgVKGDMo25NNuVspQmDrF0D.jpg
27119,The Comic Strip Presents,/jUMJPj1nEiDBpccJvgKDMt6XKEN.jpg
124595,The Imperial Coroner,/8xlGLbfuGJqzornTo17CQK9PwVX.jpg
37971,Der Alte,/cHkQqbrVzcwuvLwStBpERJnxx4g.jpg
59690,The Great British Sewing Bee,/3q1cYOtmX7sQtCEZdcGj0z8yiy2.jpg
31411,Campus,/ausbea12dSn5hP5iGh1mwhsCdA2.jpg
88307,Earth from Space,/uT2fVELSOzetqLrVYWv6uIeIPVT.jpg
63892,Hunted,/2HRuHTyhZvaO6GCxNTjEm8yeiJo.jpg
35097,Almost Naked Animals,/g2syDt8t57eCmAZH22nTDfBaGKT.jpg
62953,The Secret River,/fhDQjfGHq24j5cNM7wFrpNSdhB8.jpg
895,Murder Most Horrid,/rNKAPAL5bNN64BjEWuhpb8pkom6.jpg
85751,The Gifted,/yQGnwhqXwljiZWtnwnemm8iDieY.jpg
134601,FC Bayern – Behind the Legend,/aVAt6zwJgnb6dOO5SOCCyHV9tP0.jpg
138328,Decoupled,/pq3t5ds8JwHSAvXE3o42CeQ3ue.jpg
124407,O Caso Evandro,/90xXYiJ8BxCVsJkt3r8b0KVFZaM.jpg
13897,Ben Casey,/oT1ct5pe52p5EQffkUL7L6JkHAL.jpg
227139,Survival of the Thickest,/sD8RToyFl1oMF3kXgkeSmSsJIpa.jpg
156332,Pitch Perfect: Bumper in Berlin,/baM8owP74DXapHOc8awfZ5aw98z.jpg
98730,Home,/r0WaKQ0lwnp8vHpWmQa2YhEXDjs.jpg
8563,The Jay Leno Show,/3ZjkPl1T3deY8cXagvfHGOje9Wb.jpg
95707,Kaizoku Sentai Gokaiger,/iJ7x9IeP9mjWJvL4BkgggRW0eT.jpg
4064,The Secret Files of the Spy Dogs,/jYVS8pFKHoboJYRnetisDn4e3uL.jpg
43237,The Lizzie Bennet Diaries,/zZ0Wm2oDgTKwZRbQaI5uoVInJfS.jpg
69812,Scum's Wish,/sqDJjwIvFikC4NnChALWuJazUxk.jpg
23027,Sherlock Holmes,/zDEed6lENay31oQlDKW4gCjT6JT.jpg
65932,Concrete Revolutio,/nxem8mWfpT1LD7GZ1wKEKRDlLqp.jpg
76534,The Adventures of Kid Danger,/3JqQ473UkYpFBjvpGMydI5sjoCI.jpg
17753,Skärgårdsdoktorn,/Gqs6CTqG5e7Dle1E7BBXrJv0WB.jpg
84274,Delirium,/ognhEEPaAmki6G0qx9Jn06cn2CL.jpg
13895,Bat Masterson,/8OxFU939AMas2yV7fohnYf74dEX.jpg
63893,Peter Rabbit,/t4xlfMWTSVSDQfZYiIB5RxwRL5N.jpg
155499,"Canto para no llorar, Arelys Henao",/tCJAPtPg6b2JckKbbIeeOiFPTdD.jpg
57775,Chibi Maruko-chan,/zKFr5sAMBGwu9Scv5e6v5c7oU1I.jpg
27436,The Adventures of the Little Prince,/kTNgb8120H2FmMWQ2GnTQkEfL9k.jpg
7008,Security Police,/2IZj89xHcZ4NAO1nz3Zbrd3K53C.jpg
91657,Young Blood,/3eGiEXsC05aEJJhdA7cJuwXHJ0K.jpg
153347,Toast of Tinseltown,/uizUt2k0ygFPRXkchapN7UYOyAw.jpg
88786,Victor and Valentino,/gY2yrpIw4yqJsMzFD8tspQl0ihE.jpg
3212,GamesMaster,/fdSkEhs23qQbiK5JUUHlJZfrNyl.jpg
10225,TV Nation,/h8zSKyVoNHE4Xdf2MUOROpznPkr.jpg
71005,The Silver Guardian,/q58RHZRnMp9SVmj0q4vvmdO7gZC.jpg
65974,Historieätarna,/wrlWrcdSXeOfz7YQ8wsDxEshgbA.jpg
63350,Dinotrux,/grFWAAeKAzJv0ofYNt8g2TcLwey.jpg
72486,VeggieTales in the House,/dMb6q71jX6PbR9x6WKPwdJKdjzN.jpg
138400,Love Never Lies,/1VMC84GqbUCC4RzxNjH7aJ6YHDD.jpg
223669,The Signing,/afcfxkHgfTAaWSdGQAHBIrdxtN9.jpg
61054,Boss & Me,/uCJhdM9CAtcZWxXrx8U2Cnm7kjW.jpg
204672,Supreme Team,/6gTKBIIHIWA32eNEY0bV5Bku6fS.jpg
906,Alas Smith and Jones,/nBOcE8rzWngAo4lTGJGXRu0vipE.jpg
48421,Janosik,/aPvPkM1VGBPGiPCJYoEAYbTawAc.jpg
98624,#FreeRayshawn,/5S00zTt1wwdEeIXv9kfMltSHhCG.jpg
71013,Sakura Quest,/1LvHgIRDNILt5dOPFsYio3CnDoT.jpg
85701,Legal High,/sK4wNZZH8NB6bQhoTXlstE9QDg4.jpg
211779,The Really Loud House,/sMQiGeozy1xUWjhlbcp2QArtnPV.jpg
15122,The Wombles,/uV0pPmIQxuhIolHRt5rY5YzbMCw.jpg
88981,3 Will Be Free,/fFuTbgcxGFIc2vMBiEPjyNHdFoL.jpg
157016,Marriage,/w78z4FZSmj3Kw8Uxr8LxbhfeYvz.jpg
213333,I Am a Stalker,/iRqBHgqU83ddN1HNtWk38UPyzLX.jpg
82462,The Third Charm,/80Pauk4xKUzwK9hf94ZJSTpZtBB.jpg
73097,Single Wife,/8VtKYqOlLVdB3xBkdbPw2LC4Txd.jpg
129231,Dream of Chang'an,/xqmSC7LwdD2xbuIUScZHCzcQHcI.jpg
116673,Times,/lx7oMbwEJmtKx8JkorKc40PCluN.jpg
118422,90 Day: The Single Life,/rjfFbzDTGxwFszGAb3wEGkVgq3W.jpg
101567,The Secrets She Keeps,/3IqfC1nJJTfOBhKv23qreRwMifG.jpg
6544,Sit Down Shut Up,/e3zbnHYd5xE9zOUFrpRgAnhwodL.jpg
85201,Rangbaaz,/pzs6o3OIly2SAssgP3GRCFpAKsD.jpg
68403,Girlish Number,/qRc2keh1AJGlwqKvDtzFpzXTYsc.jpg
74014,Bad Move,/7RIV6qXGjYAEmJtToxPp32FEqU.jpg
222892,#BringBackAlice,/u26YzUMBMmviSS3KRVK2CKxymjG.jpg
3465,On the Air,/kSvDzCnUCMzH6bvkGQv3Ps0sJJS.jpg
75114,The Hunt for the Zodiac Killer,/4n2JTJqXqMuXEwsRRGeu2svJpRW.jpg
10786,The New Adventures of Superman,/r88YpTavQCMw99sClIZKoR7wrCv.jpg
48623,Hakkenden: Eight Dogs of the East,/if4Nm7UHlS8MaGDdEWDrmCJLP7A.jpg
207564,"Reborn as a Vending Machine, I Now Wander the Dungeon",/bY6oLDoxDyP7JNLVGjeO3udND4g.jpg
8016,Crash,/8DhxZi3N0Apuea8K8gJgeGHsgtq.jpg
102293,Dinner Mate,/eHP6ws3sKHvvgiLsHgXW8jCEeS2.jpg
128586,Blue Birthday,/huTPjtVs1VMmzxnu0elfUD3QGL8.jpg
45279,The Legend of Qin,/cvxhYPXDLWpqsWxW0HrTGiWgo7E.jpg
66550,Sanremo Music Festival,/xRLWR3bE9tGuYEX2mHEYP2ATZ4h.jpg
211104,Drink Masters,/9tk4nWiP39MWQisrt8IoxvbHhgt.jpg
1580,Gidget,/bxkZJhPSCeQYzhboXcLZBFYtgi3.jpg
89315,Just Roll with It,/gQADiEmvhYdohSafdTSi7C2Y6GF.jpg
80056,Fancy Nancy,/2iNKvpHmh5IWlkycIGmY6yr1q7H.jpg
2580,Stargate Infinity,/giHRHloowaDmsm2xTQV1JXV3cNG.jpg
130119,John of God: The Crimes of a Spiritual Healer,/yHC5hCojMNo5mRkcM8YezrLURa.jpg
21665,Monsters Inside Me,/rf5uz7repORPo9B3QElI4EsFll1.jpg
48516,Dadı,/8AQgv4oj5MaidbVJUI4jy6a4Jjy.jpg
1565,Quatermass II,/9dV59VWbfbkTPrkkrnRg5bnAO9c.jpg
40239,The Princess' Man,/pZllYmfO30HU5CvN3RmNAVqgd0r.jpg
158811,Bargain,/tdbfauNOw5j19nr7bNZqTTmwerN.jpg
89764,10 Years with Hayao Miyazaki,/a4l7jt8QrbcO1gfQ8KncuFBNPFG.jpg
10738,Family,/iqk1mPSU7OtK3OI4GMItjzWcZx6.jpg
83635,Dark Heart,/s71TgQW7wBiciRvhx8hqbbUKsGk.jpg
91987,Undercover Billionaire,/pswRxPyJ56QgFVBBI9MBZ045tMk.jpg
103249,Dragon Goes House-Hunting,/5hQ3Dn0UAqX8Xunu5eK8jc5pDv6.jpg
31252,Asi,/bL4nlQoiLYkK0CwwOrPpISo4oMS.jpg
63933,Best Time Ever with Neil Patrick Harris,/e6h8WUEgnBHAfn724PLMalON7mK.jpg
85789,Can You Hear Me?,/mzxccD9DZ7olWlXN4912QxpZN4J.jpg
37546,Turn A Gundam,/yTpqQNk5sH3ouKsAh3rZBlROckU.jpg
205072,Beyond Paradise,/z2NjHSmbiOwblJveq8JUpJlmcRC.jpg
215117,Pervert: Hunting the Strip Search Caller,/t0hkS7QNAUmhqPqgUu0tUsCL1c0.jpg
112063,The Mighty Ones,/2yqo5H0XvQEw93UjLE27dXHCRhW.jpg
68083,Swords of Legends,/8oenw5SKBSr9cENPxsQg07xjOY6.jpg
37522,Nyan Koi!,/2fEuoBU5AjJzozwWpA6nqAwKoHP.jpg
2522,Press Gang,/jKLEJJZZTt3QQN863TJbIzlkdqT.jpg
34763,Studio Julmahuvi,/efRHxsOlYzjykCGW4nVoObtk0qM.jpg
136506,Destan The Warrior Princess,/cSDEb3XvsML6VwYZ5HEJy7vQUS.jpg
616,A Question of Sport,/cwDorJ6JQnut1XDFq5codFdkSCs.jpg
65881,Our dear neighbors,/6lswwTxFiNXJB7LGmwR7smFM7gF.jpg
99109,Afsos,/j2zYJaX3C81QAQfpUH73oCaztvj.jpg
11645,Land of the Lost,/hW4Jt47sDXOY9DmTbL84318dFbU.jpg
100622,Our Miracle Years,/o2Lp7iXGfa1Qf1WVKyqmel9Gh2P.jpg
126209,Julkalendern,/9xvNeHD7CCAMpbkb9Q2UFB9Dva0.jpg
4328,A Country Practice,/hxtsmmB1NsglgitpfmUMCQ2Cjnt.jpg
13287,Miss Spider's Sunny Patch Friends,/3ULrcTbiy2VjRquYMUfWSoUNTua.jpg
70194,My Father is Strange,/sPazX2eFbL5NPAYBDzAlXaT7Vo7.jpg
630,Standoff,/q4741FlAgOXbs1PdD5eCDxO4ykQ.jpg
4900,Sabrina's Secret Life,/x82BNRrjMHIxHZak8RiitDTwCc2.jpg
65804,Saints & Sinners,/dAnMf6cpuq0p0PLEGrX0wCXyS4d.jpg
68913,Snowfall,/yc710ye0ucSPozeg4mOVVOsPKwj.jpg
23436,Legends of the Dark King: A Fist of the North Star Story,/qdMuK4tcJ3iKbYS3THyqtFh0fxC.jpg
136554,Apocalypse: Hitler Takes on The East (1941-1943),/EDkOKIdiVjKofUeyaEKKEOH62x.jpg
139061,Theodosia,/2tH2zDZIaKSRsSef55DGueNh4mI.jpg
1011,Tenspeed and Brown Shoe,/vtf18T0H80X5vyzsArAx9z66kRS.jpg
66823,Catching Milat,/sJZEX6Pm4ygpamBlKdVfHi7hOjz.jpg
95834,Legend of Fei,/rngqWUuZ53l8XIMRey2ivhJ2Lhx.jpg
945,Burke's Law,/ePKRW7T0RCgzSzuVJPwHxcqBPXG.jpg
73870,Génial!,/wZ8n9gzzHxLeH6e0XW42CBKVnaP.jpg
4667,"Andy Barker, P.I.",/uJD9UMko7SPZWwzxm1M0vQw1yYH.jpg
6510,Cousin Skeeter,/hT0snY4PrqgroNEpkl7zwmJg7la.jpg
58010,The Guilty,/l7htAfsU3mxRyJIpFsFGSNBpfH7.jpg
88646,"I Will Not Work Overtime, Period!",/eC5qmcIGe6USkJ5v7KdcA1HqTyZ.jpg
211089,Strange Tales Of Tang Dynasty,/sgv6nwj1TlDDKqxbcUEuds8fqoz.jpg
37555,Omamori Himari,/6FKVuV9jBeTHRFBD0zCVPORieQB.jpg
71074,The President Show,/htEr9Ba2UIzdc8WLn7Y1nz7gxhH.jpg
65860,Jackpot,/ifXG7WQpYfh0eJ07zxR66NAMxUc.jpg
42407,Whispered Words,/5iG8BiIWEjmrSDlHB6jN2AsWWHL.jpg
103514,Maelstorm,/i1ExRavtnXVqcWA8xwcv5QLaMRv.jpg
230034,Kohrra,/vI23w796RfqWHlRKEcN4N6bD2DY.jpg
8256,Scream Queens,/sDcdSzxtDE29vaBJt2nj0tRC4ah.jpg
20460,Only When I Laugh,/4foqTmcf97Tn2yyoFrXsaMbqxfM.jpg
67814,The Legend of Chusen,/jaDwqHsXrTm4uF5Lz9Pn31PpFmh.jpg
34195,Rec,/eoNfmHW656JCIdfxKuW3MyG20u7.jpg
46205,Marvin Marvin,/ntdpOSH5WKIAsAO7lo4tB9eNVkQ.jpg
130467,Threesome,/cfjlMZ786kN4zqa0MuBYZzhAr8y.jpg
8114,Lockup,/dAtN7CCCZevWTcTAlNrUtCHlmUZ.jpg
4631,Cupid,/vz2ZfJniosx4iGlRYVY1nWNpfZC.jpg
128826,Miss Kuroitsu From the Monster Development Department,/eilm1SsfGlKrdB4jZfo5stUfbgi.jpg
68931,Mariah's World,/nKqzpevBfF41kaYSugqQlyC8N4f.jpg
66982,Dostoevsky,/twwFKFGzuuvrUMCtLtFzfyX13yS.jpg
38204,Anything for Love,/lq3lz2xtJmtNtmoXM7AVtXL1D5v.jpg
12610,Robinson,/gns1TBKVP1h93vCbn9nLgRDZfFw.jpg
10861,The Nightmare Room,/5aBRRkf0UoSEIN3kTaHPbUgFk4x.jpg
65747,Memory,/mv5MfeTbYk2uWd29p3uOzbHgbQW.jpg
201050,Dahaad,/wIAP6sogsPWSEYxyNj6xUsj5VoU.jpg
66487,LEGO Star Wars : The Resistance Rises,/xvYc0QGTC1rMuONe6PWBnWnpfuv.jpg
66112,Shonen Maid,/aq8sasxas00O4MOgvF99DTIFt6Y.jpg
17020,Ekeines kai Ego,/d6BijwiD9n6o3qcdTFAZtUjVIy9.jpg
120318,Undercover,/ghjMzLPiFIcui0Kc1xIiJemdltg.jpg
122045,LIMBO... Until I Decide,/dQWvLPD2UXTtayfzX3tWzlNppx0.jpg
229373,Senda prohibida,/dUn7V8q6nS76k9d4MsJjOdi94ZD.jpg
4199,MegaStructures,/su1CZwwZ7lx2RQvBIsijOcoXV9s.jpg
108934,Drag Race Holland,/zFdjJiZER6ZU3okzj2VFFgj5uhG.jpg
30860,Czterdziestolatek,/aAIICMUpdIZe8a3NK2kYgOqcNnp.jpg
35729,IRT Deadliest Roads,/26UxzJUscXTVSXAPw2m3BQkxcyy.jpg
82905,Release the Spyce,/bebou99kYubm1xYBpiO0psbxYRM.jpg
50666,Seksenler,/etaiBoMSaudjdrY87nLsMo77wVt.jpg
39292,Free Agents,/dcCnT9YoJmTSVhyCsYg3wLp7ypF.jpg
27977,Moyashimon,/xjqrT3X0BJq6PDPRC2wNzov9S3S.jpg
82958,Armor Shop for Ladies & Gentlemen,/jkWCQMVlDjeBVf3Nrm3TYTuwOBZ.jpg
69568,Master Devil Do Not Kiss Me,/uVdVsUgSIDoFacD3QHcqW16lZFN.jpg
41551,Distretto di Polizia,/3jI0Zy5priiMGybWsiFTZZ7cidx.jpg
74853,The Big Family Cooking Showdown,/leS4jjku2gKaCvfBkzeTQ949Itu.jpg
26870,Celebrity Masterchef,/nDnryvB1aus2pktUjgXFgdOxh8t.jpg
39273,The Greatest Love,/foIZZlM7H8aB2AlA9xujrCdxDar.jpg
218131,Blackwater,/sePPXfvn7ihTzS9hDN5EjwuzsCt.jpg
13084,Night Man,/d5rE9WSSsRTuvfjRb9dOpnIMAOJ.jpg
66498,For the Sake of the Republic,/bWz1tIOSvhKdSKR6KFBvPMO7ASH.jpg
25676,D.N.Angel,/3etrMwiRXgGLTrQeDv55Rps5Ryv.jpg
73031,Tientsin Mystic,/vsJVbT7uc08lGJ5iA7nJpH0H3kE.jpg
37694,Big Fat Gypsy Weddings,/yQrbMry3qna722fRGF9aQFSe6yL.jpg
15800,Kennedy,/qNf52gwZp1hvsTAhFGc6p2O5lcA.jpg
129481,FBoy Island,/zbeteb2GBhwFv9rfRi65GQsMELK.jpg
81521,Afflicted,/5NULgxO5oK8gXP2cowGVp7LEe0L.jpg
34633,Mother,/jJzMl1jW1WC8WOPTpiFc9KDGgcE.jpg
93260,The Casagrandes,/AarlHgaDolXnWQCFqiFLlpCKuwk.jpg
40066,39 i pół,/wB1JMvtDUstgHte4EnGK5998dzP.jpg
194665,HIGH CARD,/aGyV4sV4P0y4NXuguucNOo3eolp.jpg
40751,The School for Vampires,/3YHh5HRSXY3woIzgyPGJH33UjUD.jpg
106881,The Osbournes Want to Believe,/j47eNlkPT7VfeHvTjhfMYAWs86W.jpg
9041,Noein: To Your Other Self,/5CWYj3XuQXmRbk7lI7ad5DTiJ5p.jpg
34186,Chi's Sweet Home,/xEJmKzbOq87E7eMp0eatgmJ2DSa.jpg
63406,THE iDOLM@STER Cinderella Girls,/lkItXUa5V2z1WGTBqp2Er1zsNpc.jpg
2624,Ned and Stacey,/uPU99QHFS6P7sgAfYcIKgDcr04l.jpg
98657,61st Street,/4Y0979GAXgFNsIxN2jsXokb8o5e.jpg
46162,Gabriela,/dOw8Gl2ZcBqiLasDucca5YJ4sBj.jpg
33973,Richard Hammond's Invisible Worlds,/oFIvw2vd14tMwrzxrnefBNS60n8.jpg
120395,Navarasa,/xOZbqK6xR2JkRBPFgENUHb6r6Qd.jpg
1633,Far from Las Vegas,/bCuC3kb0lDz807OHbnKR6nba5UB.jpg
133091,My Sweet Dear,/gD5OtWUZqDEEsZ2Csty4VoiThHL.jpg
4544,Strong Medicine,/SxrWagwCtPrlI6K50fRl81Omxk.jpg
76004,Care Bears and Cousins,/lWsceL1xFkHjLRtS9IF59RNQoPB.jpg
79566,Sketch,/qPRK838BrS8V9oA92wtKEhy72U9.jpg
221522,Emergency: NYC,/3pdVKXRnEEf2YUzm4net4MFEWV5.jpg
535,Dinner for Five,/svPfSoyfWS9yE7qIdqjdtCAAbNC.jpg
84604,When We Were Young,/ewTMBpvsasOWjwLP256XCNiTcki.jpg
212109,The BMF Documentary: Blowing Money Fast,/f9SlZMXOGDzfOmS3h1G0vZHBvkj.jpg
73015,Ill Behaviour,/eFroEWhxiLjAXRumr5RDAFMSdgP.jpg
108877,Sixth Sense,/5qVVzz3G5wSPKiCjRzxeJmRDzWr.jpg
12423,Bottle Fairy,/jgimkNaV0GAsYMlqWoDsnwWFYWg.jpg
15795,Wyrd Sisters,/n12spgrAydi8j1B1IKfp19CmACH.jpg
69511,Professor T.,/nse0D8Zvb6Vvan9mPdhLctJ90Xs.jpg
529,The Legend of Prince Valiant,/r1ozWw5J7oVL4BqGOA86Pyl2Wvi.jpg
104431,You Are My Destiny,/a6wdKoGISGiTLkvaCXr2ujGkFJ3.jpg
13667,MTV Movie & TV Awards,/77FuUQrJVO8GcyCpfHBZOICINwm.jpg
4504,Shortland Street,/2m2W5m2UIuxv2EkgfMvEms0iAGq.jpg
6,Strange Days at Blake Holsey High,/eMYBf0Wt2kHsH9JWIChu8Tmk86f.jpg
62087,The Real Housewives of Melbourne,/ek3gK7C1mQhGVqZ9ibyWKZc0DYz.jpg
16950,Negima!? Magister Negi Magi,/9S2i3Ocbb7WGt94N2m64re5Sh8Q.jpg
62073,Remedy,/rOLtmCrX4TYx5QJCwAbI1hMlqeA.jpg
200701,Waco: The Aftermath,/7xaVVAAhMJhc5VIRpRa48DLsRru.jpg
42188,Storage Wars: Texas,/t3TVJoOmgxHdS5UyZThkiZMmkwk.jpg
62085,Shades of Guilt,/zf4w9At9R60sK5mdkrZJ5DBwga7.jpg
13700,Indian Idol,/igtVLnrSyMwPYtuWGFRSk3wlPel.jpg
49038,Hotel Impossible,/z2a3CEGHuIF4QTEQ9FYijD7uGPM.jpg
200732,A Galaxy Next Door,/7ED2MO0ymbDckQpYZEcjoqmqUwy.jpg
27480,The Erotic Traveler,/mlgOylIhGyEyLq4GVKm38fejK7I.jpg
110317,Mighty Express,/3gTMeeuiiAhiUmnyxwKeMSz5vcl.jpg
80328,Mortimer & Whitehouse: Gone Fishing,/bRR3jfgOiwH01oQBY5MTMgHjRNn.jpg
43832,Dark Matters: Twisted But True,/fz0QmvCqLGIgpTKonMDHASbRqsL.jpg
65673,The Day After,/tCaA7LHii6xrmcCVadBfFx8IgN5.jpg
85957,Philharmonia,/xV9zp8nhqGHNikueEBShrfwzlba.jpg
66245,Witless,/fONlug3EP5x08QaS2KJWE1VG1rP.jpg
216133,Bad Girl Antics,/4uYXnoKk7tDPHwApbYudCM12loP.jpg
4943,La Petite Vie,/1iQz685j45pOElz6S3l9jfOuPsK.jpg
2873,The Eagle: A Crime Odyssey,/wvNBaaB5EHe3CPbtK5KNN20HOFL.jpg
106666,"Pray, Obey, Kill",/oZxOmxlAwchaOs9DUvmq2qJawrC.jpg
23747,Conspiracy Theory with Jesse Ventura,/p16Re3DJTW4tfzyZco8uYy5Li60.jpg
136135,The French Mans,/aaPMTCyw0I0b12OqUF1oqiKH6TV.jpg
220155,Still Missing Morgan,/gxZbzwSIfR2BFMero3OHC9aW3fg.jpg
61498,The Great Fire,/llE2OUjkIyXlIdpzv6jxQhsKCWX.jpg
138171,Alparslan,/zXnP3YEN3saxyncRLz7kxc6TvjX.jpg
158345,CAT,/aY9lY9v0zab2hn5ZWeKzLBE6Kme.jpg
5114,Veritas: The Quest,/qpC4Hp18TFbKcJmtEYGpKC1DZ3p.jpg
64229,Jay Leno's Garage,/h4T23oAVxLky9YDpV3wp6qdnkjz.jpg
99940,Operation Buffalo,/tL3YiXGRK8b0ylhrDaoYyIqrQHY.jpg
57528,Horizon in the Middle of Nowhere,/alHwzhOHP9xyQOonGljEPUeIPF8.jpg
95100,A Little Thing Called First Love,/TyiGKJFSNfB0jBJpV7wFKvjwYZ.jpg
1935,Chico and the Man,/qP5KgCttoSaR0lBOGNA7kY7UdGR.jpg
9826,The Tom Green Show,/pefUendasTeoJIEwBklIdGhxTQy.jpg
1954,So Weird,/3JXACRlBkEGRdzXvHH7R1houDeS.jpg
46668,Giant Killing,/nnzTdetoQt6S9KblPcSWqeaxjXn.jpg
63240,Talia in the Kitchen,/yySXhjOrxWCpg5JafLf2moKnzaq.jpg
21544,My Fair Lady,/6SSvUnUfmQFEpVTOxvE2WaGDOYq.jpg
12940,Hard Knocks,/2AMfrihAhbqfvCm9LtfQEVYqhqo.jpg
74225,GOING SEVENTEEN,/zZ1umKqmG2eu1uIPMeWNw4029oo.jpg
33215,Clouds Over the Hill,/pdu6TS7OypQzedMbohmx2lCNz7k.jpg
61437,Cleaners,/nIR6rJCrOZfprUEsvfRyO66kUgf.jpg
202821,The Masterful Cat Is Depressed Again Today,/iSJiIfniU6MXielTiD4mABg0PF.jpg
44300,A Bridge to the Starry Skies,/pbkuQMJWcjTk3oo2S6uqKEzfLtr.jpg
8863,VanDread,/2eyd5lS6tPqHj1da9TNb0AmYRbe.jpg
13484,Kummeli,/sfh592wp50MHX3SkBaB1FRR2QEn.jpg
56081,Photokano,/m8U1WcV6N1uQ0KmN5hTzwpZmXJg.jpg
76453,72 Dangerous Animals: Latin America,/4tHwIj1pxWFt576CZqgrJZrLd9O.jpg
93035,Cake,/jQKFnUT8olc2HQLO6pmuLpCMyd1.jpg
1464,Terry and June,/woY6xfXFhIpcB3G6f5RsFDvo54K.jpg
107306,Partisan,/cB5nWzWFrphVo7PF1rTWWLC6DG5.jpg
112403,In-House Marriage Honey,/kWGitnVtOCXKTE2lPxLkaCH8nTQ.jpg
45937,Streets of Broken Lights,/szNH2weSSwKndvpD06qGcp06Bb8.jpg
74308,The Royal House of Windsor,/43UHdaOtj4MgU8mfsbaxY8xXckk.jpg
62900,The Haunting Of...,/kDE6PPFCG7kwXKPuU6vw65Ggc5G.jpg
62722,The Lover,/cHem6GaZKI6BC0VIJ3ERvqzMTzK.jpg
78029,Nox,/vKkzy0lqZoOGdekpSaXfNBiUkgV.jpg
2876,Ninpuu Sentai Hurricaneger,/21E4J55vH9bCqZt2NKk8IUw87z8.jpg
90290,The Chosen One,/edV6d1I6AxJqcAHXGIpPloiz44s.jpg
213471,Korea No.1,/4KWEBELeAYrRRXHsfIfKEsokUMm.jpg
97363,Visible: Out On Television,/xJocd94qiar0XGWUZdV6ncsoOOF.jpg
45754,Breaking Amish,/74wVDELZwZAHLS5DAEuGItM82YX.jpg
87775,The Substitute,/gySXt3oUJwsdgmg6qIvINIxWG1t.jpg
62157,Maria the Virgin Witch,/qib7imjr306Y4iUWFBSOcZGcDIR.jpg
62463,The Adventures of Aladár Mézga,/o4PfkWfnuqhdqSwkDfxCsvIrNGc.jpg
74739,Unikitty!,/tPpWpCmd7gx3ksYWQR7qRW86lvO.jpg
62449,Missing Noir M,/54vsmOjxJiF3kuCpKlQV1e9C1vq.jpg
5904,Guest from the Future,/ahjecMDcBkcxxaKqsH66sJwapAC.jpg
19356,Top Chef Masters,/whe7fLfnNVTDSSJdyQQl8OEZh15.jpg
74564,Dupur Thakurpo,/c8CZ6vvKceU6yMUGkcGbVXCmlod.jpg
44733,Pramface,/q1V7feO31rvms4Se0VydiFjszwK.jpg
135272,Tracer,/cfE8rFOi7jYfkJodsmUC6HQg5Cg.jpg
68728,My Mother and Other Strangers,/iL1KVAU3J8aqY2MvHmbJJHdhEHh.jpg
217806,A Boss and a Babe,/gZWFoNQkZZF6fHIV3A8MBuiFIaf.jpg
14771,Middlemarch,/8Gvmop9lI9SnwsG47LICu56UVgH.jpg
62744,Major Lazer,/pxBkd0iHlWFQGSwrF74H0Fsm9Sq.jpg
220779,The Great Cleric,/zkzYTYdhaNqRaGyKsBunt3y5vs0.jpg
1708,Mighty Max,/boYrvSF7fAC9vq1np5c6ohrpxCj.jpg
35169,Life of Crime,/1Omo5PBhK9uFdtZlva1zEehxOac.jpg
94281,Second Call,/psjW9L4vcScaUHLmWKS0ECFhGVu.jpg
69020,MasterChef Celebrity,/uivKh54EGkwJkxR3pxP8wxpcogo.jpg
6411,Devil Beside You,/uVikN7mFetzgvx2WPImF9palDNU.jpg
129473,Young Lady and Gentleman,/vyahc0o4Xfbw0pZdz5QiqXxDRNH.jpg
9319,Kiddy Grade,/bPx4Z7STMWR4eucOB6KQs9lsHVL.jpg
2222,The Division,/5FE02HHz3Uv9T0yThBq1SahJ4yV.jpg
13412,The Famous Adventures of Mr. Magoo,/1T3IQCGHC11sKOlkIyxoFLKXzo5.jpg
42395,Golgo 13,/6VNV4pgsFNhXDccqP2jQkdnC51I.jpg
11749,Ox Tales,/agghWvxlyy8LaUxwAG605gwUNH3.jpg
97706,The Untamed: Special Edition,/9C7UqVuB3FcidmR8NKo0MIWvzDl.jpg
58775,Kingdom of Plants,/syEdeMnoa1DF0GzpUeFj1nJs9iA.jpg
10103,Jungle Cubs,/xuLtd2uuU3yo5W7aStMwrTYMdQ5.jpg
70802,Prophet Joseph,/h7nsyR0I53gM6P1Inxl438UnqS7.jpg
44815,Ikkyū-san,/9XkTpvSoZDZvKMf59rr940pujQD.jpg
13910,64 Zoo Lane,/xUUuEJUo6BO1IP29NLC1R0k6SO9.jpg
32994,Cupcake Wars,/4bWIjjTvtnAc8UX4Iv8dZtXE5FE.jpg
61858,The Cyanide & Happiness Show,/sGZYIMTaF3FeinM9SALZjZChjZA.jpg
75953,Oh My General,/qZdM4oIt5utpvmJ6K2lGlAuaVNF.jpg
44724,Orbit: Earth's Extraordinary Journey,/hk2MOKqVxHrqIsYeOlq8X05qZpP.jpg
10393,The Adventures of Robin Hood,/hDlzPHsz0iVNjspLZlsSKWfLc3g.jpg
79028,Power Couple Brasil,/s0gqncO6khWQj4QzLpQ7z4h3lYZ.jpg
86607,La compagnia del cigno,/yDsBVk4AMOxkfJk6v2n5aqucqaa.jpg
75019,Acceptable Risk,/zzsVICf0QcopipyC2EBVINtgMeG.jpg
89613,What Did You Eat Yesterday?,/pzzadIdUWLV9P09uIkfFlqQgo2h.jpg
90808,Gremlins: Secrets of the Mogwai,/fkkBQsWgRX7OFxzV0jtCM88a0Xq.jpg
69090,Tokyo Trial,/bBg3NPA0kf2Qt01FAL52hkWhbZa.jpg
11745,The Magician,/sPD9Q3ZrD3dVMC5tXAixmm5tiH6.jpg
125867,GRAND SUMO Highlights,/2BfU2gyuLQgzdyDY2oExYOuLXd1.jpg
46844,Bluestone 42,/nxHMf7PnrVHv5y5GWHCJyN9zYWV.jpg
70432,A Touch of Green,/qxinfcqL3GoMW0gjyMTHm8MNnCr.jpg
79085,First Wives Club,/uPuRZBGvrMBbjweAFZ420T6BRwl.jpg
100884,Bäckström,/mj88BtvWrE7loIrOBjZcbxxd6p.jpg
43035,TASS Is Authorized to Declare...,/6PPY2M0AGk86YHO0PDD2zugsTPl.jpg
66248,Kong: King of the Apes,/myKTPDxeh4HbQsDlDsNQzESeNWP.jpg
55757,Wild Arabia,/aSbv75P2tJ2ZQ5hoajZuJhHbqX0.jpg
68786,Hirugao: Love Affairs in the Afternoon,/zvUrE0KPWxKDPLtJWAfDIcdP7zl.jpg
216223,Let's Get Divorced,/u42D2SlB7HKtA0H0QRsvXc3l0Zj.jpg
12908,Flikken,/cJKCb8vPPnP18MjcpqZQoTTYMQV.jpg
440,Salute Your Shorts,/1t7ZVQPoczVPL7Xd3KBk4GZgwma.jpg
78634,Total Eclipse,/89wn3wEVNQzAI39pfPaRhlTEnix.jpg
57565,Yamada-kun and the Seven Witches,/dz0kVPyCiYGUqopghReDaSTA9yn.jpg
195407,The Creature Cases,/tFi3nx53Dfwa5YOd4J2VnIXpqBk.jpg
75058,Kiss that Kills,/sjCbhoT5BqYE66q9UMSTrO8EZNC.jpg
202851,Big Boys,/reMAnYY36uIrYZaUjoDUnP21llT.jpg
92707,Pegasus Market,/aj6YtrojEGktaN5lNeMZ9aZM3On.jpg
60806,Captain Earth,/g8JU8FwRHdptsS0277dZFdHo5TC.jpg
127509,Insanity,/ykVynn56EZiM4DkRRHGvLmi81q7.jpg
44810,The Dumping Ground,/embpxgcIHxpqneNsjaxnPRktmi4.jpg
1634,Kappa Mikey,/mv2L3sYv3cWuvHSYsBYK8Wu75rg.jpg
34344,A Perfect Spy,/5tn1nOS2obvjKJCrQt37rTYp56h.jpg
5232,Intelligence,/6WYhnGhfEvNAy7bYaiwUbjGlIYz.jpg
70873,I'm Your Destiny,/sLqJCYvWmPZWO2SWsxJRVpVjjGB.jpg
231015,The Last Hours of Mario Biondo,/1iaJmWIKoS5LBVuvr9c54gwTq7D.jpg
226082,Drag Race México,/tkICgpKLHvP3G1ZRTkqCx2p40HH.jpg
3582,Instant Star,/mWEocddy9gUo1awGdtkFYyhhnO2.jpg
15247,Konstantinou Kai Elenis,/4mVrM70wTHEST7UmucdZBgoO6J8.jpg
79040,Joshiraku,/67zsN2RRa187v8fwYxlN8c8T19X.jpg
80389,Your House Helper,/ApG8vyN24Z36wIPx3RSTlLOzCZ8.jpg
218672,Show Me Love,/8MiUFTHAWS4gCnxe4WKqZRPAuwX.jpg
28472,Mafiosa,/eQ7ZufX51LhWrgGMN7SSjGUoKNm.jpg
64031,Border,/ezQLk0YAwxZ2hdHuQuVhVf5SzBg.jpg
62271,Fool's Love,/nyQV7SvfYONIyzNgrC9kiBcc1il.jpg
83244,Butterfly,/ib11vnb6oVgHOgZb8R9HEVxaouI.jpg
220897,Only You: An Animated Shorts Collection,/cDPLmXjSzkp3R29t2DYgK70dEMD.jpg
125972,This Is Pop,/uVG8QtrKspTYGCJRKqFUa4Vyfgs.jpg
104913,Aarya,/eHxzABVwpFtUg5kHu9PAEFWs67u.jpg
56843,Inside the American Mob,/8JIL8rBTU4N5ppsjOt1V3qXcZ7j.jpg
46733,Married to Medicine,/wXLEtYR7xKCiqVnfMC10jHYlhQk.jpg
39145,The Runaway,/4QhMvJduYKwfZJX7oDsppK8nqr0.jpg
85545,The Circle,/qYNPtkX9iPbF7Djg7xtova4JLZf.jpg
5664,MTV Unplugged,/wq1XgtmQbhMax38ZHxLeqSxayGx.jpg
107723,A Murderous Affair in Horizon Tower,/divNuMfcVFOnZuLXxYQWsoArOXL.jpg
6300,Space Odyssey: Voyage To The Planets,/ktuT86IJ3vy9qRoraXomWOtEq1a.jpg
84590,Ariana Grande: Dangerous Woman Diaries,/kqNwbi6K8L3OKAi9PTtG04UY34w.jpg
67334,Impractical Jokers: Inside Jokes,/r7qkxS67bSXkMPW9FiyZRJJ3IYi.jpg
33417,MR.BRAIN,/fsD0OrS3E0GYYdZTCH8m8lIgPzA.jpg
1286,BattleBots,/5XO0mLFvOmcWuz1hDrgzQF42849.jpg
107220,Anónima,/2kWXQKK6Yjs9DvHiErIt7Z46hd6.jpg
43333,Noel Fielding's Luxury Comedy,/daR5ss563EPqMitPSVzhas6w4Oc.jpg
93818,Stand My Heroes: Piece of Truth,/v6t3OIRMdWJ1w26Cwkv2uJIRODE.jpg
29501,Around the World in Eighty Days,/o3nN5MkkLXrAmlbuhrHsftoB8oL.jpg
60909,The Sixties,/wJndYfUYeszk44ZSD5HP5rjcHAW.jpg
139289,Poong The Joseon Psychiatrist,/4pyrc2PpzvBGYh2ZDqFmn5OASds.jpg
43867,Shock and Awe: The Story of Electricity,/15T3gFQuT7wzxYhH5b7uZ9R5sme.jpg
15563,Ax Men,/nnkwFrsyP1fXhSl1L2UMsEK2K3l.jpg
69238,Broken Pieces,/zqfZq8ZOFR7tDFo0KqZMlAdzgl2.jpg
1281,Ultraman Nexus,/72mNqktWE333mGMlOwwZFZcrQHq.jpg
31700,Jyu-Oh-Sei,/KYbZeKkpWHPWl2oHC7NWHEOjNe.jpg
4225,"The Gadget Show: Shop Smart, Save Money",/b8hftDjIoVBiGP2gaBxjAU6GHdz.jpg
60289,Superheroes: A Never-Ending Battle,/fIL7JhjNEea8EuW25CTZAcdQwch.jpg
74114,Witch's Court,/mytL1XUIDI4nIpn5WLAwVTcMkze.jpg
174,Monster Garage,/jiVq7N0khQdCZdnp9AjcPwxCKkb.jpg
204899,The Anarchists,/1KK0u33xUQ0Z87lMoRD11NomFja.jpg
62576,LEGO MARVEL Super Heroes: Maximum Overload,/lA2cmvt0qP8uuRfHbBSpbLin4e1.jpg
69239,Chaos;Child,/p726IZ7VFmUYvxoEEhqCTO3JngQ.jpg
156946,Without Sin,/5USXoPoKWu6LxIdCOIlJoxWvyqC.jpg
29853,In Cold Blood,/rYqCMllLTq6mE8fEAzvhXepakoi.jpg
60932,Almost Royal,/5ltbfUeFYJNExzkEbHiWcBtpNq0.jpg
11930,Time Gentlemen Please,/rJcFyDDbyKaySGGdX4PJ72BO7lk.jpg
48003,Ways of Seeing,/3YKFgYwrKiJ7qGrM2mSeczFggMY.jpg
125970,Penguin Town,/3LtKOlUBdk6t3B01gbaR332YI2U.jpg
96319,Inside Lapenko,/uUGDplotHDRJ3ISDPVFDsIZWTT3.jpg
64174,Love Me If You Dare,/xfHBGNSTDxIfW7XaOpWkbzml8Ql.jpg
114497,Ultimate Note,/urVMxU1fj25WLm35TnUMepdmiWG.jpg
61136,Bel Ami,/vSPRGjyKa6QjxZOUKsP5093m3CA.jpg
1255,October Road,/xDgOxRaPI0iAHaWWyzcSJUqjVbs.jpg
127588,"Love, Logic, Revenge",/yL6PorZ5VuOlg5RK0SFzayem52V.jpg
205115,Vice Versa,/46mMtey0WLspjgF9ZAYtI52lOmE.jpg
67080,Impossible Engineering,/u1yhsnr0k1o6WcZBXnYQfZTHJbK.jpg
65655,Red Band,/3wMVMSTbfmjitUi5JjdqU40Afic.jpg
88024,Zalim İstanbul,/lJYnmfwRgtJXj9uwCB6djvzASBv.jpg
124927,Apocalypse: Hitler Takes on The West (1940),/o8ciniCkluYmB0JlWCpOAmgtHQl.jpg
67325,Ai no Kusabi,/7bgjkq3YWITMRICcZ8AtRavTBLE.jpg
38646,Brødrene Dal og Spektralsteinene,/z4u1l7wqbFBR4tMtMQyuCKchDHp.jpg
68853,Six Wives with Lucy Worsley,/c8BPSd1CEgnpYKs6zxWR9NNBLxr.jpg
195504,From El Haram Street To...,/r5otwc3aMkEHvO4SbUcsDIIAuFT.jpg
61742,Laughing Under the Clouds,/8SXZUWqBS2nPMAzHC3LYVVMaLtd.jpg
34072,Aishiteruze Baby,/koaA73QpO8KD33DeHcn55Lnhm6x.jpg
153748,Celebrity Big Brother Portugal,/ynFd1Xmr2r05qPqalNZnh2uxuJ0.jpg
46084,The Locked Room Murders,/b9ezrMveJz9Q477bKi1kUDJvXm5.jpg
6204,Murphy's Law,/qLgkw20BhWnMiK6Dj12z8ObOXlU.jpg
191,Chuck Norris: Karate Kommandos,/kDczzTni5vrIzNUz8yaiBiaqq1R.jpg
846,Greg the Bunny,/okpBzQwxgN8MezZXYlyMIt4M9WD.jpg
63275,Was It Something I Said?,/41xZOpxq59a2ZSDao4DDP5QJANq.jpg
85213,wtFOCK,/yF4xWrZHnlXDeboP6jd266FlKTZ.jpg
202625,The Heavenly Idol,/glbtrvaluqaybHnQ7GV3ckHWmpt.jpg
71419,Fighter of the Destiny,/cOMcPzjXDr5WobDkNdsy1bffsW3.jpg
154810,Finding Ola,/esnwUFZ2mKHNm0TAQXGwxdDwwZ4.jpg
40858,Looks & Essence,/fPgb6EYQTTTLDPJs6netcoTnmEd.jpg
34268,The Real Housewives of Miami,/mlhCJsrZ2QsZmMuvI66RUhPAy3h.jpg
7803,Ties of Shooting Stars,/8c6TMWSv6cxQoVHRKX5kf66hEZ.jpg
97565,Forest,/gxj3HQe4LP0sPJP1qNGFa5lS0Sz.jpg
60580,Jodha & Akbar,/A0aBdruYQ757Lm8HBFIv2OXal4k.jpg
201949,Yuri Is My Job!,/z35BRoqjMpcVmQmDTx2xh5twQoi.jpg
119316,Wagle Ki Duniya,/jKonm6Q3vw51Ytd4y7bJ70xJT7l.jpg
12983,In De Gloria,/jhJEmmR46I2WRZYAUzU5Xy14djz.jpg
61171,"Marriage, Not Dating",/7bIzHopjSReKacLt3OaU22UEwf7.jpg
64831,ISUCA,/8lDM5XTL7n9MB9vniEg2QuMdrpF.jpg
221208,Who Is He,/9cx60vuOGztQJlzx2P64Yldwibd.jpg
90040,Anne,/jljOr5ASQcb4JgFQoczGcshawMk.jpg
12433,A Case For Two,/7cztFGBj6xmJLS39UlhRDRWoEAq.jpg
66627,Murders in...,/8GFo08d66LTJOEFtRYfrsXH6quU.jpg
85114,The Shield and the Sword,/sEaGMGTLKJooiswD0vRwTqeEhdb.jpg
115641,Konuşanlar,/hIedtfjRs8XByRl9Tnur6WkoLuw.jpg
56988,On Death Row,/om3zDi14MgPkxdr7qvJtI0euptr.jpg
96391,Hillary,/g5ktnrny1shM3QHwBulnOiA4DuN.jpg
230835,Mysterious Lotus Casebook,/h8DteNYVPnGn6ZgCjIlQXW5KFUb.jpg
31709,Galaxy Express 999,/hSL8OUYK1TRKENMgrgStaY5lqzK.jpg
818,Super Gran,/rhWPC6GG63zC8RulWI3lleEnLCx.jpg
66612,Neil Gaiman's Likely Stories,/lrLEwBRGF14VwUn9MEOuahj2jMk.jpg
84970,Desus & Mero,/8dORUJPK1JSprVK8vkfejtZ2HiQ.jpg
5357,Hyakujuu Sentai Gaoranger,/mDTG3RYT6LzNxuJypkG43ICyIEM.jpg
93751,Angelyne,/dCSmm9aRal83ql1QbCujIKyoqGl.jpg
138273,Rilakkuma's Theme Park Adventure,/fkfai3HkZipOqwdHSBYgUB3FN0p.jpg
203990,Old Fashion Cupcake,/qn5tOHG3JinOS4QlPESMjN4qTcH.jpg
772,Footballers' Wives,/xWlLridFURu88WeII6Pe1BCRgYS.jpg
14239,The Peter Serafinowicz Show,/7cS7cMBMFyLdNbyq2NiW5JscaUH.jpg
14208,Anna Pihl,/yUivs0NhuznUnSZPavOjaC8FYHE.jpg
105939,One Way or Another,/dQiq0afeoFRBfYrTvJA1gh9yPzW.jpg
80965,Witch's Love,/2dUE6bTv4sL9khs2mBMl5qn8sno.jpg
72041,Record of Lodoss War: Chronicles of the Heroic Knight,/cC03MG5593IWXPUeKZAQX9qW3A1.jpg
5144,Zorro: La espada y la rosa,/v6XZeLzt6mKJsUMc5S59Td0mt3g.jpg
93723,Living Undocumented,/L947qg0HP785RLCjjJlmZ4WdfN.jpg
80964,Time,/wioiG18yMZ8IIhl1PVi7LkkTWZq.jpg
69467,The Miracle,/qHCubcvCuECTWVupIL1gXKIyIwB.jpg
74280,Hey Duggee,/y0r27LkhX6AZNqo2Q5FUYmwi5wz.jpg
67524,Mobile Suit Gundam Unicorn RE:0096,/4q2OytDAuVgfikZ85Yw3bGkOMXs.jpg
46917,Las Fierbinţi,/kAar7sAZDzSh7ElSGNl4vuZmDUw.jpg
19238,Oruchuban Ebichu,/eibWpEh9TdoDdMRM4yrc9UwfPHu.jpg
68100,Touken Ranbu: Hanamaru,/oBN5NYTKlGNlcFBk05mjr2HSvKe.jpg
60904,TripTank,/x5WvAdQHHPzHev13WYIJP5QgRPZ.jpg
82128,Dancing with the Stars: Juniors,/y9iDagDGZwpqewFaj3CyUrLNgxm.jpg
64801,Neighborhood’s Hero,/aoyrRV2QJWNtwGLF7ggL2hLPqMo.jpg
33163,G.I. Joe: Renegades,/sRGqn7kzeQOVUdRdYGRZlYDObdu.jpg
5573,Bella Calamidades,/r3DZr4YUXRmJxgRB8WH9dNVjClz.jpg
41739,Odd Family 11,/2R75Ij4LjbNLcOtzbMW02L560Dg.jpg
154523,The King of Pigs,/9KNJQttKmk1FVGjvNjKYNQSmsyZ.jpg
195298,Time Hustler,/92irtgxDBPoImSnxT72lkcqskrH.jpg
96152,Court Cam,/qIAuvw7BRciIOoW8dOatwY3qUdj.jpg
14698,Yogi's Gang,/wKXaAq12955gqpsag5eHGHsuww3.jpg
101680,The Circle France,/8JARP3UKdEkDsgVURSAX3ptIcH1.jpg
85674,Instant Hotel,/qknTDRMifuIZi3m89R9QWGqCkzK.jpg
60816,Selector Infected WIXOSS,/fZ3pPGNts57Ygi2FM7sQb6PUyoM.jpg
64356,The Return of Superman,/qjBx2RCnyyBPgu9qBV7j3UiXjeo.jpg
79291,The Tesla Files,/jnNeYCks1byH90N7pVgRNzS9tQ1.jpg
62214,Your Family or Mine,/xnwz5MnXHXcHcNLS5QDRlgN4p7Z.jpg
8509,Cupid,/gC6Q0P9HBvpIfk6Nttsk8JAaYKQ.jpg
155892,Secrets of Playboy,/nHPmdZiAEVaoYvVxyLCKwtHJKEq.jpg
18162,ABC Afterschool Special,/uOx0dDmt72hjIC5gmCzxEdn8qt0.jpg
95828,Steve Austin's Broken Skull Sessions,/oZ405d0IQOdBXXzs3cmoQqDgXok.jpg
18335,Soldiers Sortie,/81XbODmOma6C2B2bBN2chzuClcz.jpg
158138,Super Giant Robot Brothers!,/1ysuYGkRtZgaP4mL9nbRmCU3vMd.jpg
110886,Something to Hide,/kAPS9P07QtWVdUoirQvOgKfteIo.jpg
127161,The Big Leap,/f2Qn29E7YrgNuDcmHfOpznGDPNS.jpg
127753,Johnny Test,/drA7JI2BqdI3sdvPIUyp2gDMkBN.jpg
153170,Johnny vs Amber,/j3iMp21pdMVkDM1eQeu8jF95Lx3.jpg
34750,Xam'd: Lost Memories,/iK2Nxgs2m7Kj2gvgr1OJ537Qjmw.jpg
12895,Terra Nostra,/4ZZtbAS10McaqhKAuxH4ZjOOacK.jpg
86596,Secrets of the Zoo,/fjLDqvfo0li8aludVwFbMXGHYxv.jpg
39390,Iss Pyaar Ko Kya Naam Doon?,/bAHnfeAz4yF3SpZdVSOVMUEjMSP.jpg
67834,Autopsy: The Last Hours of...,/cSqKkfHiEJGHaWpZaOgjQeOE08b.jpg
116377,Dear.M,/ikfRBUtlq5Zf38Qseyk4VxkLNsg.jpg
3925,Ghostwriter,/1enj0PMkMBUtRYbWZbfsmv7DUrO.jpg
99363,Expedition X,/nc7PyyFvxlZRoVfepghycxYAHPM.jpg
98923,Flipped,/vdak857enxBFq19mlNYsNx04SiQ.jpg
3675,Cities of the Underworld,/hSBetn4dWzxjIs5lXW6M3wxAOXj.jpg
82529,Harassment,/wBvAUGXFe1ZtZbOyFk3m6t5v4OI.jpg
195815,I Love That for You,/AhNp9oNhHcRJRwwYN6ZOVZu9Y5A.jpg
63022,Witch's Romance,/88aq7A2VhM6dR5YB4TxVgi9h4sT.jpg
59615,Too Cute,/2pbVVbhOKeNG8Q0tkxcOpWbl0a6.jpg
16730,American Music Awards,/lMfGSoq6otbyu7orszqAH4s9TQU.jpg
4422,The Big Comfy Couch,/i5fC7zDc8GBc4hguaKQK3nfunhA.jpg
66325,Superquark,/eL2tdorNto6Pz1vxwauw83dNUX.jpg
95044,The Oath of Love,/bdTSCi05uJxfUyyQx2PgV0xIUkE.jpg
128246,My Unorthodox Life,/q6VhvmTqvzvooQaAMcCM8ZvpGsG.jpg
60682,Macross Zero,/mAXIDTJV1fogCGARRqvVB6q9EO9.jpg
139797,Under the Skin,/x1MzUsaItPeMd9L1QGeqN8SOdkv.jpg
99296,Mapleworth Murders,/mYjG9WyFenI5XfWLSbAhi2WHykL.jpg
67004,Cyberwar,/hr0NfxrdaWRv0pmyhSfy6ZWcVc7.jpg
1772,Kath & Kim,/mqjm2ZQ2U2bVsn76T3CKYru5e6t.jpg
73213,Nurses Who Kill,/p17NV1Zlv6UcruKY0g4NbLUpDHp.jpg
67396,Too Close to Home,/499uC2l7HPMcxeHS6BNdjnnltes.jpg
139552,Don't Leave Me,/2qaDpRl7lbOiiqjkSvZSFjTCYFz.jpg
31682,El Cazador de la Bruja,/oSXss9t1LucDtcnctL24xULJ5n3.jpg
158534,Gaming Wall St,/3x2hDJmwAo1kxv8WVZYSJSDpwvC.jpg
10663,The Flip Wilson Show,/4qUf7B8eBZKjwjhfgU63J9OvQsT.jpg
67736,Bright-eyed Revenge,/oGQZDrXFDL6jDaJAcR4ARbk2aaY.jpg
57748,Henry Hugglemonster,/kX46kPCAXScko5SVYM7k1uDdgzu.jpg
100975,"Mira, Royal Detective",/AjZuTNfz82ogbabj8NsVkWkFmyL.jpg
73638,A Boy Named Flora A,/uJ87odPYdiflsVVQIVnh6CFVnXI.jpg
99294,When the Streetlights Go On,/1i7rVHmZaHfk0yBNyyS1rEDxNqb.jpg
211084,Easy-Bake Battle: The Home Cooking Competition,/5gL3f66XCah2tjHN9P6KNLtPYOb.jpg
44459,Save Me,/9bpcWOlpI0MPQJVQuE2diGkyYiM.jpg
82948,SKAM NL,/zOtpVvvlpkYjvMlLAogwS1oS3Nf.jpg
196822,Made in Oslo,/rMw49plI0LXTs7Y1ix0R6DauxJ2.jpg
73241,Einsatzgruppen: The Nazi Death Squads,/xFaeM8jog23VMOE8g7ZLcx8oArm.jpg
139566,Selling The OC,/fFXa0EJy8FD7chTN7u7YNMHpDDw.jpg
61753,Thor & Loki: Blood Brothers,/tvd33sRfEEf4fBlyqxTI62wY9qF.jpg
11690,Watership Down,/mgwmv2zrkQDvM0lTU1QHSCMadso.jpg
126397,Watch the Sound with Mark Ronson,/c0NQaUUUhmyjdehwElvFg8ERRS5.jpg
73263,Queers.,/aN7XSAehOKAyjPgwyehyRuiWq5Z.jpg
4457,Degrassi High,/wfPUTTbH5zsB7Cupxb7TYtazWPw.jpg
57753,The Birthday Boys,/ql9ab0XI2Lkfy9vxsvuxVIFgGIG.jpg
15561,To Kafe tis Charas,/s3la7PtHUGOLNkGCRuSjrTiNSZv.jpg
66111,Macross Δ,/sIaGOgUXk7aA5YQAxMwR88EW1xd.jpg
127118,Mouse: The Predator,/2xMWlQT0nm4LCaduWl9COTt9OzQ.jpg
72763,Hyori's Bed and Breakfast,/lzDW6siDqFYU3xTS1Etb8nhXCA6.jpg
39322,Daydreamers,/7wKfCT3CSqpRgNmhi3OGqZGeW5I.jpg
224981,Kitti Katz,/xQE0OunJ4oOGJZ3pQRzZ43i9S9W.jpg
123378,Verdict,/7ds9h8aZCvoIUrBj979VElZDJhN.jpg
14665,Fortunes of War,/bvp2iqXbiKAVa8RnIRoJKAYlosH.jpg
38634,Bloody Monday,/aimoer77O8q4wwRv35AWm6IjIgf.jpg
66434,Dear My Friends,/bTQk4YZMESbHs3NlhBPBpcQp1Tn.jpg
112,The Armando Iannucci Shows,/iqfwzbFu9lXdLtYolHg5L9qh4Q8.jpg
79289,Black Pean,/qowt0rUR2CQshrGn6s8rHQcqAK4.jpg
158496,Murder in Provence,/1ruqUtcuL18Y1gyxO1gUMh1r4FD.jpg
8131,Mental,/iekhdfm5yz8rDlrhLCs8FCGAf57.jpg
23521,Kids' Choice Awards,/uW5MVaAJS00N6kZYmp39nbEeNtO.jpg
44883,Holy Knight,/nEVPJLsYpnVD0ZJ1tonzTSrzDhl.jpg
67067,The Secret Agent,/zdqMoOqbzER0D3A5RN8QBeBN97V.jpg
12174,Mezzo DSA,/oWSBFp85pUOJHioB022QKg7YVh4.jpg
6828,Michael Palin's New Europe,/pUlh6kWZI7VFcfPkgfuhZ8mBl1B.jpg
73807,Fire Chasers,/enDZz2E4L4gMOF8k50tJFUJ2NbD.jpg
91174,Lights Out with David Spade,/5AO1sWKOrwHo3Jh5ORcCgozjwng.jpg
660,The FBI Files,/9B4JpPq26TOWgA3ChnhkXKnotP7.jpg
71131,Confess,/m5psqewGIoGbL9iekrZruFdIHWu.jpg
13826,Monkey,/hTD4srwd55a6zMAR56uwWqXVcgT.jpg
80513,Ainori Love Wagon: Asian Journey,/umpeZ1nddrHNrgaXL8jGxjGqcSE.jpg
61963,Waiting For The Sun,/aNNq8MOtGvw0ETt8xSICrq3sKXv.jpg
102567,Pretty Little Liars,/6wrUL1boBJIRlgwdmFKOlbhllDh.jpg
67727,Sparrow,/hjRxDSbLt7oXuvyfrGa7y6Hfg7m.jpg
194852,The Files of Young Kindaichi,/bFTzFjKNAMddnYiLtb3teDmb7ba.jpg
10840,Stuart Little: The Animated Series,/ofItTHnAv8WfoIXDM8LNBBi2rVX.jpg
68975,Homestead Rescue,/8PnKfxI2KKuAT9Se3OI0DphusQe.jpg
1222,Captain Kangaroo,/k2QZmHnnCTNRFdyBz1mS01M9shX.jpg
16148,F.C. De Kampioenen,/6vBpW7e5ECf8p0WE3UY0vXz6oE7.jpg
104002,Fraggle Rock: Back to the Rock,/uMtPzxmZAumXC3e9vYpNLKMK6Je.jpg
72793,Inside the Factory,/asdlxHaGKNNNjc0QoFpFhHY0ZQw.jpg
84575,Steppe,/nLF1vibAwHhjo31wSqiDIJr2ZKj.jpg
217448,How I Caught My Killer,/JyxEEoMCUsKQq5dedTvLWTUp7N.jpg
61739,Blade Man,/pRt6yU9zAJfzc9VhARcmn8tIFNl.jpg
89171,Drug Squad: Costa del Sol,/z4dbQVKJjElrHY4PSSc7jaNrZvY.jpg
63354,Mr. Robinson,/no3mOvCfuyLrEEWLi16pbHCIqQZ.jpg
212423,Marvel Lucha Libre Edition: El origen de la máscara,/lrSxTzfVZMig68bbX85za2gpxGb.jpg
68985,The Deleted,/fQkls6iQW5fRttuYiyE88aCRZ55.jpg
66548,The Dude Perfect Show,/p1mQgypsZTkbp09A2d3vtNaNLjk.jpg
110655,The Great Seljuks,/8B1nL3gthGN55BHTMzZOlzBYNkU.jpg
9537,My Family,/kJbSGEOTMEMIy2twCYkA5KnG25.jpg
196556,MaveriX,/kb6NH1HXMBoSprurYr6ftRJjZ3p.jpg
29616,Desert Punk,/mJ22FZbnULTrfohVbm0JEcYTTRo.jpg
4632,Vanished,/cHGJJTO4vidVD3CFEbb1YkPS6Ft.jpg
61225,Matador,/edI13v30mL7Hpx9QjOI6HqakxDy.jpg
27213,The Late Late Show with Craig Kilborn,/2fABKyKKX6r4FUuCjd7qKmgNOID.jpg
20382,The Greed of Man,/wget64wFfHhSNMTs11j9UEfHrAV.jpg
118888,Wolf 2039,/fPn9tYf9jWzamuroV9MMlbRqIAv.jpg
10319,Win Ben Stein's Money,/nch1cxYkTwwjHuZ1UwFMa6CssLe.jpg
82503,Les Emmerdeurs,/n8zkPhtnbVMDxCMzRqg4Raic4vV.jpg
22757,The Sex Education Show,/c2AJmpxi0QQjksGwSCPiYXbYu2L.jpg
68051,Pregau,/umVNtCOaKHHJzUyZpoLIgzDwzqX.jpg
84929,Punk,/gXeHnCQUnjQ5QmfUwkruvSGImis.jpg
68738,Cannabis,/7HO3qVxUqRbvc52DovLbSq1RJcM.jpg
214873,My School President,/4GeVGlTSwK2DyW5oIGJcxc4c91f.jpg
65933,Endride,/uVq9JNRRZSuGJdcZFKIBqdrrimM.jpg
75557,One Thousand and One Nights,/3QgjpKVYSfzwKavac5aoLJfoxLH.jpg
100417,Marielle - The Documentary,/rzOflKW4wtkprwiIjJV8RZgU7T0.jpg
35037,The Blues,/rs7rKrzEp5LweVQE3iNzEz7Q5bl.jpg
72871,Shurato,/vg11MwZUEUjAQB1MkmRAo3DhLrq.jpg
122548,Enchanté,/rsBODsDQSB5ci57HKfgrzV2HWny.jpg
63785,Love Cells,/l0aVsdLR3wsD9sZMhjsMpq4D6R1.jpg
68378,The Silent Valley,/7OvDDv8jFfFHEtsJmStK9AnHhqD.jpg
70829,All Round to Mrs. Brown's,/at6YEi00r8MlVKStaVb1hVGMPQr.jpg
91371,The UnXplained,/k4jKrJ03pJPyDJgHGQU6au8gpRL.jpg
1799,Outrageous Fortune,/sDhdfXiBZnIO9xhpjMaHG8kJ7yY.jpg
108382,Ariza,/xINgk79vqkfYeHIq6oVd6Y853R2.jpg
119033,Stanley Tucci: Searching for Italy,/cRXl99OqcxBNBi7EinzUlPq3U0d.jpg
12140,Blackstar,/ujWNJd0ckjohwNrUsHM0tuBNZj8.jpg
63030,Filinta: An Ottoman Policeman,/v2WXNBzsXcL21s5V76cBI0uKKlp.jpg
18469,100 Questions,/euoAQcVBtmue99RVuimdc6FZNJL.jpg
60439,Holliston,/3M4YfW1bkFUot3PKDnGzqfLsnG5.jpg
111086,Bad Boy Billionaires: India,/dosaLkSyo4S98wjWgKsEaf1v5zQ.jpg
95881,Néboa,/mQYCzpxoUNzq5ekiygAUqanw63H.jpg
86807,Dating Around,/8Bylu6ne7GRLzdfKEDwWJNfZugP.jpg
71761,Best in Test,/izq1NvhAMEhWScNkhPKSUd5cXeK.jpg
45856,Polar Bear Cafe,/arM9g1d3hnZBtMeBXD3dY2Huwx.jpg
54309,Pan Tau,/aLYcRefMfWuZm1KqVfForigaHIG.jpg
101262,The Least Expected Day: Inside the Movistar Team 2019,/lCX7CnjYBrK07k2Y559tuOT0OT1.jpg
76471,De Luizenmoeder,/wFsJAHfPyGFJhn4kVE4fnsUp14u.jpg
75942,Family Doctor,/pmpWiqDFp2G8uKzFbRsNq7cyZJj.jpg
35086,Alaska State Troopers,/dvzX6Umg5m6Qu8GjsrCA9WINltH.jpg
65925,Zombie House Flipping,/f6YLdpLKsL3qCPpo2RASPDuqklG.jpg
81660,Million Pound Menu,/rwRdRwE2lVcBlUQO43yxO6EpGM4.jpg
45544,Scrapped Princess,/n3bg5yxmvEYcIFm2JWvchHEq7wz.jpg
11904,"Berlin, Berlin",/2G03Bo89QP6cBA5Q9utBLrgFshB.jpg
75968,2 Dope Queens,/m8Pd2UHm7WEkXgDbElszSvu0GWd.jpg
49289,Marsupilami,/cO6EiGXSVXKncYqoPsi5UcY1q22.jpg
5672,Explorer,/fQFoJh5Jvj8FwCXyFDYtbJtIxSZ.jpg
83344,Call DiCaprio!,/sLqNqAt9sLg3llcJ5YitKZDLlix.jpg
68099,Digimon Universe: App Monsters,/ka7l04z9O9Jghp0RAsBOYLimil4.jpg
60216,The Voice Spain,/evAThlRuAcna3Hqr2Txm36I8veL.jpg
136105,The Real Housewives Ultimate Girls Trip,/iepv1O8RgPREdoWlCaM1zNiUFAm.jpg
68010,Geeking Out,/lGB898YabtX1HSPx2349RL9B8hp.jpg
42860,Bartender,/3K7ZmbngHmOOtndH44jslnxk3co.jpg
11530,The Untouchables,/e8ks6yxQkyf4buS6DjKyRvnYQJU.jpg
49203,The Grand Mansion Gate,/5M2X7gvReNYR2k0CnAmoGVDfa5v.jpg
105961,Nothing But Thirty,/xGxOsXLScVPxBrnDuSy7MdkPUV8.jpg
61048,The Prime Minister and I,/dTIpXvBzzbqHxkigHkovjt9zxqz.jpg
114439,Let's Make a Deal,/pgtvpEKsSW2dwVwEnXgiw72I03V.jpg
73780,Somehow 18,/wumaOj1E2WlAPHP4HgpY33Wu8lA.jpg
34901,Angel's Friends,/wjCjDD7QpubVKSkNSMU8BfiOj3U.jpg
101604,My Heart Relieved,/3iNT3rKs8q7qDr1fWxfznimZ7JV.jpg
136300,Harriet the Spy,/wlH2YAt8JxOoKgkF3HlDGt9d734.jpg
3495,Door Into Darkness,/9qr5b1B5KPBwFJJZJKYcGLo2hbR.jpg
60950,Sex Sent Me to the ER,/bMSzOGaz97cNaKifn1hdp7sH5lP.jpg
42873,Strawberry 100%,/4KiyjGANlyMqnbB4CmAGHN2Ph0e.jpg
73479,VeggieTales in the City,/2J3ts9slFMJ0KTwSFyJM2sd9GgI.jpg
42861,Koi Kaze,/91EOvXwhKkNh72eynkn46BsATqx.jpg
213337,Still Up,/zuLPqkFVDKwbtLobpHzJTCGP13B.jpg
68866,Beauty Private Kitchen,/6zEO0QK2LWVE4sImrVt2SGtsC3v.jpg
61791,Hamatora,/8Z0ZI2ZSngF1nHvRVt9jnSGF026.jpg
152291,He's Expecting,/3d109BZmzJWW0HDnQNMzN6V484k.jpg
72828,Stephen Fry: Out There,/yIvO3QAgs0K52sHLcrY1QRvzdeN.jpg
6296,Brush Strokes,/meiXtnIOoLM8EUcRIgAiinny3bz.jpg
77173,The Last Nazis,/Ae8p0B1YxE4FtAdQHTCBIwg41qY.jpg
194829,My One-Hit Kill Sister,/hQEgYVrTUxV0yXqLxdwdXIaofGt.jpg
80538,"Dragon Day, You're Dead",/lnp9OOldWDmjzRsunfzumNDjJCx.jpg
112370,Labyrinth of Peace,/dhkEhMB0PdhfQiG8yrgOcl6OrvQ.jpg
60578,Rise of the Continents,/ghZXY4fCR24UqmgOvR66PMDHkpO.jpg
42999,Angel Heart,/4j6iZEAAAl0pHSksmKqVaa7XRjU.jpg
3386,Durham County,/eR4USBVeJqXydBFn1g5wU9SjOgI.jpg
169582,Wreck,/3bR8paDozNtcA1Lf7Qx0Q8Hn7uI.jpg
87994,Lost Treasures of Egypt,/kYxwqzhXhkPj7ZJD6F65bPqVQxp.jpg
2084,Miss Match,/8T8UwddEe3LrgwxVhkUxmv8jfeE.jpg
35725,Gormiti: The Lords of Nature Return,/1BLaYyvuUXJk5fFCp7Evj2r6NyX.jpg
65843,Deadly Possessions,/nyeC0RH8SAS8XUu8VzyyL9PJXET.jpg
699,Exosquad,/AnrESNGYTVsSZrT3Q5oJFgoNzSC.jpg
21660,Getting On,/xdNhdbHLhscgo9DVDr2J4Z3U7hj.jpg
14598,E! Live from the Red Carpet,/huOt54c3W7btagt2fRCyJ4i2ePm.jpg
15993,Ssshhhh...Koi Hai,/a6IKSeEz4qC7udLeFOqtdJt9Y6D.jpg
69370,Delicious,/gBRh8UOurZbAKWbXwfkgTilk849.jpg
61799,Punch,/a5SpOFTF1EmQ4B6DCYfgPSUzUB5.jpg
76571,Jim Button and Luke the Engine Driver,/8bSIBKBHmGb6sitzjXBqolhlii5.jpg
2125,Time Trumpet,/gIEDfX4D8hfXor9w8o7fpaPD9VT.jpg
106821,Tonhon Chonlatee,/vZR9trW5zTFMJm5S2xK3srcvFM9.jpg
83179,Good Eats: Reloaded,/hg1HF2POx3JojEOo82uKuHTR553.jpg
203057,Melur Untuk Firdaus,/rVxQxsY3bQWTabHUi2Qr3aoOafk.jpg
88630,Double Shot at Love,/nQPo4TIEm5SbHteOiKcbKm5F0Sl.jpg
46104,The Private School,/awwalKLvtHL4NxozKcSMIR3fJIG.jpg
68304,The Great Myths,/9Qqtv7sPMplvtE2MAwbE8JapMdp.jpg
48253,Valley of the Wolves: Terror,/fMWIgcj7TtlYyMjevk8AyBUuQq7.jpg
237554,Los Billis,/a6qep5xwzSsMYrXNvEvhhMZk0ro.jpg
62792,Some Assembly Required,/cDdcJe6NReLfGZi1mMPvO2fHmq8.jpg
58708,Prophets of Science Fiction,/9yDOU1JryREO7xzWVERcRfRIrU1.jpg
47424,Tabaluga,/e7BKxTucnB1TckV2naCdpPC8JVF.jpg
369,Masked Rider,/tQAw8TkUvCxAZztRNBYmg9U4lCu.jpg
156014,The Gang Restaurant,/fevqAalcrbFnbsET6rOMvStLn1h.jpg
31527,Casper's Scare School,/48TGK0jFTjL74qnXMPoYRrv4mr0.jpg
54864,Love Child,/zPpFBAGrPhixkJEm8OszY396xOE.jpg
88910,Gigantosaurus,/9QE0FexhD5IZ6IaTyHLYzRMYUot.jpg
46101,Senhora do Destino,/x74oguhQltDFw8rUZX5C0Li9N56.jpg
36916,Time Limit Investigator,/aZ9d8ZQelipO9HZwfxpL2iUjA77.jpg
81957,The Ghost Detective,/bbGOIFF4QNyTDygDBqMQSc76Anr.jpg
5654,Just Good Friends,/4Ew1NMKTdEIgCNyeFDBt5qCEEYx.jpg
23259,The Sacketts,/ofw3BWHJIvRXTfpkdVlcrluAGHL.jpg
130822,Our Secret,/z6JsehHERQzAaTRFZBgEHrXbTd2.jpg
194736,Curtain Call,/76meAyF9VzQzOPu4nQ4Mq89dHF.jpg
90699,When the Devil Calls Your Name,/fIfvyflJHbV3VKMt0Ql5wuvsJjj.jpg
87983,Unidentified: Inside America's UFO Investigation,/aQt2PhMZxq6D7WnQImAjC1tKJf.jpg
106617,Heroes,/oi7E9TNvLXWbL9LZTWjoqj6eyPi.jpg
71377,The Mr. Peabody & Sherman Show,/zEjmd6XiOUnuoSm6ISMjctz5nqa.jpg
621,Jam & Jerusalem,/z7t5MfbBbQcJTj0ceK6nVcZYn3C.jpg
68071,ALL OUT!!,/yxZPVoXgnepxo4y30qFKuMUZKtW.jpg
59815,Dave Gorman's Modern Life is Goodish,/ne0hjufrgA1P5NX27GVMVPT6HNt.jpg
6275,Egypt,/gtxvzL9sWWJrObnPbJgvq42oMnV.jpg
63141,Westside,/rWWJtQRkjg7EPzBctagAxl82zKf.jpg
83625,There She Goes,/3avC6D2zt0C28xFMWgziRYNwfSp.jpg
123491,Why I Dress Up for Love,/cjacRFi2FIMB6Anj3jfltHP5hts.jpg
67946,Ambulance,/udhcOGtdZQHCVa3RW010tAyuu78.jpg
11732,The Adventures of Paddington Bear,/2sFLSA9mQTzbna2xxIIPT4curkF.jpg
103797,Attaway General,/3Av8lcAEmjQD9wsY9fu8aKyqB6S.jpg
113370,The Hunt for a Killer,/9C2MUNCNwD3GqJzh0nFrFdzwdqy.jpg
63627,Wakaba Girl,/eRM31G29OiOfHjf04Ramzuzhaca.jpg
42716,My-Otome,/uSAZrDrR8sySebreeK4FPfjyL0i.jpg
119806,The Shadow Team,/jJ7kZ2KK8VlXCeFRluqSuFzbL3z.jpg
73362,The Ladies' Paradise,/7k0D1feQhS59O2k8xkf5UR19LUi.jpg
30689,Laughing in the Wind,/nJm6vPElycW3ym7IaHQZlTg5rG8.jpg
5859,Vetenskapens värld,/oiedjExoTFB9kXvV5oQPGi57oZt.jpg
30646,The Summit,/7CqjX267yQzeaQkMt9SsiHhrHeZ.jpg
118945,Why Are You Like This?,/bEeQkh4viZHrxnZzYR6y9xApYhO.jpg
81007,Sparta,/rkr1UIvkfAmx2MCudh3aBXURVUV.jpg
48418,Kariera Nikodema Dyzmy,/tubOnB1fo1cOWJ9YKn9GY94FlDZ.jpg
137713,Üç Kuruş,/oEzRpYdkULJjv8kN2740CbFc13d.jpg
67431,Monica & Friends,/xMibNLtAiLeDltSgfRmawFbtFzL.jpg
221490,Real Madrid: Until the End,/p1OFZIZstmGBtzcdZCBDBR3gmqZ.jpg
45070,Pure Love Gang of Shonan,/2YnDjVbIKkNP4pnVEmBcS30NpBk.jpg
81745,Hide and Seek,/b9gtm0gCYlysKhax6z5tz4nx3y4.jpg
5026,Space Rangers,/y0AScrDHLbHAJlhBmV1FrMyMZIf.jpg
207305,Karagar,/8tLoJ31NLwhlP5PjJItBCptRV4t.jpg
68135,To Be Hero,/1vTLG5TM8LMBB3a5LEbFSoxP4IR.jpg
99462,Ruthless Aggression,/kKtOkvEGJOwRwWgcU6HFDxk5HV0.jpg
87544,All Is Well,/3I2yvziANqEoiNLQGnlO38Gofbj.jpg
63610,Ties That Bind,/hTUMyz27FjESlQ4o6r4SqoW8l.jpg
114193,The Wagner Method,/dXN5qNSd3321JS6e704VGINBS4k.jpg
26728,Disappeared,/xVWZDna6j8qEOEqHrK1yVeIrZm1.jpg
216575,Pressure Cooker,/5Fwerl8ORkDTrwekLmaSKlriTWS.jpg
69345,Urara Meirocho,/yjfwp2gErEwHJaA7U93aQMYSKqA.jpg
121860,Kakegurui Twin,/1Nqf8sxhvezmwQUgLue34g7qLpN.jpg
230716,The Hunt for Veerappan,/yIIAqF0wLJnxOIv5EGSN9t4ZzmZ.jpg
88514,My Absolute Boyfriend,/4DCpZUqLSVSWflKV4YJjIHxOWlW.jpg
307,Teen Angel,/ykV75Jv6vsM7SGwmuP7QUGG8ox5.jpg
38937,Khloé & Lamar,/5jIWWwD2BmZWd4G2I4BqQFouCrw.jpg
38534,Nightmare Next Door,/77E0eMEX9oVIEXZObzhLYyQRote.jpg
31107,James May's Toy Stories,/5NAkQP0ADRdP521C6ggYHxLuS5q.jpg
1323,Mega Man,/lATtzpRx8MW1JisBb70s9N2y0wI.jpg
7486,Aaron Stone,/dp5SmLaTcr2v8ndBA6PCmOgJ9XZ.jpg
64574,How Earth Made Us,/ug90xYb1jGMg5eYR9PzYvBfAKo3.jpg
203572,The Beauty Inside,/2ljuDEUnjFsaP090hFIZhh51w9.jpg
91932,Snapped: Killer Couples,/ik3N5vRpPQf1Q93XC10dsypdT6e.jpg
75799,vDud,/ebDsuu53mvFYZw2WpD60k3eVEUQ.jpg
6560,Sherlock Holmes,/eFORQaQuldP89f8mQMaa71mmLqu.jpg
75778,25-sai no Joshikousei,/4tYjyKn8vKPeG02EvtGGh8vpggR.jpg
202998,Star Wars: Young Jedi Adventures,/oqTS9LOmp8ibRY1nsjBjP660mCb.jpg
203508,Earth Arcade,/vBJ0uF0WlFcjr9obZZqE6GSsKoL.jpg
43227,Guys with Kids,/uSHWvVrgXbmmR8iV2UpLSWLtqs7.jpg
67180,Second To Last Love,/eDZwOsj9xt9rvmjPQxO76KPaefw.jpg
2032,Wuzzles,/e220dTw8y0pjqYS8IwR7EMSNuEV.jpg
83670,Once Upon a Bite,/A9GaYjzClIRhTDItT2L6lQvnYC4.jpg
19156,"Glenn Martin, DDS",/ecOHyZvLWWumvw7vnzM5AuZyxis.jpg
1314,Dr. Psycho,/aXF9B4fLiJTSvCHnuCHfrgkt0G8.jpg
24404,Golden Years,/2AsktJQwX7doh6qx1Wk1vOG1Fif.jpg
1594,The Future Is Wild,/yTAgMa0GRMKmQjzyTmmjA0Ii1FR.jpg
78085,NSU German History X,/mLaiQuRrwOXfxOJQ3RsXuxWPE5k.jpg
7422,Bonekickers,/vNbAPZZrjHKZGa1JByYna6vQ66o.jpg
38527,19-2,/tDSZTZwicvFbgZF6QpTFGQJue9r.jpg
64917,The Hunt with John Walsh,/mPtsEi9qTiH5sBAR2rq0iFiATzs.jpg
61554,The Knight,/oJoAB2gjQPMapmCd7B7CrEaDD2.jpg
217390,My Tiny Senpai,/7zSPXGCvXjkVCR7797UbRDPfV2B.jpg
121171,Reign Supreme,/f1sONdnwAR9fJNW7rp5VmGjGYTl.jpg
89602,Five Bedrooms,/kZL6QFedpyqicmSWDFTMF7gfe1U.jpg
69867,Ride,/cewmFMFZ3Pejumn5onEIWHHhZhI.jpg
88830,54 Hours: The Gladbeck Hostage Crisis,/xrFNugdLyGTt8T3WgafMKzT5c9U.jpg
158694,Big Tree City,/qpUvxH92IDFhxGQJAf63Ucyuc2S.jpg
95313,Marvel's Hero Project,/j2TH66P0JRIgGclrBJvbMYhKMry.jpg
43657,Arne Dahl,/bzX61r85XZqzLv9lPnTCEoerso8.jpg
76821,Gundam Build Divers,/xncxq5xi391TNVdo9wMRWruY0C.jpg
34215,iDOLM@STER Xenoglossia,/r18Dg3XQnmkCq1xDNCns4bG1Vjb.jpg
72028,Katsugeki: Touken Ranbu,/4eoy0JtNxlgdEn4NAPZfq9duIWL.jpg
65558,Testimony of N,/zqlb5uVOgwXJ2afFRw3A8Fvla6N.jpg
91024,"If My Favorite Pop Idol Made It to the Budokan, I Would Die",/kZN99JbpWKvt5Zot6nVmCFeiBJF.jpg
61569,Jim Henson's Creature Shop Challenge,/ipRoUJMkjJyac65xX6AXVT3zZDX.jpg
79522,100 Love Scenes,/rFbkq520MrxjvRgn4abhN1A4NIw.jpg
80280,Club de Cuervos Presents: The Ballad of Hugo Sánchez,/ypVIcAN2nC8vxGF1teYdaGqqc0q.jpg
82102,Devilish Joy,/v77XkTIW2UfyClmQX6H2zHgOhxs.jpg
9670,Life,/lbcilUqxa5k0rgeEZ1X13okLP4p.jpg
217211,The Irrational,/jJtOpfgV4iPu9RtxllHwZgn9dqI.jpg
10223,Superman,/vfmyn1txfBQf1MDONDQdkHtmJl6.jpg
67282,Her Story,/45TX9caon7L05h0mfTaKVbBPmHH.jpg
17655,UFO Hunters,/6E8GPTWAiZN0eKOeJkE4iLWQAFi.jpg
65556,Lovebird,/A4BjPVn2E4mG8ayaf03hrCl6p0F.jpg
77428,Grand Prince,/idmxoFbFag0OZfzgo1YsRyw6BrQ.jpg
89941,Dwight in Shining Armor,/wX7CkR486uWxcJkwoUlNXOfUC38.jpg
62415,Tiny House Nation,/s3qkjWFMmZC6TbjWhmP5nPxyw4k.jpg
10534,The Red Skelton Show,/6e54gnblIDcwDGOGhzPyV0fB6Rw.jpg
92401,Ex-Arm,/cjsebpk01OZBGuVKhJm68oYxM4t.jpg
4914,Cubix: Robots for Everyone,/gA1KElDEEZ9RDNPRON9rrpMjAbV.jpg
5615,Engine Sentai Go-onger,/rWPP8EMxUqClViiIrAlWGWdhOXD.jpg
139628,Love Me,/sHeLDWexDAjxRALv4Yi0oaT0UCB.jpg
61551,Happyland,/m3riy0k37YQv7PK71W3gb8DYri6.jpg
114819,Dafne and the Rest,/uL2lp8bo8SnOdCzmRJDSEgZiUVW.jpg
15182,Extreme Dinosaurs,/nAM3tgsxeSOD8bCdg01tFbE6ejQ.jpg
118201,Tears on Fire,/xo2N0hQZiAp9t2MO23dUVNe4wjJ.jpg
42014,¡Rob!,/a8jlKhRSfmbfPYjehxY6KZIond3.jpg
69446,Back to 1989,/54fv09gvGMeu5BuOVbq44rCG4Mz.jpg
132983,Octonauts: Above & Beyond,/rqKyiPfa2dbuo9Wowkd3cVNbBYo.jpg
25298,The Grammy Awards,/2itSpL4aBPoJXQ4QVtBFxQyz0j0.jpg
67699,Tash ma Tash,/nNN3uCp36v2NjACs6MlWKauBMwL.jpg
64611,Full Sail,/4oiSMuDFRoZx3qQYjSxiF3q6xb3.jpg
2042,Antiques Roadshow,/hZnCNv58d7L0Ee3BZI3j2NSBtU.jpg
87780,Apnea,/391yQtDxfgNRznOPYnPITngovT7.jpg
104453,At Home - Spain,/90JZFtUBLZDayyTuWPFazNzwkGe.jpg
204418,Snowflake Mountain,/1fOjNFcbuwXT1nGkaweqEWlsD2Z.jpg
134983,Medal of the Republic,/8U8SYW0lCaNaIpECt3vlTGEspGW.jpg
46367,Small Island,/lq6fBrjJt30N6ZUDuzBif9B8IwG.jpg
46679,Further Tales of the City,/b4RIni6M3xCYpGR4w2sUOnZOXlp.jpg
158225,Funeral for a Dog,/nzHYQKBel4CppPtL8AB0rCES9D5.jpg
156610,Kizazi Moto: Generation Fire,/8nmfXtwEHQF2iZUJn76Pz7d5KZa.jpg
111551,Haireta mou ton Platano,/vAu6or1W4G1q7wJxQfDmATtnIg.jpg
204367,ISHIKO and HANEO: You're Suing Me?,/8pkrxiopDyJr9GY6qNBrHQuW7DA.jpg
35973,Romeo × Juliet,/qlol0RBxKvs6b8FnH8k256OuPsm.jpg
210594,Draw The Line,/wVWNMtgbovVU1JUxKzJBiRPEEgh.jpg
10050,The White Shadow,/lbtkkMLoQgiYO478jYlBGtNJX0k.jpg
130969,Metal Shop Masters,/gZWZxoeTYWEweD2nzUHs75axdLO.jpg
15428,"Shararat - Thoda Jaadu, Thodi Nazaakat",/qpOmGsDpU25UQZlACpvzm19DNng.jpg
82450,The Circle,/ex0M3ZSdq0BjZzRJQz9CGss4aBn.jpg
46350,Yakitate!! Japan,/LutrAkS7kyQ4MkDYaHLLrrWRIF.jpg
130980,Promised Land,/f3QcKm01ZIQUUOYWEM1bgAWa16H.jpg
1090,The Sonny & Cher Comedy Hour,/qSuCoQZtjzwOOTSNI8QrZNMlSKe.jpg
17561,FM,/hZDmUBWa8tuPlbTlGVk1xEQiq70.jpg
38245,Grand Designs Australia,/pVjMUDVELlekVX4uMlz6lgmoXrw.jpg
2601,Takin' Over the Asylum,/y8jjCpykDbgyz98K54uRWIZmEo1.jpg
33481,American Chopper: Senior vs Junior,/7gv5aY8bLzFi2m7t1F7VZHlnfOk.jpg
125629,"Fresh, Fried & Crispy",/iy7EwsOwG91UjIZ5YExNC9dGHIU.jpg
46204,Switch Girl!!,/mfyW6X9vNc5BvOhcksIBrBFlemO.jpg
44674,Haunted Highway,/lgvyvrjmx4gS8XGWlSV1WWwgM59.jpg
146129,That's My Jam,/x9gySjJuo5jsPZuvsXOK1BTItrk.jpg
74236,The Story of Us with Morgan Freeman,/6pgTOVW3ODrphJgjuCDB0DlUJG9.jpg
107588,Aashram,/5tK4hBaHXqEcz1iHRr0nCgaABPk.jpg
33268,"King of Baking, Kim Tak Goo",/rfCVIauTvMp5hYhB1iYzqpr8AK7.jpg
127632,Catch and Kill: The Podcast Tapes,/xaCHlolr9OxvuPBD1z4iMxUVnIj.jpg
46392,Duel Masters,/bZEhSAooW0rWGhFisuwtvRZ2vSm.jpg
218521,Perfect Match,/towkpRBUUZlTK4DUcAmuYRmziDQ.jpg
80286,Bobcat Goldthwait's Misfits & Monsters,/pAuMF19ikiBkm6wyH9LeZorfRiR.jpg
128398,Sea of Hope,/36nupormKuzP7tjkelQvxnuiMIU.jpg
38270,Fractale,/4ehFN2H0qtFqGQ4nIOHNDTPZxCP.jpg
41481,Hidden,/r8BIIQ0DzyoYXGW3IuZbnXYtV3.jpg
106475,RuPaul's Drag Race: Vegas Revue,/wyex6LeblTlmNPjgvFrxPqQIAI5.jpg
82432,The Bobby Brown Story,/f1D4Jc620QXr2hxrAVv673BLD4G.jpg
15135,"Lee San, Wind in the Palace",/18cyRCasOA44282Qhqf1tw5XN4P.jpg
214547,My Clueless First Friend,/vgUQaunqSLmTtU38VmRntz8aVsN.jpg
46093,"Love, Election, & Chocolate",/zTA8r6GcibORfwOfArSBmkSdp5m.jpg
892,Randall and Hopkirk (Deceased),/zHTw4z6IMiSRxJCcDNCUFuVY1Cw.jpg
62864,Touching Evil,/3dmBxixICLqLPeXqWTR0Js3kcM1.jpg
26834,TRL,/kzjtc9bdEvy3ilAlfzq16CgFtuC.jpg
5566,Rush,/nit525TLOlV560oXZDQawbcRiRl.jpg
45124,Wizards vs Aliens,/zf7uHo6SDWD2cscLBeMadTextST.jpg
16338,Mirada de mujer: El regreso,/3keQAYPMrXAx1THf1LKhAjo2M5W.jpg
5902,Covert One: The Hades Factor,/Ll3ORsvGjIWx2T1vItJFdIS4zE.jpg
65867,The Cuba Libre Story,/8ZNQiTu0YQaYotPmGztgm8p7cqC.jpg
37517,The Tower of Druaga: The Aegis of Uruk,/k77eqVawgYo4tPGzmuCdwBTi7XO.jpg
17674,Chocolate com Pimenta,/38FKG5GDlyqArrTbte7e6GDpEEB.jpg
57418,Roba,/5hWqlHrcWsRojq6Hdmi46ylKUWs.jpg
89954,Shangri-La,/zCdmFw80tx6N9Y008KExXsx0fj1.jpg
67637,Hasta que te conocí,/fYv7MkPsn5lUtLLDEa6ksd1eekA.jpg
64682,Born This Way,/zmUcqLSTEuo5gsNzxluARTYnMms.jpg
32927,Top Shot,/cMu6or3MdFvYczzOhzgaaFZsPax.jpg
228628,Deep Fake Love,/kIZ1COc1Ji1VW1ZxXDZLHpIt9zB.jpg
127041,Eden,/mJEYzmklZKT7K0ERFfPq5WSUhoh.jpg
72401,Sanadamaru,/9boJzhF4kVF49Xlzibk5REhxQZE.jpg
67616,Cheer Boys!!,/havaHcBt35U9WFMami6bzzehgKn.jpg
138293,A Little Mood For Love,/dr8tPK6zxoxUdoS9H6UBStSFQfD.jpg
209772,The House of Promises,/zWC3Ctu7DTgJXa9qIKq4YagCnbk.jpg
35460,Cobra the Animation,/xFHpBcVWeTrzMDHmPKrM52Vxjyh.jpg
43757,The Adulterer,/eNlRrKkfjwRbiet1U4rmi3yZ40G.jpg
50646,100 Scariest Movie Moments,/iUGXGQYVBB71zzgWIX35rGi3Dp1.jpg
62866,The Smoke,/s4cwbjSAwguT77UIxkQtuBMUr1e.jpg
6318,Assy McGee,/stSGJNl7TDWqD6QFOdo3sXDakwo.jpg
120471,The Ancient Magus' Bride: The Boy from the West and the Knight of the Blue Storm,/dVBxPJVLLcYOKVdHWYj5lPsKrGv.jpg
62461,Ex-Girlfriend Club,/xjUyEh1mPo7wum6iEluAbBxJGmb.jpg
1939,Kissyfur,/8qonJq4r5W6HdUMF5KZlzKDo8Rr.jpg
743,Beauty and the Geek,/83lFzXescQFVzVkUmjwg1zqeMlm.jpg
65582,The Last Cinderella,/yZtECrZN08VUQcLr5jf2GF0mC4e.jpg
80450,'Cause You're My Boy,/A9lAs79pVHKIXBaKACsKnmCtDkW.jpg
10042,Doc,/4hNOf5ulemoI7EqYg8fDVIclFzq.jpg
32437,Athena: Goddess of War,/52kgKQ2CzacI2QjXqs7SJTWonzL.jpg
83451,Million Arthur,/lMSVJuKclEHtR7nKTK9t5eHoFAG.jpg
41446,Tutti pazzi per amore,/3BAQ1czruleqR8g0cZxP5qEJcSE.jpg
95203,Vlad Love,/xTcD7rPvhUXcyRt4DUzMULd9Rso.jpg
60385,Dating Agency: Cyrano,/xFBUxsMeYqPpdgEUQi5zJm9qxhf.jpg
80281,Larva,/jDZ2rAmJ8mTojT929wTRMFKpv2L.jpg
74654,Sisters,/gOewLpcBU9eL7eRqXehw05AAqoC.jpg
72031,Decker,/kYGzp7bQEeUhqOwml09uyWDJSK6.jpg
14610,Secret Lives,/ywo6r9n5uOazSIQCqqQ5DClJULs.jpg
81520,72 Dangerous Animals: Asia,/cpEWS8KTYnm60v3qieutLKC9Enx.jpg
122017,Fish Upon the Sky,/w9gls2JMEnNrCVtLuyGiy62KDGU.jpg
133060,Cute Programmer,/g7Crp1NOdTMgD5Bx6Q2Y9mi4aiE.jpg
2856,The Book of Daniel,/2PxnIIu9UkVAFUkFBeuwDW4DdVH.jpg
65791,My Little Baby,/teh4a6VOo7nZWeojl8eEfQsOMQG.jpg
34870,Mr. Benn,/rPivclumQ8Me8KVQ7QFVczMWq3j.jpg
28007,The Agatha Christie Hour,/ccuSqkbvSPrSZpM1SrIqebFlUjS.jpg
1934,Meerkat Manor,/uLhIQxM5IZlW6qeYgXOv4CLuP4z.jpg
13354,Question Time,/nLGgjwQNnCKuDdJMDmp02pxB0u9.jpg
64758,Zondag met Lubach,/rNh9hLntzdJYCtCBrj4ZdlYgNo0.jpg
14432,American Gladiators,/dEd83E5Mx9UxD5lSIwzrw6HYewN.jpg
62185,Southern Charm,/8HD1g48xyLW96x8LJudhQ8DOBpL.jpg
114604,Schulz Saves America,/ggbN2lhQxtUXWAQo3tG9xJiNEEO.jpg
64773,Της Ελλάδος τα Παιδιά,/ggQsX4GNflOn67EjuERxlgeZQUI.jpg
40887,Carabinieri,/xQ2YAFeOp301jZVyNsdhI8LCYkV.jpg
208230,Wild Isles,/2IQm2H0D9rkJCziGZrEcPROWUhI.jpg
33404,Co-Ed Confidential,/gbnCvYZTQaamJRAob0X1kaloQSn.jpg
71424,Honey Girls,/pEnnlUfEpwqu7sgXqAKU6L9wNEx.jpg
121487,Newton's Cradle,/no2jruBnomJjqEjSoUf3qhlHz5L.jpg
69540,Olene Kadar,/x0EOcx9xoHQhd3xPdW3xCVRTVHx.jpg
69828,Hunted,/1CmOZ2wPh5bcVqDYWsyfUeRDlLX.jpg
126248,Wounded Heart,/iEIKOUTTa0yyUWOLeQop8KzG5R4.jpg
72235,The Voice Kids,/13RWdJBpVb0pdM7bzuhg6vfhXRY.jpg
65438,Research Unit,/gClAGMFp5J2vzs8CDbCBMQzk02v.jpg
209846,Medium Detective Hisui Jozuka,/onA2BQKzJ1IYm3qvjIhEXRo7lK7.jpg
137235,Insomnia,/r6LR8MYkjo1SKehIz1dur1QdQEX.jpg
62474,Seaside Hotel,/vhvUS04CZkPgKSCqEkHXRzENFGe.jpg
16082,The Great War,/3Nr5unuYg0amkXeRYgX0YoL0oHa.jpg
222674,Ed Sheeran: The Sum of It All,/cFkNarRn5RujHPwwLe1U8AmCUEf.jpg
129674,Bake Squad,/5RE1VcCBSr4MWTgC9L0Rk5SbDIF.jpg
34860,Nintama Rantarō,/raKlXyICQBeTxYavErIRybR6g8d.jpg
14616,My Parents Are Aliens,/cnZZrAEnQjS0meidjXhHd5I7PPM.jpg
805,Maid Marian and Her Merry Men,/6baSwjPEaMn7egL8VP7P9dr2lcd.jpg
3477,Joe 90,/tiZyigLUQww0J4baLqH7hma6Xem.jpg
112706,"Cheat On Me, If You Can",/5nUrDZeZzJSXiY4eRJEg45TYavs.jpg
44583,True Love,/dzSZES4c7xKzgmJP6Eu7r0ilvH6.jpg
112752,Thus Spoke Kishibe Rohan,/ct6bb8AZXh21mHzzBIV8LBZ4jl3.jpg
121671,The Witnesses,/8xQnbnewh8szXambCGzkZ3S1v7V.jpg
62036,Ouroboros,/8bUSn59az8z4huLop7aBLizBGl7.jpg
69283,ēlDLIVE,/jUIlqhaCfrvsz6gzAFgFOattK0k.jpg
62050,Winter,/3QLY7U2ZLCvPwZzIFyKOus2mSIe.jpg
72432,Tales,/2Di9Xw8CfANDlE7p8EjRGxrwsww.jpg
36408,The Queen's Classroom,/rL56p2eIqC62mOFXNtmCigdT4LX.jpg
13703,07 zgłoś się,/92iMsDZoBPCjApsMa4bnM1fokRF.jpg
61428,Cilla,/8szJN8a0CxaOxA0b3wtNw8hCVmE.jpg
62025,Quiz Me Quick,/cON3HANh5cWRqgbJ1IDPBkl0bdW.jpg
69297,Nyanko Days,/rSW9hSkVvhUSxe8okCO7Vm2wD0p.jpg
37608,Against the Wall,/hG3jL1OQPyYnLim4fE98ygagxyA.jpg
4766,Ultra Q,/jcPwG0aneLwZ0dszjwIppSFCYL4.jpg
30769,Live from Studio Five,/qvcklKVYE12ZUOniclBp1t2QsKP.jpg
137149,Moebius Project 2012: The Veil,/zFTUHOqC0WGNwo32MDKdPJyxpXw.jpg
124031,Hype House,/sIppViBWffdcN2m6ffOsl0NKhHw.jpg
92732,Flower Crew: Joseon Marriage Agency,/jrNtoxiSEg8dWJpb46n2h32gGG0.jpg
66038,Les Kassos,/e8QQghtMh5iPkp10YSJBEww3nU5.jpg
34835,009-1,/r1zbGhkKXmzZR8h5y7LQxiE8yW9.jpg
158787,Undercurrent: The Disappearance of Kim Wall,/w6xhLDm94wb47HrRd8rGwW0Ziwf.jpg
37623,The Sparticle Mystery,/hyFcqUmtFPCLUD0EvaufvSAnq8k.jpg
95458,One Mic Stand,/8UekHSduG9wWrQdl7wtsHsyalAE.jpg
70101,Make It Right The Series,/t5mQ54FVcnlr2qkuIfBDSaJvHIV.jpg
4026,CBS News Sunday Morning,/4DfhmpxL3jMqpuZFU1kBoNy364o.jpg
99612,Man in Room 301,/dsk9tLmKdal9nrp5gthA4Yk12W2.jpg
62838,My Love Eun Dong,/2liQjuVGolNugtiEpnNn5IdWoiY.jpg
85995,B-Robo Kabutack,/g4yxg6okcVjaPb9p3F9sUO0gF6v.jpg
132378,Stephen,/30OTnJgOzmY4vEqr5H12TpPGPAD.jpg
3766,The Smoking Room,/137axT6NRJUFDTsvvwEmZ23OG5y.jpg
79125,Siyah İnci,/u6McbrPX8QEVbDCAJeI5idCDQGv.jpg
36803,Tsuyokiss,/a3bksFhLU451v5m3AZ3PGPQ42RJ.jpg
79789,Mother Is Wrong,/cP8XR2rfyTUwF78PENafJT2NbsC.jpg
70437,Ask the Storybots,/6IY8bmJcUGmgcB9ERnx8hLw7Qz5.jpg
222839,How to Get Rich,/toThjfZ0mgZfQDz7NROBDHaRD7v.jpg
61412,House of Fools,/zkFqTplCBFwRVaVnyTcVVoHinRp.jpg
17387,Lost Tapes,/6xugmhvUSsR4WEu2EykiTswtOJb.jpg
3729,High Kick,/2p9ZBFn6TJGN2bci4DymhngEaeS.jpg
104143,The First Team,/1u82B9XehB0D63RshdJd0fgMirH.jpg
71916,The 12 from Oldenheim,/l9qmmxAd0185gqhxvgKa60YEkIm.jpg
61119,The 7D,/gCqDaSf4ZRi1iiw8dHcMlsFmL80.jpg
137650,Soil,/2Cum0U2yTrRxBNYJJRUuo6nJ0P4.jpg
14731,Witch Yoo Hee,/9IrILvyPoixbReA3QRDoteTzw2c.jpg
221322,Noche de chicas,/xsZDxwiZEHZMIQYv0HcDAuAUUf8.jpg
4511,The X's,/tPv7F8xI2VmQJaf3SeFn2OOzkWj.jpg
103270,Hongmao and Lantu: Martial Arts Series,/czRpQI9KSIQ385oyQftsLsw9iJE.jpg
9877,Family Law,/5JeRg8YGj4EjaQU6QwetJG22RIY.jpg
71004,Anonymous Noise,/nA36mSp08P9w9yr6HXY7j520AJR.jpg
209727,The Other Black Girl,/zGRSem8r4GsUsva0RWTFiRB3fmO.jpg
62049,I Survived a Zombie Apocalypse,/1Gmv2GoWUMzlo9z8CQHhHKsafnV.jpg
79041,Kenkou Zenrakei Suieibu Umishou,/zBL0xUS6nr8BHTz9AnQgDbQrTmT.jpg
20874,War of the Century,/eByaJaHBAfcSULW0c7IzFSMtVOW.jpg
104649,1985,/5uifVE4rG4SCPShxXxY6KQLZTUV.jpg
74471,The Trixie & Katya Show,/hdUjhX8ENa6KEu3HB8pdtN0MuvG.jpg
214065,The Confessions of Frannie Langton,/1OgzGTlfvanIBxw6NFoS4A53NYp.jpg
5540,Back to You,/csGDLzcZA9XsmzSzfFMUzjOeSdQ.jpg
71956,Good Bones,/7X5O8XzJiBJtO9u7FvMPFP3CVUO.jpg
89755,Historical Roasts,/A7nGml5sEjtG03Q9EwaApJtRc1f.jpg
1121,Sasuke,/7pEzudjTqTXwuTk8LM8oOfW4Jkr.jpg
45278,Natsuyuki Rendezvous,/wxMdyZGTifTpG61ib4TTiL2xRvP.jpg
3233,De Mol,/5OZX93U21IX4RfkMRPmLVqbAfX0.jpg
86742,Flavorful Origins,/xgoiOgmQ0zi3Eq5q3FxxGy8gBbF.jpg
19758,SOKO Leipzig,/1fiWiLPZnFfIF6s6dcEblG7u749.jpg
64124,The Principal,/xLY5IMreEnBl7mnvVQqf9z0TxpN.jpg
3747,Archie's Weird Mysteries,/7zdiVD3tW8pQ3C3HieEvVOnWVmJ.jpg
139471,Family Matter,/e1qHXztAV1cd1xcn53zF1WzBIro.jpg
112747,The Parisian Agency: Exclusive Properties,/deKE6fgJ3qSq6maFcSqeI9Pw1AH.jpg
3040,WWE Tough Enough,/g8firCMzcUOY0aLkB9PAzxbGZ36.jpg
63854,The Fixer,/qtYXIcKNDymxgdmaWPZplmKE53p.jpg
15785,Hatim,/hoTQPG6DJmKkMGaR2idZmUwTbEE.jpg
210071,The Fight for Justice: Paolo Guerrero,/2t7RTdxdtYI8LUPvmwQ1Z478FZq.jpg
119792,Bloods,/hJ01Wz8lePZCHtpvoL6KzLs6AYM.jpg
95681,The Moodys,/fsAsUhIvWxJCAK04l2PCviReLij.jpg
136389,The Informant,/iEzeXZrgsPJpfQoI76E9pqAXJpv.jpg
210664,The Walk-In,/uCXoY5iwnXk5bOPkIpJrS9WkyP0.jpg
4442,Brotherly Love,/6paGJlSIS1OX11LsmA1m6b4SbJt.jpg
156218,Lucifer and the Biscuit Hammer,/aQP5nyfO0qNAX03rS1BDXlcXbx3.jpg
70228,A Town Where You Live,/vYrzfIc4tBAnm2Q0CPRLTWvNmbd.jpg
40268,Curiosity,/miRzqPmVPd91VOKOIZqHzLFgPkF.jpg
56,Newlyweds: Nick and Jessica,/gXLtrw4TizEl1S7Dx6MvaXINDEl.jpg
12785,Spaceballs: The Animated Series,/dq4IP748wynBX6Vwd41FUCw7aie.jpg
70455,The King in Love,/AgRiDBIYTgIWUnTer7PAS4Fwdkb.jpg
2233,Blue Heelers,/2ErGybqHAlBPdrXROyyZy7p4GF7.jpg
220115,Outlast,/lfOSdEFOr03mkGFs09x0n0gx2EE.jpg
61807,Cherif,/xi99mp9mHO220BMnEghB1V7rOGd.jpg
11127,George Shrinks,/st1JkW4fxsu1aAJguhRRzUL1u8v.jpg
114564,Painting With John,/g142eT0rWlKw7NRMfS0zbBlorCm.jpg
2213,Stand Up!!,/bHmves3BclfGcZbVeuc5yfWshqF.jpg
155710,Life on Call,/g2QMkEUPj9nYT7kHvpT5IaDZ7tq.jpg
8853,Kimba the White Lion,/eOErQhpDuvj1K1U2RPkOu4w9GBw.jpg
86094,Haechi,/1LvhwPDL4atqt3SuLDi1kfDtjdG.jpg
11316,Final Fantasy: Unlimited,/dc46WJVwhSEcJ7AWDT0gNw1yq70.jpg
97878,White Cat Legend,/qa70BcxTel8iERiTWImwSuPecyI.jpg
7227,Saturday Night Live Weekend Update Thursday,/iyw6xbQnRQ80eDKU9QSCVBm62vb.jpg
16614,Flipper and Lopaka,/eRtWbh8xXEvzwnvQvdYQDpcTZLs.jpg
20613,A Viagem,/hTDtCvsedHzWdECuBs0YgSIewlY.jpg
210411,Chromosome 21,/mVmSSrW4djhwf5Eo3qS6xSJNog3.jpg
62694,Peg + Cat,/lLLoF9lYMsEq4jPBNczkrCwVjrR.jpg
72092,Xuan-Yuan Sword: Han Cloud,/9jV0AKFGUc1JzsR9HChaNISjgvX.jpg
74284,Dateline: Secrets Uncovered,/ydF4jZ4vBhPX7O0ouMMkmDnQpGO.jpg
92820,Ghost Hunters,/dIgp40WMwl7XmcPMiFBgGQgwVpU.jpg
116328,My Little Happiness,/rVYSsIcltMoUiADQOissOjX3Xus.jpg
4234,Citizen Smith,/fZ8tEdQkgozIP8d1NfzNp2nt3XZ.jpg
196157,The Starry Love,/bSczP7CskLw5RMyA106jJ5pAUuv.jpg
965,Where in the World Is Carmen Sandiego?,/98a0OLgM3h5JiBQee2bmRsNfaRV.jpg
84448,Less than Evil,/1nqKh4icqoFR4Wo5q9ULcyaDxDr.jpg
523,Pensacola: Wings of Gold,/lbtdTzMml0EDkRm2SdA64wHGt8j.jpg
69697,Samson and Delilah,/3bdxncan9iyCtQkgy1NwILR6h9A.jpg
195990,Love Flops,/oDdaWg2ROrXrpvixAN06MBiaYj.jpg
14777,Agatha Christie's Partners in Crime,/e5KQbdOsCsEHDh2NOCGIY7HCyM3.jpg
100941,My Unfamiliar Family,/dTjFEnn8Uh7kP4HLfsEcdkIsmec.jpg
9307,På spåret,/4YFE2DzZHiN5afS6cFoJbYvRREu.jpg
5300,Love Thy Neighbour,/slpzNSCLkjAceAtaG82Kpkby8LN.jpg
18359,The Bridge,/AaPPhbqwz6Ln6bzQCUurvJiozkG.jpg
156138,Benjamin Franklin,/5FEnmVarGMYobtnaG8jlqnh66Lt.jpg
45203,A Dark Rabbit has Seven Lives,/wDFvddtioQmp2mbydtyw9da6qRn.jpg
44952,Tale of Arang,/iJHXtvRhzQUPf3EzYcMmOUOZXbc.jpg
68144,Cheating Craft,/8xgSahlLxsIsfnXZHol0Qzj6d.jpg
157829,Hillsong: A Megachurch Exposed,/xGcEAKGCjmSKiMLJBn2a5qSpioF.jpg
127411,Venga Juan,/lx7TbBWgknhpowCnZdc62uKz87e.jpg
61543,High School King of Savvy,/e108O8MKi74uyokf6Dpo23rwxqa.jpg
70582,Murder Comes To Town,/jkOzs1R9p0UWcAW7S8B5FrNmytE.jpg
70218,Detective Anna,/wPjY8OCWce5BKcbFsdqclo6Quxx.jpg
65063,Merciless,/9ndgchW4aaKUfalIl469w5toyAA.jpg
72922,The Eternal Love,/yZBBcP8QZFALkfkbW8Yjp6ylJ0v.jpg
71124,Cooper's Treasure,/12ae8KreaZDuBGX5YPhG7Xh5sg6.jpg
100916,Hitmen,/7ZI2VkK0V45XxpfFhUdt5f2KxH1.jpg
155924,Warped!,/2qWIFnPmTSi7RmaSv5zhiw7518z.jpg
37745,Lizard Lick Towing,/m26hMkq86YvE0C6ofsFS7YR56ZD.jpg
13562,ShakespeaRe-Told,/pmn47AXUaCUK2PjIeqolDFJDoiW.jpg
65288,Go Princess Go,/iWzUvqxlOIYMPvJkSKxDMCGjHD3.jpg
207639,Life by Ella,/A0Nuu9G2p5oQgwRDAPBl7pQOoyp.jpg
22956,Spooks: Code 9,/8bvPqARATbLRPv9aEntDABCDwob.jpg
102041,The Prince,/m4CBAP6vL8IWKEYwmMUFLS8IBh7.jpg
98584,"Shachibato! President, It's Time for Battle!",/yPct2dcnBvGuS1prYtNyiI1TTgj.jpg
201105,Iron Chef: Quest for an Iron Legend,/n95twdiuLG8nZpCENhpcbvPIx2e.jpg
21523,Lascars,/b45bxHEPMPsUrGlSyfo6p099b4J.jpg
21572,American Greed,/bilmBb9Q4sLesr1gdMknSGfQQ7H.jpg
215556,Viva Rai2!,/4ML57iBxRzHzmr30nSv4Uey7dcs.jpg
96256,Early Swallows,/eZsrygJrcD9OhvbjdGM3CeYXvRp.jpg
81138,Vermin,/3F7LxfqmFvHhjPI5wIaYAwxRydt.jpg
134071,Let Me Be Your Knight,/5w7q3vM4KsT7Urvtq0JfAKc6xMJ.jpg
10475,"Inch High, Private Eye",/gKvNmnbtKAhqaQBjbAIfXwyFsNo.jpg
70977,Nestor Burma,/l1TgOUA99FFdXJn1z5i7ifcZJ2L.jpg
104148,Greatness Code,/omOzNLdvuKbGZMITjAh59LkGgIY.jpg
88471,GameFace,/3MpBUYJG2SBzoqpydK8CQhBkOIu.jpg
130819,Couple of Mirrors,/rDI7FycHwyXCe6YL0lL9xhRdFH0.jpg
104043,Abla Fahita: Drama Queen,/yk4Sqs13O2UQxMeGaYsvnniVKIi.jpg
81240,Twirlywoos,/7EvAI0QPzMqpDPpvgjOsNytILfu.jpg
87030,ImMATURE,/q9Gs8Pz7kmGb4KWIk9l0YIpd3lh.jpg
76837,Escape to the Chateau,/e1lcvL4FgdE80dUloB0lilsAnIJ.jpg
101073,Youth With You 2,/5FphhmEf4X9Hf6mf4Hg0X8GrwXj.jpg
90241,Meet the Richardsons,/kusxxNmOTypdXP7exQwUMl6LNAI.jpg
60438,My Big Fat American Gypsy Wedding,/w3j9WUdtMQJz1N02ZZ5EzfkdOcY.jpg
6732,Pleasant Goat and Big Big Wolf,/3TEX73koX9NroUA9lVwFDMTZtaC.jpg
61868,The Real Housewives of Cheshire,/8S3Qqbot8zi4a9HBCjZPF256aOX.jpg
73637,Villospår,/kN9iMw8wXw1cFzIjWYqkx8Gnn5L.jpg
91291,Celebrity Gogglebox,/rOmeOChcP5L1ygbrpdOutLSgnBU.jpg
59124,Outback Truckers,/y9mvw5cdegmZT2rpadwcEu0ee2.jpg
72898,Niko and the Sword of Light,/AsiXFOliQUKM6bOO4FfkGDAffko.jpg
81679,Toon,/oV9OrZUaexx5rLmEGNkIR8UIlU8.jpg
86822,Back To The Island,/7ujbS9ogl3MJQHmElLE48AJy0Rm.jpg
102500,Saint☆Young Men,/c8xrpIZoti2iaUJmYBc37hRJCcd.jpg
937,Behind the Music,/pMnNFb6eFKF5edRh62Km2IqfdAG.jpg
198110,Menudo: Forever Young,/5mEfYiNgHfELd4xXWqapqZpfKCy.jpg
47833,The Fear,/usVYbEtg3Qkci5Jui3c4e1nuT1f.jpg
90368,The Masked Singer,/zSudR0fsnPZubTVO9o6zrRz3unS.jpg
83116,"How Clumsy you are, Miss Ueno.",/4vrvWEbyHi4ruuQ07nJnnwBBGIR.jpg
43252,Kidnap and Ransom,/wEyD0F7s1xcikTwAcVKkEZLmJoA.jpg
196574,Primate,/yZzy0sOmo4mqXttfzARI4xQFKoa.jpg
8183,Whale Wars,/a7beVCFewYQIRedMPRUr6RrHiiG.jpg
90751,The Monster,/aJFpnaftMiUhR8xWgsOVAOl8nfY.jpg
36324,Pretty Cure Splash Star,/AgRxi1Ba2Hai8Yf8yLKM9wdCvTE.jpg
117744,Devil May Care,/p5G4ne8Ri5c4qs7E8J3hs5u9FKn.jpg
68974,We're Millennials. Got a problem?,/nrM4n1SNX67hOWNTbBMkhQxTies.jpg
26265,The Kenny Everett Video Show,/zI411Eru2G0It2QZkhAOrSFfFoE.jpg
138436,Love Is Blind: Japan,/e93a32R2ovlTCYw0PvpndnPu4Mb.jpg
63309,The Lady with the Black Veil,/6hDHm7ZstJkJEypjpUtDrsazpsJ.jpg
227554,Cites Barcelona,/se1lEab5NsxSxlvJl7kakls5fiT.jpg
64077,Marley's Ghosts,/1DJivY5LOvRkxX4AsulktsIJwU4.jpg
135605,Uncle,/vKoeRYra3pIQZ0nuFG1ac3JWiI3.jpg
19640,Big Al,/d370nonGylDMR31eFRmjVlE8F8o.jpg
61432,Gugure! Kokkuri-san,/4rH8BMJ9mrOtGRxz106gBZULVIW.jpg
37468,Dash Kappei,/yVFNssDdmDs9hohJDmShugwZCzR.jpg
44812,Love in a Cold Climate,/jmZVhQcBoLmAHoP1TwC5NpwK1WA.jpg
218099,HeartBeat,/wRrvEw3OCK9aiwe6YbcpsqkEwIW.jpg
61785,Wolf Watch,/1aM0TnuEUjftbOcBdRZar2x29us.jpg
106535,Lie After Lie,/mIr4qal9ebvYC2r6aExrQgMx8G3.jpg
197610,Pett Kata Shaw,/cqwRrXsZ94w9U2VlMa3ZbLOMIod.jpg
983,Department S,/1V4hhhXtYOI0YKjYxM7Gut9c2bU.jpg
76138,The Seven Heavenly Virtues,/dlbQKuZXyEdydVRvvlxuQJNmvSm.jpg
86291,The Legends,/v03oi11BKxpjCCw8tOZmqy8k7cx.jpg
34957,Laços de Família,/1RT77eNOdHxZ5J4DlNzYwDbCNpg.jpg
74180,"My Marriage Partner Is My Student, a Cocky Troublemaker.",/hK2xyIPdTD3cGgjxnebjRiueqCQ.jpg
126255,Island Tale,/keT555XS9rBrhqB3Fo917CiZBBT.jpg
91183,Body Cam,/bL1y8H5lmowJH4iVzNZGWAvggKf.jpg
60716,Nero Wolfe,/vnO0ENIAGaAirWXi4tEeUuWdG3P.jpg
127727,Middlemost Post,/4YYG6xn24XwEAvgQVgg6K1Gmhpy.jpg
73085,Bigg Boss Telugu,/eTdAtEVzFLVLkwTBf3dCxp5E4hl.jpg
4114,Forensic Heroes,/eMFLT9s15EpEgMUbCpGw7PlL4R2.jpg
40306,The Borrowers,/sZaefhd3UeSeEso2rCcIPAewjDu.jpg
31449,Skavlan,/aDQoVmOfYIy7iGEQno9NtxDmaDI.jpg
105004,2.43: Seiin High School Boys Volleyball Team,/utYAqKUQdUOVVQlM2FJBTWdONf9.jpg
70386,Origins: The Journey of Humankind,/mJ5mJS7mCHhBsmYCrNB8lSMrwak.jpg
7366,The Goode Family,/nGh1qxCxugpzq4KBNrLN1W4n4XK.jpg
32056,Limmy's Show!,/d8u5CpV3yRmTEXO8TdXcjST6mei.jpg
107408,The Gymnastics Samurai,/liHoITCCyZr9EB6KKl9VqKLOQ5H.jpg
68208,Walk the Prank,/ktiFsOmDQtnMQdWFqPioyJHDDlj.jpg
62645,Warm and Cozy,/pQ1PjmVu2VoIKixGU8g0TcdBFat.jpg
223389,Malpractice,/sEtl3OBRpsI4P2i7Rr6dPsLs5Gh.jpg
132262,The Ingenuity of the Househusband,/9YsqAxuLUxCsJ2maSnHdEmCils2.jpg
99894,Nevskiy,/348feBCjEQzcQVd9J6NZNyASLVF.jpg
30083,Black Jack,/aveuKnsIiDhWVaC1X6qmafiSLUu.jpg
14788,The Morecambe & Wise Show,/zzC0AF58dd0Mk9IRUlIKyuWRshq.jpg
46954,Pompidou,/c27quUEws6T4MCRb8RcilHfXsb8.jpg
121759,Nobleman Ryu’s Wedding,/7Y8MLcEbpAc8bm034lIGUomF9pY.jpg
79006,Helena's Shadow,/tBTLagYYPXxXHiJPqkG8o21craM.jpg
95385,Royal Nirvana,/pOfeS5OeOrwXvY6eV5f29jAVBRr.jpg
69607,Rail Wars!,/atlRfopvtMPdu4eLuh4kIXXODXF.jpg
125938,November Story,/l93GSW1EO7qO6bPUp5qHCDkfyOT.jpg
100802,Disney Insider,/nmwuV5rjXnzavILgWhJ4O3h3GQI.jpg
76567,Welcome to the Family,/hM9GjbqMXDOUnLrXjNw9vu98HMr.jpg
12114,Kyoryu Sentai Zyuranger,/eipXPO8a6qxczRxrgjv7McVJ5Kq.jpg
60424,Freedom,/sUgZPacz3REU7b1WWeKdhmz00tZ.jpg
64348,The Passenger,/urZvkzjJjxiAB0liAThvVmHIL02.jpg
35073,Princess Sissi,/bLc00UOW5TTI0NylclTt3gtUlnm.jpg
80759,On Children,/zKswry6uvyOhC0xmH73lhbjNIPi.jpg
110632,Love Is Sweet,/k52mSqO1sXLhuRjNoSMsj1qJ7kD.jpg
64011,Professor T.,/mKk6FDUS8Z6tlidAOCFXqZGldDt.jpg
122185,Pride,/k8rIxb9viEJqY3Un7gpTdxxFPlO.jpg
62233,Top Gear France,/qKjBeK6gy9qS3HvHQbW500wDxry.jpg
205504,Royal Crackers,/yD38GFBAkJ0Bnt8lBoEJUKgtQHk.jpg
68050,New Kids,/6KSnKh8A5HAL6pe036XCsrFTZcs.jpg
66156,Counting On,/3xx6uMfvihfXTMFXJfMQl512vi0.jpg
61956,24 Hours in Police Custody,/qT8bm9iHwL9QWwTnaPS0XyQlhvr.jpg
13856,The Crow Road,/q9EZvEFtLdrMd7zs3iEZnke7Duc.jpg
11616,Human Remains,/iKdTJAmOQOJXqWaOGOSoL6X9Riw.jpg
92391,The Sleepers,/1MDRkw4ZRa3zJ4Cb8E6S7Hdk9TR.jpg
96196,True Cooking Master Boy,/mg2fUxfH3ktaWqbSq4oL3g3yyCm.jpg
45532,Big Windup!,/lKG1XS2D6dDWDfbsxXXRfvsmYLI.jpg
87456,Mix: Meisei Story,/dVWRCJEh4718sjSg9NSnBtjMyWc.jpg
89172,The Cheat,/9vRwxEd69KBmubnOJjxSYmefe6l.jpg
64166,The Romeo Section,/9VFKQgjtctustJfVWWH3LIGFtT0.jpg
34303,Single Father,/zAV6feYF21vlptOqim5tqgLlcbt.jpg
34355,The Water Margin,/2cawhgSjMdewqjDChm8iAk1HnDR.jpg
10122,It's a Living,/uYQA0SJun2KIWE10HwSg5gF03nn.jpg
75293,Trailer Park Boys: Out of the Park: USA,/n64F29mP8Mog9pVr5ddhvXVGfcy.jpg
31091,A.D. Police,/zpm7xjMhiEvPWahoVDhRvcVvnxO.jpg
70994,Decline and Fall,/tiliis98HX2Fd2fMubKrEeqogNn.jpg
49767,Gönülçelen,/xcSAoTuWfDdg3talkwJynr4TDHS.jpg
46831,The State Job,/sceVlRK5RvnU1qjNipyWDHQXB7x.jpg
76713,Secrecy of the investigation,/bEOqLQZ5F8cmcZ5aBfZWb2JL8x1.jpg
76542,Jet Sosyete,/aNaQzTrPWFeJV89na2G1mXuleHO.jpg
76521,Cross,/o0npp1E1tOUQz5oaLce1UHEJoHl.jpg
95731,Magic of Disney's Animal Kingdom,/lNRO8KT7tEXIp4vGfGvD7JudLHW.jpg
70534,Shrink,/cZpc16zX27j2crsRInJ5YynJOjm.jpg
67,What's Happening Now!!,/3jAdacJlx81TNdN26eucSaGBcCr.jpg
153918,Avataro Sentai Donbrothers,/qFu4THkPaCJiHMBT6YzEFKCsfV1.jpg
594,Higher Ground,/6sDziyxR3RDirGVVrGP1nSXxbtE.jpg
69246,Orphan Flowers,/oAmL6JoFB5sW96V7O5yVC5zRB9N.jpg
29,"Mary Hartman, Mary Hartman",/O1bcYEBW8v7JOMNVpYOBTL6PjL.jpg
597,Cold Squad,/osBRrzhK7RntjQyagnkK5fyb1xP.jpg
79808,Oh! My Emperor,/nyglJ0REVEYUeUldbVvvG23jxDb.jpg
203741,Between the World and Us,/rOF5Rvbq6hgVK2YCBF3mZ5pVLT3.jpg
55341,Nature's Weirdest Events,/vMglvB7IansN1sl4TSfs4T4FyOS.jpg
67580,Demon Prince Enma,/2yPItZXRAqvGUIlKtVdUgvtX7d.jpg
112152,The Devil Punisher,/jgfYU0zWySnyapKIv6bTq2QHgH1.jpg
14955,POV,/2yEQ75DyAGIu6p6GTfI9cpWFxti.jpg
68598,Holiday Baking Championship,/noUqF2vlM0mdtPtzrKVmp52xQAd.jpg
13784,Beast King GoLion,/vpBkj0GzewgfNc9csdwXptaVbWU.jpg
69693,Patagonia: Earth's Secret Paradise,/ux9ysAzSseGELS1NlAI8U5aEX7j.jpg
95071,Hello Ninja,/cHJT7OPB71EnMry8FM92iyNwpHE.jpg
68095,Medical Examiner Dr. Qin,/IQWpr7p244zS0xRrtsa8NZWrRQ.jpg
67597,Coup de foudre,/2AyCgN2b29uvSrENKehPpQLdzMU.jpg
4474,Out of Practice,/zFG0CyKdglIkryibfDQ0sktyi8m.jpg
70967,Cloudy with a Chance of Meatballs,/q41n9xD3Gcrv4PyT8NsMGVOOUyh.jpg
16209,Beyond the Realm of Conscience,/y2b4t70bPnbUjKnsduuxj57lo7S.jpg
12208,One Night Stand,/bW58NbN6s1wo3O9BkPwVnUHUtrW.jpg
70617,Moominvalley,/yhA4pHwPUDSR77xSOXgwj7smUoD.jpg
12266,Yogi's Space Race,/em4REgLz33OxAEIhfoNTXWEjMoK.jpg
46817,America Unearthed,/2pksL69H0MrvCjV4LA8wklEDem6.jpg
95736,Re: Cutie Honey,/gn3oEmUnYcPHqjfdurJXcVQ4h80.jpg
521,Fetch! with Ruff Ruffman,/dWqDKbWTeK5oZG1cDzAHvrgQK4P.jpg
13587,Soldier Soldier,/xTViK9932qvFrEOJznd82HTsl92.jpg
13915,Lunar Legend Tsukihime,/cUCAzXjLXg4Zr2NP03fYtxmCYsR.jpg
3685,The Real Hustle,/sk12iAjLI1cTi6IIfS4nSbFeMNs.jpg
72908,Bigg Boss,/pzu8AWFRvOlNys4fStVqd4kDpGO.jpg
574,Thunderstone,/QjNZcyIxRVTvx2vhsfP3rMcp1o.jpg
71922,Invincible Steel Man Daitarn 3,/jEr2olEf7ypfKafHrAM9HMYMDHL.jpg
95739,Lost Cities with Albert Lin,/a6unzZt9LkTjR1hpOlbcyCziZjX.jpg
59138,The Amazing Race Canada,/mz3yidQz3S97EmXmPSEGnepp8ot.jpg
25917,Final Approach,/dItQItyZ3rOyfvMtUyWcXssqCsZ.jpg
66324,Ulisse. Il piacere della scoperta,/xcn6HYY8pbV3xlu9VgwvSx69xrn.jpg
29117,Oh! My Goddess,/d5NGnOLHRrRtlxQHBfrbqzor98M.jpg
82247,Macross II: Lovers Again,/66K2y79lk9joxDMSXsJyOuaGBlE.jpg
105157,High School Musical: The Musical: The Series: The Sing-Along,/jUG7l6sonaUGsBOyqyCG8D3SPZd.jpg
11661,Lindenstraße,/mtEfxxXIbGwslHryMuEvV9jvBsd.jpg
124003,Perfect World,/3dEfwVZenAXUzuCltmKtq73VjtU.jpg
11671,Sweet Valley High,/rkdEnsWEJuNREP1DUFNqy6zKbmk.jpg
79273,Gandii Baat,/yF0qYnvZaEflyOlElUcGGLE5FaA.jpg
4496,Meet the Press,/jwzlIbqXhRsEwM1VuzLVOSrdJ8z.jpg
441,Father of the Pride,/4cLVwO7GPEyQVbeHDrQ9unko0dr.jpg
216315,Stolen Youth: Inside the Cult at Sarah Lawrence,/r00i76ZaQ0NtwK2mkpVLkT6skkg.jpg
100803,Skate Into Love,/sOrMIqY6UE1jMR7tuwr9aQvDiUT.jpg
533,WWE Velocity,/o9MGXa85sYapgVH4bECyQQUhw2F.jpg
73212,Empire of the Tsars: Romanov Russia with Lucy Worsley,/x3sbQsBIxgYb1xipquKCzmIir9h.jpg
87457,Afterlost,/v7rHqk0UVHoRUcwJVFFMU1rW4Ab.jpg
86151,Playing with Fire,/9Hm4tQAP1V80QqgJDAD2SKhDGeW.jpg
46875,Yukon Gold,/qNl4ozPVGHcuqX1MroZPXsEV5ll.jpg
25015,Gun Frontier,/j5XULSmXXK9DMbN07E9h1FjYJTg.jpg
8771,Oppenheimer,/vP5dFYoP6vUUNavVDX98a5q01tq.jpg
85517,Tokusatsu GaGaGa,/ekrEZFXoKuDJ6YGtV4mbXWcL4GN.jpg
69289,Kirakira☆Precure a la Mode,/cQ3roHMJVQkqWSCFz5LkPoJ15Lt.jpg
60623,"Luzie, der Schrecken der Straße",/eHCxXAzMmHjzrcrU6M8vhOLMjMd.jpg
58851,Sean Saves the World,/4VqWPZIvUE0vXts1xiDRjrPt69l.jpg
6902,Jack Holborn,/k6vm64qnczla0GVRq4tMpzffvoX.jpg
97345,Endlings,/NAPZ4CDpreFNAbdE462jZ5iUoG.jpg
35354,El Hombre y la Tierra,/o6UaXyCaAvQhzUwC8WcQR3T8P8f.jpg
46100,Celebrity,/2CYCD53Whmo1uxtvGJnwhjJo8Fi.jpg
99120,Team Bulldog: Off-Duty Investigation,/qErV61pQufKgSs6Fai9XB3qMvj6.jpg
464,Shadow Raiders,/zQXauw9aUl9h4mYQp3i1sLcQpHK.jpg
208831,The Crash,/ijTCiRRTePUQAwx5qzkcgZNm4eh.jpg
14180,The Passion,/A8W2bFdSJLeZWAFNHz37m8mFTJd.jpg
63997,Norskov,/uR5vVX5jilrHu2hk0axYTB4HSEx.jpg
14976,Independent Lens,/d0NYnObKs6JHrPkeYbE8oznDsxf.jpg
1560,Floris,/7izyzFE7FjyoLvtuEsbpQJSQgp8.jpg
105313,My Little Pony: Pony Life,/p4od5CXUKDm3LKGjML7IOtR2DGJ.jpg
75341,The Many Faces of Ito,/1oKM9oofxyCmSE4vvligYWSJhf4.jpg
126387,Naomi Osaka,/DxZG6UyFB6EYDBqV8fJAs30Zn8.jpg
114066,The G Word with Adam Conover,/mtS2gpkWjgvd7851xAeFVINq2LX.jpg
22383,Dave Allen at Large,/yJ8Xb6T8rAfSxlJH1wBT2vAuqs7.jpg
89414,Hatton Garden,/hwpcXDkpCp7kMpWo0MbeP8iB3gU.jpg
11144,Drak Pack,/s2g9by30gOodrDWXAD5grfI2BUu.jpg
65862,El Caso: crónica de sucesos,/v9gMRei0vCAJYXoCZaZKcyIj7Dc.jpg
65187,One More Happy Ending,/i4ZrXTE2z48MCzBtRuBbFHb5jTi.jpg
120189,Until Life Do Us Part,/p0emUBiNikJYQPI3d0130pRtOGx.jpg
75959,Die Puppenspieler,/m8lRUuRJKg1gi9xTmrkvWOhMTSJ.jpg
99387,Taj Mahal 1989,/oNP3po3gwaI00M8BZO6erLkZrpR.jpg
97872,Below Deck Sailing Yacht,/xRYK5NhY15uKaJ4a97xmWyHxSCi.jpg
4591,America's Test Kitchen,/AlrDAOVpSF2ZCDpbHQFGrLFaiWW.jpg
82444,Heart Surgeons,/7N21jcnmARis6sfMJhrwEl83wfT.jpg
88168,A Thousand Goodnights,/3mdI8BzNUzOmpmtcyJpngOjWdoa.jpg
110982,Spitting Image,/3k9nkXD8K4HvyBK3bkg6gQVWQd2.jpg
9891,Bump in the Night,/kwgJPEPwfn0yfy9dRjr98xu3DJl.jpg
63395,Beauty and the Baker,/AcnUsMc1rbP12fRTTX0noCdN5FT.jpg
73693,Abandoned Engineering,/uYPpqCgnKxd7ngdcm0wwJsYGt4B.jpg
6432,The Hughleys,/gpL3e9Uih2di6QmtUcNr7609Ylc.jpg
111500,Flatbush Misdemeanors,/lxvxx9NjQbl3nPCIP1v6uu2xx6T.jpg
36229,Top Dog,/3LyjaOwxRWsnK8diSyEHY9QsGcc.jpg
27657,Top Model,/mAwOytckrHecTc73V0wPALdFC3m.jpg
226340,Fear the Walking Dead: Dead in the Water,/kayTdmzIZli4S0njuQjhI8i5clf.jpg
40289,Fake or Fortune?,/v57AzJLAzbgwzwif5y5WQ3Nc3K2.jpg
4526,Savannah,/iwQJLwln70FLGd8TFW5hqM64PCl.jpg
1199,Time Between Dog and Wolf,/6fNbr1Rt578xR1WnFdcA3G9UfdZ.jpg
79058,Hana Nochi Hare: HanaDan Next Season,/vhYogSEPowoMp3LMHiYIv3zVeqi.jpg
65863,Refresh Man,/wmUjvCqxMeMR3XHXSB3f8Qk8Va4.jpg
65176,The Disguiser,/mF1a27FpScPY1DhxR6MGmtnG7C5.jpg
76179,Next of Kin,/hwVt2diXb9Z7K298mgBUVabtGWz.jpg
69974,Whisper,/8Mk0ieNInDXGJXbACZWwsQtcicP.jpg
4580,Return of Ultraman,/dab1at0IalqEAcqgjQfMUlKQCM9.jpg
80767,Angolmois: Record of Mongol Invasion,/osDHL65kfdtwYLpB8mhyNenbcWL.jpg
97198,Happily Married,/5GcUu5vbvNF0SHOu5m8GMbKgM0o.jpg
116293,The Rebel Princess,/6MFsVuhe23tdYKxgyZk0OPRi9XV.jpg
93682,The Holzer Files,/njKUd26r2QrLKXenBA7HRkobDw2.jpg
3917,Special Rescue Police Winspector,/cjATkbcmt9dM8LmrwK1u5tFQCRi.jpg
67772,Roadkill,/qYLLjTdSU9BU7cJY3KrWZbMCcPB.jpg
64627,The Moodys,/oN5KvnrQRH82UGFSL0UIllVqbAp.jpg
91824,Eglimata,/uM0OzOMOwsx3KPfeADLVWvBMQfj.jpg
86311,The Best of Youth,/70dJtCEDGKPPrmQYdVixSxflUeZ.jpg
39611,It's Not Rocket Science!,/nq06PDCuUshyA0ch2aFWJpy8i64.jpg
154214,Ant & Dec's Limitless Win,/hwTJS7v6Dz0KavdtV4W7xj7v2HQ.jpg
70957,Queen of Mystery,/uCbwBwAqugvtBGuGVEttxgp5i4Y.jpg
73113,A Little Help with Carol Burnett,/6DVqLqSpG60e4quPCv2GWrZXkXX.jpg
50111,Matrimonial Chaos,/2ymtS20jigLrGETCDMT2zNDZtNL.jpg
111597,Dream Home Makeover,/26hjIH09WU6wgtw3YiGQC0mpszy.jpg
69920,Juana Inés,/tCOiS5hJQAqBoZY52pjROwep0Mp.jpg
82834,YG Future Strategy Office,/bFkAeMduiZwzUJTAuWJ2Sea2O7g.jpg
91820,Couples Therapy,/yWYumn5s0Oi5TvrzLOVwM44O5El.jpg
9865,Switch,/3MVHxMgupdpwngzuJ9bmGzSN43i.jpg
219446,Aile,/yEbTQAgysCBCAKkMZVdeNTbD8t.jpg
136973,The Blue Whisper,/9xInp3pwI6o7ANYBe3cWJfkxC2w.jpg
155224,Jinxed At First,/5nCkZYmpnGQ4aygP1pqGGytKYWz.jpg
9849,Killer Instinct,/u9DHz419Oe8CQmCdB2ARSeAtegf.jpg
2551,The Jeremy Kyle Show,/qyqdIpsYrGCdx8Yi5ek43npA7Tl.jpg
20677,Rød snø,/cax7NZic170NsxFPuBQmWDmdvQQ.jpg
34501,Dan Vs.,/wdoklBmmKaP8LtlBWvtDeihlLlD.jpg
5266,University Challenge,/yDLoEEFW3D6XSyT8UynTghc1Dyw.jpg
4893,Berkeley Square,/2wczNIycB1jnOaKYblfDM8FcC2t.jpg
5157,Ultraman Leo,/ycyDo1LF5UyEaQUkBybDRj87av0.jpg
60780,Four in a Bed,/nFzW9V9rjKQcsunNrjw1yPc2zT8.jpg
57476,Longmen Express,/sR2EaEd1fpji1duqntsfaiqjVIc.jpg
219056,Frog and Toad,/wkZlNJTY9QdkoPP9eln3amlvrwn.jpg
97039,Indebted,/vlf8NwZfWUMH75OpK4GvEmbwVMo.jpg
45241,Muv-Luv Alternative: Total Eclipse,/qCcUT9hJAjQN0gRPVC8lzeXobci.jpg
78951,Último a Sair,/3hR2m1S4LF9Pp50PGZxjdnhcVGJ.jpg
13224,Maple Town,/9nGLZM1Y7M60pxg8bR87GDsqSym.jpg
121203,Ku'damm 63,/rin0Vzvfv0wRbyETyodr7lsmTkF.jpg
100809,Spyders,/s9qL14VSWXbGJYjXpTVWUQC1GT2.jpg
130996,The Tatami Time Machine Blues,/5OA5QH2dCsygjEOAsfp5FLW4Y6Q.jpg
30948,The Protector,/v3cYsLksGX1baCYtn2AQa2R5HDR.jpg
12350,The Peter Potamus Show,/ebl0fxaZ2XykVrMHOo9QbxL9jki.jpg
72013,Just One Look,/9o1g3TIYPBuYA0OiRH7XL7nlbFA.jpg
195927,Bullsh*t The Gameshow,/t1Il2y9l08M4JK3yB9EQiHb73rJ.jpg
108842,The Sounds,/5J6JzGZU2FPDDrDLpIdMYDT1zm2.jpg
99361,Because of You,/4lbhmMRbpXDdowZKE9xFKMcH5b6.jpg
30873,Wallace & Gromit's World of Invention,/iBGaR6hmCo70w1fiVhQoVcK2DPY.jpg
215956,The Gene of AI,/eugTSmFETFdYJdZpgFDBAbCBXG3.jpg
88149,Egypt's Unexplained Files,/oowT6JYRSPGZj5N9TbQfvuKExMC.jpg
29004,Fatal Vision,/onIdEH2sm4L1T04eZxpjjQr33Lo.jpg
9190,Liberty!,/bCAKG5W0PUM07mZADvDpS0vnKRx.jpg
67729,Flight HS13,/8mD9Aao94K4AkGfqbIw9odk5PWd.jpg
13655,Street Fighter,/xM0ZzCUyX5H5slMD5jKATaEBuzQ.jpg
80366,The Comedy Lineup,/uEzTdhK3sy2QYUGMvC4gyWqgX7Y.jpg
74040,Making It,/jv1FZvMx3Sj3z1E40c5GFNfnoOa.jpg
219077,The Challenge: World Championship,/zinFp4mOzxN1NTj8f2W1BWsQxhR.jpg
88189,Tijuana,/cGdSPoZa0p8muwgqhGm2KhH1LuL.jpg
13782,Timecop,/5JtuKg407fQQ5xkbOluMSMrXdcV.jpg
4937,Space Sheriff Gavan,/ej48EpwFZOYXtCRgAm7if83BI1A.jpg
11067,Space Stars,/5VMPk8UIC3QalPym4z2S1RiAjkA.jpg
74683,Untouchable,/7k2N5qp4BjFo4pE2pzMr9HxVFQG.jpg
1479,Tales from the Neverending Story,/5WsO2qPQNdr7njiFg6XurxrEXp1.jpg
2216,The Arsenio Hall Show,/tOvSs7RNelmjG8blQVETy5ZM0w7.jpg
68548,Apostle,/mIi8mhrdb5XYK8D0aOwBNOaOba3.jpg
153886,Eldorado KaDeWe,/rSGv5IkDyqmLTxz14PgYVyz72l.jpg
23956,Treasure Island,/oppcDycVry07Y0M9983aBall7hr.jpg
72903,Love Sick,/zXmMZ1TBReqC1l6a9GiqYl1L61D.jpg
62632,Beş Kardeş,/9bZeSRs48glYIsQqE8CozwKAdRd.jpg
87415,Shadow,/pah40fuJA2tZBcY1rhvpSlj0Ys1.jpg
99639,Petit Eva: Evangelion@School,/nIz8aT83wqmjtIUczkhEYgoXejU.jpg
109782,Σ'αγαπώ Μ'αγαπάς,/xkULH20R5dhe5EtezwqfRazBBlk.jpg
16941,I Love My Family,/bPtAGhJ8FcRqPkJM5uEUDpZ85Lj.jpg
95546,#martyisdead,/wnG6bSlcJlH2rQCDlGDRmKH7uLg.jpg
35437,Szomszédok,/hiYUGwrBoFemSDgFjOp6oFPljb4.jpg
33932,Crusades,/nQNLuaVVNWhs6YbAavYNztXZg87.jpg
12783,Exes & Ohs,/pPWDwfh8UYg13W9KI4fwb2n2IV.jpg
97852,Ramo,/bzGhbTOz4PnRwNO37r6ss30ctPc.jpg
1131,Karen Sisco,/xALO8AC4Cm7cEEYREfcPgoZmeL2.jpg
63817,Rules of the Game,/nQQaMPNPfOT3iB79PSK2Kns7oHj.jpg
72974,Downtown no Gaki no Tsukai ya Arahende!!,/59IPwylg1xLeYigjH9bDauN7MCq.jpg
64140,Heavy Object,/yc8NCp8r1jpvgZJJqBovvqrc5cC.jpg
37681,Scarlet Heart,/dNVmYG7n50dsh08WFEheq5oURpi.jpg
126038,Fires,/QE851qjGKdtBCIAXszyGPnkYl4.jpg
66092,Holy Foley,/ki2jjoz959wGLsMqtIjT2Ueq4JC.jpg
221,The Many Loves of Dobie Gillis,/LusZEGxE4LxIOAiBCuOvUQcLV1.jpg
3048,In the Night Garden,/qD5xsX8aPNYHATq6f28WVQslpqq.jpg
1699,Last Comic Standing,/niuE91WVx8TcFNzL972Qb6pHrhD.jpg
214172,New Life Begins,/lKXNw0CRpFFJmZ242oHW1RMWR4J.jpg
131932,Candle in the Tomb: The Worm Valley,/qND9IxQlaDmLfkZF7MnHyvAKcrD.jpg
44600,The Undateables,/vXoDAmbYDFiUNblUbZmIzYY2wu0.jpg
3000,AfterMASH,/kwE6aJel1v3xtwm4oxXylnpaogm.jpg
82441,CoinCoin and the Extra-Humans,/3eZh1fU4ewvnDCtqKeS2OPRYFbb.jpg
58571,Count Arthur Strong,/gZU9E6WoBs1qlSjQrpvylk52fP7.jpg
1193,Wild at Heart,/2G2OOYHpY0vIzP9OMvlMTlbsUNa.jpg
63280,Ramsay's Costa del Nightmares,/gRDkhCCK4dMla2in0CzB3HhVyy3.jpg
5221,Amen,/apEoBrwwcRGrjE3I4B7uAQheRjQ.jpg
204589,My Perfect Stranger,/gYJBz6NMvP4oc2mf181bjPJSgxJ.jpg
21643,Fist of Fury,/t517uWpLQWpMx7d1Prguc9uzPIp.jpg
64175,Flikken Rotterdam,/jFvhgG7je9LwQQ7YkevnipXbyhL.jpg
74089,GARO -VANISHING LINE-,/qZ6QbEjU2J829zSFyDJlHZaFYVe.jpg
62054,Seven Days of a Daddy and a Daughter,/b6AdVg60vl8sqSAEniDDepcirj7.jpg
72915,Wednesday 3:30 PM,/mah6MWXjA46242GQqpeQhYT0J3Z.jpg
37666,Black & White,/l5PpXA0xCUheuqIcLgX3pOuorsv.jpg
5592,Are You Smarter Than a 5th Grader?,/o3U8s2Ersix6pCpfXkyhTqvPsgg.jpg
213359,Circuit Breakers,/gmvaWodMFeFx4eIeb6AH6dTcWO1.jpg
2496,Mind of Mencia,/x3cjxVPYi8iAqcDcfKFuCl4FQPw.jpg
41293,Simsala Grimm,/w0AlGeyLURjPe38LQddzyx9ZLDf.jpg
204646,On Patrol: Live,/eMuvw9N2ggWbopp9zZuK1c7ka3k.jpg
37647,Beautiful Charm,/vD1B9EycSpYRSuVop3lDb7z4Jfi.jpg
124900,Veleno,/gcZmxFyeSYLFj3kotQetw66Tp0m.jpg
85593,I Will Never Let You Go,/iK6y1zOMDh8YWUs0Rs4dsltDFv0.jpg
72351,Hilda Furacão,/7TlIlv01EGJANx8L1uFPqftaQTq.jpg
2677,Secret Army,/xf1eqEBfXDH7a8b7jmi0cucCiOD.jpg
42692,Flame of Recca,/vywtHxLB4CnB2hVrevZ9eEqh33s.jpg
109866,Dating in the Kitchen,/8hBqMTAAFkOjg2UJEWce70fKKj.jpg
101906,Fix You,/pMI6EzXTEElLJOd6xBeXCdbghYM.jpg
72157,The Family Game,/gh3vim0NVWcDFUnwvDxSH8z16u5.jpg
130655,High Class,/y12jFvgntlxyit2KMd94LmCQO1d.jpg
204654,Decoy,/9UxljPaJBno3wu8QhRnWftbXCQZ.jpg
84197,The Clinton Affair,/mRRebP51v9iyj0lacugYSPI0qS4.jpg
154114,Time Switch,/tE0Xe0vlXXqEEVYIYOUkGVjB0pe.jpg
81900,Close Your Eyes Before It's Dark,/zjn7ZwU6RV3n6uInRUjWGjOgnca.jpg
73064,Top Gear America,/dMtdkudlMhacUNHZbZH3mlOKnAr.jpg
130020,Secret Royal Inspector & Joy,/n5YjKLHnpyxXeMPi6tN9USRMswC.jpg
1626,Tequila and Bonetti,/u1ekQHc1RByAA2CyNxz8a7Qslmb.jpg
111263,Women of the Movement,/pL9prhQYEPKoNOniVJcJjEaozdY.jpg
66068,The Master of Revenge,/3q2vc3Pqsbxxl08oclKRUCG9wKW.jpg
20090,Nytt på nytt,/uBz0QRjJnAlRy3YSsbUDwbwuEbv.jpg
88038,Granbelm,/yCx4bLMXsvb8WzMNfIPTwQq2GUM.jpg
16814,Cadillacs and Dinosaurs,/drY1NOlI4LEa8tCTBcYRyuOfXwx.jpg
154181,Ace Troops,/A5Ug19rH4dpnEA8Pe7B0NNXtuRJ.jpg
71126,A Love Story,/1GIeB2bjObVEF9NrNw12xy5ATJD.jpg
62034,Chefs,/30YmKJhTnb2DYUzkWTOOEpmTRG4.jpg
59515,How to Grow a Planet,/bDOx0aq5kNfrtUjWIgPFuqKKfjk.jpg
18687,The Incredible Human Journey,/3dnGvMCDdqijnLuBv35i74bEleP.jpg
66033,Great Minds with Dan Harmon,/wvmrTACstFfr4sfBQrcxCDBg7dG.jpg
209032,Terim,/71eWIpW9haXvwaW4gwfzdBHQW3W.jpg
204591,In the SOOP: Friendcation,/mxnOaMHvOHcts1ec89dmdSjjHqx.jpg
130048,Queen of the Universe,/qaXjnxkmYAKjkZSNJJIpfCQxnhp.jpg
64401,Dora and Friends: Into the City!,/sn9S1JmujZgkOzrrlbPzs2U3GjV.jpg
66979,Days,/ocDHk2mlH5Hx5FHOcDbCUqZ4PQo.jpg
34818,The Black Swindler,/3FgtkIGz3Bb2Kw3XuHOyr591dpn.jpg
207783,Below,/9vIwJ3miXHqIOSm2lpMKaC7ifnj.jpg
118587,The Vineyard,/koLnCEa4Pzm9d5IQQeBjaCAIRJz.jpg
34300,Glory Daze,/mNx3Bw7YQ03yqjRKxUFF6kDF5Ld.jpg
66430,Deadline Gallipoli,/dW70WHKiutfzKMhRdmVUIarQIe8.jpg
7768,Star Blazers,/1hrR7MzzHjyuLDp6ldFkzzIARIk.jpg
1936,Harsh Realm,/9Kb5HajLx76MkcE7mmU0NzHLjVV.jpg
80229,Don't Let Go of My Hand,/v4mhRAhCh8JYUqN7YdiHwZ61r0Y.jpg
6030,Hippies,/nwIUYttn25HusDJLYFeOF1X3Pon.jpg
51976,Maria Wern,/zFrX07DZMLPQq3VzBYUIv3JB1By.jpg
153719,There's No Place Like Home,/fP4FJOKcaXUv2frr8HFMGlcsjbj.jpg
88067,The Brightest Star in the Sky,/yP9Nez0l85drBerALxuSvk0AfDQ.jpg
32784,Bad Guy,/wwE3VvcyGhtsRMZhLVKNz32Xuwd.jpg
53979,I Want to Get Married,/1aXNDhFYoyvW1nNE1BMuiVU8YO.jpg
92710,Another World,/cFw0rO72AImFaCkPBvVchm0dLWH.jpg
211269,Human Playground,/vrabCpb0NFQnLPVgvVyqODWCnIy.jpg
39513,Mob Wives,/kDD9MRW0N9kXoCNaoqAVHIuHs2R.jpg
77419,The Reaping,/efgufSzYd8MWXhp2N8GfmimE0CN.jpg
13688,The Lost Prince,/zZpxLBO57UWkYIzjyTUOYabmc3v.jpg
74676,Halloween Baking Championship,/v7lhel8vljZGV3GJjaMQPfIwJMg.jpg
80464,Holmes of Kyoto,/a8yXXdwaA09ybatErlrMKfyXJOd.jpg
81553,PeePooDo,/hJnvyzMP4md3f1Xx0wumftXCC6l.jpg
91593,Love Better Than Immortality,/enj2s0CNvp2oaf84j87H8Vsdbr0.jpg
232811,Encounters,/sSL6ugjkcK0Hjx9YwKwDUjEG6WY.jpg
77722,Caligula,/epAhPqfiRoyIxeNpldQ6bZ1YZuO.jpg
15211,Malgudi Days,/o4CLepIXSgZ7FN5VTTQIfJhynSd.jpg
97288,Fear by the Lake,/fPXySPy2yj60vn4ThVyxNrZyRPf.jpg
93310,Archibald's Next Big Thing,/dEs3hBKHkIhE597SguuggGtFGOf.jpg
107013,Manayek,/pAAuwezjWffJ1jBaB9xJ4klUi7e.jpg
81085,Sandokan,/odSLA7ACW6GiotVyr8mZb166bFd.jpg
19243,Son Pari,/1JbXbREepv5H9EMLm628dMPr814.jpg
65537,Bridget & Eamon,/5KaKABatnfdOLrkJndit18CRTOB.jpg
95432,Encore!,/mwqvWwriHOV3L8KjNIZN4QzDdej.jpg
10085,Transformers: Cybertron,/ul8l6uP1nUeFKQXiElI6pHzMeat.jpg
222913,Induk Gajah,/spQXDA67ovpJrP82FsJgxsqE9Vi.jpg
19390,Maigret,/eT6cJyWhPCdKmDzJ5DROtDVfgN6.jpg
216667,FC Barcelona: A New Era,/v0mDpAGl2ttgIiQimB9wRBEZP5n.jpg
129496,A River Runs Through It,/nhbemePry3yWHBr1q0QGMPAvhPi.jpg
94218,Lucky's First Love,/wA8ARy0QWJZWLGQyURNjzDL8u2T.jpg
2469,They Think It's All Over,/pDcjD4PchrJIfwYyvIqmtHY5uCp.jpg
92845,Time Is a Killer,/rlQJOP5bnMVwScRNP3FO1qcE1l0.jpg
92421,Black Ink Crew Compton,/1jyLwlwnqlzi740jZ3MQdPJiB0C.jpg
69463,Cold Case ~Shinjitsu no Tobira~,/9ecALrD5NqtIZyjO53H0mUXumZV.jpg
117024,Sacrificial Princess and the King of Beasts,/moG9KSZ52RF5wW2o6fp7aivSMAB.jpg
32357,Asfur,/9l2I5DXdwSzt9XU1ibr2VuZugSz.jpg
84612,Boogie Oogie,/6Xrd9eC56xKQINbsaQQ2L3gKPYa.jpg
153528,Big Nate,/6jc2y6JuTAnfeM6TxYxfKZmj4ym.jpg
103357,Unfinished Love Circle,/gybvx6JIs8ibk87IkY2sXet8hsG.jpg
15884,The Slim Shady Show,/ejIY7hwnOY5ItslBoakDC8sWMJT.jpg
115466,Mumbai Diaries,/jDZXjtO3i1WpePWmg7paVKNpdfz.jpg
102290,Hard,/j1cGmHM12wAJcDLYclrOFWFmRPx.jpg
204570,Edge of the Earth,/AjmLx0wr8CZ1A3KuohR7bSqgCp.jpg
13427,Hetty Wainthropp Investigates,/tsdtYwBORsbk37ne5AE34ipZYKG.jpg
112280,Begin Again,/jKI1eCz4rTcN9wI1HRhXVRwhHiY.jpg
83873,Grisse,/sAvz3clFNMH3YpvdkmbvL1qCjUA.jpg
44140,Blackout,/qZgVzKf2JPocAZQY2tV95OeABSA.jpg
14826,"Ni Hao, Kai-Lan",/kqg9C1IDHKemsvir12cqXpIB5gM.jpg
33995,Ntoltse Vita,/d4khUTgIpYEWajUXIiBXnqxg5wy.jpg
60875,Resistance,/k3R90ujL8czXSRwg35WlEVrKf1z.jpg
41003,Monaco Franze,/keOm31gUSOZzTJ3VcsyrjGYGNi8.jpg
1206,Button Moon,/yWqE6vxODJqvWWPQKgwb4cyK9hc.jpg
231804,LOL: Last One Laughing Colombia,/bo4UKcVWwX2T5HA5UsFXTXcoUsy.jpg
15162,Watch My Chops,/uJW2JwyObyc11MkFumXzkzC3J1L.jpg
92155,Ghost Brothers: Haunted Houseguests,/bKpokzgFmXNxqM3fFhOaKWNrQLT.jpg
39538,Wicked Attraction,/zFOKscbRK2nk2SD109HJX5S3buo.jpg
63602,All About My Mom,/arSA7rivMN6Ifr8j1q1fX9We05I.jpg
47319,Mario,/2W1mrdx3wfGS2MVLLefw83A9Ugf.jpg
14670,Gooische Vrouwen,/u9T53eln70wnZ882wtqWkCIKjw7.jpg
222625,Atelier Ryza: Ever Darkness & the Secret Hideout the Animation,/3nx30Ay0VpsuLXwRCMUKUfZuP9h.jpg
133342,Sort Of,/vph2C5UhE2OdDlg1OrGnu21wnnI.jpg
65497,Night and Day,/shRoSw8BO64TZSnhKHQMVvrHufN.jpg
4027,Richard & Judy,/eGBCP2UOeZhX0GijSI8NZX6xxXt.jpg
788,Prehistoric Park,/dKTzN99UMHCZIgH8otfSr5gzz9V.jpg
2804,Eon Kid,/56W87moPcFL2bkzHjZBIUowElu1.jpg
69355,The File of Young Kindaichi Returns,/zO2tblpedor1VPTIvByS8Iccjs5.jpg
7736,Martha Speaks,/dQzIlAhb9oLtL5mq10qtvsYLvFy.jpg
120954,Makari,/pJuNWtg64Pu8a8nAsdHn6mQAIe9.jpg
77415,Yotsuiro Biyori,/xiVuWPbW4ceLdT5rDph3UslReBC.jpg
30916,Imagination Movers,/2OKskLXccICv71IKAom0w5aWoUP.jpg
120984,Confronting a Serial Killer,/ioL88iGckwYib3O5WFxT0ehwRua.jpg
65209,Phantasy Star Online 2: The Animation,/dvDAs3ajXJdd8IaVMkjrjRhRmKi.jpg
62881,Bringing Up Bates,/kThYSs6Mm6oy8ldoQSKX2feqR7R.jpg
4054,Forbidden Love,/2bqDZD8INxRH6jaXroChRIdAJtF.jpg
41053,Familie Heinz Becker,/gSDdcdBE6ThkEO2Xgdl2IYyGBqy.jpg
41413,Threesome,/22fIUbNQuZOmwlJt1iik0kMZVY1.jpg
7439,Banged Up Abroad,/5683XdmIsxAICOtXEvcUUwe6FPd.jpg
87814,Stay Tuned!,/hLw5pgm2BtoqzYs0hJLuJfOQVaI.jpg
69888,Murder Calls,/jfPaJpbGSGDV6RSSqJ9mUiT0MxT.jpg
138246,The Killer's Shopping List,/vbevUjLnn7AvyTQM2oqKm5T9FXi.jpg
84104,Iron Island,/jN03YxeJ4eylVbUuavYUdL84N4T.jpg
34674,Master Keaton,/5oMdGZa54VbeLVMed4CioWTVjQJ.jpg
68460,Kubikiri Cycle -  Aoiro Savant to Zaregoto Tsukai,/5sjxiXlV3YQ3mLnU3ebmzfZOdwm.jpg
12444,The Patty Duke Show,/6rXsW3Sa0TKru4NQO4oPB0CKwRJ.jpg
154827,Son of a Critch,/ufw98SF9HdcZevXbEOTpHOmJF6Y.jpg
43183,Horrid Henry,/7ZBlUaLeJaE66BTttAlox3fTU4u.jpg
87340,Race Across the World,/h4VZS1LM6d2TtK1ESwkOZjpYcYH.jpg
65882,En Famille,/uUOCZLPPcA6aTW6UrsX8x4fIrSg.jpg
265,Clangers,/vAkEsduod4ng2N1tkyqd68Z5oQD.jpg
10005,Please Sir!,/zLQiy3Xz1FJlIQKNOFDNiSCFXY4.jpg
2715,Hang Time,/pT4BypFiwF2EpbOky2S97y9xZXc.jpg
2621,Mastermind,/1CuyXvdlNGsNRaC62Q7Pp3hIIGt.jpg
10054,Roc,/tjRMmrNIYF37tVcrslSSeLQhu6o.jpg
44277,Amazing Detective Di Renjie,/tIdH4eYwzl1kcz26G5aB6oHjIpa.jpg
91585,Asteroid in Love,/fHPZOrmcSUX2VOpuwWkdjU9QOHh.jpg
81005,Dead Lucky,/a9010TqKgZGRQkaBgs6GbVbvegc.jpg
58236,The Pioneer Woman,/3EBfLbteZcACrWJ7G9s1I6gMKMf.jpg
221634,"Wave, Listen to Me!",/onKxsWri7aQP8jIbe02jYl6JSfG.jpg
83677,The Pleasure Principle,/1fjrgbPxpJgQt27FCQjrTDXNR6h.jpg
119368,Oh! Master,/k6jzA36ZqMsekoGHlSYtEMPh2pG.jpg
229203,Stay With Me,/7AlJFZueujSMCXvZbBPt6lWJPiX.jpg
2461,Gladiators,/lrdXKKGzPqzwYUPtuV15z6SlQws.jpg
3181,Lead Balloon,/5O3nEmVUMzyJttSSuBqJp2Dk9nw.jpg
38920,The Tripods,/dSWuAbqOsUZEhfdxIS3VgCqDR3Q.jpg
19237,Transformers: The Headmasters,/vWt6Zvej0a88KR1DiHE8P3UgEnt.jpg
77345,The Dangerous Book for Boys,/sU4tfnvxpqDwr4n4usyNYrjdtQ8.jpg
40804,Love Your Garden,/invGIU2ZEkRDm8DLHGldwux3Dqx.jpg
6554,Murder in Suburbia,/vr71Fj5nNtLXlWhS0LDocefUuZu.jpg
874,One Life to Live,/rolhu6G57XutH95hcsgMPDTtviw.jpg
156915,How We Roll,/2fNRPoSx2iaN9CGBfDUJcmzuOUa.jpg
46290,×××HOLiC,/oO5H6jHNyIYAiPRaG5WgdyfeDjX.jpg
67904,Ultraman Orb,/y1sn57RylxVzRuwkGN9FPbfP4sP.jpg
32828,Cinderella's Stepsister,/bDN7frh31IpcePWiqNxevlF2G3B.jpg
6521,Undressed,/x4e3eXjwsBrKZ4wC1GUEB3iiX85.jpg
129412,Game Changer,/lcJK5VP1kXOsIroDwNWeGC4jyCX.jpg
14451,Shugo Chara!,/cP1oeOZCDv1KlQcaV7IpDAUpoFc.jpg
216827,13 Klinicheskaya,/tufKoVxGnCpKUTQJSaHBycBgdRi.jpg
91433,T.O.T.S.,/pvtC6Vq09SJTCv9aSHYwem1rGu5.jpg
125309,The Unusual Suspects,/gMxSrhaESNFiz6dgqa8dx0jj0Uf.jpg
70276,The Pinkertons,/tyNT15ihIvEgcvMWvzKUMRCDUnd.jpg
104480,Mood Indigo,/6Oz5BoNwgm5rPZJLC1j0BBGNjn2.jpg
10046,The Dana Carvey Show,/4RmGhNtqBBbxcy00UDaO4Pkm7iZ.jpg
235,G.B.H.,/fBlFKneBgEGAH1yeV0x3Nxll1AZ.jpg
867,The John Larroquette Show,/4PQmSvqPbLI4lqmwHxZh8W5A1ob.jpg
61306,Unite 9,/rSV4gfOWPfOqLbmx0ki6s0ucd2K.jpg
64909,Kirby Buckets,/egCG2NXeR44SuHHtqhXzKfzZl8C.jpg
42279,Amor Cautivo,/6VKNCcMkdnpvQ3ncUAFAJsXb6hM.jpg
208935,Queen of Oz,/tZ2i4TZs26Y1HQXUEY0GWAZTCf4.jpg
72438,Marooned with Ed Stafford,/b2nMjviwJfz1XArfRypfBW3WR8o.jpg
102704,The Bedfellow,/jhHrVi2CtrV2t8vhntTQEGgpigI.jpg
133372,Meet,/9X7FovF5n8NQUHUPJYYfxRlF3yp.jpg
78591,Hikonin Sentai Akibaranger,/oZt75GWV0LhqYrCwMZUKBa7punf.jpg
115610,The Man with a Thousand Faces,/xeCEoX7hruXxaOObCaKn2FUqwxE.jpg
82046,Double Decker! Doug & Kirill,/4d8fa9HcmHqFaHuuD813Ty2dgyb.jpg
66824,INXS : Never Tear Us Apart,/kpxsFT4GKW12za7WlSugoyI1lBs.jpg
21269,Superbook,/iIXRDcfqVMQZc5IFSLQluZfKL9F.jpg
3548,Roboroach,/63CbUKrHB5cJc7ldZ1eqfj3MsMr.jpg
89664,Shigofumi: Letters from the Departed,/jY6CkK0nAEg1uiUxeQMFlIRKbfp.jpg
89503,Kakafukaka,/ySlvUoGTq6Rho8cGk2sar4bMtj9.jpg
33275,Urban Legend,/vJ3iZS2mHbfCutxLU7xCJcVZiET.jpg
9638,Tusenbröder,/7mhLbZd5ist456U1kcmEajzuPVb.jpg
61669,Dear Sister,/edpOGTAcMjJm9IupI6xZ6S0Mf9t.jpg
74211,Biggest Deal,/bTRcZ05SbM2rzFqRYrXytas4XFp.jpg
195780,Wedding Agreement: The Series,/8HjY3BZTWvaCwBIHimKe7ZR0SQs.jpg
49513,Azize,/iEBkpOr5RPTWK5dU92J1heliumR.jpg
108985,The Gifted: Graduation,/4wOT4t4tqc9PRO0cbhdTRMZtvp4.jpg
213272,Dubai Bling,/ohxfANxHuNN6BAIKo6WHL1uEWQN.jpg
62328,Goldie & Bear,/9T8qmeof7eRe2xgXKOWJ6bgIkSK.jpg
11954,Code Name: Eternity,/7n6rClc3rIFOFdQNb2ZXY63nSZ.jpg
27818,The Kenny Everett Television Show,/fWBdcUFj7MlpV2fvxbNcEEG0rmZ.jpg
42783,An Istanbul Tale,/tem2uYM6c10C1nofJ0uR7NZo9zc.jpg
208589,Chef's Table: Pizza,/psnYuOZ2cRrBSwl9QbHOphbMEaz.jpg
65501,Strawberry Night,/hEmkdb6FTz0AVgwdhZ1cKqrgiEs.jpg
133938,Management of a Novice Alchemist,/hFnddzz8MJMrrrCEQGbY1aSCG7M.jpg
116168,When Will Ayumu Make His Move?,/2VaXju9SuApsbDjazMr6qZhsvfa.jpg
120040,"Nevenka, Breaking the Silence",/eHv4urLFAgKGELH5xZoL0krLhTt.jpg
89505,1994,/7KpDhsB022jHF0rwlWnhwMgt3DZ.jpg
77231,Brotherhood of the Rose,/hl0KZznhJhZMEXFbRN2bfDmbYtA.jpg
94510,Leverage,/ytn72pDhQcRq9LKbare5fnQrEiY.jpg
83653,Vai Anitta,/7etoSnfpSmXY8UhaRZgnRWL63z1.jpg
112322,Delayed Justice,/y3flPPTmIbl4FouKzwoZ7iIdsno.jpg
77961,Henry VIII,/fZ03GPW8Rei19bzV36JsYvMp1Zh.jpg
9676,Murder Rooms: Mysteries of the Real Sherlock Holmes,/qeOj0JZovZiM5UeyuxJKJn3STQZ.jpg
42389,Vampire Prosecutor,/jg8kzhNdLcqjrQZXSfya7DzSJ4G.jpg
76230,The Fourth Estate,/aEYudRbRRAoWK2fJJ44X8w0LcLo.jpg
308,Morangos com Açúcar,/4r7kWVdm7DyGJJTs1v3aDSdwX7v.jpg
139401,Coming Out Colton,/uUO2TS0Yf9oy4dzWctBws5TW4fL.jpg
22577,We Were There,/duvWwPEO8vdGO1Y6iarPw4DScCM.jpg
123424,All You Need,/8KB4wLp5Pkd9y1FZhu0TxZvIEmh.jpg
203698,Agency,/hOIkLHsYzqWnd2EtS4YhItYJzKx.jpg
82054,Ultraman Orb: The Origin Saga,/qV6oxhwvCpTMfoIgEEtvrLbbfM4.jpg
61155,Space Pirate Captain Herlock: Outside Legend - The Endless Odyssey,/1ZAUHnak7sGD466KlzuqX9vogYR.jpg
33868,Porterhouse Blue,/woPguqD282ZaMmgoh83w848GWl.jpg
2006,Flamingo Road,/zSwMFcAmzHAj6WX45GBwLE2SncG.jpg
11988,Cimarron Strip,/mUoY0LW5VGsX9ZjvjMGqGpPWkVZ.jpg
12451,Cattanooga Cats,/zWZvz0WwouqnkYnovkg3fgaNNPf.jpg
156100,Karamora,/iwZTVd5WQxVg4ZZPkYHijt6IqCr.jpg
46538,Can We Get Married?,/kUzQPje641Sw2gqUNiKapFfdjp3.jpg
82317,Where is the logic?,/aemKnoRDtd6Ga35C04D9wD21wLn.jpg
75534,The Great Christmas Light Fight,/wXbdYM0QGS3x6ZABmD9C5qTSsRN.jpg
75776,Märchen Mädchen,/iU1wKwSKYb2uMyVZ1a7pJDnQf7V.jpg
130270,The Longest Promise,/tZXuGSTGTlI5jYBkgKnUYvIdKG7.jpg
109293,Sing On!,/5w4JELVuDiDA3dfijqriBI0qHCk.jpg
75753,Anime Crimes Division,/uPaFjwn1zYqjrmfr3ljkf2Fmr4e.jpg
68482,Rainy Cocoa,/hYxlExmGnuMtZuTvBWreBYIQ7th.jpg
118904,Weekend Family,/y0CWCKSlTYtC3ZteGknmUgvJ4ZS.jpg
86930,Christopher Columbus,/a6lyhoMOUutANBVUgZ51fg6onG3.jpg
72670,Juda,/nYUV1yxtshTmXiFUomjXn8Yauh5.jpg
46182,Ti Ti Ti,/hWT4jF2Z45kET7AALnOhWyOXP9A.jpg
78594,All or Nothing: The Michigan Wolverines,/pa5OYdHAYNiX3pUTLHAHoaNLFXm.jpg
219819,The Romantics,/hOBiDTcHsZBqZYYTAuC9oSJUNKf.jpg
116768,Pitch Meeting,/AbyaLTGvwc9rKtBVcMTfL5KjP2J.jpg
86259,Hellier,/mLYFvGCbH1mVOBnKW4tZDxFcWNL.jpg
71634,Genius of the Modern World,/9GKMMOz4lmJqOy0VCjFuDHYQorI.jpg
202065,Mr. Good: Cop or Crook?,/w7OYbHyrJymDL8DutHCuSj2pFFv.jpg
99497,Good Casting,/i1jApjWNTCERcUq3tXRjYYjOn2X.jpg
113982,Date My Daughter!,/7U57OGfjn1eaBu3y9HIdwLBuQDl.jpg
132005,Hammer and Bolter,/i3DCi6ZXo0ISp8cIUHBJGmZggmy.jpg
67264,Beat Bugs,/eVC1dtvG9CqWSkxixoj8R5X7w1b.jpg
42881,Tenchi Muyo! GXP,/bOvUNvTnASUNM8SjZAEorNZ5nwi.jpg
45348,Appleseed XIII,/5vd5X3LvKBZmN65SrqkwiV1xx96.jpg
2735,The Likely Lads,/yxHzFAreUiNUdDxppoTIGCCH4t7.jpg
63776,On the Wings of Love,/1o5ncwjcCQsiBZ8Z9vuLGojF9AH.jpg
35872,The Peppercorns,/7bOqE92Pef1cbnGARBYNns4bU7S.jpg
135335,Sugar Apple Fairy Tale,/pBbnZHqeyBWTPhRASXwphb3MuQZ.jpg
118307,Helsinki Syndrome,/zXHjuuA3aHAhuuDbDzN5aZMjbsD.jpg
46423,Destiny of the Shrine Maiden,/oIv48P7akDpZ4Q6SsmaiwMYoW03.jpg
135386,Red Election,/mvmlsAfnk22XSJTDkwBoPtUobWt.jpg
1701,Barareh Nights,/wg0rYbaL20MdFMVO3gYjZGNj2cv.jpg
75750,Kang's Kitchen,/9C6MhvOK87gUFchadlau1ypUuiG.jpg
68015,Wannous,/5Ao1DnnBNjRONLnLPSOKXozmy4Q.jpg
71655,Dino Dana,/3SpAcG3BywMrW458qRR8i8wlsBG.jpg
129053,Crush,/fXbuAVAn5ITohJG145BDoGJHO2W.jpg
80592,Harvey Street Kids,/5v94bS5jqPbg85Byu3owgFjoK1N.jpg
135730,Dearest,/5VyZAGbzKYM4XFaytRE0o8SWB0l.jpg
603,Veronica's Closet,/8mFqH6PkKc3Sv9buS7cx5e7nuV2.jpg
100548,The Traveller,/5ItuSeHHXqx60NvyVkMVxdNzufP.jpg
62795,American Genius,/7dd1WH5p7K8SW5whYyLtDaIEK0d.jpg
156315,Munich Games,/a5YoYR5OJ5tDS2FggwEgo2DsHl8.jpg
13466,Pennies from Heaven,/yVufGaAr1NoeaLE9FkgYwVpmIrv.jpg
105646,The Underclass,/iDGmpAQzHfqa9gdLtgGbfpPf2Wx.jpg
4653,Star Trek: New Voyages,/5S46d3jrIikTMPifzO7a8zBBCLC.jpg
67424,Simba: The King Lion,/cLyrwsuMMHLIANETFucROoRUWal.jpg
211093,Giant Beasts of ARS,/p57u7ojoEuRgZZR4hNEpkUYydOd.jpg
89005,Flinch,/x4XmsoAY91wEyPH1DhEc1bAXLjb.jpg
38971,Cain and Abel,/cQvqyjzAxr1keTgMLjIYBEjBAnn.jpg
69891,Rampo Kitan: Game of Laplace,/7L2tSZt6SNwOjqwLn43QeNZ9SBM.jpg
41518,Squadra antimafia – Palermo oggi,/p8bVE6QigGqqQDcjj9cXxkKS3BV.jpg
91991,Inside Borussia Dortmund,/uJaKlognCPM3LJDwvX1Tq3NSRBe.jpg
32035,Little Bheem,/tc4GJ8jg8Ji8OtUBGKUlClH0zLx.jpg
216429,The 1619 Project,/5sNYUV5l130HIryGj4RdhzDtn7A.jpg
41729,Action Man,/4Cp5mhe2lJG5zdfX7L7zvCmajtK.jpg
11710,Dinosaur Planet,/5fpKQtreVbMcs9zLmPYP0DDomlf.jpg
83477,The Price of Smiles,/pB9ToRW9x4TZRgIdmRXjqvqfNjk.jpg
135271,Would You Like a Cup of Coffee?,/3wRTPDj1a6wGrrBqBeQsp74Pl22.jpg
6271,My Life in Film,/yYZL29Y2eTSFrCyxbpnrH1v3vSn.jpg
64970,This Is Life with Lisa Ling,/v9sxjcufqTlFE0MeClNK9Ipu7tA.jpg
67143,Inari Kon Kon,/9kloAe3nAy7BbXAKOv30vKDhyDZ.jpg
71845,Unearthed,/8s1NLGpOcEWbz2clNdHwJdAvdQo.jpg
91986,Paranormal Emergency,/dkyygflwPyupNA5VGeG6BI3k3Hb.jpg
1537,The Agency,/aJXFbRv0WYRcT8cDOLMaKfVYwye.jpg
83462,Terrorism Close Calls,/bLYSR6qHtt2kLxpgqRQ2hYUuVel.jpg
11502,Amazon,/bnaq2T22ddL8wHAMJ8lHJb9vaMd.jpg
115465,Gold Rush: Mine Rescue with Freddy & Juan,/scimcnOcUKedoVHVq3WJgH5LdmI.jpg
72508,Convenience Store Boy Friends,/lbZS7fyGP9LO8BqP8K6Z1UACmpl.jpg
5626,High Stakes Poker,/nkThBiHGM6fbkp85WzbZcFsZxM.jpg
34148,This Ugly Yet Beautiful World,/fk7X26y0n7BXlm0BbI2NYQHVl3C.jpg
68146,Ninja Girl & Samurai Master,/f7pCCsV0uzQ5O6Ik5X4VQB7iIj.jpg
41997,Minnie's Bow-Toons,/AvBcp9zYdXZJbt9O9QMiLqR4mZH.jpg
37970,Tiger and Dragon,/sGv2SChCQyZS773krapg05b0Xa.jpg
19141,Worzel Gummidge,/37ie64yaXIRWKwcqXgzaUKNyaDE.jpg
88557,Gogol',/rmXPvO7lPIxQqZdxIgdsr6rRI0r.jpg
107371,A Will Eternal,/1ZUiYywoHiNTgzIN8vBOxxcxzj0.jpg
15937,Vientos de agua,/fco3uj8dOGxGae7RHsKi0mdxYqU.jpg
33835,Strawberry Shortcake's Berry Bitty Adventures,/amI9lZnUWmsvYrk27COO0z9oHu3.jpg
81974,Baroness von Sketch Show,/gjzkNPM9Z4R73B2FgtReG8YXuf4.jpg
352,The Quatermass Experiment,/vbNUN2Jr3O0pqfTJpB2XRLLKGYT.jpg
198182,Throne of Seal,/ehRRWs1EfeYiX4ysLLapWeKG4Pq.jpg
34466,The Legion of Extraordinary Dancers,/d5OWGTu2LZsytgNQu9vfwNquZLk.jpg
69356,Mapp and Lucia,/rejZ4MuWtBKF17goespu35HWjpq.jpg
125693,The Bank Hacker,/zpbVGDT1BF6vSQkwpVUqWbVWPxM.jpg
111750,Bridge and Tunnel,/gTgOIWy4rFt5M3rHxFjBHaUh2t7.jpg
78684,Miss Devil,/tk03N8YYClQt6poX6MoFg1PWtks.jpg
155500,Mood,/iK5JKGeC46cIyDzCDKsdZOH4Xt3.jpg
3400,American Dreams,/pr3WcVn1i7mKwae84MCOW0vpLYc.jpg
49268,Eutuxismenoi Mazi,/z6bBGAmHHQ6khjDAiROrQEh2PCs.jpg
33831,Stan Lee's Superhumans,/fStGZv2jFxAu4j83V5Koj2QNBdm.jpg
93875,22/7,/m93b9GWlI3DetEczMt71edE75p4.jpg
40484,The Fierce Wife,/ktlzcuQTVZxh0zGifxyBj5iswJR.jpg
11016,Hulk Hogan's Rock 'n' Wrestling,/l7kehgsu2EWhSaUzaDnE88OdYhC.jpg
65305,Alice in Wonderland,/ipLBlkU7IXDS6bMgpG4cv92eHwG.jpg
215001,Destined with You,/fMiLKTIFB7YCBQSYoTJ7NCrPcD6.jpg
79643,Eagle of Upper Egypt,/whCdiyCxA2rmgvGGk9rIf2NOGHM.jpg
136155,The Allegation,/hQ9GHo3TN5LMdCOesDKspm2t1VX.jpg
11978,The Name of the Game,/tc5VyBM94h8GJ3Z5MvyemSFiESO.jpg
62800,David Attenborough's Conquest of the Skies,/gqfOqWo74NTwRUj0Tu2GvVapQ55.jpg
112601,Backflip!!,/dZhyF1to5VNnGmRUft3tZW2JNhP.jpg
46836,The Jeselnik Offensive,/clDYMUXIdtmUyPnltpnVbp0pVaG.jpg
108179,The Agency,/7xeoPEPCpLfdj2LpUgmWFQIMpJT.jpg
56992,The Out-Laws,/mISO43S93FJ8XsDdc8o4RMUSg4p.jpg
97558,Broke,/5im3hm58kN4M2bKZgXz8ZvFuRlh.jpg
10377,One Step Beyond,/c0IHtUsTGy2XbAEPuPScwqDdcEB.jpg
8927,The Joulukalenteri,/c374h8wWop4pfKDffhuBmg4nMEe.jpg
139169,Under the Microscope,/amQahTC0Kj6KQDDDdDEazsZTsex.jpg
63415,Uranium: Twisting the Dragon's Tail,/fsHDOsdzesW3pBtTCiKL3PHsQ2j.jpg
84141,Meiji Tokyo Renka,/3ed1aZ0CQHuPFkkazOl6Op7W9qK.jpg
67222,Blue Moon,/ApkI74103COVduIDmcr45tlQU2g.jpg
34090,Red Baron,/k3Jy7GuUzkK5OBgo7RMkt0zbVMd.jpg
73725,One Dollar,/g8h90YQQdTQ4KIQf7H5COacOFp5.jpg
10344,Vengeance Unlimited,/dv2gXMGVPrYe3alX6cLLtlKQlgH.jpg
61009,Hotel King,/vy1AlXj733pbi2fAMPIHm7YIZiX.jpg
202121,Rock Island Mysteries,/OWeBj7yLnbfKgAWrzKAM3Y9DLs.jpg
33785,Tower Prep,/c4ATUzfBJPuq0HkyNwXMSdtoUth.jpg
83028,Heartbeat,/sjNvi0fOwjMlcKGukHmZB3zNnD.jpg
23375,Gakuen Alice,/vy8Fq5R1KE4qTCPw0O5pVrcshlA.jpg
47779,The Far Pavilions,/inkGOAi6xAvh18L0f0VlkLCBpcS.jpg
2399,Pie in the Sky,/Aaf9dGenRJUereCkMYF6VtKOC8W.jpg
15925,Włatcy móch,/bsTDYatnt68YoPo9sXWI7KD3ns1.jpg
6231,Oshin,/hut6ivvxG1da3ZC6tyJHlh9C7kw.jpg
66119,Two Doors Down,/7dc8uRpR7YlnFXeS3INd00jmP7F.jpg
67483,Blow Breeze,/9rTGWAnW4hKDSzxiYOybLIaKFBx.jpg
40016,Warrior Baek Dong Soo,/aRsoKkHfAv7YqiYd2N1L26PMyRv.jpg
87978,Cinderella Chef,/p3GNnmbeC4nEBgrFRqzHsYTRqcF.jpg
65304,Doomed,/77cuCdxYEqg4PBNGVloiY7mMhmg.jpg
238234,La hora marcada,/8nONzSBxY8KL9S2pNHzCRoA0IQV.jpg
2158,Dinosaucers,/3x79WIHve9Az6N61jQItrfuqW3C.jpg
42381,Days of Honor,/ovpLkdptyUqhvMAlyv44ZRpLthG.jpg
155683,C.H.U.E.C.O,/gWTd0ustqZ8Wp4EpuAM1pmCvG4b.jpg
122236,The Mopes,/lVoWxtzek66z6p9AWM0UzPGh0OZ.jpg
92390,Savages,/w09T4KO1usVsO1eR6iM2HKz1Gwj.jpg
46444,Way to Go,/lRZTK6dMVQ8q0zwYRMLjctPfOJt.jpg
90302,You Are Everywhere,/9I0gnr2qlyrhNppmToN9DAyXWYF.jpg
204236,Love Mechanics,/p681xfVXqBdvvt2XgF8oo5u83Us.jpg
40480,Office Girls,/foMmyGrwtIaI9vbDYPFjGg06xwc.jpg
40139,Blonde,/1LNVDZdvO9bOyidXpWFjCqOAjDi.jpg
74831,Judge vs. Judge,/7Bc9d4rqvTacG6r64ec1dwXpl88.jpg
83018,Hybrid Child,/fCB10TeD6yfUhVCIk24sUY3K9ww.jpg
136295,Hidden Truths 2,/59qR62h1gkXNZv1zKLkWzk5SO2j.jpg
38811,Dragon Crisis!,/fAMwOZiLRtzbNiz2aYtZRG4Vynf.jpg
74550,Overprotected Kahoko,/dHagLH4c3QgXM810fcMUMX97sOm.jpg
60918,My Haunted House,/8xBCjXwsOqmOWAOVkvwr5Kqqp6P.jpg
40385,The Immortal,/w33NI7ILRvokaeyTymvMqbvPqbB.jpg
75423,Bullets,/wscj8xaewKilQM4FxtibJ5S1gaY.jpg
11204,The Sketch Show,/qNiBR9Hw2wpJUmfzBh80UdiHcdV.jpg
16576,Don Dracula,/pq9HIvkak3g3x5dHqgnlQ0wpwdA.jpg
66247,American Grit,/zVuCLgIgP2vhzXBkAKHI3iQfHVy.jpg
169588,The Ultimatum: Marry or Move On,/9XzHTp5Venu3fi0DrMtzJXIkoaY.jpg
74781,The House in the Woods,/nJjK9Gg0iWdvssoIq4toqOyafh1.jpg
14958,The Border,/anCuYMK080KhUg3hEGw9MCNYn1R.jpg
43573,30 Degrees in February,/n83M7VIB1DwCCeYxZod1X0vBrVu.jpg
1832,The Lucy–Desi Comedy Hour,/ha0aHNPgcke8V0kN3hAUQ3oKTDd.jpg
69084,Monster Strike,/heb6tJGPgOnjzwdC7cUZVbYRGd4.jpg
71781,Hank Zipzer,/plkIkNr0ZuG7KPHlSQNPtcU5Lgm.jpg
88865,Mobile Suit Gundam: The Origin - Advent of the Red Comet,/kdt4G11wKDJBI8UFIFSxsm2PNb6.jpg
35372,The Problem Solverz,/k2yulLYUNLbe6Gg1jdcZIQiA3pR.jpg
6947,Gangland,/tOIgcq1AL4xMNTOWd6bS0zdNWfp.jpg
1520,Six Degrees,/dAx7Ox4CXrmKXpzTyqoiowfJgPr.jpg
7132,Aristocrats,/9QIgj5F8XPUqMKGTbsfC4Awvt6N.jpg
101021,Mister Winner,/fQNL73QGzeeyZFx3Re7mkOpKI6O.jpg
12288,Hospital Central,/au5aHdFzXUXCMWLeGIKXEyKunrM.jpg
71897,Lovers in Bloom,/7BvJoOARZZc4JEeziyspo6je9ta.jpg
34071,Hem till Midgård,/aMAdymIZc1a3FLDlZCC9g7efs6a.jpg
6226,Children of the Stones,/gxELRxZNmaxR4ls6n4PfHgt3vDK.jpg
110338,HIT,/tgCdvXH5pep0VtaNOCY28GzmMvW.jpg
16234,What Would You Do?,/kH6xLAmesAoWS66pvBjrjr5AO6e.jpg
993,The Joe Schmo Show,/57KRzG2pNIvhJEvI4J0TGqLOx7p.jpg
10871,Hotel Cæsar,/5EYsgh8W1rw8qtEiAugTeJhlrjv.jpg
215780,Bonn,/9W9fX897drGRrTW3i8Lr34myFqy.jpg
112865,Psychobitches,/k2XB512MHui6tayT8yKxjcBRwsj.jpg
12050,Astro Boy,/9O2qUipKJRG9XbIqUTmoekRt0cQ.jpg
90209,Rome: Rise and Fall of an Empire,/yNXLzulMELhD7oKUYqW7FUEAXma.jpg
65316,Buffy the Vampire Slayer: Season 8 Motion Comic,/2qE5W35vZvg3X29tlfYS6dOETIn.jpg
66497,Genius by Stephen Hawking,/9iqDJGZmgGf1YbBL6PTLaqYr4DO.jpg
19890,Die Deutschen,/7JzC33bpgWI14v3OzRMlwjfaUmi.jpg
75660,Stolen Children,/c2mbC3WttBxkYdLYpLJNtdzBLob.jpg
232401,Spy Ops,/h5iehCajknOIaSOjoJexwnVf2bV.jpg
10458,The Real McCoys,/2xpqTNMVtnBfXQVAR1eP5ay2UAz.jpg
69194,Striking Out,/zqxHoEiuartFmfgmVW0vuMqzwLG.jpg
202460,About Youth,/lfaOdzHaTWWbLhcPuF4FKy9GeOv.jpg
158900,The Zone: Survival Mission,/tAybRjp5xdhOlyC8BlKCUNqCTN8.jpg
41755,We Are Angels,/8P1LnfMiIjTRCgMwW6uMENfpuBn.jpg
210272,One Day Off,/fe26P6ZGXuVCQnyWZkGOwsYlg4a.jpg
109922,Tuff Money,/x3Y5RJu9iVq25kH8Z8t6qbY7v94.jpg
117310,Dolls' Frontline,/ip5Zx3RWxzNuRUDYpPwPrjsPOo.jpg
97122,My Feet Are Killing Me,/vSZooQYzD3861Fww8uFsiIYNxSX.jpg
73667,Sandy & Junior,/tsNlRH7ItU119yuBcXhSqHxjRnn.jpg
47806,Hunderby,/z2VeSxnmTvrPIKHddfm205aaefV.jpg
55589,Today's Asuka Show,/bZTbircqckomsYUNvANKMNBxLnp.jpg
64079,Il Testimone,/bET0M8arpQyPfnhKD2GBmV2Zb07.jpg
128210,Man in the Arena: Tom Brady,/yIBsjhweVmcMhVZYfNdDfk1NLDs.jpg
41775,Elisa di Rivombrosa,/mz9U083ClJ47yGJdABLK0JgBHRD.jpg
88201,The King of Warsaw,/owzRrtwGAJ8u8DzyuBT1HH4uuP5.jpg
45559,A Football Life,/9abHU2G5hrJf1fE8hEnmSWMpD04.jpg
127428,Fanático,/tJqcMYTs5BqYAK2zdE2W1Akl5X4.jpg
63500,Mrs. Cop,/6DSZtUunB9nBKC8hHuKqyY5YHIa.jpg
67503,HitRECord on TV with Joseph Gordon-Levitt,/f8JX8m1aRhtmrpsaCVFQgGXbmwT.jpg
77339,The Island,/oOpu4HOs4N17tvzHZiPfW8AouQb.jpg
1503,The Rosie O'Donnell Show,/rHHSx7kyLEHK48Y3LO3sNfclOT2.jpg
31616,Ryōmaden,/3LlZsgainsCjYVyVUTMhOYxY5ax.jpg
22831,Gunsmith Cats,/vg3wPnLfwYmMxxhIHHHtBjUUBXD.jpg
952,The Adventures of Ozzie and Harriet,/h9Kqsng08I3CtA5m2GVq52NVUIL.jpg
67761,Legends of Chamberlain Heights,/oA9l1kHyvMGRPxmnXYWudeOeNeE.jpg
95070,The Now,/mlrJbTNPZYjQk0gJ3xWVUXHk2aW.jpg
3656,Horseland,/xN6bWeZ7Ft7W5XQkDIKMmbA439v.jpg
67719,Crunch Time,/iARpk0eDxnQUIUK4mj45c038Buf.jpg
47357,Son of the Morning Star,/2IJnegLy0IJBacABNMJguzLR82T.jpg
45673,Hardcore Pawn: Chicago,/x1wETRvNG9CvqQehdTQadyUEBJH.jpg
11001,Saturday Supercade,/uPqJEQMGgAoiGRu8eHfLSSoTl0x.jpg
214961,Girls Dorm,/wuRvvdiHT3iyiPowdKDZhKarhkj.jpg
206489,The Heart of Genius,/bWWb2msvPS9Aeb4dHYRDX7BPYpX.jpg
72746,Caught,/hfeGno1Z1QwB23vUxwCgd3c9YqZ.jpg
115991,America the Beautiful,/dZw42WgYrpW8V8P58WmbXCQ3jG3.jpg
33054,The Real L Word,/r4prOUS3LgkWjxWsrT6kHE8NFLT.jpg
11376,Death Valley Days,/miogG5V6KSOV6ijH9mE4OOXFlF1.jpg
87055,Robot Carnival,/4IFyW7E8tyWbR76xymkbniknI0T.jpg
67528,Cheer Squad,/9vuUKV2K9ETlJzCSSft96tN2kH0.jpg
29884,Saki,/f7G034DjKdPHucFLWHmx0qXpLBQ.jpg
233531,F#Ck1Ng Social Media,/h3u8IoomEwk5SZ0SGpCUJ82oe9x.jpg
38791,As Cariocas,/eU4DzIxqAc4bReqElPXL7epT7o7.jpg
79829,American Princess,/7RCOoqHvUF4KX1j2qjg3EE1geLd.jpg
157731,MotoGP Unlimited,/gZ5xcMGnyPXGVW1OLZnL3vp8dU4.jpg
124549,"Marry Me, Marry You",/7qZUC0AQmSi7pxNP6cH3swkb8Is.jpg
4424,The Colbys,/32fITXr8lVbV6EMlYnj6pavTotq.jpg
172,Arliss,/cJgRJdI1UsdpXEpkVtlmT0quTzm.jpg
67081,Hetty Feather,/1Knf1xWO6OeluVB2N9pQg3RqyX5.jpg
94377,Witches of Salem,/nclFXAW5QTl1b3zPk1TChX7Ives.jpg
68794,Code Lyoko: Evolution,/zvMrDXYbIDEN2Eqe72KswBncgb3.jpg
42245,James Bond Jr.,/cwUnbz31k7K5fV0zximhN2nPM14.jpg
10151,The Jack Benny Program,/iwXBIb8zWPpt916UoOiYBPigbEI.jpg
43860,Wedding Band,/vDQRzYIcq4ItgQL7KEfiAB766Ex.jpg
67345,Thunderbolt Fantasy,/ucjp2lr0cm1pr4gjqduLc10cTHI.jpg
12826,Fangface,/al6tfY3lXtLDosDvfY6Tv6mb4E0.jpg
12868,Mot i brøstet,/jWjJYWpxhvKcZQsX4trgw4tKxQx.jpg
1279,Ultraman Ace,/v6EBzbYkT7ATQYB7RpgiAmTS8wS.jpg
92388,Total Control,/sfWVQRIoDrfIcY2cmhpLgSZoLia.jpg
76721,Wanna Be the Strongest in the World,/1YaxVSLtXRH9qZjF4JIXML0PNDG.jpg
75675,Ash,/5tSnnt0ZGxma9Y0KQYMNzkn7Jt6.jpg
43087,Sullivan & Son,/zm5FT4BHME3mYY05oXsTRQKV01.jpg
78181,Bare Fitness,/cZX4oDLXAbrJd8bAi5JtSOeZLz1.jpg
205988,Takara-kun and Amagi-kun,/hl6aq4ot0TRCILcvM61WcrGAKaE.jpg
337,The Nine,/5FWsBK96U8VUywOun1N34cCU7Nj.jpg
29407,Insomniac with Dave Attell,/mf7oFF50Oxwec7gxhCvAhvxA8Ls.jpg
35583,Guyver: The Bioboosted Armor,/nmyqGLfgUWcszAVPIzqAythRIhe.jpg
76866,HUGtto! Precure,/xY8RG5C7X28g9v8l8mBK137L2ER.jpg
152,Maging Sino Ka Man,/a3tNcvpPkeTpvG2QltojMujl3fQ.jpg
110833,Life,/o4aAlzVXFCO13JdYHyQJ4sGjWME.jpg
122108,Let's BTS,/pM3RHTbYfSvUwQ9t0B61oj9bkkU.jpg
77389,Dangerous Liaisons,/3AE48AZEjFfheoUKlfo2MaEDTbt.jpg
118111,Buried by the Bernards,/zOUbP2SFUwb5n2E6ixEhpl0kc06.jpg
1717,Pet Alien,/wjSRQBfnmUhJ40TCgRn4053N5DS.jpg
67351,Fearless,/vR25hfuw5eWfulfzctYVbYW832h.jpg
128486,Rashash,/aGBtU5vrdEs7zArJPFk9N49G8hz.jpg
214378,Star Trek Continues,/6CdotNV9qR9xDTl7HmD5jXiLH7f.jpg
72528,Chronos Ruler,/eU0CaUJk4q1Ms81SrF90EP9bbEK.jpg
1753,Goodness Gracious Me,/vWPuIIcQ5ywSgrkslblGAT89QBT.jpg
36154,Who The (Bleep) Did I Marry?,/qI6HNGCbuxEirKLjvwkR3zfwlkc.jpg
1243,Casper & Mandrilaftalen,/kwidZW0mk2wl9PdrpCv91goQhjO.jpg
45865,Sparkling Girls,/7Y9thXfqqeeBCLuf9JKrPaMhGGp.jpg
36160,Weird or What?,/ak07iPfiT2kEIUEBpYAmn0PbwP8.jpg
80609,Kiteretsu Daihyakka,/rkCwT6NmATLsm1SNLEFNZ3JCzva.jpg
136,Thriller,/AbBlSO2ifQ92DQUjzbP6gtwOyNa.jpg
72368,The Gong Show,/61L3YhmBjwZW39tZEwhHxiCb3Og.jpg
75310,Jugglers,/kj4hQYcLBCHLroTR03ozLOZ2bWF.jpg
106322,Old Enough!,/ovMR6M5qBbXZBA8Waz3RI8kAwAL.jpg
3802,The Highwayman,/gg3Jx5RpLHa7PXH7bzBN3rexJe8.jpg
117,The Dreamstone,/2o9nx2ZT3DiJWCvf6vNm3Vv1AzN.jpg
122111,Hello Mr. Gu,/Mq7H1cnZctl52lX5mMeG2VfM7U.jpg
72503,DIVE!!,/v4UbmxXXg3NEpb7xKQg39ig7AY8.jpg
66623,Maya & Marty,/u6wbOsArJoWoEukj1tdS4zuQ3Py.jpg
56964,East Los High,/8jtyfMM3OIwtXRIk7dbfUsbXa8s.jpg
2112,The Others,/qbjoSzdek2hptlrfegMdmYyTgtL.jpg
67098,Shimmer and Shine,/2zym6tVGMYugPWUHGEYko7FwO3y.jpg
4696,Darkroom,/8vEULEGm1MetTXWr2ACYenMcYW8.jpg
42552,God's Quiz,/1jChvQfVZWHlTrTco9LHlZh7tfP.jpg
230685,Imperfect Victim,/oIK3PeE7ehICHSfEfnNHXx13WGF.jpg
87133,The Golden Eyes,/hy9L74bsoHEj8hwnQFWoLr2yQvQ.jpg
56451,This Evening,/xKknqVDdyECjGbEGwZoBGkjuk4q.jpg
87086,M/S Romantic,/83hlXkcF61lSCuyT0BhEDvIv6R4.jpg
109332,The Comedy Store,/5ya8191KScDWpfB1z1v4iuMgk3z.jpg
226644,Secrets & Sisterhood: The Sozahdahs,/z1UiJAmvdc2ERUFRg1YhuRO3w0D.jpg
45662,Hebburn,/hEJ05ofyQPCOGAtINEV0fxGU99q.jpg
60916,Deadliest Catch: On Deck,/kwsEPtVPibH7uKPnmWqFbWKS89T.jpg
82714,Room No. 9,/8jCKwe2AoFpnS2uiftmuCMjjdUb.jpg
139096,The Toys That Built America,/3LpXhboCuDfJik0HRCskwohptCU.jpg
82509,Sumomomo Momomo - The Strongest Bride on Earth,/dqTGGbhb5fgsWP3hZsgpi0b8EXD.jpg
109590,17.3 about a sex,/xsrBKPtEvwmgc9aKWaiqsE5mC1e.jpg
15540,Please Don't Eat the Daisies,/t6NfjCAhhiPuncE6eeK69Aal9jA.jpg
43257,Kaboul Kitchen,/8YPLRd5TrhX888aDjNhe7xQMQsF.jpg
130692,The Empire,/o3tQIWFvTSe6GoYjmxlMeRdfaVJ.jpg
70698,Trip for One Smile,/rUPb2qjhACCOr27k33hqkZptgpr.jpg
106676,O Maidens in Your Savage Season,/i6yesxR9UgYCLAftMdzm8jKb78w.jpg
231297,Untold: Swamp Kings,/1k11WdwcH1sz52c0UvZ60UhpuQi.jpg
62460,ThirTEEN Terrors,/khItHH2xKhALU7EUeRE9EOZFI0Y.jpg
87548,Love and Fortune,/ffqtlausDiM3AXDpu3RdpNmaew1.jpg
82770,Jingai-san no Yome,/i4CoLKTqlaRL28mvc04TwmC3ZzY.jpg
56210,High School USA!,/2ppkgtuKV5C3C7zDwLZS34e3h18.jpg
62432,Con el culo al aire,/ujsqIDRPpMuepBrKHDOVXhsr8Wa.jpg
87129,Vlad,/txdgYJYNWPUOvmXT9dpfcVzOkFp.jpg
67059,Word Party,/gNN502X3t2jLmBqmsc5oy0rC1ix.jpg
89095,Polly Pocket,/4kErwa6gHXjHeRESorSrIhDzDLs.jpg
63424,The Perfect Murder,/9Cc9oBlUzeHO9YJFk7UHKmv7tAT.jpg
120090,Influence,/45Mly6FdNy0EIMwSGQjbylfm2D5.jpg
156095,Abraham Lincoln,/nzlh2iEf5DnjeyBMrXFl1Dhi18B.jpg
13805,A Girl's Guide to 21st Century Sex,/9NSX2YrFGBIih0XqRedsSbDVx4U.jpg
156572,Queer Eye Germany,/o70wsY15ijyX46SO2eqkcpOaTzQ.jpg
63763,The Fourth Man,/953KngyaU5T4QeN3JDK9KW3gTvG.jpg
16142,Drug Wars: The Camarena Story,/lEz2VfChO8jLM4Q5qbonGfkVlvr.jpg
212284,Mr. Midnight: Bacha na příšery,/88Qguo88OKruv5REalqQAyf0jLS.jpg
81676,Bite Club,/m9zwMmiuyPh8FDev2HMSho2UNN0.jpg
65918,Maniac,/4gxNQMT9n8osEg4qgzlGgJ6JMYv.jpg
123594,I Heart Arlo,/ecaxpn3pIxM0PtKr6ltSblO2Gel.jpg
42549,Buster Keaton: A Hard Act to Follow,/sKlU5jCHKhP8v3wk7VjbLOXrFef.jpg
67158,One Against All,/3o7f2Xjwl5hcoiioR9eGdD9ezHt.jpg
72598,In Tandem,/uZHWUCj6S1icettvA5FsZbrZXTF.jpg
71747,Visible Man,/xHHeLEPk0cFA8HrvBsMVROGsl1s.jpg
136440,Why Try to Change Me Now,/7tMzfCvDBaTuDKOABJXmufZuOsp.jpg
34081,Daphne in the Brilliant Blue,/8eNTpBzy1O966pdZAaYy9Dd0b3A.jpg
105917,The Prague Mysteries,/f2EVdMTaUQhRshsolIW1Yoxc1WK.jpg
40314,Lingerie,/q0lkb8MpNS3TteR5sFVii0AQoC4.jpg
73732,El incidente,/f9tasepZiCMO5sdFB7SFTut9Sif.jpg
60908,North Woods Law,/kS93EaTX8ZTjdS2ZrarYvNbRG21.jpg
76402,Jodi Arias: An American Murder Mystery,/8i334ZkO6xLc8zLxGDYxjD3piMI.jpg
74000,20th Century Boy and Girl,/4Wdz7OvRycgYbd9EHFYdVTcBNJ1.jpg
121840,Visual Prison,/bMqLjdYSbfQVooNjcbavzNLiA32.jpg
45438,Psychic Detective Yakumo,/ac3ww6R0OKwEUMwoHQumdrM9GD.jpg
63765,Dream Knight,/4IvmJk7ttjtpbL13dglbe24Npbk.jpg
31422,Tokyo Dogs,/6jtbyREMlGorAYuUCc7KejuXFu6.jpg
68443,The Half Brother,/mKuJTLVJLZxOnjncCecmeEG4igy.jpg
70058,Motu Patlu,/nXKXaGE0SkjvhnbFKc0dUWh1uwo.jpg
75380,Tô de Graça,/mam7g55fsHIaPVjkXzaKpBq8Lps.jpg
40367,Putous,/30QOu0uDfkdRLzMpIwgSduaTXAk.jpg
5675,Panorama,/iIJ7magQx7z1rtkr3HotrBD2JK7.jpg
86570,Vernon Subutex,/hlonNuIues14pAoLXliH5TNahxF.jpg
374,Kids Incorporated,/oHxnhSAvPC2tXA83Z3i3FaS9Ztl.jpg
64827,Schulz & Böhmermann,/lZYH2nAMIErFITI7MTMWsSyHutW.jpg
83151,How Far Is Tattoo Far?,/lr0YnDDJoqNKvRLwPfkd98zLMxz.jpg
130438,Salon Zahra,/fhBGFKcHdWzalbsPsJp1teLaPwi.jpg
65382,Girl Meets Bear,/dcvMJHvPlQJOzP5jW57RxkVa85b.jpg
38486,Maison close,/3cVBJ4lrAiVJp6Lwuvzapc4Uzqh.jpg
8361,O Cravo e a Rosa,/kMNNvkzoLIk8NjIegwq7mNI721O.jpg
88597,Ultraman Taiga,/nJTT3rKPkbgNmPF7nRVaZlDFYiW.jpg
2087,The Hilarious House of Frightenstein,/zEHn9O4vqa2D6Y9xF1FxsoGcDiU.jpg
155019,If My Wife Becomes an Elementary School Student,/sCTZVrsjslUzNIHHFdK3oKkb4Bh.jpg
87980,"Special Labor Inspector, Mr. Jo",/eJlY74yXM2jYUzF5OzoK7upyPia.jpg
199966,Pokémon: Hisuian Snow,/oZPZWOTwNBkPLupIAA4JXDLFGH4.jpg
97425,Kyojo,/3TKkFQ3xG4bnSFDsBOnLdZI6iHs.jpg
224482,Thalia's Mixtape: El Soundtrack de Mi Vida,/pUiyEwFFCPwKYRXSo85oYDcqUv1.jpg
156744,The Autumn Ballad,/umXXyzaVgdN7oOqb2u5EMWUckrE.jpg
34034,C/o Segemyhr,/hTCLXxg0slj9DPYz9gku17S2V5e.jpg
73976,1986,/di4Hkcv3d7eXv0kLvMsJtscbmDT.jpg
146408,Midnight Series: Moonlight Chicken,/yeHpjQvq881PhmeNgyMHwcf1ZfJ.jpg
63733,El Hipnotizador,/x2qHssX9qSKupgoJFYP45epfcVg.jpg
24856,Jinki: Extend,/pVvG79hkZp11aLgzoK5SRhv28Gx.jpg
33836,Spirited,/ei6RQ7aF1jnsxBwCXW7Rn9EOnz5.jpg
79650,Al Waseya,/omCMPmi0EWKXYCjnhmrEu98vLl5.jpg
351,Scare Tactics,/kSdvAst4xBCf0GICYwOSjTFnE2G.jpg
71711,Ask the Doctor,/oc3RsoTTCX21WRylbCy2RA59sJj.jpg
46415,A Moody Christmas,/lSWNWUX1LTKittrghwTer4Q7nvn.jpg
10327,Paw Paws,/jsBOeA8UDCCQVnHR3xvAqbzaumx.jpg
13831,Gemini Man,/2wbtpayQg5kBN4CSUElheyJNqG4.jpg
63439,Оттепель,/420xfcnNdNxwCWsAtie8kcmL7z8.jpg
62513,Vampire Holmes,/mL7ydYZ746gCnvNy7qwUthwD6lA.jpg
122543,Al Maddah,/qlVgLDGVrzFJGJdNPgKKhtXUguZ.jpg
34075,Yes! Precure 5,/3EjiOPSPgerqYsztu1trhfS8zkX.jpg
13887,Lawman,/18XzHfhbRKw9Cl8cKH7WkV9yjYr.jpg
81683,Hang Ups,/swg4qZfaBcJA8cz3EYAFGfcmJRv.jpg
63453,Garo: The Animation,/cl9x83myIZtDSqHPu4WMekKt7E0.jpg
11737,Tarzán,/8SkdODSGOfK8awjyLi7VAilctB.jpg
67405,Psi,/2n42HZJSb1WlgxmP9eh5NECJKAw.jpg
66601,Rundfunk,/b79mvfOSs00e4lUD04Wo14gSu5r.jpg
92968,The Devil You Know,/nMkpuqhRzwnmaBOpnwqCOSLAYRk.jpg
135753,Love Twist,/5bTF522eYn6g6r7aYqFpTZzmQq6.jpg
1746,Chewin' the Fat,/lyCrQCda5j5S74JNr7aQhaNdk4a.jpg
118098,Aftertaste,/tyOBE1Nml2M7uTe1f9vrMzopGSq.jpg
66246,Nine Songs of the Moving Heavens,/lV4Z5zBBV8MbmWTiwi0mWcHzmB9.jpg
225864,A+,/xmAgNsU3SwIfGpWK6jgS8iUa9ez.jpg
2167,All Saints,/cuKUm2nweOCpb1pl2k8k0THTBvn.jpg
107128,Darcey & Stacey,/pZBbcY3cxuChpGzaDxEta0lnCz8.jpg
65165,Shark,/gsP6XfyRu0b3RqxN3rt09Yc9S74.jpg
39485,Malviviendo,/4B3P4mTndyelLkSjP8KllnBwL0e.jpg
208130,Indian Predator: The Diary of a Serial Killer,/nyNiNEKjmfibb4JIuoeR17boMKh.jpg
3961,The Parent 'Hood,/dkH9fYvX1IYbHV3FFmjrCG6DhVl.jpg
89865,Hostages,/s4bv1qeIzqsI5YlnZm2WG3fPb45.jpg
30987,Rideback,/lItn1Po9T7RDgdKUaaPjTyQrssz.jpg
61563,The McCarthys,/wOXQ2DrJkQ48PMjuPOrR5LmqMYU.jpg
64457,Válótársak,/nLEUofHvPMvXKYcDvOCXEZGvCvv.jpg
133280,The Rope,/yVGpBeSbBlFZI0mvG7EhkvqafWN.jpg
135349,Once We Get Married,/pnmp5NOErypJwJYJXTzYQ3EwsR9.jpg
68481,The Paper,/eyru2nxuFwJQ2ZJDJfRFIqbX4Uw.jpg
65179,The Tower,/4FhqLRjxuDaNmA1OR48BsWFRAim.jpg
67152,The Coroner: I Speak for the Dead,/kbclF3onOb89YWTs1IrEzliTFHa.jpg
81403,Crimson Wedding,/6OQsW73VZJpfnVGPi5d2pK9Ndq3.jpg
15536,Hamish Macbeth,/aWE5yWTvk0nGFM2j0m92jFVHbeT.jpg
206817,Demons & Saviors,/xDSyBlftELmo0OTDUSPZM7iB9gc.jpg
102355,ARASHI's Diary -Voyage-,/wL1WdWUgRVnK3dkMK5kYYRiyLvX.jpg
117505,The Cops,/ym3mYLG814pvEWcPk2qtWsRwL03.jpg
51710,SheZow,/qENmcDddeM0zBugr20oeGVUQ6E0.jpg
81990,Genius of the Ancient World,/zyFXHBOh1Rz2ObeNU3rnUt3p7xF.jpg
10289,Free Willy,/vierk56JaFusGYIOV4b0nY0DWKE.jpg
31106,The Jeff Dunham Show,/oU5ILFxospPuLA69Xa71El3XvyI.jpg
67691,Alex Hugo,/3MdnyrdYJkLPcJNDize2rN1k3bt.jpg
72030,Philosophy: A Guide to Happiness,/bJL6AbfuJ7R4u2u4waU8ftZLW22.jpg
132123,Angels of Death,/7QxkJNK2CWDELPpC0zZssQ9iOI0.jpg
90837,This Is Football,/1ZMdAee5nXzUA7pyoYgJajG8Uus.jpg
74706,Rikuoh,/znXprDt7zOuZnMd1XUvOtw0fqd6.jpg
220878,The Collapse,/hlycAIvRRKTf9Rtv28SjoWMhASn.jpg
61530,Inugami-san and Nekoyama-san,/xEGAqvlfJwkkrp7KHR01P6nzWs4.jpg
48245,"Wait, My Youth",/nHTkLZwDMggUwAPzIeGOW61BDpY.jpg
111980,The Trusted,/wjTGwV0JZ0x6S6NRpjMqRENq32l.jpg
40361,Majisuka Academy,/6y8A1dkY6lJ2safmUIB71H0urpN.jpg
34485,El intermedio,/lFfFs8HejMRhH9pc6sF9LmGAA0D.jpg
9799,Project Greenlight,/btfaO49QyHr2v73A0c7WpTfGxpD.jpg
65968,Strategist KANBE,/xwxzd2BoIwFR0xApuQOcTnKgraX.jpg
67144,Yunus Emre,/l2kTvitWN7tnpZGf4vb5MxK4TGf.jpg
91913,Flip It Like Disick,/hR3q96lRlRlnwsAbPIIyQYE5pEI.jpg
35184,Windy Tales,/67BALqq9CEg0WDVsXjw1nTnItqd.jpg
199925,Master of My Own,/hDBEgk9s9EvHcpTaYlR6XlRQfL5.jpg
64466,Sweet Life,/rXWuERyuRZ3F4CUFSOC5Dy7vXvG.jpg
74532,Deadline: Crime with Tamron Hall,/c8XD9I26J0DgSHRqCGQBAh2LNMj.jpg
31120,Brilliant Legacy,/9J2Hft0EcAp6woba5rPk3FzNQyA.jpg
2159,GoGo Sentai Boukenger,/lRck72WaFFbKnG6npT3froaXCze.jpg
90022,Before We Get Married,/A4cQRAPe8bDxYtceAoVF7DuQtG4.jpg
9768,Nanny and the Professor,/26x0NqVPCfw7QvHtwsyaBHcnUjG.jpg
111487,O Teatro das Tesouras,/SIJ2LAae2JlFrfzH3BxkLmLS3H.jpg
136137,The Larkins,/iiGbAeGUVizwCV1O2tVajRNOk0H.jpg
114105,All the Same… or Not,/hNsUg6ZTmcHy2hHauoASBWhdDTi.jpg
34234,Look: The Series,/QrVB9kMvHIGzhTCST2ihc80fYr.jpg
43165,Fem myror är fler än fyra elefanter,/3MRZxkRTXrVYvcmuUqa5nEDi42b.jpg
45380,Christmas on Vesterbro,/au9TrruTJNi7k4bus2hHOsGUigT.jpg
64499,Precious Pearl,/2G45HFPHyGkLSxSNdMY2JQ6AuwD.jpg
67633,Betrayed,/9ljycPK8LFfiviJ1b0yBOQeebrg.jpg
78012,Civilisations,/7uXq3GvET6FGToIfJ4iqnPTxNS0.jpg
78464,DOREIKU The Animation,/q4J6PuFOEqUvPsvvCYrW3KkDWiF.jpg
41407,The After-Dinner Mysteries,/7XbSsNrVNkHJiUWBCn9Rp2PlkB9.jpg
3537,Quatermass,/qUTfw6EgWfwctAULgLF9C5Q47eS.jpg
5985,19 Kids and Counting,/2lH5OyY3v5nvRbPm8Z1bifgJQkP.jpg
6336,Dimensional Warrior Spielban,/4K6uJikDiNMAcCkiw0FRbybcZjO.jpg
19457,India's Got Talent,/1RTJJ4WfVf3pjTV2LVDAQcelPhE.jpg
94490,Love Me,/oklEEbpd6uKshdpk4aWO9SnGziH.jpg
7077,The Millionaire Matchmaker,/e4DdbdgK4KXEUB1MJlOfzMsywyH.jpg
69754,Şubat,/2cuwkLv2lfR6SAtYAUyuzORwGtF.jpg
31794,Master of Study,/jcuMbR8X2AbKNPne0HYGCrxqlBj.jpg
65177,Haruchika – Haruta & Chika,/8J9yrbDdqJJkIpsjhGXHsrkA4Il.jpg
105359,Pop Out Boy!,/aM4KGfNQ2Qxh5TQVzqtsxLSxOlP.jpg
68165,Miss Bernard Said.,/e885TPsX1PnvDNK5WMTlnPiGc7D.jpg
46307,The Taste,/frptYNOuELkkDWiqWQk7wbbUj5m.jpg
61537,Amber,/tM3BZW3tlqEmvZLJUpHbdpXvsXX.jpg
82132,Pistorius,/x1low6vu0n8jFlN5ggbmVTDlUoe.jpg
12473,"Soldier of Fortune, Inc.",/dUWCq5XOqhW4tJicvlxygCNnNVE.jpg
136638,Richard Hammond's Workshop,/pArxM1WhhPECMk9ITZdt5AvE4DK.jpg
61330,Sheriff Callie's Wild West,/zKoVuDIkhFVjbhoGAi7vxUgrKRz.jpg
5319,100 Höjdare,/r8uo24zLWST9rPN9hMhFvOleRtH.jpg
97276,Under the Power,/s6gEzhGBG4MiWRbEOqHJzh6XG6X.jpg
831,Loose Women,/y8RhwJbOLKt2TwW1dowqc5ve4KV.jpg
287,Murder in Mind,/5jtM3EIETfDTcdmQoctO24vvrVK.jpg
83745,Louis Theroux: Altered States,/6jBilmINMyRwK3z2QeGwDg978Gp.jpg
82157,First and Last,/tSFZF9hVs8jQDU2qGie999HELxS.jpg
82111,Clash of Futures (1918-1939),/oIEC5GbJwECCl8CPVZhYekxTR40.jpg
218634,Fandorin. Azazello,/9YRuFvIFFsdWh5K2rJGKX4K1ebp.jpg
67694,Mossad 101,/rNkkRqBL6bFtuq9Mqwy6bKKA1MS.jpg
218663,India: The Modi Question,/gqHJ4MHUqNPFxpyzOb33j1gQdUA.jpg
19416,Iryu: Team Medical Dragon,/pQdq1j2qu26C83g5fE8bTnNlSHU.jpg
886,Pope John Paul II,/psHJokG1pe7C23BvNsUF8j7REl4.jpg
225178,The Love You Give Me,/6kKF4Jrs2BcppSh0BAoXxAYn02V.jpg
74540,Pirate Family,/7izYBNMra45JSWZ9ctNmiX6JKZx.jpg
5322,Chalupáři,/lW1krP8VxadD9r9AJp2ZPjO2LFA.jpg
78476,Major 2nd,/9UmoNij31C7zlC3hiF5UJ4DDD9C.jpg
3535,What About Brian,/hPFkV9pGB1oNlN8iEahlQnnj8AQ.jpg
212060,Buying Beverly Hills,/9UHZWAAguOtljPCLn3rYVqqm4AK.jpg
80024,Secret Queen Makers,/kxFfNulympPeTlqdSa8SzEQjgPR.jpg
58276,The Last Weekend,/jk9eCYglUIU2BeyfczyYD4Te7ad.jpg
841,Newsnight,/yU9FJP06oWX2oMTJvpCCdZVRijn.jpg
223,Being Ian,/ve16Upv0vQ8kAPMCscGDC859Cor.jpg
83463,A Portrait of Jianghu : Bad Guys,/4Vnp46uAU2ls0PVzh5z4sf3j5Yt.jpg
218613,TenPuru: No One Can Live on Loneliness,/3zGVf8svzcsFD4MyWpPfUcXYRVK.jpg
90819,Love and Destiny,/uv2ol889LlaAuTy3md8ThLEy6Nq.jpg
875,Guiding Light,/uRJntFgQJuHLJDvRHDsHBcsxE7q.jpg
81966,Who Killed Daigoro Tokuyama?,/xpPoEyFrcjGnSXvB0FnvcNVKTCf.jpg
154889,Our Blooming Youth,/c7ieoy1x3BO3STjPJe2AXDSRDxO.jpg
80490,Double Dare,/ac2mlG9B9Fq0jcBeVooo4u1qkKn.jpg
67607,Ex on the Beach: Double Dutch,/iqZkxIGtilXOkj13wG6c8vwB1hk.jpg
93319,Monster Strike The Animation,/r5Nx9gLn6VcXHNUPqLgM7Wa3Kk2.jpg
195747,Green Mothers' Club,/1khpDFmRfKtBUJ2VMgJsKBf64PU.jpg
119985,Biography: WWE Legends,/bVc6bYz7hLPNNdpuqlU7CEmJ2Dh.jpg
66219,The Daltons,/nKSD0Qg8EejWzhiqBoXBodPwYnL.jpg
197081,Delivery Man,/xX91zTytXcS6ugFe1WcXsSe5uFH.jpg
128184,Hometown,/on01rDIOO7uV4wyaOEf8nktma40.jpg
84155,The Sound of Your Heart: Reboot,/dhTwOmHvwa3vgM6FiSVYmWtcnkh.jpg
3727,"Car 54, Where Are You?",/fAkca6kBgiP0wgUCx3WAIj4tge4.jpg
94653,The King Commands,/za6GkyaB5TJSMuIU2CczN17IfaP.jpg
2146,Good Luck!!,/dZtbggJpUtSoVSPamskkksKYW7q.jpg
6361,Ned's Newt,/5YeBFL4MMHeRaHH1rs0P2nOl5JT.jpg
2874,"Mike Hammer, Private Eye",/pMlBPiwkiON9enb67cl7KIYHWP0.jpg
226404,Tex Mex Motors,/oU33mgBUx0os3tLNc4RpEZa1hb2.jpg
209055,Side Story of Fox Volant,/gCcTrBYAQPhFe2zBatpq46oavyV.jpg
77631,The Great Pottery Throw Down,/89RRcMbTgELBRmFCD1B9n4wPv39.jpg
2891,What Not to Wear,/7LRJOQjPROikFNQeIo8bPdZJShc.jpg
5393,Everest: Beyond the Limit,/xQRJbCN73bCiHE2owhwJ6ggjHQ1.jpg
58559,Inside West Coast Customs,/w3FfkAg6WIFUksBh3iUUxHOAtwA.jpg
74216,Ryan Hansen Solves Crimes on Television,/iG94QaTWoOyfenPA5phld2SIVnF.jpg
40803,Donna Leon,/wo90j6wfbppccNIIKPFtcTdJD8n.jpg
111592,Hemingway,/2eSfQxylM9EmgaRatBUOHsJXz5I.jpg
64775,Conta-me Como Foi,/KjkvIfw4yItwicFgtQczGa8qSX.jpg
137031,Alibi,/8K6vEcm0sol6ljAgF8Heqqz1O3j.jpg
94615,Catch The Ghost,/7CbhB19d9PlcxAW8YRzKSDBK1RG.jpg
15604,Remember Darling,/n4Q7Ki1I4i8hBvo7XrS8zXkvik7.jpg
43117,Teen Choice Awards,/3q900BNcKbe3GHga4RVxSnoiqP4.jpg
69877,Madiba,/3XjnemYS6clej8VFZrxvrEqOX8Y.jpg
3560,The Adventures of Blinky Bill,/zYtRLOo218EegHh2loeJ70jql6J.jpg
80461,Music Girls,/q8TmLDjJfWThF7zQDegIRHR6dd9.jpg
195684,Have You Seen This Man?,/4LIaDZ1FJmucUoujoju6kJTXhpj.jpg
103568,"Isekai Izakaya ""Nobu""",/qNg6vQtqUQQkoWDA0DalUXCkzuO.jpg
71654,Beat Shazam,/3aflBskmgI3GghbTK85mtezTONh.jpg
42456,Navarro,/g8RNyYCCcFTciIZM4FVNPPnFqB0.jpg
15670,Nero Wolfe,/9L3ewuLcU8sdl7eM7ZJKoGRzUxf.jpg
16287,Ring: The Final Chapter,/1eZwWOVrMJs0eEkwAt26Xuen23Z.jpg
210580,Nothing But You,/qdT8Pn6e4IogDI6LK1ymjVoeJ0c.jpg
212055,Plan B,/mYISrQUGIONcfoP3FmY6YE4Ocvx.jpg
125506,Below Deck Down Under,/pl9YEHcQsuOBOXAXagSHGHWiJxJ.jpg
154522,Dr. Park’s Clinic,/s1uWuY8gEpKhE2rIfQttS4KNwAm.jpg
16257,Reggie Perrin,/e27k16NUzeGrmRX0baQ26wCSM1C.jpg
66211,To Be Continued,/mVeiZaw8bd7om7rSh6NP2xydHN6.jpg
83518,High Kick Through The Roof,/p27YL1Ubuc9Y31Q4rGgFvYhymel.jpg
62414,The Delivery Man,/ybEITxSv4UBAQN1LnsCbI6a3sPK.jpg
74222,Kulipari: An Army of Frogs,/oTPcUD1Dy8G7egsfJQGxGMZc9ek.jpg
81006,Jimmy: The True Story of a True Idiot,/gH1dmpZAUGA3bVl5OSTflxVv5e5.jpg
154571,Life Is Life,/lOZb1BP3lD3jZw1mZVO7chDvsGy.jpg
819,Live at the Apollo,/appxadtQPcp1lDda7LFAJKQU8PP.jpg
45186,The Knight in the Area,/uIclZ7srQb4bi7WOb4ZKGXWd3VP.jpg
89387,44 Cats,/eklKxKtXtyw4Di8HfYmaoFz7wrY.jpg
215069,The Confession,/xeK3jIUctittNCYdYmJCAAlr3TV.jpg
126723,My Dear Guardian,/pokhvXqTYbC824ExXJ4LaUhMChw.jpg
195635,My Family,/xqj6fnrMlfiMjlq21JZ0muYLF3t.jpg
62058,Booze Traveler,/6AKpxs5xTDkrmYVzFCpoGfWn6QB.jpg
69831,Too Young to Die,/6ZAfhPqskI732X7ilBzcBwu82qg.jpg
77276,Phantom India,/yft1jrjXtuYyKPss0NGvsfEZRsf.jpg
101948,Quarantine Diaries,/3KLBaj9Jz05jbS2NMm9U1sB0qUt.jpg
66067,Still the King,/5H8JZtGLlAjGpIG2sp14kluzEEm.jpg
35871,Magical Princess Minky Momo,/hmd5k7CIvAwoDaKdx82Y4qe3YGx.jpg
66061,Lopez,/glTy9mlo0a448ORYfyZAvr7fY8I.jpg
81465,Bloody Romance,/2wjeTo5bEEDKMe0Y0ixGMee6q4c.jpg
10029,Great Performances,/1RD6s6KEbX36Cb99pAoWmU8gkwh.jpg
77260,Makai Ōji: Devils and Realist,/1mayvfdEDk3aedSBA0wGPTl2XBs.jpg
62153,Dark World: Equilibrium,/dTavvip9mFyTrwgfCea8OaWjjER.jpg
71404,Q10,/nOaZ51u8qX6UKQESUvBma00dPHd.jpg
117125,Crime is her game,/yDUF3TahjxAxsGfIpB72mnPRgIp.jpg
3237,The Ellen Show,/iGzaGZYzSaEWGdkaan5N4MxYzy3.jpg
213328,Riding in Darkness,/nizCnWr4qy7oWS5xeMr3fx3FfPf.jpg
16210,The Atlanta Child Murders,/5lH0Jcil77pw8HzIl6N16aXbpa8.jpg
61187,Sequestered,/jc7PG1JUnzsqcQIpKHq3iGLMya0.jpg
3232,Fury,/zevaClItrM7FrNcypkYDkjjwgsc.jpg
10009,The New Adventures of Mighty Mouse and Heckle & Jeckle,/n9NCnip4czTHNjc6e7iVHeeaGiC.jpg
89377,Love Daily,/klKEx4WJMIjmKMEfgh7xEV3l4rt.jpg
77271,BG: Personal Bodyguard,/va21D8IVfXQbEWGcuVG4Ea9MeMe.jpg
2997,Between the Lines,/hGWVJMXV6T7lMDfPG8K7TX793uQ.jpg
55323,Halloween Wars,/wU1IWy50MwdjA035IUZJdLiZIKk.jpg
124968,Hollington Drive,/hoaJeWDCce0thphOsqpQXQdzADu.jpg
84181,The Casketeers,/qzjvnk41AUWHfnQykzsFRK4EWP1.jpg
45954,C³ Cube x Cursed x Curious,/4ZMgQIGdVrs0jSFt6NKsGHBFXer.jpg
35417,Bon Voyage,/tgqauilAUocexUKPBGc05C52pBd.jpg
74021,Andante,/mK66xCbXpr00W7l5ifBfRdRN4fw.jpg
10094,Julia,/hf9pQ311qdpg6uPz2cQt5pscCtm.jpg
69880,My Big Fat Fabulous Life,/xuM2Cox4WtAe8uny6i1XUxFxG7r.jpg
3255,Man Stroke Woman,/o5VcgwsIYOr4V0eUVjBHU7wJoyi.jpg
72453,Alex,/oRvNAiBFAYs1IPhoiGZqVpTCpLY.jpg
224333,Tooth Pari: When Love Bites,/aZIV0NIwDoa0vIfBW29zsmPderU.jpg
62925,The Time We Were Not in Love,/kcmzZ5MI0f4NGaYOcHfHBQaIlio.jpg
69818,Raid,/sMAKUjgzf5WAMyfvfRuoivIyoVI.jpg
86743,Bad Mothers,/vS28RACtizHhOlKXiouy7BRxs2R.jpg
74381,Pingu in the City,/8I402IFZiiYVUkgm70BxitzJMPg.jpg
74395,Ink Master: Angels,/hFZYLp5MZvvh24AxaAXFEuqDJBJ.jpg
204148,Saint Cecilia and Pastor Lawrence,/3OUks11zb8p8tFu9U8q3bReYunQ.jpg
94600,Kurzgesagt - In a Nutshell,/bQdIukzg4SLHExMyU5GjTnUacWg.jpg
19384,Comeback,/jBhF1ZoMDb4EPYgFmgRQY7CY9yP.jpg
17640,Kate Garraway's Life Stories,/hUJkFuea7tzRAsFaX3qHZ5A5EHx.jpg
15307,The Hanna-Barbera New Cartoon Series,/3YWSeOz9GQbbDaKKn8nyZhhkKqh.jpg
45789,Sturm der Liebe,/9oZjOh3Va3FsiLGouhSogFsBX9G.jpg
24722,Grenadier: The Beautiful Warrior,/jueGj7UiAeroFdPiRxchSLl7Sel.jpg
136011,Buried,/r4zWr0nu96hZtMfqrXfvkCwBIWA.jpg
65602,Love Lab,/iDGK0HJl9dmCb80mQwidKhUiy4r.jpg
93822,A Destructive God Sits Next to Me,/A0ChBtZltGBkUWgzoCJzknwGFcw.jpg
21788,Peacemaker,/5zOrmT7rDoeFWNNKOG6dErCXGbR.jpg
70580,The Perfect Match,/9inJGobSMayaIkVFUGKPV2Knujf.jpg
82949,Dancing Queen,/lHADimjTu8I7A57hW3wAUWzOcUq.jpg
21998,Loveless,/lrA0DhpjyjnXqIIEjv3moPAaGBF.jpg
71989,The F Word,/skWtbfPT79vzmZiCp399HgLqG24.jpg
99852,Ⅵ Group of Fatal Case,/qpGLujUYjAmiIcKp8TzLbNQ8uGA.jpg
94198,I Polykatoikia,/5AGEvSbvsZoAuNasm7PE8EYzpyP.jpg
135546,The Mating Game,/5gWrmRXHD2duGcp9uvpwLaDSoJA.jpg
218184,The Exchange,/imNAWAuRJoj6kquvx9VTgLnpIAK.jpg
6767,The Chris Rock Show,/17ElimZWIUypXV1hcGaXQJQuDBe.jpg
65680,Not Safe with Nikki Glaser,/9yFBKegu06yXUc1lRYiCS2Eo6f4.jpg
77042,Ai the Video Girl,/3exMyvVKEtg2NJ5JLxL2QqAk3q3.jpg
14749,Damo,/8IeCGRnRqwIOh3iAwJDx3lxAE4Y.jpg
21651,The Little Couple,/kV9utGk5Wj4QXgLyALrvjEeW92e.jpg
21607,Michael McIntyre's Comedy Roadshow,/ySyZFAeckKHJre6CfRByYyw5Op9.jpg
2749,Fresh Fields,/yOdUjEw2kih4IAeB2GnGC1QLr4R.jpg
61465,Persona 4 The Golden Animation,/bLXHhl520rvw4uIJXAfZW7KQZ5U.jpg
49527,The Rose and the Thorn,/fEDcnROWnMQw7pwhrYbgpHt1Jni.jpg
74057,Rangrasiya,/6DbZEbcaJcBYBeUiZVJWy4N7yYZ.jpg
5154,George of the Jungle,/1kofQBKSoHII65Z0ZX4oCdERxXy.jpg
3782,Naked City,/56pxzIXS9dEwtUHsQc4ggDMkSX2.jpg
2554,Asylum,/yHjSbpAGSEwLlWxw7IJWLYQUKLC.jpg
61446,Devil's Playground,/j6GLpRajqv3h3hrFRYVfC3nlulw.jpg
71980,Black Leather Notebook,/k52HFBVsG2ypB2yLRjSFDXk0svM.jpg
29602,Major,/qCj69DWUD7T68Fx6cO02CbDMCb7.jpg
101174,The Magician on the Skywalk,/bCpfH5sk6ibAGGutHnDXbp2gpCW.jpg
58950,Everest,/6Nvz7K0QscrOTXzKF2fmo2Y7iEK.jpg
123473,The Game Caterers,/wkF2M0ApsqscicSzsMZglxNBL2S.jpg
20696,Dennou Keisatsu Cybercop,/75vTJI945GYjRrIGz3sdqkfvFRo.jpg
82464,Bad Papa,/rWKec54hDGiDjtQh1savtkwrhcj.jpg
147056,Grand Crew,/qoMva4fTAPsYZOUL3NVSzDfX3vn.jpg
156658,Queer Eye: Brazil,/8kOyOvnXvKLgFAqbajIZplAEAQ0.jpg
64143,Falcón,/h2SX6Ggl9V4gUjH0kBjzWhZFjcM.jpg
6558,Engineering an Empire,/8NLurUWsv3nRTbhPFPPV3aD2GtV.jpg
225462,Working: What We Do All Day,/2Zsi0hWQ6SByrKjLyuD7OcjOawI.jpg
77550,Love Island: Hot Flirts & True Love,/pikK9vQBS5Lt9ttxmYPaQ1KMVxA.jpg
114351,Silent Road,/vic8K36dOBgGYF5wAybzdDWowIJ.jpg
70476,Kamen Sentai Gorider,/aMKiivHDEmE7V3WNt946ojxKnY.jpg
207512,Buy My House,/kryuwD1GCRiuoZrIVkQlhLZRTGt.jpg
3745,Teacher's Pet,/8IOx9VFLgSkrAmHInca6LZ1dCeR.jpg
21618,Tales of Little Women,/8xfhCHNuZ7EvszXOW4kmecqsx6B.jpg
197073,Love Is for Suckers,/hpxsdQ50CBnJ1j7KbCWEDBefTQV.jpg
216304,The Director Who Buys Me Dinner,/q4tBMYMati023gJvp9vNAM5bL7N.jpg
78580,Signal,/fOAmurFpDm6ujSBfdDgMVo4oJJK.jpg
129127,Luoyang,/gvDUgJM9Jjjufa5FPJEPyffKYRD.jpg
153337,Reign of the Seven Spellblades,/kqjLHtt539Sm6aasMvlJ7tuBr4i.jpg
46227,World War Blue,/knCtPd5fwgq2wAXm3YWqxW8xqLZ.jpg
32296,Voltron Force,/pOQ5bfYIEm9Po0KYksPBhVt5tHe.jpg
157199,Secrets of the Elephants,/3G705ioU7JUPl4EH3MUdb4RxtIy.jpg
129117,One and Only,/jyc9HDQDmJC4PthBUdw95XJJog9.jpg
137928,Lucky,/hkVpXSleGCFm8Q2TKKTZl4AdMdx.jpg
71955,Your Home Is My Business,/dTB0SjDdK2Sd4wzibr2IXweJplj.jpg
14,Shuriken School,/khXHvYKAvGqjtnKoLVYZr8r5yKD.jpg
78835,Speakerine,/vyXiCkNUEREdIFNIzVdoVUuL9r4.jpg
31208,School of Comedy,/z1ZUzYFU3m6v6Cm0aOTBBbrlBpj.jpg
121954,Zaketa na Pareis,/24JY3Plgx1Ab2O8iyOftMbaFkWV.jpg
63983,Public Prosecutor,/qvfnqXjXQE62JDz8mIvwfPVywN6.jpg
5224,Chouriki Sentai Ohranger,/sENIuEmoVNDYIDkeQf4DS7q6YEr.jpg
86333,The Hunter,/mwaiqELY7Yp2aOzh0db3iStDGuw.jpg
73541,Rusty Rivets,/c2yzJGmOMN0eIsowImAb7LuAOQ7.jpg
89742,Library War,/d9CXYp5s5nJMlHF03bJlQlhkvxb.jpg
68368,Mighty Magiswords,/vjQFgKpE7o5URaSAPyvEGzTYKOo.jpg
91821,Murder in the Bayou,/kxyvxtTWKijBqd5mKBd56DdtLD4.jpg
10779,Action Pack,/uuDysbuWHcg2Xt5a0JsqAxeGH1X.jpg
204444,Miracle,/pfD2CbiXQlqPw1kdCTU441QVCJQ.jpg
94045,Dragons: Rescue Riders,/gk588hozezLty9l2CLGO2JE9b8w.jpg
56150,Terminator Salvation: The Machinima Series,/aTbIG6O4DzspJ6srbh87Q4KN6yL.jpg
99091,"Gulag, the Story",/y450jryd3qrfmCM7aDxvLPzUOCB.jpg
61830,The King's Face,/AgtH6WjKeELPr6VIskv10al0usz.jpg
73047,Flight of the Storks,/cq3oQp1Y1IV8mXFuOWHMR2tUvrL.jpg
70525,What Happens to My Family?,/lgIFzPOTRVcTPwfx7HvpuPpDTJM.jpg
40243,Lightning Point,/kZ383ry46DgZ7k06gUmSmJm3sxV.jpg
78868,Star Falls,/jMytrQ5xhpKGAUWHfUcfS8kQSnf.jpg
69997,The Quad,/7jtSWAB9hr3Dw6GRlADNh93WHYv.jpg
31380,Steven Seagal: Lawman,/b81Vl3oQCiTR5ouB7WXIuo4nCNO.jpg
2579,"Frankenstein, Jr. and The Impossibles",/vjlAE8mRwEIpgCC5i6PH1YASQQT.jpg
17037,Unsolved Cases,/fZ33431VzskHJcaWZgeVZvVCLU8.jpg
61435,Merman in My Tub,/4GJMMggNvXi2UbuZCvnkQ3w9jFi.jpg
45211,Tari Tari,/dau5vGAnQVYNHsYnCVSWeUxw6Oe.jpg
90913,The Pioneer,/lz4y5GCBmxMwiZUHvodQfiD1yqJ.jpg
95623,Yuru Camp△,/5wJK1IMsWtWl1zyx7Uy4lg7rbNL.jpg
21676,The Wendy Williams Show,/c57IMqWGHMyu8Q9fSdzIwpmH5np.jpg
25797,Mobile Suit V Gundam,/ngJKlvmwnrS6KxYZPwwPRktvPBL.jpg
119787,Tropical-Rouge! Precure,/9zKvka0tA2a9IHm1NuTXpy9QXPi.jpg
31289,The Fugitive,/bN8eKsFIuMCURJnP0fzbS7Znwks.jpg
77543,Street Outlaws: No Prep Kings,/mvOmQOckxJJ6OrKRl82l4HOL3ub.jpg
40665,Anna,/okcSITz2HCUdO9GUfKamNFtv8xy.jpg
63224,The Outcast,/kWfRfmctS33pbuP1cjhL70XVVxO.jpg
61640,X-Ray and Vav,/yb9nzk34DBw3LmvFDYrkvqq4pNr.jpg
210026,Stupid Wife,/v3JT5euoYrdGU08UCpyp7FNxGUI.jpg
95559,Natsunagu!,/oit7fDhDcMArQ8BdFhmtiNCGmQa.jpg
106081,A World of Calm,/mAHwKoRDxL0ZeNdTIBBrzbVYcaA.jpg
65043,The Last Alaskans,/iY7oyaLFw5LrT2wvi6vcT9df9Mo.jpg
70504,Hitler's bodyguard,/smbJpurmpeIE8ZPqMMEPO96Upac.jpg
5115,"Les Bougon, c'est aussi ça la vie !",/nFeNnFaeHd6GOcm81nolyY6N53x.jpg
65206,Spirit Blade Mountain,/moQ6vnO8QEd9wSmQuj1Uf8mrnrf.jpg
10731,The Plastic Man Comedy/Adventure Show,/xbow0yurKC9GM7GutPjtbkLZKoP.jpg
80729,BanG Dream! Girls Band Party!☆PICO,/d3NY5DJ4N5vJU1X8yiZ6Uc3jKDO.jpg
9163,Perfect Strangers,/qeDYCGOnjUNQSCmwPz43EXFz07t.jpg
125215,The 13 Lords of the Shogun,/s4UyI28iOOJ0Lkj7S8VzaHuoWTo.jpg
85014,The Long Song,/rF1Gs0Wx1k2xLVmtRkYmJSclzbb.jpg
20959,Calimero,/jEQO8AXllOzxNaOD6G8eVJ7q8Tk.jpg
81332,Lovely Horribly,/z4H7HDScnXW270yFqjk7aGquNml.jpg
42142,UN-GO,/dqbdyrHRIUqHvPzFbVRfFYstiqU.jpg
740,Ace of Cakes,/eALjxtP1jktXjEgzcJlAMezYfJt.jpg
213233,AYAKA,/8v6p3nkSVW5p1UIpoaTIGHCz6hO.jpg
120966,AMAIM Warrior at the Borderline,/ciVI9scPYlAgvfA7PGFBtw9Os78.jpg
117691,Boon & Pimento,/siEnrfNSCN9PtruANHTDc4idJtV.jpg
201836,The Way Home,/cGvwebNxel0BMy9Z7eWwDiQkigS.jpg
91748,A Life Worth Living,/3adwUyOyEYKToRIejwn0aeq8GcN.jpg
17506,Monster Allergy,/mM9dfhCxdxPNXH3blfx4hzNa8vo.jpg
56761,The Real,/gl74JtE8X0jPC8ab5K6Xf91QW8d.jpg
34638,Canada's Worst Driver,/xWk9KojwlrfPEi67hU3iNJdUZVA.jpg
3087,The Real Football Factories,/76c7JcuIis3i1FbmwirBmwYkwPf.jpg
5571,The Itsy Bitsy Spider,/xEyiBAMsycXMuNcVu5woP6NfnJW.jpg
9873,The Sky at Night,/m0WlBOExJzajLPly4ebmCSxwta1.jpg
201859,Love Class,/1ffPuzElGl5saMz6G3fzqUPZWmZ.jpg
108478,"Farewell, My Dear Cramer",/iunaQYinM0b7gyfUuqLzhLyMWXb.jpg
128712,A League of Nobleman,/w4E6v8XzFeKAaCtG4tvpmPSUrek.jpg
69501,Bing,/2p7S8pkFQsmZjSLaCZmCphdLaXz.jpg
12964,The Rivals of Sherlock Holmes,/3sfRBSpBT6k5mEANa53T6hFg5lk.jpg
61613,Modern Farmer,/nqM1kx1n8pY5cHXLN2X0V2pYDA8.jpg
50675,Us & Them,/fSOVv7PUHWTw7tg0klCaCXcLiX.jpg
105584,Tales of the Lockdown,/qgd8j4Ht0BsrXg8CqacqKqZ9Yxn.jpg
2659,Maggie and the Ferocious Beast,/AoB89jiVLlMhZNwiCFQ8g8hOhWc.jpg
75815,Terrace House: Boys × Girls Next Door,/kMfs2pF66sF5uLsZeCAcsfC2yrD.jpg
39522,Jon Benjamin Has a Van,/3epRDwLQZxF2CB8PTRuTaprtTZx.jpg
60868,Walkure Romanze,/h2fO0URwTxk5x0gHjTlyrKvtWi3.jpg
14165,Ruby Gloom,/ztWxt4rfJBcktLjuIouVCFolBue.jpg
137390,BIRDIE WING -Golf Girls' Story-,/lQzXueKaedZ5fs68MLq6cKZ76BD.jpg
14381,The Moment of Truth,/oMlpuKuEEqSfxNiXAhMvV1rSUm0.jpg
156688,The Fire Hunter,/adfYirjfMdN5mNJE1B0J4qD5DP0.jpg
3412,Wayside,/iLHfpXhDSRaG5E48jzoiLjaWqfS.jpg
40684,Red Zora and Her Gang,/46HOgW111pya7WxvMiIXY9kZEoj.jpg
46993,Camp,/7qVXYI3k4TOOB5uGG4ZF0YA6Iqz.jpg
43721,Monday Mornings,/wwleMzF1coegmnieJiMvsOgYTQ9.jpg
125061,Miss the Dragon,/vk9zjSVonDt7MYvta6Fx6Pemdbd.jpg
77928,The Curse of Civil War Gold,/rtvu9JZF2GIHGHBN9aLbFqU7qKj.jpg
101005,Ultraman Z,/9xE0tlBJjWZNjY7BbY0fRaNCe9p.jpg
206715,Joseon Attorney: A Morality,/r9s6F4IgFyPyjSh7n7wGMRO6Mp0.jpg
15723,Hard Time on Planet Earth,/vjT89xJZ8SAAhR0FobciczwBhEw.jpg
1902,Pardon the Interruption,/qfGFpIHyYoyPb7a8aZ3aFQxoHRr.jpg
44775,El-Hazard: The Magnificent World,/jODlnLKC4ugxsGvGnifpUH3XEQY.jpg
11806,Dear John,/vhGaPWw6UtXFKEtFfdQ0ZrtjSib.jpg
37578,Robin Hood's Big Adventure,/cHDNtXswW5uKdHMrjMeLVjB561z.jpg
33587,Ranczo,/rsgIIahtMXuUxxu48j610llxN3P.jpg
228421,Average Joe,/jsLYlsWA3CsE7V1owlSqfU9QzVG.jpg
130189,The Witchfinder,/7IZFp8XkCtf3sl8avh4fRbO5yBt.jpg
129157,Dark Side of the 90's,/7YFC9nVN5vMuG8VOuwIW7VpRc7e.jpg
61609,From There to Here,/2IglDxHghp9Yyx4cni0dy4ivVUe.jpg
9805,Beethoven,/m9mp31hI22lCCEA7INKIjmGNnby.jpg
91794,Basketball or Nothing,/kKzGcTc1URsjhqbiuh7BMNyxTuV.jpg
3459,Ultraman Dyna,/gUoe3ZGS2am6obGeKltUkwF7UO.jpg
81554,Crisis Jung,/2y3LtI5DDzRrNWEv9Tyd0E3JdeR.jpg
43787,The Green Man,/rRdPagGiUSwl6mMjnjKfqUexh04.jpg
51079,4,/d2az8WR9QP9hZhXbgeXtLXapRog.jpg
29950,Kvarteret Skatan,/r6mSGKijDKLZpBWYKg3v06cxqWF.jpg
15848,The Julekalender,/AnYEbWbMbaSxlJ86sK4BvvmhsIh.jpg
64643,"Neon Joe, Werewolf Hunter",/c9EGkmKn5gh20UdMA4yKiybk2hk.jpg
219378,Steeltown Murders,/rKxOd9Fi5XMm0N7TUV9qqYLx6nR.jpg
95111,Woman of 9.9 Billion,/xT1OCyawUURKH4oMfZezDIBHxte.jpg
15412,Storm Chasers,/hgtMvOLGqwaxh7mgSk0nOPheYUa.jpg
42789,Pages of life,/hAcD1lsYRTb5rTvaSFxkvyZ5OO.jpg
51239,Lucky 7,/ryrY2yV7y1RnWpFTsNnc0dMLpCr.jpg
84856,Like a Flowing River,/swbiM9qZjdViO9YHieTSIWH4XUO.jpg
65778,My Little Lover - Minami Kun no Koibito,/gjDTfkyZbeIZBVljC2bDVkqubSu.jpg
60844,Baby Steps,/dVXgyHizeUbL1RdyKd58WjVGrNv.jpg
75816,Wilder,/jsTr0Ze2e9obitU9OvVcouJdYYQ.jpg
106415,My Dangerous Wife,/58NL2gDog1sOTKdns5Ag9vpTVgW.jpg
1932,Most Evil,/4qZQOzppnyBWfXtKVqez9WRq5tg.jpg
72911,Gingitsune: Messenger Fox of the Gods,/oYH2yRCdnvZAFVhGdoAUVCKq8uv.jpg
49338,The Jacques Cousteau Odyssey,/f9h3d6W6VBMxpKv9STGMLy9QU2x.jpg
128326,Relentless,/LrKHEvKWB8X9MKqjY8RrRim14R.jpg
32404,Gods of Honour,/hwriWOZb0kW4rG5RqRQBrRsAwOs.jpg
62878,What Lives Inside,/u8QHO6GVBCpCi3BE7yOaFXnv6Ph.jpg
33405,Pete versus Life,/ooRm37iwAMdCROLz7mNr5iUysEA.jpg
50961,Don't Look Back: The Legend of Orpheus,/aU583FGWRjU092i2GdgGzqBlmQ1.jpg
120223,Marnow Murders,/3f2g7Ur5bQ84Ey3sbzmG6c22jja.jpg
128328,Prime Time,/xv9Y2eFQCMWhr2vcrFOM4Wv2knK.jpg
134742,CLASSROOM FOR HEROES,/xf3k3EZzGWCpO68LWFgI8boryw5.jpg
215943,The Traitors,/8h4I6wzhZoUPpRtFPEz3MaJiabG.jpg
196369,The Little Lies We All Tell,/8BPAF90xUwBjJSSA2y1EemoIuEP.jpg
129604,"Ada Twist, Scientist",/vHoHuYdtCkQlj8UtqePjnvUZf80.jpg
106009,Numberblocks,/uK2kxnVSMldR428e6RRb6ccdjHm.jpg
65520,King Star King,/gzF6Xswd3UzsUwkDeMBiyGpKWIf.jpg
12779,Lady Blue,/vBdxtBUPS4wYxvOIew21OuAH0Ny.jpg
37656,1066: The Battle for Middle Earth,/6ExXTegt0TcCg2VGh2VLzNTU5Af.jpg
132926,Sponsor,/qXSGl8C2KPTxP169xKxMR5Vo9hk.jpg
197803,Here We Go,/hpRDERLaOVlySOGdww7Y5PtEHhv.jpg
44508,Chitose Get You!!,/kLC9QifAeXTJUbR42PROQElu3Ed.jpg
197939,Blocco 181,/h02isXHL3O2o1XfCrAHGR2WSlhV.jpg
154129,Ultraman Decker,/16cDHTM88Se3IqFEv5ViQaP8hQt.jpg
68691,Wishlist,/cVmrTREvlPAF4O1UJ1YZx2Ipt6k.jpg
43927,Ai no Kusabi,/uJUVBxZKzCBa55g0OhJ3j2hgLqY.jpg
20875,Mulheres Apaixonadas,/rDcdwC5uGk8Vs4Uv7Kq2P9Ddtid.jpg
97979,Richard Hammond's Big,/4xMgDP7lkeetMvXejdyIbEqXbUF.jpg
72140,Frankie Boyle's New World Order,/g5fuPFo7YSJH0AT5hqyO3ATXAQ6.jpg
15717,Little House on the Prairie,/eIidNycOMjqhl5joYEkVn2ax3dv.jpg
112568,Please Don't Date Him,/sP0ioyDyG1U5P2Bs2ZTc7FNlUIp.jpg
70952,Alan Davies: As Yet Untitled,/5bpKZWTxpM0QIAPPOeuHlkfs8GF.jpg
34696,Yozakura Quartet,/42U33MsbJGhiaxh1pF3sgMG10UG.jpg
46251,The Wallflower,/c3WybNci8zInmx2C5iFuhIVVir2.jpg
202140,The Light in the Hall,/i57Z2Uwcd3REP0YW1h1G5JqXlnq.jpg
9114,Under One Roof,/2OMNiqwRY203TFsgj3pgHFoTcRy.jpg
6507,Dispatches,/AiFa03bKR0GGS3i4svECET4cpcs.jpg
205857,Street Food: USA,/3JS63O9pojbk93V0p29i39iNywE.jpg
94277,Woodpecker Detective's Office,/hyVXsreVfLdMK25VI02DY8SuvVE.jpg
69926,Puffin Rock,/8ZYTNkpubnG8epqlJLjaWbbO30R.jpg
33530,The Great Rift: Africa's Wild Heart,/5MWrXpTMnF008urYZ22PwOExrkU.jpg
224207,BanG Dream! It's MyGO!!!!!,/vvc1TbcuWMb8xmoYqYuQcu78F9.jpg
64975,The Supervet: Noel Fitzpatrick,/e7DdMSyk8wuES2erbyVbs9f0tHJ.jpg
69386,Pretty Li Hui Zhen,/o7HGxb7Ak5jpRUnHEn4pIdAXBwT.jpg
118585,Doctor Castor,/j11ZZgDJtr2TdAB0N2v2IByx54Z.jpg
123499,Kotaro Lives Alone,/69QHKjdLYwvmCNb60igsOVn1bT2.jpg
210447,Elpis,/8EIorhh5ufloGs63WeF2lGLHu5m.jpg
69387,Dara O Briain's Go 8 Bit,/zIryc0AH0l45mNyOByXDouYcmEn.jpg
81852,Follow This,/zmlKSwjoYuzj1ygdmfqzeZN2vQT.jpg
83440,Love Alert,/4zFd9OpHkz3e29DLBqtjx3Plh7Q.jpg
66733,Bad Internet,/AdeVZ4AcNuQPVC5GZKMvz3ZBB1H.jpg
26992,Maigret,/m7LeiPJWWBxUQAMqtVtMednva0c.jpg
45025,Fashion King,/epTyRUtshshBy5T9QdNDptOiCs7.jpg
4884,Cashmere Mafia,/s0XnXWg8p0p4my2VJg0XnUz1ml1.jpg
11920,Highway Patrol,/oc0Z6yqZzMdHS35Ran8Zpg2rrBy.jpg
231483,Live to 100: Secrets of the Blue Zones,/aI22aHKtFHQ5r6AVu0uf7q9UUAn.jpg
90638,Level Up,/1dSIcLMIZFT0XnkoGOSDhcbj89.jpg
64639,Railroad Alaska,/sXfWe8B1zlixCUrJb5ETixqkBMX.jpg
4816,Mahou Sentai Magiranger,/xFej8bFfOqQ0bKnN8utNB37061O.jpg
138947,Artificial City,/wB5r70L0gf2XiTD8r5vy0YDtW7o.jpg
64592,The Lost Tomb,/uqOqVGdNheWAXUhZcybOGA7aPuT.jpg
230212,The artists: First strokes,/aMjv7v5Zctszh3nPhef2kXRKglW.jpg
115555,Best Leftovers Ever!,/wlKq7KdJ673FhvDSz6vwmqSORXb.jpg
108544,Tyler Perry's Assisted Living,/adw9TkGS4jOcjNNOcOaFVjSfE1K.jpg
71317,River's Edge Investigative Agency Okawabata,/iFrr6zV5QNpYIm584HX6yYomu5n.jpg
89080,City of Dreams,/f1uYNCBNHpLUuhh5FK82gcKY8RA.jpg
103782,Group Chat with Jayden and Brent,/75bYF58DcTj0g1rbtYqdBweApHn.jpg
113419,BVB 09 - Stories Who We Are,/gX1o8fxPp31zELshdlSwuiZ5Zio.jpg
32058,Great British Railway Journeys,/h9XrDjo4y8W816r1o6pBuCIrJqE.jpg
71528,Drop the Mic,/tfORFMJxPFSrbr8qPYlRJqFCAKr.jpg
32001,The Heaven Sword and Dragon Saber,/jMyMnJOkwzYDyjlpSGhrzSSSg5z.jpg
75149,Crime Watch Daily,/1BdPFk4it0vhpxGbZnMLf9iXWjy.jpg
78543,Vidas Opostas,/4phaUReEl88Y30qEVfNBCHqGJbd.jpg
121143,Huss,/qWXqp0qIJDC1IcCSMkl9pc3UtpG.jpg
23377,Victoria's Secret Fashion Show,/uVFGz2hi7bneb39zSqInxbVvMKO.jpg
96840,Gormiti,/pCiaMxGrgo5Booppfi2Luns8YBl.jpg
73884,Fatal Attraction,/9EAuObRwCblbRJxO3FBAvi0MXSc.jpg
87408,My Fellow Citizens,/7D803pK31CdEd7PWk7zYVvrBKfb.jpg
55165,The investigation was conducted,/34k0DF72T1zMuIXmSA34dypZIjq.jpg
55163,Nicolas Le Floch,/6pJm7ldGX5HfHEVkOMMwCRKPKVP.jpg
7428,Burn Up,/3Ccj6TIR7r6gH6LKSNNdrif74C9.jpg
70722,Momokyun Sword,/tg6HZ5SKGv7ezXxjwXn24MHYlnr.jpg
75159,Quartier des banques,/goxjUurdVO7eGAP7vOuJit9rcK2.jpg
36301,Hamburg Dockland,/JSNSFn5vIIkdZnshTbNra4bcrZ.jpg
111880,Taskmaster NZ,/rItwjxHWILs239U3jiIRmJAydit.jpg
55065,Unlimited Psychic Squad,/rq8JOQgLfZ9LIC9FmcRrA1nWlyr.jpg
51393,No Dropping Out: Back to School at 35,/wPTxZWsmN2i9sz6Dgw0BLZxYLt7.jpg
83066,Superwog,/6y80jgQJ8uOIBMeWilXWox2KUO3.jpg
69337,Love & Life & Lie,/twPbx8Ox7w7CwiJs5XjdgASp31L.jpg
93183,Chez Krömer,/b1enxt16SHLHF9EuPSmtZGNv7es.jpg
110370,Gaya sa Pelikula,/msWeIBpHs6hPEaCGHZfziKaZBeI.jpg
64565,Série Noire,/ozOf1rRs7Vm9aymbQ2hXYQB3kjg.jpg
196098,Ramez Movie Star,/jkwv8b1lJKtpdmt0yf3G3e3i0Nu.jpg
70769,Farang,/AiPVdYTnBV7GMR9pspzBQAuPuRh.jpg
76376,Long Time No See,/iPCPJtdCJwdkmEfQWxDUNGTtMpG.jpg
90614,Monzón: A Knockout Blow,/pe7UoaPBmhoZUZHu5wa1s5OV11N.jpg
89040,Inside the SS,/tss9polulidYn6P37hyhE7Z4HZ2.jpg
68138,Kiitaro's Yokai Picture Diary,/y2kXAKcEUQAtM8RtbXFaQ74wmjC.jpg
211565,Atom's Last Shot,/5js5usiiBQO72Gzj84ZiYoRcHFT.jpg
205259,My Life as a Rolling Stone,/o982ok3ptXbRnRapkciV38OA19d.jpg
25646,Anna Karenina,/xJnL1HPGCfqMLD9I3YVH3tUXw4V.jpg
88939,Back to Field,/2z7UUnTFClM0nOta7WDin9e7x0W.jpg
75552,Part-Time Idol,/mFmjfQTdQtcgcwexQ9LPypbDeXQ.jpg
158366,Your Honor,/y6lGC0n0HVD69vy4AC4Erqp4l3Z.jpg
12513,Operación Triunfo,/rQVNdZWf1E5e20oy20u1hWzgVRc.jpg
31351,Tout le monde en parle,/8BiaKzjK3arQM2yKLzB9zBKB6GL.jpg
36962,Mistral's Daughter,/4zmDcMVIAwg9likKRjsjM50eEao.jpg
31397,Murderland,/1wBgpAAK1EXPq3CnndcXbLGwKex.jpg
223440,The Eighth Sense,/x2dmAxfrFymMLcb3HfdnPoEWzNI.jpg
53113,The New Adventures of Peter Pan,/o1ZhgwAHX2OqdG3XyF7GryKKTUp.jpg
106850,The Way of the Househusband,/kLUONufhEkWfyVEf8Npc3JQkgCU.jpg
13350,Jacob Two-Two,/eI8t3akmgheC3xNJ2WXik8qtVzK.jpg
46154,Rebel Rio,/aVNYt65e3anxNnA4YAUoQTRyVmm.jpg
231396,Telemarketers,/eyeamvQYIgDQo1vFOs8pMujPVBf.jpg
2581,"Lock, Stock...",/8U8pnnHMQZEy7oPDuAM5iKlmETB.jpg
11520,Pinocchio: The Series,/lMFhoKUmC4hdrSjNpgBwXfsS8fz.jpg
42982,Infinite Ryvius,/2TrLTHpATruw722zD5osAVwyJL9.jpg
21712,Lurk,/jfMma5ApH4oNlHTuHNzwz3vx53D.jpg
98240,It's Pony,/fKbrywNuKgobP7pMDzjhvsTLfJU.jpg
46105,The Fixies,/2sQwf45TS7POO7savC0K3KrO8AN.jpg
42836,Fafner in the Azure: Dead Aggressor,/cW7qOCBtodmYX1tuQw8JkR6i7Ve.jpg
101214,Some Good News,/8KrhN7Mx6uoxFnRAaZrzYRO5TVB.jpg
11960,Lunar Jim,/pig7MSrYpUmqzqA2vNoIDXY8Tzj.jpg
194632,A Town Called Malice,/c2airHR0f50H3NA6V1649rznOYS.jpg
156575,Bust Down,/bPp7YceqwTsq7UzrveKGgsEkpv.jpg
41552,I (Almost) Got Away With It,/wS6EDDkaM3OMAnqT4YoQfzWaxDv.jpg
106996,Growing Belushi,/awzHQD0Dqp04A5O12XQgVkkHWQJ.jpg
38953,Gigolos,/ipCI4xoficgRV0Owj1noL3Gw30H.jpg
211748,Lies Hidden in My Garden,/9MMqq7sUyG5JnLbNJ7U7nP3UaY.jpg
129289,Girls Planet 999,/mHRmru9EIfDYLNprW8Y9JsA3fD1.jpg
32872,Embarrassing Bodies,/kX34bw4LvvKP5WKHaeNosvPYDke.jpg
30684,The Murdoch Mysteries,/3llDcK6QdLWcUSDgl9MIB8sAaUD.jpg
32533,Zmiennicy,/rcXq4QnzsmG5UdJnFxMSVbnpcnT.jpg
12517,Something Is Out There,/1IHHjZenSjH3kRyMMGT3yjUaf6q.jpg
40448,99 Days with the Superstar,/W6dNhpMqCjMHkG16yH7wPxpRhj.jpg
78655,Os Maias,/uNh0tF6h8H5Jm21Ujt6Y9B6K5Dn.jpg
93104,TVF Inmates,/syMgYrLqi2NvltvlDBWKxEa1RTR.jpg
23313,New Cutey Honey,/no75xbgrTcjScKiOLjDvynaCDSd.jpg
74811,Soundbreaking,/p8Y2JWUn2I5woBsuAcLhNoqy5Zz.jpg
86470,Hidden: Firstborn,/gfp2vgwy1zCt33LXt8i5jRRUPYJ.jpg
678,Justice,/8ZvaLekKg4dW7xoTyBG7GWF6rLQ.jpg
90489,David Makes Man,/a0FZ44UENaQ4aqtCq4zCTjiqe8H.jpg
41583,I Ragazzi della 3ª C,/kUegH7JHkg4oghRoXGfPom94aM7.jpg
52008,Missing,/kO7X8HdGUOyOKNIb9lEQ27vr1xK.jpg
158088,800 Meters,/g1FMWoqv6LAQjRiLre5s1WZpKHY.jpg
201320,"PCC, Secret Power",/knWnRrzCf1DOWAr4ee3FweVVuCC.jpg
84351,Our Skyy,/jXdJvPKn7A0adtdLFfAdVtvYQzy.jpg
99123,South Wind,/8DdgRzUGJZTKhcFIUG4Jbg5CRE6.jpg
225941,I Am Nobody,/aZT7iZwR4LE2kk7sXWslgpOP7oT.jpg
127914,Murder at the Cottage: The Search for Justice for Sophie,/mQALUVBqCCndu4wkO0ha6LCWKZo.jpg
59117,Yukon Men,/nrTGkec9unA0jePgGJfBFd8duug.jpg
20409,Son of the Dragon,/m0xG0n1D0gJF9Hd41UDNo48TKpy.jpg
38605,Working with Voice!,/tNi4YrVEyscDIytxI8w85X7O5PQ.jpg
4272,Team Antonsen,/uyxv266cnvCaKe8vy4opF3mzei0.jpg
11044,Attack of the Killer Tomatoes,/AuP1wqOy2yLfqHmLUHPhDveHiCx.jpg
68954,The Cliff,/1iVugsFwjP1HcBBs8uwxzntXhPz.jpg
128907,Muhammad Ali,/vx7vMl8Bob8dQFjhycS8qglQcZr.jpg
64035,Michael Strogoff,/omGeJpGWW0V4Pi9N0fj7s8Fz0qm.jpg
48692,Julius Caesar,/6nso5Ljvy4e2uR1xt3wWC7MCeIr.jpg
26444,Da Capo,/yaDB7CTZA8PatqVmPnfwBynA9SI.jpg
32538,America: The Story of Us,/z6I3nGOEyRPnpfELeizZo5t4ovG.jpg
68329,"Can't Cope, Won't Cope",/9yd2W8zmaiv0ugmi9XdXki8tPYm.jpg
6942,Grossology,/g5XknCHXcuN1DdV6PR304sFWfx2.jpg
81134,Miz & Mrs,/ghOq0YuGeAhWtV54SRcGzwTMXAT.jpg
6727,Nikki,/ak56Gcvqnnz208IPueIrUcICBVE.jpg
86662,The Adventures of Pinocchio,/AiOOPjvvXKwfBFod8cIhQIUfK0E.jpg
194682,Super PupZ,/c8BGHRMBA7zBGI6LnbfG9DX3BG7.jpg
127473,The Island of Siliang,/nkwJMUFsS1H9jQ0zIymeg0VtDiZ.jpg
10133,Swingtown,/rptl4Wwn5crHOcec7aUJpIqTW22.jpg
105147,Helter Skelter: An American Myth,/9Fg6DyYNSFGekbDboZK9a2soLO3.jpg
81139,The Story of Chuaner,/sxTIGMnQ4YFxp9FGAQfcnNi9Cm0.jpg
105041,LOL: Australia,/6zCUutlyslkgJ6VMWLfXb91mNyt.jpg
109905,The Innocents,/3QeTlVrs3hJUtXqhKt1FoDQx9ys.jpg
11030,The Munsters Today,/u1rQAFFmRDRgWOdqxv6VRXL5P0b.jpg
46938,Moonzy,/ikDr9Ua8dglQczEDqzNvnOVyIBL.jpg
102596,All the Women in the World,/asfUxtuE5zpoMvDmWv02jDzKfAo.jpg
80853,Muhyo & Roji's Bureau of Supernatural Investigation,/eU1hhaIh62LUKyX3TrlDfX0Iuqk.jpg
113416,The Goddess of Revenge,/bmUhDT6sc9c3Dr4bSwYwfyFkV6f.jpg
11019,Sport Billy,/u8p0fp9OrYmLQZ3nQAFdi8OcwJu.jpg
214862,Casey Anthony: Where the Truth Lies,/kw2DlUigeSPSt5OQaY9lvsogg2t.jpg
86616,Larry Charles' Dangerous World of Comedy,/7S4vq5OBWbGOA5aSPbUMYcRUhnD.jpg
127562,Epstein's Shadow: Ghislaine Maxwell,/5Vth4xfQX8bqAQLFQ94aZ0MkUxZ.jpg
1149,KO One,/tnrWCtRdYUiVMTTnAWvGLYXUj6I.jpg
73215,The Devil's Throat,/wudkhBTPrDZ5XQHgpcaVlWEy9FU.jpg
123250,"Don't Hurt Me, My Healer!",/nbYpgBR7nWpnxHkMWppg8oSaTHV.jpg
39640,Single Ladies,/28WyPwxkMr4jhfazcl5t8Xi8jAC.jpg
213439,Ōsama Sentai Kingu-Ōjā,/bekHqhMZn5XWJjvNs4k3y7N2zzj.jpg
2948,Walking with Cavemen,/qdzebo9JTpv2bBhRZpvrWvYdRtH.jpg
36451,Suzuka,/k7S4h8TezMPswibdCZrEGEMH3Wz.jpg
8792,You're My Pet,/tKAvDizqTrI5CA8hnj5wbWCQT00.jpg
32016,Huge,/6VfaCvXqhSKsTDS8LZiNR0sXwtR.jpg
5745,Rob & Big,/zaSG7O6bxGFbZLFqL2ooSoIOn4g.jpg
201256,My Tooth Your Love,/c5jZBaUxMGOvfWOXYiBbeMACuFd.jpg
203887,Banni Chow Home Delivery,/lc75BdFIIrdgDjmj3nX0BU1Uyot.jpg
12551,Jon & Kate Plus 8,/c4nHUhKUxE41jTeyuSYYBhxKMkV.jpg
169584,Holding,/d88u8wYxt4rLPxS35zwP8FPbxrR.jpg
61945,Vorstadtweiber,/um3A1r8A5Cuco7ldJHKtMhU7zU9.jpg
89659,The House on the Slope,/jGDaTKx26c4tuUz2ZiWn2YdIWJK.jpg
46021,Tapas & Beijos,/eiN4I8sN5BvptOy7CJ8qvl2JHAI.jpg
33656,Sally Bollywood: Super Detective,/doP9x01dtQXZmCl4XlSDELJQMBL.jpg
519,Larry King Live,/bjBePP4oQdyVWzsVp168WsoiRDm.jpg
64061,Bubblegum,/lgo6pEQZHCUtHIKCjpoxnroS2PI.jpg
106742,Daddy is My Classmate,/5Tu4DyWWxIYiQ0FwRvhzYYi7p6P.jpg
71359,Home Town,/ljbggm2TflVgLoti8Tx0gKkngby.jpg
201902,UnPrisoned,/cM61yfjRyuxbOxE3aGEiHVPA6ok.jpg
134068,Contact,/hUnXkRMuKwZMk465aUFyYKUJTHd.jpg
11565,Trial & Retribution,/k6jgpAh3sfUdL5wGsgDJNkKlsKL.jpg
85247,Mystery of Antiques,/cXapJN2a00dOroJ0bztZKz2vAvo.jpg
124279,Viewpoint,/qJfA6RNIiZkFTd7lB5VyWZFUdhq.jpg
112834,Reflection of You,/AjXKP32QrZehpWjhFiqIs0V0lRa.jpg
12345,Van der Valk,/o9Hb7cRJQlSaMfwpMcrGI8Bqek3.jpg
116620,Finding Alice,/xTozw89IFsgV0osRyC8a411FbfM.jpg
3734,Ballykissangel,/dZUfIrlXUXcptaTGNqy2jc5DGyA.jpg
8297,The Philanthropist,/9dst96oiFfoWvBhaXm7MkZ7plDZ.jpg
209437,Am I Being Unreasonable?,/mr0RwhGEKVRgmUC7RHnhlr0CIFa.jpg
73229,72 Cutest Animals,/hLbbJ929Yp2ZpST0OcMcArKMgSx.jpg
113219,Dr. Slump,/yhsrHk2zBTcw6hhSfh0a3oTAoDG.jpg
153459,Silence,/vbRIm9uUuSBePntaV3ot2d5QfTa.jpg
39180,Housos,/4FaFWtiXdIU477zA32Mwcoo1GFX.jpg
48696,Family Album,/hE4wPoaNESqIhxjHoe0CueFARx7.jpg
2910,Big Shots,/ztJVBy8C5afXpSh6sdzxIcnHuix.jpg
14917,G-Force: Guardians of Space,/xNyW47dV29ixM4o2hyuCglg05sZ.jpg
35239,Penn & Teller's Magic & Mystery Tour,/9u6h9zfgAmPIBjSfU5Qz4OjZRXE.jpg
244842,A Round of Applause,/hN53LaEFmHk3O29AlmtjqchwWt0.jpg
118895,Kingdom: Legendary War,/zOfW0Ljkdy8VwSc8mUWuYAG8xq1.jpg
24392,Valkyria Chronicles,/cVrpts7wFMdAOELgEg6SGXNj27g.jpg
61917,The Dovekeepers,/s55x7Q0Yp8jSMWfNlO7XpLK6d0k.jpg
130350,Sunset,/9p7j37NuTuEFaM1Fr3yp9CyYzOu.jpg
103831,Gameboys,/7G7r0VeE5VD2W4mF2kL5BIQ0de2.jpg
20651,ANZACS,/pC6ugnwSoMuin0SIQLiPWrHWZFj.jpg
64086,The Valley,/lmheTHvaQYVPS0s4w3qEpkzwcGG.jpg
10826,Astro Boy,/imCrEQ7DXqM83SKgvk0l8atUaUO.jpg
9320,Future GPX Cyber Formula,/qHStgTYqFw5upR7uIb1iHVEQpvt.jpg
55841,Crime Stories,/q3zNkjwvhRrRhtF5o7R3RBfEv9C.jpg
9395,The Secret Diary of Adrian Mole,/kcz74NywI2JjTCQVE0yCIjQPkcU.jpg
34766,Madö King Granzört,/woyr0HkC07uBLhdPdbFmV1BsOcB.jpg
120691,AEW Dark: Elevation,/aEMwWietd8w4lJIXPmKBKELxNrJ.jpg
47361,Shakespeare: The Animated Tales,/oTVrqJ1kdXgOaqlCthmd9iqfmrD.jpg
95838,If Talking Paid,/wNCAvwsjC65WvvQTcfowHJiHxyg.jpg
87164,Heavenly Sword and Dragon Slaying Sabre,/pz6iBvIqPkUoTzZ4UKnx7LmSt9d.jpg
72500,Action Heroine Cheer Fruits,/zt0VKLhzbTCUHESBvo6RXOgtvVS.jpg
10425,Popeye and Son,/h47aY2rbSdzakrXEpG11w6xtmgm.jpg
19859,Clémentine,/uu6PgZz7hrPOXtm9dNo2g5gAms8.jpg
214483,Candy Color Paradox,/n7akW6JeS3V0CCjMdRrPR9ldcau.jpg
11046,Mister T,/j5gyRVuDJjwqJ2dpEYhyGnzLAbL.jpg
42926,Psychic Squad,/v2ryqDd8FAmthlA2TocoMUr2ok1.jpg
206484,Jade Dynasty,/g3FsH7wjBqQEQqoiNjqtGV4MCm0.jpg
78648,Amazing Saturday,/nEwybsfZBSPjcZamPpKDTaTI5g.jpg
31342,A Fazenda,/4YDAUqPhM89GHzeWcUhVqsVM2Ao.jpg
59708,Scorned: Love Kills,/dgiu7Hf6rut7m2ng4DZ3FN14C1y.jpg
42885,Myself; Yourself,/hENUDFG70IJE2aOLzBRFr8Jbtel.jpg
35051,The Body Farm,/mDJotH7FAyyK69U8jzlLmwV1AfW.jpg
920,The Fonz and the Happy Days Gang,/8OOPqne7ZRupFxfSZlrsauPwhJl.jpg
86190,Adrian,/zAN3ePrhGitAUuG1DXkDuGXgbod.jpg
158149,Oh! Boarding House,/5OGRUIzzAvpfea0mBqkTHYEf4sj.jpg
12565,Those Who Hunt Elves,/hHBAl44kt1m4KGBrVMWTKrYD5Uf.jpg
13271,Edward the Seventh,/gK5WeRoOi8OpIJLBEAjiRv5wv3v.jpg
37195,Special A,/3U8ku4H36yH0IzfR3C3yfxiEdyX.jpg
110371,WIXOSS DIVA(A)LIVE,/guI2U1Vmvn6c6vc96e0Pbxjlxy4.jpg
68285,Lostorage incited WIXOSS,/q4qDgn7qaz4t47wTrtShxdvIHBl.jpg
208487,Arcadia,/tWz54XhkVQh3iUdnKS80B8BujE4.jpg
910,As the World Turns,/kKp1hYBFCoLyLhfpirpKAvDhCTi.jpg
948,Liquid Television,/bJUzgUzTzSa9hSfXgPyzZXDCzhG.jpg
923,The Surreal Life,/1RC1SgokDBw6TiZls6g9zVzs9J5.jpg
152261,Drag Race France,/lrmi6GAEdGFtIr92wfyu9H7ECbG.jpg
85541,Tower of Babel,/ssqzXXKVBxAeI4rXSHVReNw9QNK.jpg
41821,"The Heart, She Holler",/u66sIx8NdukVRFFyYVGxsnT4LWh.jpg
390,Evening Shade,/vP1x5kDi7QDbzEsk0lee6d4OkbS.jpg
57059,Days We Stared at the Sun,/9u4a2la6Lii5QiU77mfhBnU96Xk.jpg
78602,An American Murder Mystery: The Staircase,/ol6BurbIg7aj4HUf3Nll04a8VIu.jpg
210475,Johnny vs Amber: The US Trial,/r2j2ydvrI42sjZ501RTt3QAMrC0.jpg
122821,WWE's Most Wanted Treasures,/xTNadeYMg3Pe9BMNCL0vCWlNZzB.jpg
80357,Cooking on High,/6wU0kZ93zyN4FFlUwMx4Jsn95ch.jpg
64293,Summer Nude,/hs3Tyij8NVbx5ndThdEnkUIMxo5.jpg
78672,Ballmastrz: 9009,/lyCKQDRCtv2EOrzQi69K5h4Wuod.jpg
117058,7 Days of Romance,/b1zh3YzVTHKLj5iCmUMR5jA1WWg.jpg
66349,My Amazing Boyfriend,/wt4Ly5TYLpdwWshE5UJabfMSEhm.jpg
34746,Looking Up at the Half-Moon,/A7yBH8ugvrRC45xJJF2SQwWF4PK.jpg
64587,Die Piefke - Saga,/cLfsZFvDl0BP4DBD6TDHXEnpCHZ.jpg
219826,My Name is Farah,/Aj4qfs1KxhdfcPphWyJiTNYXirE.jpg
32590,RuPaul's Drag U,/nDkD2VHiB3G4z6UmYoulUJi0ioA.jpg
205111,The Tale of Outcasts,/unc8dGysB27J5f5Xcx6ROQQlH9S.jpg
100935,Idoly Pride,/kL7qWjUimxUiZkdmzKjcXepVd4r.jpg
100926,Have you ever seen..?,/sUOkgp1SA3qvw40sGCQ8hffHh8y.jpg
34744,Hatsukoi Limited.,/uvd1gNT9ew2kJ6BiJKyprpuLXWO.jpg
98766,Wings of the World,/6aGzrzIPm0TR57taAeRun5LmoKx.jpg
31532,Clash of the Dinosaurs,/dehVGVCmvhCOgTUBl5c24Kv8QSS.jpg
74898,The Typist,/9PsDDxNAfBxupQ1fI4tuvHuBM9P.jpg
13581,La Hora Chanante,/bXk2w0bylmZAmhLQdv2HEGy3YOg.jpg
68160,Pirate Treasure of the Knights Templar,/mpYkVFoReeuYcOLityEe9jGvK3w.jpg
79701,The Second World War,/ninJss0fIqVTSgFeX62BYqd1TZD.jpg
93159,The Awakener: The Series,/cNfGEC3ug5zyFg7xNoMRwwEUczM.jpg
84712,Daddyhunt: The Serial,/xEqwAkl2GiGls4slrOvY0wfkT0M.jpg
3784,Press Your Luck,/5HVWYNUUKt8YfoVnDKaaXL8e6oq.jpg
8269,Destroyed In Seconds,/6ukckQ4ULkGzXFF6QO0X03zSc0Y.jpg
84737,Psychic Princess,/mHOsFO9mWaKr5YkavqN9ZCwXjIR.jpg
87405,Beautiful World,/vXX5V6ZdLRlVRGUCGEEajazODX0.jpg
14506,Thuis,/nrTGCUytgvWjKlZtFXKuDNI30aw.jpg
55693,Container Wars,/xXzbiex3WUzL1Ri9fGS0L0ybx6w.jpg
108683,La Garçonne,/ldeF7zznnmXCZpxw1PvygPpQLsF.jpg
34726,Tokyo Majin Gakuen Kenpucho,/nqiazGKr1UkoWfj8n8bOxDQ3r0P.jpg
8174,Second Sight,/t84D26dBLtBGCcimCMYAHkzokZ0.jpg
158505,Reno 911! Defunded,/1sk3jfjOdmYci6aaX7pwJIBMC9a.jpg
18654,Queen of Jhansi,/wGwG9SCElFVNZuvktL7RHNDRHoT.jpg
34722,Angelic Layer,/rrdSAKHOZLmBag2PMceTTUEcEF4.jpg
31548,Mary Shelley's Frankenhole,/icJDzrUzeCKIGXwigyvvMp1zpCt.jpg
8335,O Beijo do Vampiro,/fQsnoRyA9Fd0Zw6AUldw4sxrYyR.jpg
156103,Shining For One Thing,/1J4cANgkYDHsC6etlwMLatUDUWN.jpg
11321,A Town Called Panic,/f7hPC3O8CATaYxXuNxqUvEv0i33.jpg
15495,The Sooty Show,/qpCFWOvAcm0aQQqlUgXzM7QEt5y.jpg
23451,Legendary Brave Swordsman Yaiba,/ltjABEfNpHxw0L804RtQnH70X07.jpg
96556,Lapis Re:LiGHTs,/q2mKvwgymywTe7nSzMRaw1AWDff.jpg
13042,American Justice,/plA9Lpmhzz0Ta9NaG3yDxVVOiVi.jpg
99616,The Teacher,/4nuM3klbvn3eHR3msJ11YLyuxOn.jpg
95389,The Cockfields,/5WLASrYvaZVRAzpsCmsU7lxPemY.jpg
42799,Vietnam in HD,/vTb6RudIkuLt5nXhwjuVJ9yFtJI.jpg
158547,Perfect World: A Deadly Game,/wki0UDmimgJn5K1tabKLftTkIpC.jpg
34768,Najica Blitz Tactics,/xwYQv2nqVbAbs9lpsgDV9SU2kCq.jpg
11317,The Fifth Estate,/jyrDP9LLB9dhZApYO8C9Kh25VIM.jpg
108448,Our Yorkshire Farm,/rXUOjX2T9fwgXKu6p0I4r7nh6MV.jpg
73068,Begin Again,/auRCHtuXwk4OJdir58NFmWOewsT.jpg
46850,WPC 56,/sIurHeTbj6pmJoD2JRDzywFtjdO.jpg
64047,Ängelby,/rCNxmtLxJaAosYhiGvB4DOTNZzn.jpg
76117,Re-Kan!,/oNYaH3aDGg0jjTf1nzymQJfV6x.jpg
53135,Ip Man,/8HvMKgOOONpGW5HCDZKlvoTa2jS.jpg
212196,The Ex-Wife,/vp5Vs17MUizJ7bQNMRsUcvDVquC.jpg
46267,Amish Mafia,/sgO223G4u8Bt0E8mg9wfJP6U1Ny.jpg
154288,The Palace,/fcinTn47nvlHMR36AnKQ2ijo5IB.jpg
156441,The Fame Game,/rLqX8PWdSJVmKfBqSEg24bERIEg.jpg
215356,Never Let Me Go,/rvZqgcNCtbaVQOIIGoh5u1dhVab.jpg
202113,The Twelve,/6qljuHhS6wWgr1Th2gfvHKnXmVA.jpg
67733,F*ck That's Delicious,/nJph5eHCJt3u3K6H3kpZG5LNL1A.jpg
64675,Eve,/76CfgYtNgTHMRFf9p0RGGt1x0JX.jpg
64281,Gangster's Petersburg,/qrNzJB2Vr39748SQ6lDfU0ebTOZ.jpg
81708,Stay Here,/t8LDkawH3ZsvuefPAcX2DHj8Rym.jpg
64220,Breakthrough,/n8QaodjwN1lbHnU0HnksJS64xiF.jpg
11639,Real Sex,/56T8DgIztFNHoz3ckIq4zuhc44b.jpg
230371,Infamy,/gXTMb2O7CZ9fLGIq5lrD9gpfALs.jpg
78458,Butlers x Battlers,/VKdYEpfoEUQ5bDvX957SwV9Dx2.jpg
82498,Battlefish,/f05CT7h9xoGTRC5ixFT3KmmB0Sp.jpg
110641,24 JAPAN,/a6oqHn9jyN0XCo3d1Jyz2nQqTqA.jpg
44742,"Remy, Nobody's Girl",/dklxmOaS4hS2J3YPevzqTaD3Fye.jpg
225320,LEGO DREAMZzz,/6sa43ghLgVY0zi0imlG2jfGYCQx.jpg
106424,In a Class of Her Own,/7sgfy2zDXD1YQsKmJnXWneR2FFU.jpg
89180,Dimension 20,/eekcVkJUCQFQOyu3ZulaLOlgDtc.jpg
82277,Arthur's Law,/j2yZFXWZLfa2tCAzLfJOrYLAXzK.jpg
29911,Elvira's Movie Macabre,/prQxvczKeqJ0GDhDxZ5xxtIPlzv.jpg
106402,All Saints Street,/yYZvWiqwmKBdRT65SJKxtIBGshF.jpg
50236,Black Rose,/3MGWHmUR0ezgQS5FQbjydG2nfLC.jpg
97956,XX,/uVx71y4HO32Owv5BiXw2BO0on8.jpg
6259,Spicy City,/oQL4kqDuBfD1ClkTc1s0Ahm7SVY.jpg
44546,Bubblegum Crash,/5CAaUWHOqBfPjdk3wQ87iZbZ5vG.jpg
156450,Prima Doll,/z8DjN9RlcMy4WIQpgtbFqp9dLtM.jpg
202173,Keeper of the Ashes: The Oklahoma Girl Scout Murders,/8DQEbPib6vO7xC29N5VaQLtkugu.jpg
93268,One Day at Disney,/pESZGIvbAVrZP0evCueNseUbmPP.jpg
86501,Tigtone,/35iIZANE4UTP3trCrVjZZVMcYf0.jpg
76083,Prime Minister LuoGuo Liu,/lK8CZ20XyrOWytV3ciwWz2rJkyN.jpg
14530,The Roy Rogers Show,/eHk8hNQLkcGKDk3chB8rGLrUgtu.jpg
95716,Papyrus,/AuKi9iIH9R2XRsfxcmr3UutdYgM.jpg
34660,Saiyuki,/uqDMVgniixmCiWg0qgJEo9iwJZW.jpg
33912,Eliot Kid,/htcITmo2TudK4COINOImBu6UX50.jpg
1602,Science Fiction Theatre,/u3fOsfYyYtkiqIiSGzcaIO7OeN.jpg
198049,Ghost Adventures: House Calls,/3BrZ2NYx4LQQ3dlfJIXdlvjesAg.jpg
214994,BITCH X RICH,/AuAqgy0aQR6WbVsIPtnAgpIwAwT.jpg
156837,Anita: Director's Cut,/wf5TT6C5ItqupST4Tq4u3vOCORq.jpg
27757,Boys Over Flowers,/5NPMesGiATZtFNaPGpueEL2hp7T.jpg
28958,Myths & Monsters,/vGYpXuF5uRCa0sGAlMcWpDm2MtO.jpg
44544,WWE Legends' House,/laA5hkWSaq0czJWi31net7cLldi.jpg
109804,Fair Trade,/rwI3Vo2z2yPgZEMpy5qlbUgYL53.jpg
9875,Blind Justice,/yj45VXgudrEzRisO6XyoK3APTzl.jpg
16354,Kitani Mohabbat Hai,/9J97BeILhtNUbwxLv5PVSO6iWhz.jpg
231871,The Michael Blackson Show,/15xElBcshV416pNxzLeQfE2rFf2.jpg
83801,Godunov,/6OJlKiv1O77fIIknd7giMOcY0DI.jpg
38663,Sports Show with Norm Macdonald,/dlhIGB3AMRuSeMuINR2wzYMBB01.jpg
71180,Waterboyy the Series,/cjjZO1l99kVKFaiZ3hEIFqDI1n5.jpg
214951,Yellowstone: One-Fifty,/vxocUiVBl3pphmzlmWk9ju8yK2.jpg
81187,The Shop,/yhISN0ewMkjqKxBQAeo2QkLFTnm.jpg
66020,Click Your Heart,/GFZSMijXGpzHwqFxkk4cKVSjRb.jpg
68312,Legend of the Galactic Heroes Gaiden,/yoz4WKVlLmsDqJPNNegW2LTAwNB.jpg
31190,Woke Up Dead,/AiHX2x0aOSx18kvoOtV7AWUo0PN.jpg
205454,Seasons of Blossom,/zbL8HtUkkCbz47vFNYrBpgIb1Wd.jpg
22077,Baby and Me,/wS5are5edZHy00y0o9Nnfl2ssKs.jpg
201085,Adhura,/7TILo5cjwfES2x2rCykS6jTcLIx.jpg
82110,A Taiwanese Tale of Two Cities,/6sNLV0JhIMGaTxS371Bgxc369un.jpg
6974,Raising the Bar,/tme6LDVkSpondEUZ8NDxp4ABSRr.jpg
8310,Wired,/2P2YRxqL2jOzkq1ouTdn77UsT6n.jpg
45822,Ixion Saga: Dimension Transfer,/bsFlrXSTdgJ8IFxqUxTM3G4PIZV.jpg
33847,The Talk,/wHMDZ3nVHCYGnxeoRZrPI0N9SSt.jpg
209815,Maid's Revenge,/tQy3xtOVTmEeRh1VTkNAMXaBRGC.jpg
55526,The Churchmen,/3jdNa6OJd4gbWNNJibj8XTCb27g.jpg
10047,Inside the NFL,/ew88PQcGNpQw801yA7JpZjSplb2.jpg
93794,The Slavs,/2O2LtHruRXlEjWKLEqFQ9EWik6K.jpg
42109,Humsafar,/6zEJBpSl42mCwMghEyzCsloVscZ.jpg
127633,Mickey Mouse Funhouse,/jOSPfbjtyZz8Vpt8rF16FUlSUVq.jpg
127668,The Day of Becoming You,/eojTmcSvMZaVIcRWEQthrGItgHq.jpg
116600,Everyone Is Doing Great,/ePOMnujKaCmA4xpQnRQfWDGgnjK.jpg
67833,Nightcap,/oKNhFn5CYND48jsph1IYrDaDVOZ.jpg
211049,Drag Me to Dinner,/1dh3CIjjeZoaUEZxeWse3oH8rrf.jpg
47986,Obsession: Dark Desires,/ewtfcTm0afGN1oUVzvLFl0gazbw.jpg
78456,Alice or Alice,/6ZnRVm38i0lGynbBlDZrm4JWlHS.jpg
21986,Ellis Island,/kDbkKBHcbyya316TsIk60kweHlK.jpg
154456,Faster Than Fear,/gzGZonGExDIOAcY0luVkFiMTkQV.jpg
103104,Bring The Soul: Docu-Series,/5ZPl862clCjKKZDJNc2JTqoLRmu.jpg
231306,Exclusive Fairytale,/1yxAS3aEaZMmytwILyQr4aOLf3D.jpg
32682,The Laser Man,/eHir4BXfoXiRfyTKgBHFSrv6Lou.jpg
210834,The Nutty Boy,/unxEXYHjehCBxORd8OM9FcAcfBK.jpg
97266,Go! Go! Cory Carson,/atgbow7Z65jSc57N5S1OA0xtpnV.jpg
813,Hell's Kitchen,/tXC13Lkw4o1S6QiUxlmsVepiBnV.jpg
138211,Rocket Boys,/esNv5JwxVsvu6vZE7bTVeu0mLaA.jpg
60663,Buddy Complex,/2JVwRxQEWVhehgzZblNfRe8zvHn.jpg
62569,Go! Princess PreCure,/hjbDINi2GZ86kdFeUn7u2twNcat.jpg
32616,Unnatural History,/vEBpE5ilAk7fZvUlTFJBgxNzXcj.jpg
21353,The Box of Delights,/wRHec1RU1ni20jERJhkhUMy095s.jpg
37934,Atom,/frVWcn3DSEpsqmUxpJUUMo8KXVP.jpg
68101,Trickster,/mAQ9MGjlGLcnBd7Kchs2qs8p3cR.jpg
206559,Binnelanders,/v9nGSRx5lFz6KEgfmgHJMSgaARC.jpg
66888,Part of Me,/9438tr4utNYTeje1EGz4DkKMz8y.jpg
66609,Rovers,/7ec7iRJDPqk9dlreMTUUynEJDGF.jpg
64896,Friday Night Tykes,/qnDvHqk9PsH1d6uBGRo9WmBpEpT.jpg
195192,Plus & Minus,/ArmBvUkxKFRmsPyrwgyCMVpA5DE.jpg
62045,Miss Pilot,/pHRLYNyd21IdCb2dAFvJePjXv9z.jpg
68411,Cutie Honey,/waJoeBMcoteO6lBdvR1vMR1c6w6.jpg
226267,North Shore,/8EwbJS9G5utrEspbIeaXk0l5QVn.jpg
130206,Fantasia Sango – Realm of Legends,/2s8yKCqFk6CSGWznH99FP4wIVy3.jpg
65344,Thicker Than Water,/qppTL3aFz2qxy6J6jHyqfZdlJNi.jpg
103741,Love Designer,/xLQFN0rwwmVCWDi8NAfshEiOnNX.jpg
45264,The Guyver: Bio-Booster Armor,/ff1uyHrFyLSDXGLhtIwwlBV3v0k.jpg
64872,SAF3,/vzAXy5vA8G1tMAfEwhH2lZyjIs6.jpg
68813,Strip the Cosmos,/hdeWnxWO7WnuCGcqE8OZkmrBHUV.jpg
65491,Vikings: Athelstan's Journal,/67Xa3yFVsNoIpfTFyu4PMVaIucC.jpg
215783,Donkerbos,/quc8QRqmeHL5KZItsjZ3SOwJLKF.jpg
202985,Minato's Laundromat,/rPvUyG3JkGo604kfTfNAgIAX4Zw.jpg
128613,We Apologize For The Inconveniences,/bciVmndIdBS3jsvogytfy2PEhbH.jpg
47416,Tracey Ullman's Show,/lzJmxI5B7pjXvN15RnqPZtlnEbX.jpg
83216,Red Table Talk,/9MFH6LriSscCg9HiGeLam78KfBV.jpg
14781,The Detectives,/AfTnudiCwpKitJ6XZcCj16FeIup.jpg
26674,Solty Rei,/mmeAclAG9hZU6GdY0ZFZqsuMrde.jpg
121011,Under Suspicion: Uncovering the Wesphael Case,/q0vG10Os3aYFq52RX31MvgenOtX.jpg
71450,Reasonable Doubt,/n10qw1LImk1rYWC9yyH2kEFYVbV.jpg
67249,The New Prince of Tennis,/2rZJ0DU092uxpqtlbKYwP7JM0Yw.jpg
14408,Popples,/AiTUEPHOGJomI8Yykr4zHx5m4jf.jpg
31723,The Men Who Killed Kennedy,/ud1SMx024pmUObcqxWS85BDKEVL.jpg
97299,True Life Crime,/ux0mv3RyYASZVXhRf1BD0Qir29q.jpg
96139,HYPNOSISMIC -Division Rap Battle- Rhyme Anima,/afz0acAja9SuqRndaUULhWxiOSh.jpg
3399,K-Ville,/3jflQr3CfvHhaOdL9FwCqp2yGwK.jpg
67277,Entourage,/aU1FZ6kg3O3WKUpaIyQ57VCJPQU.jpg
31530,Karishma Kaa Karishma,/7Ao2AhAolSPRNkD71OHzOG53mMN.jpg
31739,Kiba,/gE2Pf3BBq6jn9vTEWmLJorCmQRn.jpg
14574,The Raggy Dolls,/b89p0qcqEA43T8WQEcHNuW7GcLv.jpg
98200,Dear…,/weVnLuXzx1SKoOagWxuCqEHc5Uh.jpg
91280,Novoland: Eagle Flag,/eWXHVLn0WL9d5duvP5Az7bALWxt.jpg
57912,Doraemon,/fpUEcviOHumDfkl1z8rfovy9m3m.jpg
10003,Alienators: Evolution Continues,/iQxJX0eSOo6Qg6RstYW6QS3egyI.jpg
83022,As Miss Beelzebub Likes It.,/cF4Q2Q0Q5XR9AV0gpnRzsq9mjgR.jpg
210798,The Lion Skin,/3bondsjjPLM9BkySMc4ln9UvxKZ.jpg
85471,Serial Killer with Piers Morgan,/jd4xSJcXefvir9Ew0QT0cXslCX3.jpg
233051,Wrestlers,/dnC8JNeRZwbPANkuRMhlMtPdF0d.jpg
34961,One Missed Call,/f36MUGGyjq35UpKCHhOKQyrEMAz.jpg
104246,CHIP-IN,/7U4eZV2RvwxGLwna77PpmwpkZt9.jpg
32700,Perfect Couples,/aY80mEg9vGfeuH8rkoJalzNQnCs.jpg
41421,Louie,/66MnkhWYdPShWAxgapfXVps9N1G.jpg
84634,All Men Are Brothers,/gieaayIGdSu0hIeFmaPe3Gvk4Md.jpg
1856,Histeria!,/jnaCdjmJhiWsw5hjT4fMBxGrfG7.jpg
12519,The Ruff and Reddy Show,/2dj9Vvy689ZYNQQ85X2Iq3WpoXo.jpg
33164,Simplemente Maria,/zQvYVwsK3nhYNFH3I4oDXtlRH5H.jpg
68941,Chef: Three Star School Lunch,/9zoOUtN07VlU1OfIgtJIBtIuG5I.jpg
214582,The Devil's Plan,/vNoINLWniSpqS2Qaol4BINX7BSY.jpg
81749,Random Acts of Flyness,/oICxDfFnDGjq3BfhirR3BgIaJv9.jpg
123488,"Welcome Home, Mone",/fYEeM65Z4TQ8tDQ2y2AXcGHlMot.jpg
34711,Elemental Gelade,/nNbRsvCXFCBKpdz6YI7gwut1sXM.jpg
127706,Kiff,/h7xhJ1uWu7FurJ3W5iKzrfiPF3K.jpg
11121,The Odyssey,/ixeOYFcCj6YjKrliC13pxGFNTK2.jpg
73368,Murder Maps,/zgIo9dUrC3kmMUejNUg51Ng5gyj.jpg
4111,Largo Winch,/eiXI9xcL39zp8BdVXQMzcfAi94k.jpg
28764,Kashimashi - Girl Meets Girl,/hdwARvKyJ2DmKLBXiZBEjuIT1aB.jpg
103848,At Home With Olaf,/5bHBEiLzOXmQTabGrGUUniB2dhT.jpg
19612,Mashin Eiyuden Wataru,/h5BHule8XvA0BlfYgcVkNJ3Cijb.jpg
31577,Shinsengumi!,/1CukOh1DJIYDlFmlljXTjVR5dGA.jpg
24131,Around the World with Orson Welles,/xerzUUvaSzBxABXXFwTQhRfafEO.jpg
7048,The Mr. Men Show,/dI4L9h479tO9wcdZIwJO6Id91Gv.jpg
12454,The New Yogi Bear Show,/8MbzOWOn7ji4O5xnubDOhpGbGSG.jpg
43142,Mobile Suit Gundam SEED C.E. 73: Stargazer,/jLXGwQaXthxcLw67p3zZVhtlqJo.jpg
12522,Kid Nation,/hMP6hozhxkBq4VMpHJ3Mw8DlAj0.jpg
217658,Shape Island,/jjKXdP3ZgueaP1sut08GXIPqqCu.jpg
12431,M.A.N.T.I.S.,/qwYUeCoxiDScgFqE7m8n7Qc9hWY.jpg
1307,Kasautii Zindagii Kay,/v8Hdqnx4uvtZVnSHIQYiiTYnd16.jpg
3313,Trading Spaces,/6OiYauNYCeIp8H6aoTeFGMhdgPm.jpg
229166,Last Call: When a Serial Killer Stalked Queer New York,/efffniTkFy8ejfcCM1BaMzWDAIi.jpg
545,Living with Fran,/zIteP87gv62nojxNzkkR83otRaq.jpg
115773,Mystery at Blind Frog Ranch,/7gwUkC2I2EfDZVVtKGyGciZI5t7.jpg
90111,It’s a Match,/xZDXDvwHAXK0y2eGcSmLa0Goxei.jpg
3653,Sorry!,/yYUagI0ydildxn0NTYaB0wXx6P0.jpg
32614,Prosecutor Princess,/dE1IML0dc278FDelf9dG35rMQRD.jpg
75787,Fox Spirit Matchmaker,/zEMVeRl1kyZ4uNOTbIO1Yx2mWx.jpg
127611,Devilman,/szI80h4CuBOxgLhe2IyDJXPIyrw.jpg
82191,Presumed Guilty,/ml3PPAndag6NPSaIoaEkNlgndi0.jpg
45382,L.A. Dragnet,/q0W2fa6VuoHBKjVfAQ9ieas4uv7.jpg
85457,Coffee Friends,/pGKGEqjfNPB5YsnVVZmlkkI2Mwm.jpg
45884,BOSS,/qHW1WbLBKITZyImBhnp9Z3GPxk6.jpg
94892,Blossom in Heart,/2eVb89CgpV0Q0ztmY2lYyZeFWgC.jpg
204,Freddie,/u9bQCwHHQ58TCK24voky5ZUMZAf.jpg
66114,Onigiri,/mJwrMUfEh6pRYfY4eSTr2yMFEAE.jpg
18009,Davy Crockett,/Foh1EDHgT98fs80WGMFTODbH9S.jpg
37129,Chasing Classic Cars,/rheTqdipcnZTSlEf1SykDPflXBd.jpg
55698,Antiquarian Bookshop Biblia's Case Files,/8NPLisjQLyfi4esUWi1He3cPxXn.jpg
42903,The Girl Who Leapt Through Space,/lACcvPSqM32keQiljf281y7fXXy.jpg
35289,Dick Figures,/zVT4erpjFeWbsZ0EcxQM5WDr7vg.jpg
132653,The American Guest,/zXYZj71MyJJVUxapq6iVVWAc99r.jpg
33950,Karma,/gQmmBWN1vV9QcNNk2nlmA2D7222.jpg
3110,Canterbury's Law,/dw949gFDjrXZflWANNzfPKr7wXv.jpg
81593,Franco: The Brutal Truth About Spain’s Dictator,/t93QiXN2hsDVI3aL00D0XFKWY5J.jpg
21592,Rescue: Special Ops,/Aia7O5v1FDj8ncXdc7v3LThhZow.jpg
46404,Spooksville,/3V0hFx8NgYXVfHfoMOuAXs3rb1J.jpg
4890,Pizza,/nqtMOuCLaFHOKo5F6hMiI5ZBmhn.jpg
14710,Les Shadoks,/cLw44i8UtqbipCKHM8K8VxoZyFk.jpg
4811,The Lair,/dTCIB5kfrvQRmFhSWZPYGRoKaaP.jpg
211020,Han River Police,/ejuVj9BHwDxAYQiVtdpKn3R6sS1.jpg
74007,Porters,/qtKw5KTt7AFxEwA07TlzLcb0jVe.jpg
28196,The Long Firm,/mYKI9Vu6KOIRBIW6bzXSU1gPnvp.jpg
13753,The Duchess of Duke Street,/d65klq9CnesUlWn3RCKuiNj7qM9.jpg
30844,The Fairytaler,/jXTxY8zc38QniaaRm07x9okMcuI.jpg
39677,Supervivientes,/zH7A4PA6VAi4l8C9vzZmuXUHRiJ.jpg
33144,Identity,/t81iSuAy0aHJ1H1s2hSqZSmFyv6.jpg
101106,Crime Beat,/rx98FBXnr2wfcZt3ocfi9Nm4pXx.jpg
99307,Conscription,/vlBzPUEFuGH23ZK1fOY0r6ePHFA.jpg
111117,The Sun Does Not Move,/lLjsAGrnE8MuhjAa3iWynwiZcry.jpg
5828,I manegen med Glenn Killing,/1CwunSfDUpkX0d4Xi5cLamF1WNj.jpg
121146,Encouragement of Climb: Next Summit,/16xA47WHwwIrFaeSo1qPZWgNMg1.jpg
3234,Whoops Apocalypse,/jBt1HDVBQBo4XrfslxwEOqTdEFy.jpg
45303,Salvage Hunters,/l01tfkunPY0LEVZiENIvVF9XOyr.jpg
3126,Byker Grove,/vSSegjURab7kZgpwE3I3OmvlZKi.jpg
69340,James May: The Reassembler,/j5yTK1WbKNNMiD0TNVB0em3O9X8.jpg
77724,Love To-LIE-Angle,/b9wRyJibE3SqqQUuw2o044Y3kaJ.jpg
96269,Michael McIntyre's Big Show,/bjdX4XKOxMCcqv0sQN27cmTGCDs.jpg
30695,Bab Al-Hara,/8y8II8Zmpt5lfLU4QuWylQ5bYhA.jpg
22553,Emily of New Moon,/zcyUkWxrdASVfveu6mFfcUhRrb6.jpg
121183,The Crossover,/ahL7MXhqvTul41uRrKaxycJhbUQ.jpg
11243,The Fantastic Journey,/7ExChIiRaAZ9N5SeiAcw8XjJCyk.jpg
92153,United We Fall,/kWDLbp2J1JoZUo6PsZl7TOPpo1Y.jpg
69658,On Air With AIB,/q9KEPqcOqDQzVH7GR7z7rrWN9UX.jpg
82986,O Canto da Sereia,/hWVLZ6SX0mErhRgvJ5QN1RpA7YO.jpg
4821,American Bandstand,/eSVrrBYvMXOZgLOZC45H2VPc7dl.jpg
11388,Yancy Derringer,/9kUjeNoI23qwKDJnGldIvy16HEb.jpg
211564,Sullivan's Crossing,/yFpXDiwVA9Uc1AmrQSNYNXTRyG5.jpg
55013,Ghastly Prince Enma Burning Up,/gfk71ua2ntncDjiHqWv7JDLQIHc.jpg
39172,Scarlet and Black,/lFyDmTlq1u429fQ9eqabPlEG8PV.jpg
72805,Zorro the Chronicles,/hngT4Gmf2CM94HT1NtLyRLRKjFe.jpg
63999,Jorden runt på 6 steg,/nSdW01a4gTs9UZdNg3AOoOHaBBE.jpg
112804,On Pointe,/mnnADvYvh3M8sOKdRsJsV2JZ3PW.jpg
124268,Miss Crow with Mr. Lizard,/3Ki5BEr3l5Rt7giibU2GI0euGgp.jpg
11398,Search,/rg0CMU0109heOKwWYVzIW94P963.jpg
3627,The Lakes,/dPCYCwke0VK1ILpVTYZsqRu1722.jpg
6991,The Drinky Crow Show,/fQCjzUBBzlEGS4c0jqTf4bwKAg8.jpg
97825,The Garden of Sinners,/fnDXXa40YaFcWQ4BhEoMMVgTDo6.jpg
30048,Tony Awards,/6BXIIGyl9MQiJhkxcGCcrcoAzMz.jpg
219067,#NoFilter,/4G477taMWoqLFMRvZGncnMOTOzb.jpg
14785,The Latest Buzz,/nC3H80jSh9n30Ie402NOrptM9MW.jpg
105219,Exatlon Challenge,/4Z9QQjXtnW9XBHGYuRnjhjaxjj6.jpg
83470,Robozuna,/4q948tyaaDIuokWoKavU0Y5JYx8.jpg
7208,Crazy like a Fox,/fRtScq8bpj9vlbRB4yq6eMiZLqp.jpg
10625,Our House,/oXPvK5il0cG6ofYdYfoJiKZKvxM.jpg
12324,The Jackson 5ive,/4ToqQkRnhzd6vSk3GSeVVO9WTHV.jpg
61221,Masters of Illusion,/m4qqWYdsBEZQU4k4HXrJgIgmkDm.jpg
13955,Blue Murder,/x5FoUK3hcbC8Q9DtAdMymBn59Ve.jpg
90295,Awake: The Million Dollar Game,/cbI4HcVTYpQZJBQpMkSFaefDITI.jpg
64046,Long Live the Royals,/gLjBshxxruc6Q02Xu7wUwZgij7C.jpg
6911,Malice Aforethought,/7gSjsyv7bfhMU3UWxMpmFrfADKh.jpg
15372,"Svensson, Svensson",/ttsyMzSPDbNlCvQgKUlXi3Gb0ly.jpg
74905,Woke,/fD3FWriYYMgAs4LNxIDImtsh9GH.jpg
95868,West of Liberty,/dvtFA7lVDuM82AHWoJQLRP8yx2x.jpg
105289,Nickelodeon's Unfiltered,/69f9iE5LmCICfOhcze9jdVR1Kk5.jpg
122631,Girl Gun Lady,/os8vbO30PkzgY4d761MK07WeyXM.jpg
77061,Rapture,/6Se5XuxWMjZYj4yAEZmmb5Mdrc2.jpg
64067,The Kennedys,/lKybwk9cx3yCeig37fXhiL0DJoP.jpg
22867,In The Footsteps of Alexander the Great,/a1qU1DGIcLYj0PPS1y9eq5lJ14S.jpg
682,Mr. Meaty,/8ZnEvkwmcFBxStWVnpzp764RVox.jpg
39741,Kenny Hotz's Triumph of the Will,/p4ghbgRSzo8EP3TRqMNWEJUTFE6.jpg
138999,City of Angels | City of Death,/4EDSx71ys4YnzMq1DBXjyQIbOkd.jpg
63226,I'm Home,/hSbtPqYJYZnmJlyOqPomaS5PL0z.jpg
63217,Tiny Times,/gMqbYpKJz8lGhZabcaagC3n6esp.jpg
11111,Amos 'n' Andy,/pn33lNyficErWao8LlHxFvVgPxr.jpg
229509,Manchild,/gQHc3XpcD2mnlGkabIkiMHQ3n7Z.jpg
133772,The Empire Of Law,/mRwu828p4DM0gvAduyP9Gh6NsLy.jpg
197322,Strawberry Shortcake: Berry in the Big City,/8skssG3StzcAESCZTns2sqvdPXN.jpg
3188,The House of Eliott,/a99uEkhiGi1OJbufbcmgk0QSp8u.jpg
62321,Resident Advisors,/55XW1s5f9Wj7OqpKd3Ep28VBXcE.jpg
34189,The Irresponsible Captain Tylor,/tmPKSHWBVIG2uBFDfMV1qdql8hV.jpg
66110,Pan de Peace!,/eC5Uf6FvirpGZzbza1XUPbZh78z.jpg
128481,L'Opéra,/tzhyShMeSL9HFX7bN7s73xZIcNR.jpg
13228,The 1900 House,/zYjyO0gUerkYWdH9eAdTXKZaJRW.jpg
49503,The End,/q35vfXwkj3zMldpVT3sEvwYKwo.jpg
214891,Not Others,/gEkcWWN9GzY0WChx3S7hgioJrCX.jpg
2420,Conviction,/d6DGaL0vv1NztWSImbGDwHQsDB5.jpg
86866,Moving Art,/g4YBmzX5yyu9w3oyBIurVcFzMKf.jpg
194619,A Family Affair,/gkap4pWN722E0UK9WNL2vjGnAtw.jpg
95953,Sugar Rush Christmas,/daiV3ttqSLXG7VhVwD1dyaAX5xA.jpg
130456,My Master Has No Tail,/88ccdyBEYrel6rMQyAR9EbxFk06.jpg
84619,Kaitou Sentai Lupinranger vs Keisatsu Sentai Patranger,/xbHkw1MZVy8RNf6rgxYqqopnOqL.jpg
66445,Tá no Ar: A TV na TV,/fTWR6TfS5YADlpBxeaVjgvWFwHk.jpg
49313,The '80s: The Decade That Made Us,/6ZbGWfmywfXNHbh9OjQPwlVD4RI.jpg
66382,Sam,/3mmah6cxzKEbuKikX0pOvMUTHqa.jpg
66419,Port Protection Alaska,/4fuxyd7LGmIXrVGklOnxZ8uUWcR.jpg
197103,Star and Sky: Star in My Mind,/4Asy6xnx3FVZiCUmpuyW5cLJiiC.jpg
637,CBS Evening News,/4DKEF5JgfR6o8In2e5cLFcYUPXw.jpg
209454,The Clan,/8yfUQcWRGqVlE3oBQn2kVuK4Nj3.jpg
203276,The Brigade,/qxxxy3zv7RHaaKuaWVemgO0VZcf.jpg
73518,Rebels Recon,/k2dwFxxj3lcjSkmhzM2LJmPeIwR.jpg
113664,Kamikaze,/at19TDyTguh3eQj45G2XN1ceV7w.jpg
86894,Boomerang,/o11y6bPgrnr3eibh79DQwc6agtG.jpg
74866,Supa Strikas,/nx2OyMPYJZlgvK29mjovqy4WYnJ.jpg
15454,Adventure Inc.,/4R3rmapTpBF39VrsxtPHBppOrlG.jpg
226387,Vivere non è un gioco da ragazzi,/ywslYJAaN7uAZFdW735YXxBjaI5.jpg
99300,Fight Like a Girl,/hEbT1ust07jlWnVpcXtnZCHkWO4.jpg
19837,Ai Shite Knight,/hmHGq255s3Wydf6JKHbUGBri2sO.jpg
3451,This Is Your Life,/zMCF2uU9dleso6iKpFkHfrBxsQ6.jpg
13989,Swamp Thing,/1uq5Oq7PiX5irNf2tRkwepYTgAR.jpg
136205,Surge,/myLQjcFDHkyQOP1MMnH97dfFDsF.jpg
25075,Lonesome Dove: The Series,/yLVQR6ChfhIlQZdSO5hzlUDeSru.jpg
105125,Crazy Delicious,/altQjpJCcwGpiW453jWoAPZMj15.jpg
16062,A.D.,/9d5d3Dl5kDhxHlmMw2xbqZKOJpc.jpg
40395,Absolute Zero,/kqk2GROSyVnQpHDyTC4g5wjgJXl.jpg
6862,One Million Stars Falling from the Sky,/oZD94Ff5bwRqJVAxZTuR44kagEg.jpg
79892,Ponysitters Club,/wmxiMKMMBUa6HD27p1IqGrpNLYV.jpg
201429,The Unsolved Murder of Beverly Lynn Smith,/96FdKhAu0YPsnoUq0GVpNI7JIB5.jpg
71204,Soundtracks: Songs That Defined History,/tzV7LGChkUestKoQOpZYypztW0g.jpg
5884,Goliath Awaits,/g2GU2agnd8HmlijXcsf0U0CLCuI.jpg
50323,Adanalı,/48i4szV7zMAY4nASzXBv31Hw88J.jpg
39429,You Hee-yeol's Sketchbook,/5zsoaVX483aJG90rJhlAup1VAXI.jpg
4820,Terrahawks,/rCIA8UxTTi2Um2bIz3TQVyClMj7.jpg
46128,Fresh Pretty Cure!,/tjwsfeFU2rNA32kCAYjH7Wj6RjU.jpg
111132,The FBI Declassified,/9aVfwtv0QVqrvIsbaTUL6iygbGM.jpg
78906,HITOSHI MATSUMOTO Presents Documental,/2faF4qGiBDuLy7aAb5i79WWxbNA.jpg
83435,Feel Good To Die,/9FQ6dh021UJiBBZZQ6CUho4LfNE.jpg
11219,Bob & Rose,/lzAYvLfe2KdLtlb0QE5t2Ho8p0C.jpg
77005,Living Biblically,/70lxdl06jsjAa9TE3FsGqltnFXo.jpg
16425,Mapping the World,/fXovsgQMUctOevjEJGXxiuzJzyZ.jpg
124451,A Vida Depois do Tombo,/ikueiTUUkKbvcI3bGXOk937XdQV.jpg
157021,The Last Movie Stars,/9L6AkTv9CDdxqwWICIB4OuLeNdM.jpg
6192,Kisarazu Cat's Eye,/A2Vu54qWbL9vJOYy01JxTLsMsHG.jpg
108123,My Unicorn Girl,/3ezScOwKaCgW5O8zms2DVpUQbBA.jpg
71376,Hori-san and Miyamura-kun,/oTiNcs7Rfu2AzfexlSNl7VTxHiM.jpg
146339,"Spare Me, Great Lord!",/jO4DI02wo9hqimvELQGPa44T47Q.jpg
213254,Snack vs Chef,/5wSrfDKiQfjKmXg6qkVkpNWCXTJ.jpg
67943,Aber Bergen,/1YNi1DCLdhvppZhVlpJ1H3iLH6b.jpg
115044,The Hustler,/jsefbm8bfpAkxNT20Yh6AZU9Mly.jpg
93516,Bigger,/caIMXHh2H1wPktVEuuBgqhXmpTD.jpg
66988,Fangbone!,/hRLPVSISu4gyl8Wofi07TARRyD6.jpg
91848,number24,/kUpEqIp2RzNEenCTn069fRjopxU.jpg
4378,Fireball XL5,/rBv16DzgKuzvx13KweU2nltONXU.jpg
11975,The Sandbaggers,/ogtTW2USCPwlWL8u9LFug4j77qw.jpg
30283,Father Brown,/nWxTVbTBnDvDeBc7HUAp5jBe3SL.jpg
127375,On the Verge of Insanity,/d0ZPzw3wlQrhbVRApvuBJ1spdhX.jpg
211050,Stasera c’è Cattelan su Raidue,/yt3tcfjLTG2zicsFqP6Pf6RAVQl.jpg
157430,Secret Crush On You,/9bMl1oiBvANUgGifsZ2AkN8wo68.jpg
202593,Vikings: The Rise & Fall,/uVV3OKQ990fUZ7vX8u4mrcQoEQQ.jpg
95193,The Ciphers,/feVQc6vtTdOsrt8W4XXNBviRs71.jpg
112553,I Love a Mama's Boy,/Ajfso5BfiW3gzaKDsjIMxGKIZwU.jpg
100084,The Trouble with Maggie Cole,/yqV9ncfIdSAM4icd5RHfW91F3Ig.jpg
106768,Annoying Orange,/wZFgnLN6XRowyw3MjmT6hOlIGDt.jpg
42722,Mahoromatic,/dg46XFpzAm5CeZaOkdJ3bmean6p.jpg
208751,Yakuza Lover,/oSAOKfovsrefayA25usDyoObhYQ.jpg
95123,Mental,/izCEtqqajbfwN0QkT7EvaTLvQR3.jpg
65552,Produce 101,/1hJwKUpkCXTy6EfsiVdvO7mcVHC.jpg
2775,Tenko,/bKUNMcBpBb9VgbUK62h2OIgHzSN.jpg
210855,NOW WHAT,/89kiLK0S7Rbfjorvhm0vxTAgAH3.jpg
32377,Armored Trooper VOTOMS,/hYv6w515vwe3IowcvbPrk4R6ckl.jpg
215586,Brown and Friends,/c2mz9eIQXrwQRJgqVUnVOGK3wnH.jpg
72269,Date What is Love,/4ww3Xfan6BCUCGnOLAMbTwBcG4U.jpg
216819,Blueface & Chrisean: Crazy In Love,/x5zeXp0zbN1Xs37JQ4Ov8up5pLa.jpg
67868,The Mystic Nine,/u6Sw6vawU1jved4aBIDa3Ft9yIw.jpg
4332,Stanley,/5rJHn5sJMZQDMjoToe22KanXeTf.jpg
4354,The Protectors,/eLwQbEZNI1Y2Pc2Shg5iruH1H54.jpg
26815,Hello Anne: Before Green Gables,/Ae24Axetj86vfHXYbd4J0ifIB7d.jpg
99607,SF8,/zCWURXo7jsTgqG1kZciVM5KJQp.jpg
75117,Line Walker,/5WLV2KTrvVZ7PoUlap5eBoKxYEp.jpg
104516,Impractical Jokers: Dinner Party,/iTQEwNMdcN6Bsaop8r502FUVCgK.jpg
137530,911 Crisis Center,/hTHXuVjnP1DdhUYaMEASpCzIM4D.jpg
132922,Teenage Euthanasia,/f0g3CYX31s5LUAw882h6r4QbpeT.jpg
208249,Game of Witches,/9bTjPzX48VZGalKEBI6tiknUyLI.jpg
17524,Ruby & The Rockits,/snMXZecIkZZounjzwVIaX85fJj9.jpg
68696,Ressha Sentai ToQger,/yIWOrgqSiFtjHIpiKlkNMwfI1O.jpg
38910,King,/6rwzSvp7FP3zjKTbTH6o9eFB2gE.jpg
45043,Puberty Blues,/pltlaggxNXq5JmW7pzPYeN0ElM8.jpg
130791,Ultra Violet & Black Scorpion,/2PP02hNCldaz4ubFUDwqwUP7WlQ.jpg
67997,Koh-Lanta,/ixJpa9KUNOXceD07PnxRkEeCXBs.jpg
195313,Unicorn,/m8v3APBGhn4XRPjuSCQx5VvsESc.jpg
48455,The 101st Proposal,/hQFPgZkQJ6QJOPSfBUhKqdptc7q.jpg
57551,Bread and Soup and Cat Weather,/sm5E8gDW00xtWKUibzaww4ywlZB.jpg
84763,Little Coincidences,/8BxGr9gLlRGanvsD98I1nmXVhEK.jpg
215320,Numbers,/1aKjOBF9NReK7IQZDRngoQRBwMO.jpg
37753,One West Waikiki,/hWfaRBgQrJFFXwNytFoN3rvs8sx.jpg
223980,Aunty Donna's Coffee Cafe,/oMEfhhwgodOCuYbw1gOFfl0Ona2.jpg
169561,Mr. Unlucky Has No Choice but to Kiss!,/sOV54r4vXMWrWcDWcEn3cviBeXG.jpg
75182,The Meeting Place Cannot Be Changed,/pfzPMCnWbLsfQd1T5DDFP5OpE9v.jpg
12635,Brothers,/9mBJsdAXYbNdbNquwxu5AKzEnQ2.jpg
55878,Ben Fogle: New Lives In The Wild,/1DnBnl9q7W7RcZmDvVXuZv5nFSX.jpg
3435,Noah's Island,/mwgvqX9AuDdKam7DUOCetTcifCU.jpg
135200,Crime Puzzle,/rfJ6HuBdVEb8KLEVOiTw479LlDv.jpg
216562,Special Forces: World's Toughest Test,/utHIefqz4rxTh6JntqSOST8rroS.jpg
110334,The Reagans,/5M0rEx9Wvcz6kO03UWT6UmrgYGg.jpg
1812,Peep and the Big Wide World,/h57yV94qcZcoGf3BNQQUtQa8wvi.jpg
68151,Hunting Season,/83khviW6CA92AticO65mLHLuvc4.jpg
65767,Zero Punctuation,/b89KpP7yNObXJ3pIAg3RhbF8XBJ.jpg
64926,Me and Mrs Jones,/vkitFooxQSxQqd44C9nQra6vLGG.jpg
16088,Nemocnice na kraji města,/aE3n9DnqlrMvB5tOZU8gIw20Aer.jpg
87809,Stormester,/6AR1pEgAjPNOviellOXCKjkvOz9.jpg
37798,Mrs. Pepper Pot,/iNriQC7e0MPUjwlBRjkQ1nOubNk.jpg
64000,Tatlı Küçük Yalancılar,/euDiViLfAFygDMH4LTOQgwpBhvd.jpg
46076,"Crying Out Love, in the Center of the World",/xt6dVew8Dc3Z9ENXlJ4Fi8lUon9.jpg
92,The Famous Jett Jackson,/cfJNNsQXxbe6JvEQ6daGv8Y0r6K.jpg
204410,Baddies South,/ooJ5VymMEePle3Yrh2xf0Src6dF.jpg
104518,POKÉTOON,/sI9oq61ucu2zaeAsB9ktouAc4GF.jpg
75856,The Occult History of the Third Reich,/3wZzzXRpuHht2usdWazlZ6u5ELo.jpg
73616,"Ruy, the Little Cid",/p8ELu5eSDfqA1MrRHQ2DjSj0azV.jpg
136841,Salaryman's Club,/ioJBOA9WycKCWRMlbW7BgZB4iOK.jpg
37799,The Swiss Family Robinson: Flone of the Mysterious Island,/76ShAw0PXsnKoxMkugaYEyeTAA8.jpg
44049,Love it or List it Vancouver,/65mHqpyZng1YXUZMCZmoggWDK2t.jpg
74432,Shuriken Sentai Ninninger,/zdqFXkv5BV394xpv82QgqvCf0p1.jpg
32750,Lone Star,/iM6TGxPQLfLnU9l1O91Z5RfDI0q.jpg
113450,Voices of Fire,/NiwMyjt3ItX0VsP0S5YjPKhh0p.jpg
5068,Os Aspones,/72B0soUK9OzJ7a6d28BBhZExEiX.jpg
100251,Family Karma,/6nRsVily6AwE0iHonZMq2JVEXnK.jpg
78986,My Huckleberry Friends,/7eJWb7y6y1OChZ6GNlN7dqayyI3.jpg
45965,Zaytsev+1,/8vAwWzC9QKW0z58VXcLKlZpaSXs.jpg
71250,Band of Sisters,/j02hGxMHd5v4GNGzZHVXv4VnNtV.jpg
8158,Time Warp,/5QTyUZ2e3auDsVwTO6oWdzxVeoM.jpg
47923,Love Is In The Air,/tE0NV6zeSM2yLTbM2GMlgXTsvgN.jpg
60826,Dai Shogun - Great Revolution,/tsDz74RVqwvwpK8IdS5n4CpuWnA.jpg
5594,Battle B-Daman,/tfZvZ71KdBMdfa9SaDlxWMQqedn.jpg
79950,All or Nothing: New Zealand All Blacks,/uy3JYSAI81TQjXAhTzZ3nreXzP.jpg
47669,İntikam,/vPYtw6iAM1o4mlM8I78QPjH3RAR.jpg
83274,Legal V,/td7tNw83jkhgxf1mfe0HE6MEFt7.jpg
20794,Bayside Shakedown,/nwRvYbU19oduEdZI9p0QkGBLGMU.jpg
104584,Twogether,/jWb6hP5KQXv3DHDJz6QAo0gxQwY.jpg
66183,Camping,/yiYtYU5rqAppDyTGyHIBztvSVb7.jpg
5216,Rederiet,/p3ae3ZkzMgiWdxlwJMkBHhfLNN6.jpg
93647,Special 7: Special Crime Investigation Unit,/9mOQ5aM5tLHJcszNcuwBQXHOiSq.jpg
135896,"Alice, the Final Weapon",/9vgFlYUTtg2Xzx6TXiVFCpjUE8k.jpg
123820,Black Cinderella,/lfjRSejvfGkv5os7NFiGlIobrAy.jpg
43951,The Story of Perrine,/8U8Gc2xPS9b4AMNFuuIVEjg8ls5.jpg
96176,Worzel Gummidge,/toX05xLX06uEO0EwZKzYUvizgyB.jpg
50071,Ai-Mai-Mi,/1hVJnWV0ghfhN3TLKFUxkYn9S2i.jpg
220068,Have a Crush On You,/dJlzLrix9qFfQ6X57jDhVz91IDw.jpg
89779,Mind the Malhotras,/ewhXl71GK5Za1EWDephWxs42syY.jpg
100013,Black-out,/u7Rjhwiaj3WuMSf4uDDguRraksA.jpg
64559,Nightwatch,/2xVRRNcFv226vc8EAcrEhciVlmx.jpg
74457,7 Faces,/gpSBmZUKpAmfzEBlpmiv06dgIoT.jpg
60673,Project: S.E.R.A.,/47NGPbbgAKW1ZO4o4Kp3dPAkVRn.jpg
40107,Beaver Falls,/paw94wDwNdPquo5mRlp1ye1wLRW.jpg
68175,Băieți de oraș,/rvdwJfiGdHqTiGEI8ukLGmmm7FW.jpg
980,Trackdown,/n39XqrEQjKWSWGFZ7G6pZYBWI6T.jpg
114521,Handmade Love,/ghG4QGLbT7DKmh1YfL7wYGyGfQU.jpg
1048,The Colgate Comedy Hour,/oWvIOn94vgsrius8HYTreQgJtjp.jpg
13706,Dans une galaxie près de chez vous,/eCan91bSlSMmRmhXFcfK4AZIZDj.jpg
3256,All the Rivers Run,/gExcSqajAhTn5XI9uKgT7oqNpi8.jpg
3238,Juken Sentai Gekiranger,/5QPOclZyTfX9tX9E5N1dr769GQl.jpg
76546,Penguins: Spy in the Huddle,/jOeOUQvVI0MY9CjJcSbdPiPheHC.jpg
112703,Fearless Whispers,/oYZkFnR0BeWk8b3UuyqL1DPdXWt.jpg
34840,Eiken,/giohCfXtmSOL4z6H05tf8nMro0H.jpg
2306,The Man from Snowy River,/7Z5T7wyhLmz8jyb9APYdq3utMyp.jpg
213344,Springfloden,/a1vHYfCwZE3rQuacf8vUmx4lirz.jpg
61444,ANZAC Girls,/2Ua6qcY92ziH8dPkaOqL3zcTWyE.jpg
157188,Dodger,/MCKeKnxttu8tAZ08nqTpeGR3ZJ.jpg
61281,The Hotwives of Orlando,/nJCtT1aWvjNEVKqrqpPaTxnOpPq.jpg
1064,"Philip Marlowe, Private Eye",/a3DZX159G1Esl7CGZtABu2ZZnrD.jpg
223660,The Wheel of Time: Origins,/4LMvwHuBP7NKyUiMTpq4yY21s5T.jpg
10968,The Mind of the Married Man,/jR33orT1VU6EiCT2oqxhKP7J4DR.jpg
42902,KUROKAMI The Animation,/aVtrOJOQ6mRZrM0JuG83Aie41xc.jpg
34861,Kurozuka,/hez6h5LZxedDfzHHPu3iqj2Gm82.jpg
63951,Perfect Couple,/7iGcr3CzoP6G3fJVNivo17Kt5iN.jpg
34806,Needless,/ZzH3D46034BJ7n2lfhN4jDn4FV.jpg
137689,Bad Signal: The Series,/ze7dKejHQeoPdPIeP8Yx9ynVdY8.jpg
70207,Bad Romance,/z0MZsB4p4V1bUJN7eU3KlwtJTf9.jpg
69303,MasterChef Junior,/gg6YEtolm1JBWjqZtrFAYl8KD5I.jpg
225532,BTS EPISODE,/2yeHT3mzj3jzC91gTvfr3EZi8ch.jpg
43318,Chrome Shelled Regios,/np0kBS99x9jejKCfRvnSXzOAcOd.jpg
137895,The Center Seat: 55 Years of Star Trek,/sYlsE2W1g244E3O1RLJuSiFOMDL.jpg
4481,Hallo Spencer,/fCGtPt7BRrC8DKi8IsqHWBoGo6h.jpg
42501,Bodacious Space Pirates,/rqyWLgaCnhWNm6RMHYFrNviLWHU.jpg
71637,Greg News,/m2hpfYdeTa5uEDVPOSFFf1HMrLX.jpg
81700,Booba,/omnPz8NvgYDty6XsMA0YcA895CW.jpg
34023,What Soul Will You Deliver To God Bitch?,/qDirDBNI8MQfDcyY1O1LdTgKeIs.jpg
4484,Better Times,/jJqbOnd1nOYoWWolbtOBHXN1B9F.jpg
2054,The Royal,/x4YxZeQ7pGmaJVLzIQ784nzqDgX.jpg
63789,Late Night Restaurant,/jtDoIf0XmwTEzW7dzYVpDrrcNX3.jpg
64368,Sherlock Holmes,/kBIQheupuTU8iLr58jOruYnhV8Y.jpg
5932,Sordid Lives: The Series,/8nuwTbGfx21aLsAsBlygPJXxeSB.jpg
75332,Cold Blooded: The Clutter Family Murders,/vgeDuGaJY8ZfZOOBEbB0CWDMnz.jpg
99751,Forensic Files II,/lR9KaWM2IbWmDDM4WeNabzkZ40I.jpg
124131,Catfish UK,/aSUOcQlaMz71UldmH4JHoAmfxyg.jpg
210249,Digman!,/yt6yvFBpeWVaqowRqmeXmvU3IsT.jpg
74221,The Disappearance of Maura Murray,/oREzCCNTy5JgwzOBE0BlADby2Z.jpg
197706,Being a Hero,/wXb1VmDMGpCUHI3iqTJ4EpH7YsU.jpg
46451,The Killer Speaks,/kzMFAeWelaP7Qb1XOLjZdovqnhE.jpg
71734,Vermillion in My Fate,/8iOwGJnY59Hre6eAsQCDYhBfinx.jpg
80507,Kamenskaya,/3diMkJ08Nk7yjxiQiNZkWExRqbr.jpg
76503,TVF Bachelors,/udJ1ec7a6rFgx9ejouaGdO3rbKh.jpg
13872,Fall of Eagles,/gdswUIADseCtgxkicABaABgmoE8.jpg
64350,Beautiful Secret,/bU8oAlcz9vZvUpzk9vAzSu7wJc4.jpg
4458,Pop-Up Video,/6zjFJD2ZZPlg70ZADsb6N7coJNu.jpg
65155,Catherine Tate's Nan,/mw0G6FF2jHh7unfDjbi8ONGlOC.jpg
45893,Hidamari Sketch,/5WcsCnVyJ9TFemUxNTJaD6SxW4D.jpg
14201,Sense and Sensibility,/fAjue1bTpD8e8jELPXos7BchOcf.jpg
65017,Safety First,/ur4AEIxCoKEOuAAGb4IKKKivxwr.jpg
68055,Landlord Is in Puberty!,/z7GMEG7c6kbT9IvkKG9s7ve59DG.jpg
75676,Pompeii,/iHb66YMRbrECq2drVGdsSX3FkTk.jpg
71760,THE iDOLM@STER.KR,/z92d2CK4UZbjmDjYyH3lKpHpU43.jpg
156990,Unforgotten Night,/qg6Hmw0OzZr72qwz5TfDAowqLbG.jpg
80176,Mani,/fdEqveH0mIyZuDXxkI49k3Ns0Bz.jpg
77117,Maestros de la costura,/s4NxUiLUFyi2tfSWQN7h9OObrbQ.jpg
43070,Riverworld,/4Q1koRbQOwxwx48eYOeDhHxy97F.jpg
49525,Blue,/lvkDcuaJ4yMP8ExIcedBhc80sok.jpg
74087,Dies Irae,/2BBcjIigr2CVnx7NiLsXeZVWmvR.jpg
112102,Our Sister's Soulmate,/oXC6zr2OsEIHVxEbvinG2NnVWZv.jpg
67037,Final Fantasy: Legend of the Crystals,/uMNcK4LogNwJBE5ceTwt6i3uzL1.jpg
3707,Dr. Zitbag's Transylvania Pet Shop,/fqNPN5sEIYLFIxQhXJGCixGY5Qg.jpg
96326,R.O.D: Read or Die OVA,/n8OCeGOhBswo3F9v3gndcjK5odA.jpg
68032,Damned,/8mB3wVho7inKENYEOHX09CWkFOk.jpg
27196,Master of the Game,/aLriljVr5jxmGKM1LDyq88tIzk3.jpg
20112,Brain Powerd,/dGBQVJch6BrEG3LOnWvR0qjgJ2A.jpg
110979,Redemption,/rEUCfXQtTbDwNcXMmHpp593UUOT.jpg
80535,Island,/1jgcZ0GiHdxgokWY0GAA4PnFzrb.jpg
8862,Unwrapped,/eBczFgfRwVIPVCulTZUkBGE3ae2.jpg
123358,Mysterious Love,/iBA0uOwNrIeAbovPLYVcXBLiIGH.jpg
87037,This Giant Beast That is the Global Economy,/auWuc1sfGuAYYIWb0hdsVu2KoP5.jpg
82504,Groom,/dT2cFpGSc1sYK2ED3ZrrNQAKKd0.jpg
49294,"You're Being Summoned, Azazel-san",/gkulREswG2KJOP1GeKlydu2jPVc.jpg
66890,Supermax,/qlZat8PZQjTxz3lUSoh9eDO8FVM.jpg
70308,Rebel,/n2di9Hm4Lq7pG9HPmL9kkQGml3H.jpg
6324,Bruiser,/jAwRIetuGHGsy2eluOkogovxKX0.jpg
319,The Tony Danza Show,/6w7n6O6UNZKvL1liVFKYmTXFdNH.jpg
12081,Delightful Girl Choon-Hyang,/e3sDXd8BsIvEQncxCRRaf3ZR40I.jpg
210229,Pink Lie,/jmLj39flUKMfS2s4ScOWZuMytjY.jpg
65379,PLEASE LOVE ME!,/29FNiR9HqnrHgq5g2sfwIdQSsHU.jpg
68033,Rookie Agent Rouge,/agiOI14740y3FCgUrtX5wmWxzJ3.jpg
65117,Gentlemen & Gangsters,/xVVanaLvnv6klEUOT05vrMZ5aHY.jpg
65250,Lip Sync Battle UK,/tlpqBK1IpvQ4txYY6BKzEsTpEcG.jpg
48136,Kasia i Tomek,/dPox9Hr3ueMiZrlwkhdRgfN0uPN.jpg
124518,Deadhouse Dark,/yxuGE15uds6w0J8Q2knJjQ2O589.jpg
71770,Maltese: The Mafia Detective,/mElovuwmvayvgNk9fLfmnXd1pjL.jpg
33833,HBO First Look,/1R6pR4X5usNA7rPbt9q7a96S6HK.jpg
61794,Cain,/sR57VPV9FiHjXKkuAnZTbRHo25Z.jpg
13792,The Moomins,/4lMukCV39lBFwzbkjMBzD0wyQDw.jpg
209082,Nolly,/hEMAKlAI6G13CnfLs12XrcGp2Vb.jpg
87740,Lost Gold of World War II,/3jsTTxP1S86RBSvgFhPvBEgYPb7.jpg
217309,Love Never Lies: Poland,/pEW4RqkF3qHnklrwjB9u5FoYE9N.jpg
34521,Survivor South Africa,/djdZUEFoTTjuLM0afMGjOIyAn7e.jpg
92256,"Yes, Prime Minister",/tnntrCtDbDWnhi6OiDKtOBWlF5t.jpg
43390,Made in Jersey,/jEaUXRm6yjrEMLsG5IAlL5L2pcw.jpg
232215,Pokémon: Path to the Peak,/jd0cFRPxleRRCuWAkpwCeTtTtcC.jpg
87028,Great Men Academy,/ndPPDp2yQbrG1vreQKYDsdRcIqd.jpg
153621,5:32,/ip459kBQQEBRmwRqdIVHCuqzcRD.jpg
6307,The David Letterman Show,/ccai3QzxzKQdZnPR1g61Ze8ttsW.jpg
10299,Beverly Hills Teens,/3fG5N6yRIrz7PH1tp2NFK0bWdJq.jpg
2833,Return of the Saint,/xLvyW7eciPHJ0h0Yy9GpgncTEY8.jpg
2805,Soul Food,/pHfIP0C5F0Vh5th9ru3mxhC0Zqc.jpg
3524,The Westerner,/cWTni2PH6unZRMc9sFIEl2d9YGw.jpg
46357,Detentionaire,/bVX7vadsZNEfUzHXPkNbFdjfvk5.jpg
107333,World’s Toughest Race: Eco-Challenge Fiji,/wp1bmJl6ydUGnCVUItqP0oQ3ANc.jpg
36629,Tegami Bachi: Letter Bee,/lvt6QnxXExnQ0yC3kvqUVFHSTDe.jpg
2853,Jason King,/wTSMq9q69gq6T3YZXGNpMXgMFp8.jpg
59092,The Life We Lead,/bAMEDxY7mE7nR4hjABcApS5j4q8.jpg
46314,Zombie-Loan,/lcfubN14JxIFpUjtG03xdhp4GTQ.jpg
74239,The Russell Howard Hour,/yhhZyhYgLU79jx7mXlnv9kPmxWu.jpg
61506,New Neighbors,/9ypWGVShmCm92Kftkg2jiNFPfSs.jpg
194511,The Ghost Town Terror,/nE2XSq6uKwHcd8SmJUFTDguh8zQ.jpg
14225,Tre kronor,/7W6PdZZjHoBsjtZDWCOogAHeiSd.jpg
222598,LOL: Last One Laughing Argentina,/b3uIi7KVDvXz1Xhk8Ye5APyo0aS.jpg
58606,Bannertail: The Story of Gray Squirrel,/lNuq5gPw41xRMzfyl6y9CMB1Fsx.jpg
85425,Dear Heirs,/xDOUahrwEsgDlejXjZLc9lOljSx.jpg
135292,Tribe Nine,/fH9wo23VGzWIK0rHkEEbidWpK12.jpg
31172,The Beautiful Life: TBL,/3zsD2A9Zi4gpeVwIfyubVaGWN6C.jpg
13836,Supernatural,/pBDYeqPr9KiMjIzEXpRx3eF94EH.jpg
5294,Percy tårar,/eFUogSBsxuxBzj5EeIRKA7AHodB.jpg
1733,Maddigan's Quest,/cPpoHboPZk4qPvT5jjp0yuVq8n.jpg
61580,Tomorrow's Cantabile,/k61cFxlAUkYO8AQial1GklRVCjl.jpg
4010,Carpoolers,/tTqJSCPN0H2Azw75lBi6nTyp8eB.jpg
135325,All or Nothing: Toronto Maple Leafs,/nHTZ24v1DeaBs4CUSHl8HWi4fKm.jpg
19094,The Demon Headmaster,/p1PvMAsXgonghSV8RmXP6VRLpIX.jpg
45384,Love Strikes!,/oL7AlbzjNbXHVOwU9gV0Pcht92X.jpg
31929,The Legend of the Condor Heroes,/hY5E4q77Qdoq8OT1zF6Rf4LeRDr.jpg
135230,The Curse of Von Dutch: A Brand to Die For,/cIuleHGslnNMABGbHaKNp5Z3ae4.jpg
37306,If God Is Willing and da Creek Don't Rise,/58ylI2Q8sZcQjtVy5Ya2Rfv3e36.jpg
117264,Mocro Mafia: Zakaria,/xnUXGvS3fpIKcwU6KZMXuit36t.jpg
67459,The Stinky & Dirty Show,/nepw7xPqA6oiwhyh5YfhU5byLzL.jpg
46536,Cheongdam Dong Alice,/sC6CgEOQwB9Rzmkksv3x1hZ2bPH.jpg
125449,Here's My Plan,/sxkCu5HaylanNpDYRbZbn9svg74.jpg
68438,The Moonstone,/acH2H9svDXV1lust6vYCK95ULW8.jpg
8919,Witness to a Prosecution,/fbonuuEAxTjoPFXTonuDI4ZAcSr.jpg
107304,GAME ON: A Comedy Crossover Event,/r9DHpKaqxT8kLGtUP6KPiwQZMYy.jpg
153425,Screw,/wHGYdkcV8gLBi1TLVylyR4VUho.jpg
12168,Turbo Teen,/qtTLUNr1RRf51x1JHbAhISY9VsV.jpg
61528,HaNaYaMaTa,/oIL3HXECJTMxjbj6fLRDL07UJWm.jpg
36664,Lady Georgie,/nAyOUoBTavtCOTxn4hBp84twETZ.jpg
62970,Rick Steves' Europe,/slBdVxqcggV7vnFxm07vZjeNshJ.jpg
71638,Doctor Who Greatest Moments,/s3LHdXyBfsZQxNJwcCO7g2PoEg1.jpg
43319,Cinema Europe: The Other Hollywood,/7kfiRWfaea0TxPIe7NZfQZwagvE.jpg
105029,Fary: Hexagone,/eiNI7fUCEL4gMLQJO4BLyM4Ve24.jpg
95485,The Game: Towards Zero,/3OscnlpFQ0f4E1dIiYYDjASzyzI.jpg
78485,Isekai Izakaya: Japanese Food From Another World,/d1MPZO4DTmgVdsndnXZvD5Uhjnd.jpg
31777,Romantically Challenged,/g3CKt58FWZTQnoi10CD8zPqsmyI.jpg
94855,Dr. Driver,/rlXCE35YaTY8kaeBw3iCIG5tBLQ.jpg
10026,"Hey Vern, It's Ernest!",/8NQ6NcZiDEhfgitZUy1f5HXwGqj.jpg
71006,Hinako Note,/h5dev2xCgeJGvoLlf39mlSoqk2h.jpg
71612,Waves of Life,/bv4acjpEflNwyKNrwgEIMdxQHU2.jpg
35508,Reign: The Conqueror,/3ojGaczms0oztjf0xuOY1pEqxkk.jpg
5405,Pretty Guardian Sailor Moon,/jBbxU8Oajw492aRVyP3eectZ46J.jpg
103243,JJ Villard's Fairy Tales,/yHzV1Kwvz15iZCEhoeF6NlN9saF.jpg
50734,İffet,/2EjDeIl6DzlZmtlfnA08Ow3migZ.jpg
5052,Sooty & Co.,/p4zgPBre0GSSMGfoTxK5iB50ACR.jpg
155846,The Great Indian Murder,/ou4Dal2mFUwcHYC6lmf8SW00NzZ.jpg
128300,The Cry of the Butterflies,/fRA53hPBcgE679HzzUdpcjDUUJR.jpg
106227,Cross Fire,/yan0WCKsxBnd8g5cPimODygT87u.jpg
92379,Tiffany Haddish Presents: They Ready,/l5qyP6lDsHDGdLsSCHbCg8FvgxV.jpg
72525,THE REFLECTION,/A6lu63gmcN1UP6eq2MgqVHE8AXo.jpg
12220,Balls of Steel,/tR1E9hD53SX05eQz6uVsKcaIFf3.jpg
80588,Buried In The Backyard,/weDvKBlC9I3v2duSCf9DdMPmi4B.jpg
8012,Beethoven Virus,/b85a2S9yEkIKVSQKmiidkkoBXwA.jpg
450,Island at War,/g47UV12d7sPUxkSF1ARrsYDJhta.jpg
66406,Les Beaux Malaises,/y4uRtF8qVvxrJ0fMVsjigz2jxBs.jpg
4426,Ultraman Gaia,/vy3WvKpc3qev0AGQWLJBoaUIE4N.jpg
98562,Love Fraud,/84rb7mTBR3eVyozP5sOg4BTUIyE.jpg
2021,Up Pompeii!,/zrRmxQH2Gr2pX3DP2Lu7LC2cdjy.jpg
52823,Weekly Idol,/uZP58JwdBzCwPBh9h3ZbGsVKMAQ.jpg
64933,Hot Bench,/yBTQALxmu6r92lGiE1qgWGA8HXq.jpg
50720,Monstar,/lALxgajDhLpqHVm56CT4PhlbDvX.jpg
75990,Oltári csajok,/n3UDdKcQRyEmSLmPaubHqZNpeX.jpg
62299,Shine or Go Crazy,/wheCHdXIHgnwjaLU4UbXujiJcIu.jpg
66041,"From Today, It's My Turn!!",/eBFfKByCQIsHmnx6PawdfWUim70.jpg
70908,The Kennedys: After Camelot,/3Kmb5l5NPhvpJcHg1NypLnPYver.jpg
80846,The Destiny of White Snake,/2TdytshFau9Cjjas7M6thrMjb3s.jpg
3923,Longstreet,/iDVSEeVUtsZoDuUz3DXgTl6bCFJ.jpg
411,Beyond Westworld,/rseAYsyWtvwXGQSF02wJrXgFgcK.jpg
86162,Battle for Moscow,/zHQC6WcWeUu8ymkgykIFYzqx53n.jpg
93890,TAMAYOMI: The Baseball Girls,/aoTY6IXfNYxWBJyNPI792y6CpYW.jpg
209183,Better,/bVkFNpY3U1yFL8sjErs6cJ6gHJ7.jpg
4460,Richie Rich,/u1MM5ax4ffnY2j7zHjw597FHY5i.jpg
94294,Africa Salaryman,/tbFQtlcg04fKo54vGQnqy5PEvJP.jpg
126080,Home Invasion,/4n48mo56fVNWZzjAYDKKrO8Dyzu.jpg
56733,Profugos,/qS5LiIab40soDhO2s8IrklVaiuP.jpg
20113,Seven Little Monsters,/4ZhgOx3Y5OmuNthwRzHSx2IVUMj.jpg
87131,Warren,/80U8RCkeAG97ChcXgNRwaGK3wzZ.jpg
104303,The Machinery,/snuGRv2jknM5sWcdrk9ExC6RFyD.jpg
45226,The Tyrant Falls in Love,/s19DHkhFIdq9JxRyoShraELtNDn.jpg
80840,My Dead Ex,/r48kfX8Ne8xa3jpKveMYQhMA2LU.jpg
53241,Kliniki periptosi,/by3wp6B4QEIQBu5GQixNhV5VU5x.jpg
12297,The Sleepover Club,/2Cgrf4swMzEBdut1ctFUxxYFlFk.jpg
154901,Teppen!!!!!!!!!!!!!!! Laughing 'til You Cry,/mf0jybg4PyDUMy7fPMbNwJmNl04.jpg
125885,Lost: Missing Pieces,/nlkZa8Vqznf4P4AkFY1ObjUGapg.jpg
80561,Phantom in the Twilight,/svQgyQM9mnEeQC8KtbNvU6Bhs76.jpg
2462,Deal or No Deal,/YWi07sCxpENIJE6xqRP3QYBAzB.jpg
96371,Sakura Wars the Animation,/zQSP2rUuhSTs0eXF4V4Rqkxzl4T.jpg
74673,Bounty Hunters,/zByOScXiv9bjsjhHmt1sN1GidJF.jpg
67042,Miyuki-chan in Wonderland,/1RTC7vgIf9iueCN3oZFSyIPghEl.jpg
79513,In Search Of,/guYYnU8YbrDmyGBko9UVNX9AR1X.jpg
127332,Sunflower,/pnWtrlVsBWC68b10l8aPBLguTzB.jpg
90734,The Ben Shapiro Show,/uZBVeYYWqq5iWs1DVIMDQ3srp6m.jpg
4755,Lunch Queen,/duzNqEkoWkG2H5wW4HHAhP0N642.jpg
41756,Love Shuffle,/djaqvL4MkLiOXgcnhWUAjeprhDw.jpg
68785,Love of Sage,/bdHuSKK9ae8xYcX27edpP7nQ0X.jpg
201824,Shambles,/4LkhPcTQ6HboHaL4gL1wpp14AT7.jpg
117657,Astonishing X-Men,/kkpr7lhAmXfNTT4KsbMcHJ0GNyE.jpg
74,Fievel's American Tails,/msWEkhcsqi0gfrIIpOonKumOkkT.jpg
31216,The Lone Ranger,/fAfU6eQNPOOo48zOPOIrR0eG53u.jpg
86798,Kepler(s),/doA8N4VmzgKaIZvbfT6DO2Rbi4K.jpg
158913,Pedal to Metal,/7rW5ZP07VP0NMx26wwzcIRps6FJ.jpg
126423,Obama: In Pursuit of a More Perfect Union,/cx2oOEQHvNdrhTLdXrmoKzim2Xq.jpg
84055,Fate and Fury,/xa4aPIq1rf63puHs8g8B0bBpDJb.jpg
208832,Red Balloon,/exafE11UeeBZs9kQxnyH5YNQGiI.jpg
4762,Clarence,/zyfEXKaOnFiI2omRnrVPZ0RSdBI.jpg
84379,LEGO Masters,/tcsWEKMjmbV4HgFxuC0Sjii0gnN.jpg
20354,Killer Net,/7jgsNOq6wSYDrKvXFVazOYQhqft.jpg
2435,Is It Bill Bailey?,/4LXH7zSjrhRfhE7hd0Qbyp3VkWd.jpg
228739,Hack My Home,/zESgw1Q4vFHD6n0wqN3GraeaxTQ.jpg
3943,Grace & Favour,/3CViW46UI4PAgOE8pUk1dvOUkRy.jpg
152360,Passport to Freedom,/TcYdlnYx1EVKMYskazvhQoiTIZ.jpg
92634,Sunnyside,/pvnTGNaLKO7vpSLoGoUt38HYLcY.jpg
96312,Cubicles,/vfjIBMXJK8rmvJ3SrAInlhM7v5e.jpg
3064,Thirty Cases of Major Zema,/qcA7FAtRYWQKFZwmlz8KNQ4JxfD.jpg
99789,High Guardian Spice,/nvoh9WP3DXEV7xlwF7VGaoTgKeM.jpg
61630,Party Down South,/v5REbWJCb6HgRumSawQuwueiIeh.jpg
113440,Be With You,/vv48WBi4TziwamYSEHxQ1is1TcH.jpg
3723,Denji Sentai Megaranger,/gKtYenCKKsf69xDPXDIpdpt9iT2.jpg
122123,No Boundary,/t855spSGAnpegvH2k3Cfp2oyogG.jpg
42676,s-CRY-ed,/qjTNWCwl1fZuYjkJMHg4kYNUpPF.jpg
1394,Ninja Sentai Kakuranger,/zxInqzS33cyk9Af2m9ftfi6cMQS.jpg
120470,The Legend of Heroes: Trails of Cold Steel - Northern War,/cAtZjluWUGDHXSTrnLFOKkkIYHi.jpg
82063,My Only One,/QYGAyKsmldEUxyJWOGZcknE0zo.jpg
8700,Unfair,/fHLhLihzZsRYQG3k8ubNia4hvAc.jpg
62655,Raskens,/gX0kQCOjG4ss5m5D73etRrsJQ2p.jpg
67054,Ange Vierge,/4ZrS6g3H6fKr6gG9d7JZRbpxGtg.jpg
13349,Yogi's Treasure Hunt,/c81gXIRVen8zGkOmavdUiRnKxVy.jpg
74916,Wacky Races,/rgmUxN8vPB4WvvWKEhEpWs8SR9D.jpg
62077,The Jack and Triumph Show,/t5ucaWt5M4YoSWxSbfcN0nKJ1Gb.jpg
12011,The Visitor,/tlJR5IMAp4eZC66H8VoeSAXxPmp.jpg
123810,Joe vs Carole,/cmqA84Zgb698myAgzbtKq8IdYJH.jpg
203734,Canada's Drag Race: Canada vs The World,/kWRFSWZC6RdtF1xhbfnM6jTH5F8.jpg
79099,REA(L)OVE,/tAoojc2D7glvJmJ3SSf8IJ8F7Z4.jpg
68484,Crane Game Girls,/y4MiFFG5cmWnYO19nsRIQEjjrz1.jpg
22367,The Mr. Magoo Show,/2652b0e6GMozmm0vvqQrkk8YoBL.jpg
123357,The Pogmentary: Born Ready,/ctYibpqs05F2hnAdVKtgVnbbhlN.jpg
63308,Last,/lIEn86019c7wxZreNzsTrNEDAPm.jpg
61326,"Play It Again, Dick",/ce0R1aYMDJz0uhRyVBtMbKus5DX.jpg
72534,Memories of Love,/1AJd1GDChBsWGlc0vGBaa5nS0xH.jpg
97863,The Hidden Kingdoms of China,/zplt0LTuSHI7k9CvzFEUnG35enM.jpg
70183,La Stagiaire,/sK4ZAAb59ZaCkiIW6JkGI1LMcjp.jpg
70936,Hot Girl,/qlrgyWccho6WILOMbWOj1iKGLUL.jpg
10870,Random! Cartoons,/p9SB4LFvDEXy8UxYoAKKebG80OO.jpg
1776,Flavor of Love,/n3MuUDvrjkgyl6bUODTslZMgl32.jpg
5478,Celebrity Family Feud,/i48RozKXmmwl6Z3uqlNdJC7rA3I.jpg
105034,Rhyme Time Town,/k2eRTQDUg2OkYao3Po6Rydlm7JF.jpg
53726,Mashiroiro Symphony: The Color of Lovers,/hWCJ6cfEglN7elvABd52WnCu7o6.jpg
10385,Vincent,/xxPlwmMh4H0eb7AgGio6qzPxHBg.jpg
65859,Primal Survivor,/9ads443OJ7I5ukfs0z46O7LfiC8.jpg
49564,CSI: Crime Scene Talks,/bsOKrhIu9jaG9ZAJ1xURw71a2Yx.jpg
57778,Red Data Girl,/kYq76MlEark6BQoU3BRKaJwOpl3.jpg
96376,Hebe,/bm2lhjTwx924r7VW8V7qvEkZA2t.jpg
2598,Dancing on Ice,/el97jvNC9QEkjmfdTW7NbX4x2k9.jpg
115690,Trailer Park Boys: JAIL,/jwsaD6KGCIOkF3vMOrSVL4ytd2a.jpg
5569,Sisters,/duZxXwdBUGbdipgz63s5qI68VrR.jpg
128237,Legend of Mana -The Teardrop Crystal-,/7ls6XvZQqrGgbaJRw6ulsJVzfi3.jpg
16869,Special Squad,/7g2lkhCUtNCIN6tFK5JqdOLTKPJ.jpg
461,Tots TV,/7nIkN6pdlMgu9zbyOuZ3GIqtVQv.jpg
43060,Heimat II: A Chronicle of a Generation,/w65CvnnkSlNvCAyzYmRJNrvKNGP.jpg
223528,Big Beasts,/eEMIcClPqbBoiZanXLCSIVJJxDW.jpg
60748,Gap Dong,/mlZ37WoiTlxjpGGsT7Z8CdUEL9B.jpg
125156,Dystopia,/eWBzRJ5MuW7BdupmStyMLWj8wre.jpg
62291,Ultimate Airport Dubai,/bjKzQoPs4M5AOGTRFKAse6mMEA4.jpg
154165,The Kings of Napa,/cUb5hpR3qAFekLN3oQpougs6bvk.jpg
5484,The Beiderbecke Tapes,/xviCefnca5cj1pduLfNBy4CMxWo.jpg
4487,Models Inc.,/6PEsHQiJ5xFdpyMrnoV7hqblrR2.jpg
42694,Di Gi Charat,/bjiYTjrSSxDu7NZUT4OHEbxcvvI.jpg
83792,In Family We Trust,/3Iap8oJ4nZTlj82YBcYeJlYh1lK.jpg
81183,Sacred Lies,/ecdmiokFSOE5erqqcwDG2iEkIIW.jpg
28223,NieA Under 7,/aINB40Si5rIXVGn8swwtiFM9j0r.jpg
79484,Moonshine and Valentine,/vf0Mb2ec5GLr5dxYEYyURlmTh8J.jpg
70193,Ms. Perfect,/x1JCjFNTjuQgDDzSBUbBRmbPMhU.jpg
6060,Kyunki... Saas Bhi Kabhi Bahu Thi...,/dfthWcPV9G4zMjAWUhyVZXlXN2.jpg
62916,Ambitious Women,/lohscDSlBScXyEWoNT90S3QL7fi.jpg
155590,The Journey,/i7HlYaJaOOKSDWjIwq2ZkAaC8kb.jpg
80455,Legend of Yun Xi,/6n14aCvU7GRA9DTp84hjcGUgwnV.jpg
114300,Outlier,/zHGq50JLVXEEDpr5qD6oGLxkySj.jpg
13368,Clark and Michael,/egmgGT2374ufwgAY504BkxxlAn7.jpg
46759,My Big Big Friend,/36O35c7L3fPKD1FQiQm5EmLzU4y.jpg
68652,Deep,/eql8EpZNs8Orxd8Add4tl5DLyHP.jpg
7734,Police Interceptors,/kPnLaoZt59EQeW29slssrviDIAu.jpg
68681,Black Widows,/1K5E2LT0oKYLYMrqK36zNZMr6ry.jpg
53981,Sarah,/5bhoirUhjKNFQRongaPwuRIkB2m.jpg
31136,Hi My Sweetheart,/zqqtZXlXwOjsDyeMt1TwY7F1GGz.jpg
90347,The Flatey Enigma,/n3z2zpTEUSRH88IJMzfJtv5z9OD.jpg
4788,Cover Up,/g8WfEecQXm0sjJZKlvg5r7sBmiL.jpg
94083,"Beautiful Love, Wonderful Life",/aXlXQDiXxWcvACcWXCBI5rVARbO.jpg
61176,Heroes of Cosplay,/1VHSZWmnivAzyphwpqFkwlk7jGX.jpg
12947,The Flintstone Comedy Show,/fXJV61A9N4nbN9b1K5ZYFuCUWVG.jpg
95391,Mad About You,/2fHMyyIYxxO7z1691XNBPHhJfdj.jpg
104617,Julie and the phantoms,/qpxx79BdPO8nHCzhvaSHL6hXnh.jpg
92424,Inside,/vzMDOcDv60kkuXSWt0F7uusGn8l.jpg
92166,Search for Second Earth,/uOZ4Yxm3Kx0xAR9UzqZP0jDHJo.jpg
34216,Blassreiter,/v4jPxBJEdl17MxnRlZLcxbmlnmJ.jpg
62911,Nobunaga Concerto,/pWK0aJMgMRGOFU7qiqoBUMTF0hx.jpg
69410,Shitamachi Rocket,/AsIIraM0fCMh7iJY1sSPZ5THTmf.jpg
17381,I Survived...,/fKWJrZoVrbVbJswAAwX0i11bpjZ.jpg
80793,Crime Patrol,/b32uFHiqw2Dv5aBlryM6YGwYaSK.jpg
58938,Docventures,/3XpQDuoY9S6KYqjdleI6ZhPb7hL.jpg
66036,WWE Ride Along,/9urtQDFXzQe9sDavGvenRjk08jh.jpg
707,Boomtown,/ua9e1VJKoii5uAMLpzl6DLcdoR4.jpg
94046,Cheyenne & Lola,/gJkRm3DrapLwcm5QYYjjqqXvZ2M.jpg
1859,Jack & Bobby,/j9c1B1kNjwwygyROGivb4xcuppF.jpg
110595,Little Mix: The Search,/a2FSnDNx4IMDF44WWLudr2tthPn.jpg
89381,Boy For Rent,/gYlWu7ZxnVlpQaw0bUA0xj0AQkl.jpg
224386,Downey's Dream Cars,/kKMBM31PDCFg6pCesVSsTG5nL5J.jpg
4963,Judge John Deed,/ltAeTRyVxmWeU4G0vTZZtulNFSJ.jpg
216797,Live to Lead,/cCx6k6maI4RnCDyIAu3TLiNE3vB.jpg
69535,Heart of the City,/l2JQrUQEiHmOJfAiDqTl6LZyYdr.jpg
45301,Couples Therapy,/ol6ZMFexFpHIn6BopZLuJRfJZg0.jpg
62998,Donnie Loves Jenny,/w0j9FgtbUMgbh5v4qUMAzRsZbjl.jpg
126402,Legends of the Hidden Temple,/2skx7PcNejId3HOqbWKkdDwP1oq.jpg
120383,A Woman's Fate,/enaIAPc86XhgjvZTNxRFf6Tr6eL.jpg
62997,Dr. Jeff: Rocky Mountain Vet,/rd33VJBRckNoKDVdFAGua2wu4Ap.jpg
70122,Adaptation,/zPEjxty9oGVjBPnLTsOOkMwYgOO.jpg
42419,Sket Dance,/wYMBMX3s6X3aCTifAIrLRxR5A3f.jpg
3209,Clifford's Puppy Days,/h5REf46SdHvO03FJPQsE3iGYWAl.jpg
83524,The New Nurses,/tbFkjvJLaRBk3EgdwMAsVfa6MkJ.jpg
139474,Run The Burbs,/jvQWJ2oYGdxoTOCBVn1X3nAb8Nu.jpg
73146,I Am Your King: The Series,/o9gUL2f4Bcc4UfS3uULqh9lk6Fn.jpg
70555,Under Military Law,/xddq2DjbndsMK5UMJPUv7lWtNCm.jpg
104669,Whispers,/pK8TaagJN5QOtX7qmhlqn7Uuel8.jpg
92426,Deep Water,/6WmHTpRCY0yKRgtxVvmT4B3g1eE.jpg
111820,Hammarvik,/5TxSc13KKRnyiKXJJohIA8GYGi8.jpg
5610,Ciao Darwin,/aiNTO4z3ElcG7GrJvicxLg8ABKu.jpg
40195,Mysteries of Lisbon,/eztFmnCHqWYanq8BB99XI8XtD7B.jpg
154672,Ghost Hunters: TAPS Returns,/s5viBqTOFtRPPEfiinRPDqTp6In.jpg
63858,Kaçak,/n0OEMc1agvM5EnZy9EMqzzo08YY.jpg
107075,Matter of Respect,/s7o1cYAABDFuHWf7GXNHtUV8M6t.jpg
70923,Rakshasa Street,/h52JLVCrMofAV6tKjVHhK3uhrAN.jpg
12888,Italian Bride,/zvx0SUXUaXpDAq9sm5MQMdonxGm.jpg
84980,MÄR: Märchen Awakens Romance,/8GCxSybC4X4nKPT2qZPTow30D2H.jpg
129536,Eden: Untamed Planet,/hseMXrM5YOPguCRiVjY4hcCRcs4.jpg
80402,Legend of the Three Caballeros,/289sp4yd303R477Ji9MoWgVOFQD.jpg
195497,Aziza's Choir,/c1B5AtWnOPsw7iRMB4chWxngEhA.jpg
47134,Agatha Christie's Great Detectives Poirot and Marple,/1x08X6mTFIFg5TGYHbnAptQ7n3r.jpg
222155,Entrapped,/9ypKFk6WExtggl0HMIXMIlaFvEA.jpg
80463,Mr. TONEGAWA Middle Management Blues,/4wSWVBPK6SYnUMjKjXPKN79aFFJ.jpg
206693,My Dearest,/kQHrXBjmt50Taj3EG7mCzb2C88q.jpg
197072,Good Job,/zb9wRawwh5TQxk1moyj7kpttLCJ.jpg
121558,The Sweet Blood,/xcRRizdTjz7y8ttBZHNdvSzK2YF.jpg
30188,WWE Heat,/cBu92h3lAwwSn7DHqzbQQh82ag9.jpg
25355,The Completely Mental Misadventures of Ed Grimley,/1FuAjPAQltwVQamJ7VBXHNnpyvo.jpg
14183,Couple or Trouble,/rSqJM2s7zvqEwvOduE6aCyeV5Wz.jpg
7404,The Mole,/dmnT9QGvODH5RBlRYs4A3ztEMGU.jpg
153630,I Literally Just Told You,/k0JGWnoUis90Q5vYHZtpQaAi8zn.jpg
73590,The Poison Tree,/1iNZcY2vb1kiwVfPMu7K9nVMc0C.jpg
157576,Louis Theroux's Forbidden America,/i6CO5IhUx2i0pYQfkeUPEZ3kDq4.jpg
207368,Bad Behaviour,/oWHMZ8aluWP7yxV1bRelgGznwqJ.jpg
214646,The Tetris Murders,/qc4njG2bqKBG9tPzinN1fu3ZJ2W.jpg
45088,Tamayura: Hitotose,/nvZUtQOb2DDry4G5UOH6sNGCtGA.jpg
65518,The Adventures of the Electronic,/oTirPHlqh2TDmT7dsqeOfHXtmR.jpg
79499,The Witching Season,/rZ7lWlFPc0KpobY1P4WI66DM3XW.jpg
131561,"The Way Down: God, Greed, and the Cult of Gwen Shamblin",/uOr6OoVh9Q7REqLvD8ISy9mGLdj.jpg
69957,The Girl's Speech,/9f9EToSHfUmhg18l2WnOLEv7guo.jpg
12916,The Littlest Hobo,/1isavkRSz7F0RDrkQ4LHgyfKfMh.jpg
195931,Battle Kitty,/Askif8sipMKNXDfelOFuKdnYHPv.jpg
9074,The Smell of Reeves and Mortimer,/yfBKGTcxQQoOukUl0qyLfDTNGIj.jpg
88146,The Legend of White Snake,/1ZYBRDnpgMcDI3h5ZovCRS2NJvX.jpg
33955,Pound Puppies,/qRRfKjKtYsVeEZkBmfYLYo2PEAc.jpg
104313,Cursed Days,/eVhzB3EcxQsbh9LMpx0BmN60Z2r.jpg
86007,Sins of the Fathers,/qtEJLch7Vu9AMDhixK8nvN52Iui.jpg
139161,"A Herbivorous Dragon of 5,000 Years Gets Unfairly Villainized",/5JPmC1VafZLSj3Ee3hOEQrbX8DL.jpg
5646,Ultraman Mebius,/v19lPIh9qGwEc6OHVJdpwlaxOyI.jpg
88506,Night Warriors: Darkstalkers' Revenge,/hpsfsNN1yQDF4LClxHFZqg3Fq4U.jpg
57255,Just You,/pKvs7KXuvpVIaWKsgBerNlbiq1K.jpg
66674,Stanotte a...,/koqLMKCqEdUZurkYDEiwExYYxVY.jpg
73560,Memory Love,/xEIqyhtUWQ50HjMvaQNYAYtWogO.jpg
88762,Reminders,/4v1F0tuxEOpxir5HBoslrH2oBZ0.jpg
73551,Survivor,/iYImTZpxVxhMMB8y90ZMJxFFkQs.jpg
1628,The Mary Whitehouse Experience,/zJ9pSurWEiMYhGdQLNyzgHPJRax.jpg
57828,Chickens,/2RSv1J2iaLFU07W9044GIU8XbS1.jpg
69916,Ancient X-Files,/hDDPooOGUWR8Z77I0ebtwqtdYXc.jpg
214651,The Dreaming Boy Is a Realist,/85EoiGOOG58oP9HlvxiWjvgkMNR.jpg
65052,To Catch a Smuggler,/54w5jqX3hDTMM4xXLdBPWtvk5ke.jpg
195966,RWBY: Ice Queendom,/vG14o43Bb4zrhDeURQIyht5JALO.jpg
169572,Silverpoint,/i5iY5D0qtZDIaHy6JSdbUHU8jzf.jpg
68163,Princess of Lan Ling King,/mLcPePYUH7g8Xk62ahwACdkV4eO.jpg
93495,Kandagawa Jet Girls,/qVUjq1VlKfZQPZMaSZnmPgkoRKG.jpg
128020,The Gypsy Bride,/i5dE5ndiFfGxGVkSdW29jbTdulj.jpg
78842,Forged in Fire: Knife or Death,/giLlh6pvMwqJR4jpdai6OuNPwV6.jpg
73908,Kim Kong,/mujcvuPCRKudxEeI0wQKppclRs3.jpg
9983,Bridezillas,/7ZWHHOQNWwQscNDVV5Yy0ZT3jA3.jpg
95619,Unpolished,/lE1vOQ3tYt6V6QGqHzFTpXcP50l.jpg
116586,Minning Town,/1efbkbW9xPYLeI309bidsWivuBj.jpg
114183,Bogdan Boner: Egzorcysta,/8ed6ObDGwIPRQPvtoFLHgBKlmUU.jpg
33909,Lorry,/8hedBPUWx9rwgY7SWHeQmmyogIF.jpg
2561,Parkinson,/phA5ekvjXbMezLw9xZmrwfLwruc.jpg
62159,Manuel on the Island of Wonders,/gSWTUcT46N3AVKtzRpvxNUUPtl4.jpg
65617,Choco Bank,/y5BZ4bjllGUqzMXrBhGNDXePwrE.jpg
80706,Adventures of Captain Vrungel,/5hmZ4UpnI0w5LsCoHiZdWGYdfa9.jpg
203701,Arcane: Bridging the Rift,/oGLsDE1zshsB773KarGX8FsXP0h.jpg
123160,"Murder, They Hope",/rvxq9Uc56S8ZFb3VzSq9DYVrRnV.jpg
10515,Here Come the Brides,/PySJZ1Vng1lyEb6n97ZuFALzjh.jpg
6498,The Adventures of Black Beauty,/6qe5mPiAr0cxWrlmbhsTGkmlIzX.jpg
96914,Healin' Good♡Precure,/bw592IpjOLC4QNitCRAyA7KMgxx.jpg
87859,Buddy vs. Duff,/42xxy2VJHhXqp1ZPm2ZZeT93DWm.jpg
87807,Home,/bxrVYJLPRxJkTYVfo24bq7cfI8m.jpg
44729,The Chaser,/wVRsdidwrpTFcbwM4JRxdBItn6w.jpg
65472,How I Became a Russian,/84IDYQ3GLd4nStcG4HmXsq8uqwl.jpg
71102,The Noble Detective,/6KTrtoE3WFZyTBXvkGSORFgIqbx.jpg
82864,UzaMaid!,/p5REikGOs6Gxhx3dx8aExV6QsQh.jpg
223430,The Secrets of Hillsong,/nEQUKQ4R8gkQ1Tlah52pkCuGhYd.jpg
82835,ANNE+,/3mlJXXunjkBpYxVlk0brMny87bv.jpg
1613,Otherworld,/rywdQUwMgkX46v1mT9UZ5F3fmmX.jpg
65002,Deadtime Stories,/DiSWSRKf4x6aWVfYbewdj4dkpk.jpg
32896,The Cat in the Hat Knows a Lot About That!,/97qKiavvmvpYNBR8mhH5e5YVOTw.jpg
68057,Novoland: The Castle in the Sky,/2JNheidGnIxsuqNzpKhrOF4ZUcQ.jpg
17340,The Street,/uZIKRmmirXOayzMTabEPd6zKBiW.jpg
114992,Big Timber,/fpDWnKOcFDSlqH8AHUfLtSEdEiq.jpg
208146,180 Degree Longitude Passes Through Us,/7RQfrUdLGuDwWbGy1St56uYejPz.jpg
46791,Graveyard Carz,/xkLE9Kv1WvctL0LYRXuvpjvwF07.jpg
218953,The Night Manager,/1anVoLwguecmFqsNx0Ic8cIzmuW.jpg
67510,The Full Throttle Girl,/i2LdrklAeJhTZHsRLzvNNZ6oERM.jpg
3242,The Adam and Joe Show,/aS2jzEek4K8W1r7H0ddiTmbuG5O.jpg
119154,SEQALU: Formosa 1867,/iH1Oau5aaIsGBAtBaqkx4mZJVwX.jpg
224035,Dance Brothers,/855MsZTPvlSETzSYwvl5aSrijIY.jpg
220492,Dam,/qaw1RvLDEHPEQB7KEuuupUGY5O1.jpg
67781,Woman with a Suitcase,/fxJ9MDqooHAuLGpRdcWXiCZIuhC.jpg
46077,Yae's Sakura,/oDbztAeR3GRaPVh5JAHb0RIOKRZ.jpg
70429,Romance Full of Life,/iJ5IbJLzzxQ1VAQKRVONGjvoN6y.jpg
1165,Rebus,/quXSK0nqneQ0fIgvDfW9EK0Txfy.jpg
214070,The Monastery,/d9d4PJzfkrEF8wB9uQVFOR9RmA6.jpg
65957,Battery,/g97x8EbKyCcCgY64mL0enBouXfX.jpg
41320,Wallenberg: A Hero's Story,/p2zmNs6xbUXojUMz1pbbC5Tlrk9.jpg
64180,WITS Academy,/e82oIcgij0XKVS4d8N3SoB4yCg8.jpg
42425,Asura Cryin',/2aPuDNtfDRSTsZznGXRNwrc4gSi.jpg
4704,Harry & Paul,/7uBPMjtnOh2SOnakujvGgqcexDB.jpg
70998,Souryo to Majiwaru Shikiyoku no Yoru ni...,/ueI9EeoRdMVa7hWEm21nQEU8Zv3.jpg
68990,12 Years Promise,/q9SGNZEzf4qQl9NsLGLxbO2htfI.jpg
26769,Cat Soup Theater,/5V6o4IO3APP0I4DLMLuv0glMf7.jpg
41603,L'onore e il rispetto,/hXn7hS4koTWas2Z0MCCheqN7ENq.jpg
90834,Human Discoveries,/177boqKzyy6DPay1sOYQfbmmMCH.jpg
213073,Good People,/2CVafdiX4IpmMyYVoLenp9BLeiF.jpg
1040,Let's Make a Deal,/kBFj1GF5sEXrq3OMTKnIi0s53fz.jpg
225072,Takeshi's Castle Japan,/n4Yeff1QRH6YbAXMXbsnIVp0Qrq.jpg
95405,The Republic,/zuqIlBJtQxCtYMcdFUGgNSJmD36.jpg
31490,The Smothers Brothers Comedy Hour,/zs8TAOF0hqVDrKB1CVkh41Jg3GA.jpg
77516,The Lawyer,/vWh7jfPgTpN2J2JmKLNjSdeOydT.jpg
128167,She Was Pretty,/mXvBLXsEnNxHvxFsAnLNPzpiegI.jpg
73101,MasterChef,/86TMU2JYnBvd4rnJkEio8ne5teB.jpg
91502,South Side,/xUQ5ApXjd1sHAyZfsuZAN7wokzq.jpg
220561,All the Liquors,/fHzb5kfekz59iByCzFjP5PfAAT7.jpg
138396,Special Ops 1.5: The Himmat Story,/pViCHSdhElKfnq9WPfiStZxfO2s.jpg
75950,Texas Metal,/alg0sEARpm0QODOdNDi2RP9Sm2V.jpg
61538,Wonder Momo,/oj1aiarK3Y95k1YvdG5IfD9qD0B.jpg
93027,Honour,/r1mBGsgC2tfJ484UdBK9IcsQM8o.jpg
20117,Woof!,/1bTLgtMBCfyk2C8tIRbcSisYatl.jpg
99495,Kkondae Intern,/3qanR3LoxUHE3EsynrRA5oozOAr.jpg
70984,Novo Mundo,/zcevG4iwVe2D26G8gMxR6kUdAGC.jpg
197294,Taiwan Crime Stories,/aAruJgIiauzZXhxvRUm8IyoQq9.jpg
69144,MythBusters: The Search,/usYmB5a78tdiohfbuaWp84VwzRx.jpg
69051,Best Lover,/yn0MIfncUAtJoOOFpgmLKTJxNWC.jpg
62482,Being: Liverpool,/f2nPYsFJ9Eni7WB1pRDDnjTtaLW.jpg
77354,Black Beauty,/yOhSTFIgiUBZSFjDaA9Lkwn7Xen.jpg
58141,Farma,/xuscOJcoS9vMAKFgdiaDtypFg3y.jpg
44181,Brazil with Michael Palin,/69Q0Mu9LI8pzdKA2BPhd9vqICjL.jpg
34978,Let's Stay Together,/1Dozn5lkM5THbVz9Z3g4xZBQ8IT.jpg
12173,Verbotene Liebe,/nO6PgeFkvsNN3PsE9xHSzqwCgNC.jpg
74583,The Great War: The People's Story,/c5D2RD5f4hk7ojkwzb2PSMiL7AG.jpg
67141,"The $100,000 Pyramid",/q4M2OYBvyDgmmSCKgj5PgbFBY1y.jpg
96650,The Adventures of Paddington,/lli5jDJzs3neBgwe2iP6qOOm4G7.jpg
45607,The Bannen Way,/zbAeJZ0QJLRRRhWcWcbIxSMKNlX.jpg
23023,The Buccaneers,/AbdJg42cyKWqfVm8B3fwdilabtK.jpg
10315,This Is Your Life,/ot1iWBTekpduO2q6TFto7zj2hf.jpg
78112,Christiane Amanpour: Sex & Love Around the World,/3uEwdABHqEL7GvOnvnqqmTtgsvz.jpg
83114,Axios,/lONMfKRAeIACU8luTLcfiAg4BO0.jpg
45665,The Amazing Race Australia,/MY5XtXBDKVsr8yCR631OHIS17a.jpg
75096,Murphy's Law of Love,/pq6djlczKow0pNU2e6oBcGkee00.jpg
107463,Blades of the Guardians,/ck4VbauqthkMldF661byC693ify.jpg
4999,Bob and Margaret,/A59OJ6Q7E0CKnly9hcZxlap6D5r.jpg
43221,Finding Your Roots,/AwB5G1O1Ojd8iAbbaGPgXR6LTQF.jpg
77287,The Good Witch,/kquxcZ8Nz5XcqnlxN67cKEpgTVm.jpg
59679,Fatal Vows,/Hx7pD9L2etQkOcKW6V6NjCXiRL.jpg
19348,Chiquititas,/kPOINWhhUOz4AxZAronEsffxhQ5.jpg
155714,Lincoln's Dilemma,/d2SlpNduCz8Kxh6Z84Ws899KTlZ.jpg
69173,Oddbods (Shorts),/6DkseP0FAzsqGS80rPxAMXIWBMN.jpg
87732,Will Smith's Bucket List,/8FAd59PHpLzIjMQDk3AIrmEQB0K.jpg
2094,Class of 3000,/hU8S5Ulp08jnsdodiOcxicsMhu8.jpg
110390,Royal Nirvana Special,/cbaBwCpQ8pBRK6j7gSNo2Tllz2c.jpg
10466,At Home with the Braithwaites,/7faubYsTpCM9IknYC45GF71vEa3.jpg
71704,Red Balloon,/7HZbp2D5hdm70tCd3eg5SAywdQp.jpg
87955,Two Broke Girls,/bWFqOzI61zf8zP7bEgWxpgzJjR6.jpg
202770,Smile of the Arsnotoria the Animation,/ye8FMo4GmsfkN1f1CS0UUYFAOzR.jpg
66784,To Tell the Truth,/v4GTvwZ90Er0xGx9fGK3XMLHsAD.jpg
57066,Soviet Storm: WW2 in the East,/16sLVtnkvZIb3Y96GQBIU1OHsjX.jpg
28502,White Album,/u6Grq2AKqzvTQTbpG6uhHTvi5Qf.jpg
67485,The Gentlemen of Wolgyesu Tailor Shop,/o0zX6sJtW1XrvsdNwHm99TBzw85.jpg
57421,Ihmebantu,/g5U95YsdxYgemaPxB2neNMXTJVz.jpg
157514,Life After Death with Tyler Henry,/6BSuTI1Xe2HmbIxS6c1uKQHsQmU.jpg
91343,Oda Cinnamon Nobunaga,/OwV2Uogjh7bhNI2IIzycrIeFCB.jpg
67477,My Little Princess,/dF50P7UDtfMSw2J9WwbBmFgPANj.jpg
220372,Sam: A Saxon,/zUnor1KuGGtQfa4bAKGympgy7fK.jpg
73766,İnadına Aşk,/gnsNXjv4GLpuTaWsr0Rpp2xF0VO.jpg
202246,How to Screw It All Up,/haLytkfNteZO9k925IL7EMBbvcW.jpg
66212,iUmor,/iDZT14Mwaervy2RBAKdDqivU2lG.jpg
41386,Mouk,/vjIL4X8RBwJFoNJW8227uvIadTc.jpg
196220,Level 1 Demon Lord & One Room Hero,/u6YOhBnWSgvsr3iS8asoeAJwlnb.jpg
19166,Report to Heaven,/4VP9z1mnnuFXGJJRG2tlCLU3hwM.jpg
19406,The Story of India,/4I0VTpiXPtC3jO6p8X6hJPF3vKy.jpg
8019,Upin & Ipin,/nLN1FeKf57M6dU2fHVVusOmIH3O.jpg
17780,King,/tD71a5wWJqLFuCOXdnBP5uD5kFc.jpg
66586,Dov'è Mario?,/fBGfs0v5u3rAchPQoTW16w7qikS.jpg
1581,ECW on TNN,/3e6woA8qrhSEqN1bSQwQbc54mjN.jpg
69057,Cain's Father,/fgcd66DVp27XCLoset2lSfHPFhO.jpg
157932,Eternally Confused and Eager for Love,/ae73rDfVc8gKLXybi68roaZK9Hz.jpg
96997,Yanxi Palace: Princess Adventures,/o0om9B4XsytX2C5T45vE9jD61nf.jpg
245547,Blackshore,/9iGqOX3CiSm0s6udKiTd09R3li5.jpg
98993,Cherish the Day,/ws5GlJcfyXSYoxz1FhSgO5FaAzq.jpg
42954,Welcome to Irabu's Office,/g2ywT0f5CBQGAetctsTz1nWKqMm.jpg
91390,American Ninja Warrior Junior,/iLQKVYuoOFGWIHTNUMZvMJY99Q2.jpg
15244,The Written Off,/2oAJirPQSNQc7lm8qX2lhLxuI5U.jpg
60966,Celebrity Wife Swap,/ugpLswpvJPGUIhCrAyYWKFnlfcS.jpg
126753,The Behaviorist,/rsCGVWASyxOFIAErOB5zCaLk8SS.jpg
101243,Oh My Baby,/83H0ji4wWHVngwQ1EdxhwHZymvq.jpg
15603,The Storks Will Return,/iKitwg1MNGPWTmU1ZsM2HASUQI5.jpg
157879,"3 Seconds Later, He Turned into a Beast",/9LnfZfpFEYsOP3THUz1uszExGyf.jpg
26051,Ghost Story,/qJHLiAWFv77qHwLt6kvcPoexrut.jpg
204869,Hush,/hO5fNwb819dRwAS6XjDSNbgvP1D.jpg
73379,Maggie & Bianca Fashion Friends,/cW0D1lq30zu4Q0OSa6DpRz4Ipyy.jpg
21455,My Uncle Napoleon,/8ymA0rAAJrR3GCSl6n9X16pYIj3.jpg
246483,Maamla Legal Hai,/f8j3YA7WnpaQnIWgHiDOvbbwwf3.jpg
1866,Miracles,/oYsqYfsCkln1zpHJUWSn2MsznIM.jpg
84593,"Coffee, Do Me a Favor",/ncIosc7t2tTvZ8sqWDUbuIE57sr.jpg
111934,Passengers,/ubb9A6kFd3685EexLtdKyJgNsnB.jpg
83708,Stellar Transformation,/wO6shWL61T0rl79m3nCaKgs8uLb.jpg
1556,Dog Bites Man,/liCXq3GVQpRdd5UxXRhVll2Vnwf.jpg
91587,Null & Peta,/kGu6uY7GHKzYVHexCkAVyKPSfR1.jpg
27511,GMTV,/peQ3blnogd6YXfjqPJOwMx1yOVK.jpg
5912,This American Life,/4nRPVf2hNeEarPqZI4ziSve2KaO.jpg
196251,Shadowverse Flame,/5AsCtDXCdfwl4s9ZjLvqyLYXXpP.jpg
1595,The Crocodile Hunter Diaries,/kXFUzzvSVYpkqLcmpBk4l245v0n.jpg
34755,Astro Fighter Sunred,/iFH1tkrw8kb3ZhVHnBWBU2Xbg2O.jpg
3996,The Starlost,/nBOH0b1KhF0KTAZL4ST7pXcU1cI.jpg
69137,Julie's Greenroom,/o1FQBTHlHEhZ4RbkT1SRyH9t10w.jpg
119148,Bombay Begums,/v90D18LBN6oJgOrwlSoIG17e8X.jpg
72959,The Third Twin,/osGcGV4HA1pP4kuZXRMTmOslIYj.jpg
99064,El Palmar de Troya,/3gn88VHFnc6MUHt3AbLRqyfLo0g.jpg
68695,Doubutsu Sentai Zyuohger,/v7EHJ7p4DgdbFmpCPphB4WjJ7Bz.jpg
13092,Ghost Stories,/4HNyGCe5xg1lBa18szDx1qKWoCx.jpg
121908,2020,/jXCnwFZKnZ9RBEUYLloC30OXwBv.jpg
4675,Christy,/oDkG0hve6OfiSjIpVC6hvoCJCjO.jpg
210003,Are You Safe?,/qLPfSF8AbJ1p8wACVD5YOLd4QwV.jpg
17112,Globo Repórter,/uzV2FfVWOlhwSugeaevrrvdiZ7p.jpg
72205,Ramadan Kareem,/7Jf41xhmvknplNZyJU5A8bW4qJ1.jpg
115145,Imperfect: The Series,/eV4sSiqhQsW1dqNuqgyuyll0Bzw.jpg
31162,Beauty's Rival in Palace,/mGjXTznuYQgKgHkqGm521i3Qrk7.jpg
87463,High School Girls,/339Whz6cvEmsyBAcuqv2wtGLVUH.jpg
137527,Undercover Underage,/8lktYalfayc0l2zLJIPHpOIVCre.jpg
125481,The Last Hour,/s98DaCdeIdB7QKvwLbWmKDN9toy.jpg
87384,Idol × Warrior Miracle Tunes!,/tQMGRvHfwtmQy1bGb0v7IOYvmYc.jpg
214996,Battle for Happiness,/edzkG2WeTteDZ4SJ4ohyjszkOmQ.jpg
89777,L.O.R.D. Critical World,/bZLlSAeDUY8hZ62c97R5ztVKIXJ.jpg
61814,Spy,/db7LL5jALH2AxcVmD6d2hsLMJRk.jpg
209505,Mavro Rodo,/5AnWY9onA6a8GJZuDLeeQohh2PG.jpg
69453,Koro Sensei Quest!,/dZlQUneXi0x5Fu8FvAVS1wi6sJ4.jpg
100347,Celebrity IOU,/bcJhQ7dLRSXqwDF9hLOG5nfTf9E.jpg
33883,Ramsay's Best Restaurant,/qocPlM9Pc9xveI5cwNN41II7Ynz.jpg
135570,Vertinsky,/m0zXDTkYQpwRWg1SCF1ofWcY52j.jpg
76366,Sveta From the Other World,/peDOqFgDNozWC3iLmXCJRoupIlc.jpg
10487,Wait Till Your Father Gets Home,/s8knAztesMuM7ftR8jh0tlbOIci.jpg
61665,Great Selection Taxi,/84r4tKJduDLeY9qP5UeEw3t6rlj.jpg
82740,"Jang Geum, Oh My Grandma",/tW1fRla4ItN9NJb2ap6lBJAxPSM.jpg
35931,The Secret of the Sahara,/1omQunZK6bAZJxU0oPA3r1Mzbct.jpg
80579,Karenjit Kaur: The Untold Story of Sunny Leone,/2wnHWFLc6JGukOA2rYqvcAUVzHE.jpg
93906,InterNYET: A History Of The Russian Internet,/bZdeczUCajrrK7MFf20TiQZiy0I.jpg
67983,It's Only TV,/vr2FEqnOVaWn0Og0s9b4t8HM1fx.jpg
11216,Once a Thief,/3ux8Masy15hwt4wVfKoGp0fUywR.jpg
9575,Freaky Stories,/gdMz7BAmBmv5ACRtEQGrLAVrpt1.jpg
116634,School Police,/gQThEj6QEzV2HvesVfpDn50QF8E.jpg
76249,St. Maik,/tiomAo48BroiM0Ng4LqrduibcZg.jpg
139301,Selling Tampa,/okYu24m3j0GqI8yxdaIhSRpKu51.jpg
35554,Zipang,/8rLfrkhxG91Q659gD7m1jDqKeKv.jpg
133637,Among the Stars,/l8EoArDMQdCi18e9quLqTrTILnu.jpg
158333,The Big Conn,/kscD2rbZ3bfriGSylsclRHayDXF.jpg
136787,Blackport,/aUWftMIimlzLNagVtdEVSHmvRc4.jpg
61544,Bride of the Century,/9qNQdpaGm0ruDIZC8S4MfF6Uw7z.jpg
92097,Dollar,/p74z4ajmXiHnoWJnlMiubNu9oDG.jpg
10442,Yo Yogi!,/aDzIG5tEqkwHrkejEK5ovJmeR11.jpg
108159,Hungry Ghosts,/hVCgPUa3erqloRrYdhnWgKGAHsk.jpg
90628,"Accident, Suicide or Murder",/1MgZjQzWSIiIlKNIQrr0uxQEfUa.jpg
89425,L'Instit,/t7h8OKTWfmdoTKJpzMi3uFnXAoG.jpg
72547,Manhole,/rcdCzVj0My6eyeOhlTbjAkC6F5p.jpg
55853,The Bat Man of Shanghai,/immBsD4mW9cVFzM5XFKuqCsnIbG.jpg
128273,You Were Never Alone,/mZ7QsKl0RyiwJCfQr3KkEWParhD.jpg
62625,Granite Flats,/v8F7SitvRjWU4puDIZ0eb9ycXC6.jpg
21595,From the Lips to the Heart,/kUjFdkF1PK5fTO9dAtCAeY0H2tr.jpg
137194,Shine Post,/qz0CWswDNsSsBkHjkcT6a98zo2e.jpg
78072,Meme Review,/A14XwGnZUUVyXK8gofH6i67ODOq.jpg
109000,Izzy's Koala World,/6rsZXpoLkZ64nfXJ2py6ZksRUwc.jpg
214986,Wicked City,/znyQIrMfvLjj5A8rx0J4JFlYZGy.jpg
18010,The Cisco Kid,/8unUybmhNFHs3dXI4EbatJDC4e4.jpg
91780,The Hunting,/zCXFvE3Q6u6lWR9kcGds48mhJSC.jpg
74580,The Eleven,/9rXteP5CPLHCjObU9WIBzWvVrOv.jpg
58394,Shaolin Wuzang,/1mQBVwvm1GJyDnBRVZo1AdOFnCw.jpg
14163,Parking Wars,/3ziivK0dq6KnZZ9qNArq4MY8PBT.jpg
12447,Climax!,/fO9xn3sIVQHs5ap4gUnQ4AacONE.jpg
4903,Kahaani Ghar Ghar Kii,/vNJ3Llu6wHAIgVJ6PJos2tBQBVB.jpg
46802,Odisseia,/uAoidJLISTG0nB9vp9xM9YTFVgO.jpg
74106,The Big Boss,/3Jng0eRCGYvffmhK1YRfUyWKUUZ.jpg
73139,My Mr. Mermaid,/4I2gGISeowOl83H1MzbA5hlw1W8.jpg
77444,River Flows To You,/pyRaS6hXFwhF6ZZm3juFeeEnPWv.jpg
74501,The Jellies,/7WqtVGBtV1WzxVMTANZVRuvjm5r.jpg
1336,Square Pegs,/wpeeHM2khn5gzUkj8AtRVVcXqXW.jpg
205683,Chibiverse,/sfLdBGHL0qsIqP7IsuMxgTYA890.jpg
75227,Khaani,/iJgahmVRiy7zxLXzqjzpt2R0HVI.jpg
206799,Dark Gathering,/4fSzalgBWLC52TGPGn91tNBoO0m.jpg
45042,Family Tools,/kTcFN0hS3JQI74XOEA5Z2lMuxQF.jpg
80519,Каменская - 3,/zZxTw8Zq0Amte1MImSkJiBlXZgf.jpg
135387,Oh Hell,/o0EI6nLIOEnOLsAw9g0mNO6CV2v.jpg
81016,Stepmom and Daughter Blues,/iPpcZUkcUrjSrYbmInPL17YfiLv.jpg
152451,Queen Stars Brazil,/pFnxtbrxSBehdU6Dj7CfQoZpQe8.jpg
79510,Roommates,/jNIVzRB5dVPVr5uXxf2pfi78fvy.jpg
78717,In Contempt,/A5yMexH4btpEA6on9jWD4kDnBK1.jpg
48736,Blood Relatives,/2yFsCCtUuQx5ybA9zG6f3Xkomb9.jpg
13511,Genesis Climber MOSPEADA,/qUIValr0RVGjKflidAN6W0X8WZU.jpg
7579,Sitting Ducks,/tb0GgR7tg55elyoIQqSQEP0qWMu.jpg
30904,BrzydUla,/kI2lHqOtiqLBan14i24sad6xYLu.jpg
64029,Open Heart,/A9SMeFlbPWRraeFAnyXlbOkRtlt.jpg
2267,headLand,/szRaQagWDeT3wRE7StjnqN2iKSe.jpg
25708,Cosmo Warrior Zero,/gwasRZKCE11hS5FT1uTlRXYQxG9.jpg
32138,Mister Maker,/8iI2OOWiEGS0tOzxUJSa6H8vgCf.jpg
15780,Flower Shop Without a Rose,/3zCxKTHaWfCDDoxCSds28LUi0g4.jpg
551,Supercar,/1p8435p1O4A0B9lIobNHRVGJFfM.jpg
50069,The Freckled Boy,/4T1CvnjnBDcGKvHUjTYp9W6a5Yg.jpg
130112,"""Deji"" Meets Girl",/iUelX1DqtgTDYvlsK3TzWcbn2Hb.jpg
71061,Rush to the Dead Summer,/80pZJrv3ZLp4a1XIV3XI8hWjZaS.jpg
11802,True Life,/7mYqGQQPLo5W0ZfJqocDw3N7uWr.jpg
36523,Poor Sisters Story,/vgzRbyaUkemyndhyouWRmrf8TeE.jpg
10862,Wish Kid,/mJAO2P2x0MSvYkL0uZ5i6AlWrKE.jpg
70306,I'm Taking the Day Off,/r8fM4f19zEMFRtZ6krkEuE4HWP1.jpg
101149,Malory Towers,/rRvLrcSyLF2PZ0Y5mY6PB3gUthi.jpg
67276,On the Way to the Airport,/1Ld2gAR8lNACNQLEWocgGdnimrN.jpg
87660,Other Parents,/ljrvWD2X4RasQ8RRQcMQt41yluL.jpg
203423,The Challenge: USA,/eloBMzG3bdzRnnXfE9gRJfIXZNM.jpg
118570,Supervillain: The Making of Tekashi 6ix9ine,/9oqNsuspnnXZKpWHU9i55OLTVbB.jpg
1536,Student Bodies,/wCn6TMDCM1mGztIFPuSK0VLc85V.jpg
70030,The Glory of Tang Dynasty,/snIzMXyo9pzNRxA0PaXm20GAwyV.jpg
113716,A Perfect Family,/e71NAQYwD7JUfNqDhMV5AdITiRP.jpg
194495,Date with Destiny,/2XrZwNhWCNqtduTsyEc9xOpEaRy.jpg
10612,Dick Turpin,/ry4bprlxuXiNOeFiIiJNRU1ZOl7.jpg
85265,Besa,/aNn4Nis3e80ZxAQdkUNeVaqSG9E.jpg
4412,Love Monkey,/v7LxXX1mEK26dAJP15ASyUmIynb.jpg
16385,Victorian Farm,/rETRg8WvKDXsLTi6a5JQX57qM1c.jpg
111475,Glub-Glub,/v6mb486ulsy3ioTOUtzjy5zyBgX.jpg
216391,THE IDOLM@STER CINDERELLA GIRLS U149,/lAMjJGd1Ojwkw7MGj7fWLClzo7q.jpg
90822,Aruanas,/yrwUIJh8ojOlfkuRhxeXx79NCQg.jpg
156422,Everything You Love,/lX6Emud0mnwtimtXsrHil8XYrdy.jpg
108952,Dr. Ramune: Mysterious Disease Specialist,/tjo8oPb6lE8mLUm5oFDwI0OQa7H.jpg
90483,Feather Flies to the Sky,/eCdV52t56PQvtOtSASRvfx2tnaA.jpg
95775,Nate Is Late,/aSaKt3B72LzT2WvKOzC3bGKCGzD.jpg
202723,Trixie Motel,/bSWbrbwuG1JeT9ywqpQqqbXpoTP.jpg
18345,My Boys,/yB4hsQyUOPabIh8MWI64wb0kIF6.jpg
63101,A New Leaf,/l1bh3i49OhOp2OxKcSANT1sW6QV.jpg
45467,Ally of Justice,/yOKPW55YxoXhk1P2czaSDQfgYMi.jpg
6518,100 Deeds for Eddie McDowd,/jSkC921dcN2QicV61OdFbu8GAGT.jpg
70178,Cyborg 009: Call of Justice,/8t5yepzi0zTi2l38P6iNIz2bgnq.jpg
37720,Laid,/fqH7BJB3BbkAWlwC6BrfQYe8mRi.jpg
60293,Special Affairs Team TEN,/n0IDQhUW7Y8oLbTkm50TFaPBoZj.jpg
72182,Big Pacific,/lHqn1BNlI8MJoWV3bNNakEhk2GC.jpg
104396,Rock Story,/5vDYYbuKGe7g84nEcuCqvCMSc8A.jpg
4168,LAX,/5HmOdV6gMNOp6kIVXjTFfWxRe93.jpg
23540,Sinatra,/x9f8W01WGQX7oCeu7WdQjrzA2EH.jpg
95782,Buried Secrets of The Bible With Albert Lin,/n4O7OkMcVo9iKTtKAzTyfZ3KDwe.jpg
77962,Dinotrux: Supercharged,/dVrcJjoaS7WgoBO3Pgle8ZcoXiN.jpg
65483,The Dragon Syndrome,/hw0Hj7f25MnQRNzyIItU1BMyLwa.jpg
157411,Recipes for Love and Murder,/a7VNnp3DPb47KQ7pg5GJn9RVLG8.jpg
8799,Gakuen Heaven,/yb4S7Z2XoKZ15ikgueqw3ljCU4a.jpg
56400,Underemployed,/ueUpVkxUdgKS9YxLycvweDXxmk7.jpg
73192,The History of Comedy,/p2MI3u8LgM2xQNCTpTZTKiSgdUX.jpg
29875,The Factory,/w0IL054fqCGjYSjjIleg6bGkQh3.jpg
81810,Naji Attallah's Squad,/k4V1ENbI8xVWfhIp7HkWTMw4AJp.jpg
75415,Galileo,/diwwxmW87Mv47UkA2YQ0MliRlON.jpg
8638,Carry On Laughing,/wcEcGhWHSoSOIiqO3yuuJXObEHe.jpg
5347,Ultimate Factories,/mkAIa0mMowtKZFrh8wSHIqNZb56.jpg
72976,Heart Signal,/x15neeMjTYwwnzspAw7S8RMYSqq.jpg
230952,Laughing on the Inside,/A4dlv2PzrMNeM4bgzamcvK3bWlf.jpg
65877,Party Over Here,/o7Xc3cZ1Akn4HLaSbGeCFrbgxqu.jpg
99493,Sweet Munchies,/nPVxUVnGf6jTqoHik14YreBDPQj.jpg
21086,Animal Mechanicals,/nmLKVSUnhM4AYTY5vevJDHrY97a.jpg
72706,Fugitive Boys,/x3C6Jy4sYuphADD69bpGcN5VHW4.jpg
87615,Mother of Mine,/aHedQeHh9B3owkAr78USZpK4POK.jpg
100732,Bhaukaal,/AtJ3wC0GhROcelqE8RNM5j4vgNj.jpg
60773,Wildest Islands,/sNwKovHMR5pRI4MrPHDqgGEZC7r.jpg
24667,Shadow Star Narutaru,/u2jsO9G2ogcfUSToyL4OqmeWCTR.jpg
210793,Filthy Envy,/xZ4YjPaYkv57PpwtU8u1EsSkQHV.jpg
64095,Bevergem,/tHiiXw8rjqRd6n7XMKCOaToun8f.jpg
94642,VIP,/3rE36NHVhFDLBOBN9IqWNXwYghF.jpg
129793,Presumed Guilty,/pfD09I6FFrcdzdNtPoIoB5pr3HT.jpg
223601,IRL: In Real Love,/hi0Noo1NRCViAtCqfvmdaQqfXil.jpg
30898,Clash of the Gods,/2lGDJsAGMxMAhzpuw6Ym6H3ZFAa.jpg
1057,K-9 and Company,/pWYYxj7US5fzx3aO9TAb5ajNmkg.jpg
4645,Mother at Fourteen,/ooQ7OlcifQRgQFKkF8Rn4gj9pe2.jpg
113574,Unseen,/wyQLlFSJn5M0u6OkhNuZ4ftiQQT.jpg
14098,Canterbury Tales,/lR94BoaKMzZxQJwLxtvfi83PFCL.jpg
223572,SisterS,/4fzh5sEcTnFhXeL8vTRFPT5cwxa.jpg
86074,Somewhere Only We Know,/4vw0TAVjewOJQg5As5e6d2jYMEB.jpg
1980,Do Not Adjust Your Set,/tbTfyPzuuUSO08LeYdFWja6Vffj.jpg
85966,It Was Fun Last Night,/qE9EjYrWExA4XJUPbDqZJyVBdBs.jpg
28574,Kidnapped,/1y5mh5SmQ61GyexxNDJIKbyTmTd.jpg
3661,Team Galaxy,/kpe6H1dVfVA8Qf9Q6DytG8SG7wj.jpg
75395,Amethyst: Princess of Gemworld,/ri0PaQhMEVs78tLvCNkHv2bUww9.jpg
43325,The Rag Nymph,/tPM9NAtGqU44HedVpneVzQ1rKst.jpg
205382,The Deadly Affair,/p9nFWS1vypgfxFSD8haGZNYC8hy.jpg
111615,The Blooms at Ruyi Pavilion,/52soqXDrvFuYqedy2yBVb9o89Ji.jpg
207004,Destined,/w9qxGcmroBrYqUS6nyDn8M2BoZb.jpg
68322,Veni Vidi Vici,/7h0ssGXTB5y9Fm7Wv7aIed48s4i.jpg
14446,Rock of Love with Bret Michaels,/zLDLktrp6l295yYpjAYwWXmQZlZ.jpg
3924,Randall & Hopkirk (Deceased),/uHFmYMRTb6pQYwY6PrbsUWNziV3.jpg
120907,Earth Moods,/80If1P5jHpEdUPN0GRfosCIHccn.jpg
19488,Forbidden Science,/4gnIj7JZiTEh0AKmIqsegOsIDnZ.jpg
80018,Suno Chanda,/p1yorViYBw5wdpToXfZReivdEri.jpg
4362,Solo,/oVHe3Niyt0NCtFr9YqSQ5AxcOkI.jpg
82828,Himote House: A Share House of Super Psychic Girls,/y9cW9C4tB8v9bgMIeqUJG9TADla.jpg
37529,Nabari no Ou,/sVfb84opLuGQrAuS2EqE8QJ7zcB.jpg
83303,When Time Stopped,/sylpb3aPtDkBKuyYLCPidaXq9o5.jpg
11515,The Defenders,/g4QCPffsJqElwCu8f1JvvuaRVsc.jpg
123725,Yeşilçam,/aZc6TRH9jQe0swUcVAk1lx8OAEe.jpg
231858,Misfortune,/tuA0rHwN3OEzapXSjsSoYt42dJ6.jpg
117406,Ingmar Bergman Complete,/lAOdIKwFK1PGqvtzYAPYkaaEiae.jpg
14031,Dog Eat Dog,/nNmDIPBh0x5pB48x599ntAroO2n.jpg
87901,Il silenzio dell'acqua,/jfx3DvzmwK5X87HdOnf9gqvxtVi.jpg
68667,In Flanders Fields,/iK159PMc05jdWBqy80awXJy3Sf9.jpg
78159,The Teacher,/cLtaxwhStM7I4qEogUasjcnSjar.jpg
98929,The Ship of Theseus,/639Bew9z4ixDDoo4m7pJu3S7JOi.jpg
37885,Kottan ermittelt,/uMvMmAYmoEPuMAVCZzLxTUqG8ld.jpg
74186,THE iDOLM@STER Side M,/ss5xyuQWeND2RlAJpJ0BqUEKzef.jpg
71668,Battle of Changsha,/cumBJyPVdjy0c6a2DGLc7z4ZSvP.jpg
45657,A Dog of Flanders,/pgEUQ69pbSTAnOejwFkz7rXo1sC.jpg
107625,Million Dollar Beach House,/8KBCCv9OK2RLvYyrAxkHIsM7mrL.jpg
207752,Young Actors' Retreat,/gatesptGOGoFjrH1dUIrxz9nyw5.jpg
16881,Pojken med guldbyxorna,/viLi0OiWe9ADVyxI3m1SqsurwzY.jpg
15841,The New Adventures of Zorro,/dlvNNxM6T72YIjig4Hrm6kosS65.jpg
42443,The Growing Pains of Adrian Mole,/dT7Qtapsdtyln9fp8PXoboP6AWf.jpg
107120,One Perfect Shot,/lI7POMOEwU8qxh0upzu0nG1OdZx.jpg
6092,The Beiderbecke Affair,/12Ya8jn5CwuSBz9OF7FY6xpHQy7.jpg
71856,Flip or Flop Vegas,/2U25wTbmrz361sT4mLWGRe8cN6O.jpg
52028,Dokter Tinus,/Aqqc7ib8KnsVV29f3B6EwrJ2eIw.jpg
2000,Ratz,/MOuP7Ofm7zWaBC6cinQlKVh1JM.jpg
39996,Sea Wolf,/kH7gowjleSWS4Ql69NN9kAmOAX7.jpg
49123,A Town Like Alice,/kJcNzMyTxbURhccLbqSNF0EUUZe.jpg
73005,Terra Formars: Bugs-2 2599,/xhNSKyHXCqDrdg4HI49hRG9DiSF.jpg
94181,Agries Melisses,/klyEn63r54TziUXXmfgjNChXM9w.jpg
127916,Cat People,/QKJS4ZQSXNxtW2bokqWxnZdQfB.jpg
12977,Albert The Fifth Musketeer,/y79lOFqQO8kTNcIYLihW40W3d3G.jpg
84367,BuzzFeed Unsolved: Sports Conspiracies,/lRErHGv0DZh02iEx9DCpSwdOobS.jpg
72520,A Predator in a Skirt,/5o2TArFnXPzBvLdH97AOnJCfwW0.jpg
1743,Skyland,/9ipYWlcbYG455bK1FpdHlCtkgKw.jpg
68957,Clouds of War,/181BbOfctBreR1ASGiTWxgckYA9.jpg
12612,Roary the Racing Car,/k3tiL0hjA9ROQJedFjYB3YF3qAU.jpg
68046,Nature Cat,/fNjiDb37HydqazzGpriSfFaIKlv.jpg
116106,American Detective with Lt. Joe Kenda,/1GCwJul9fmAKvLFtnhAt7gnnasq.jpg
34139,Earl and Fairy,/duJi04hN0Xt198TKHPK2FCZOYc0.jpg
36836,Zakuro,/wzZwwIl9ICpMCk6ADhsJsAJKDHB.jpg
215336,Autodefensa,/jBN0zpT7m2yH7YcBU7kFDP1SvX6.jpg
63851,Boy Meets Girl,/cWtSCF9JfJES6xvZHzaXJsqH9JF.jpg
86066,A Story to Read When You First Fall in Love,/wX7cVm7xoHqSZyui1GsZ1pIZsSy.jpg
57320,The Good and the Bad News,/c3nF5d6SmHDfnfOFg6YKxVVzD0Y.jpg
72737,18if,/gvKKFv5aIYSAyRY0lCmcYvHqIsN.jpg
66642,Atomic Puppet,/pOvuvIsT1Lw7T4t5zgyppaPC3sA.jpg
157255,Why Women Love,/jzBscjJvsw8WD0UI0MaWBcDqEwy.jpg
46797,Killer Girl K,/8STPAXimT5H8QPIGDU7hnj1qkvv.jpg
75009,Blazing Transfer Students,/1GM9H5JEbkhrsiSOupx7nHWVonP.jpg
124576,Can I Make Your Ears Happy in 180 Seconds?,/t2PMWSyGD3GEYaTHqMAFWAx6b6p.jpg
131899,Labyrinth of Flames,/AgJv8ZE57qzX7xeZRrJXkU5oK95.jpg
28315,The Invisible Man,/lWfSnaC5OlpqNtWPA5HLlY1e9qP.jpg
79840,Kiss Me Again,/gThVpVvI6t8C2ix1cX54hnkzFyX.jpg
128979,Love After Divorce,/k9DexQGVaCjWATLXl7wfddvYyjP.jpg
63272,World's Most Dangerous Roads,/fTBhxL3pMBvG5J8RluMiumiZ79r.jpg
109172,Sherlock: The Russian Chronicles,/hYwM1YSqA25lwYUrJRrjmIEHNro.jpg
71284,Faculty of Philology,/p6Ec1kLviJDJToRNk8NktWmBqQw.jpg
87175,A Love Story,/xNWLqpcuHpSAppdaHTPOTVeMy7S.jpg
82819,Weakest Beast,/7cvG7DZiM2D8cvB2W7NHWk2Eb4I.jpg
214163,609 Bedtime Story,/zUiyZ9IHILJeAMqdomP4MhwP3hz.jpg
196592,The Real Housewives of Dubai,/nnxeqbqvKlvO6XrT5bzhv1yq05Q.jpg
67492,The Files of Young Kindaichi Neo,/nQQ4nDLaHwQlugBTYngT8WuoxyX.jpg
202432,Everything I Know About Love,/wxR3Yskt1Lc2lXRmxMK8YrzmbKs.jpg
57036,Electromagnetic Girlfriend,/dTifR1ZSxu6wZbzChjUCYDoSZPA.jpg
221949,Chashni,/qz3mN7SCTVskkDIBwceV4FXv2VC.jpg
31153,The Forsyte Saga,/ySCovGk1BBi3gv5dTV1kU05O0J.jpg
82820,Roast Battle,/4serIw4VKafcaA31ovZgGcvUPKH.jpg
89335,Onzoshi Boys,/bomwj8c65hYOlaIftYXggtS3SMo.jpg
93196,Çocuk,/9uiC8P3bKVzNqyTN6kJuozJvF5h.jpg
34318,Nick Swardson's Pretend Time,/zsqONIQTLw2w0BSyogCMpi1IiCm.jpg
81913,Cleo & Cuquin,/3C1rt8mSL1jvafiSOIXx9MDmV0O.jpg
83073,"Shuudengo, Capsule Hotel de, Joushi ni Binetsu Tsutawaru Yoru.",/ogANREOg2iRnI9J1hHX6rE19v0P.jpg
11636,What? Where? When?,/lfx8c33g7OrsVjtEpg7R1gWR09T.jpg
82904,Gato Fedorento: Série Fonseca,/zkgga2ZAGL2CeWFpyl8ATWjlcyM.jpg
66046,Mystery Music Show: King of Mask Singer,/vlnAfmirzYx1TSxXuaPhHjkPPmK.jpg
217088,The Killing Vote,/b31zFi0ZocmaxxuPCAGxEA6uxGn.jpg
83770,"Hey, Class President!",/8cs4UJ5AKA7JV8wWXzdiHmjhuTu.jpg
45005,Hiiro no Kakera,/p3G9usOaE4MZ2RS612cbCgFsI5a.jpg
123710,Para - We Are King,/6DJmrTBz4GcfVDpl3o1642KgDYc.jpg
195916,Hoffman Family Gold,/xKVMcnukzxUNM8uh9SLbGQspP7G.jpg
110119,Meet the Chimps,/9fXBDIqw4CAEFAFsuMEjjFhUMXS.jpg
135309,Love's in Sight!,/3iJhC6lrzoqk4vNW4M63O6G4Yvg.jpg
73662,The Fifth Woman,/hN2Kz4DofMBtfeig0F2ULKkL2NI.jpg
4566,Croc Files,/lui1DO09LcCsuZOZoq74dHBIwHz.jpg
229193,The King Who Never Was,/chHCErz6GadBjGRIeWfWx5uDaS2.jpg
106301,CARDFIGHT!! VANGUARD,/arGGGiyE2CK4CJ0hPfoyR0Knkvh.jpg
83071,Kami no Kiba -JINGA-,/8feyZu7C0LeUSOChOqSLbF6A90C.jpg
62503,Treasure Island in Outer Space,/b0DNcpc5Sag8qUBm3bqFzGPVwg6.jpg
79036,Bier Royal,/rYpOIbOl2WhCdKZa843c0bQZc8a.jpg
104985,Count Your Lucky Stars,/7MDnCZ29zLE1hy9EkDgGjyfrbCo.jpg
75179,Krupp: A Family Between War and Peace,/EtKeP23qxr7FTSJBJYrftLRkRn.jpg
123450,Extreme Sisters,/b9tLAXcT0NTJb00E4A791PdgopH.jpg
99032,In Search of Aliens,/dlh4wthAJImpoOi4UNXq9KDF1M4.jpg
5719,Mirmo  Zibang!,/syUkqWox1W45eIBJOkSOAaWnEyk.jpg
84781,Lost village,/1DP1i304Aa4j658x1pplIxj7D0l.jpg
137168,Dolores: The Truth About the Wanninkhof Case,/yaDMGtMBM5psdDeJWqCXKTIVCmg.jpg
34727,Rental Magica,/mR4KOg5ki92XHDvt0jBG5BM1BlH.jpg
35128,Strange Sex,/sQvhuV3s6dH1nB8CdEqJraeMcA1.jpg
91569,Nagi's Long Vacation,/ds1jojEqlEFnGuX3lMaPa8uwLjX.jpg
128022,The Age of Anger,/z1ea0WQV1iT6oziHgSVaMmKIEEJ.jpg
64957,Argevollen,/tKHfz6CtjjK8zW7Grw6176f8eMk.jpg
57055,The Mézga Family,/ohY9wQSjMf3eGQtucp17HXpOIAb.jpg
205026,Teen Mom: The Next Chapter,/4OIqS5MxggdfOTCTHltabZlb5G5.jpg
30876,Flowers for Algernon,/a0h3O93cIGjaWpDrhgS95iDw9lX.jpg
41392,R.I.S. Roma – Delitti imperfetti,/6oNGEmt7XjQV1Fp47IJy6ZoLlzX.jpg
64406,SAS: Who Dares Wins,/uXb0Pud0RIS0HQZNeXhgzSGr3EI.jpg
44095,Maisy,/oiQ0t6coJ28dwzD4F8YfqDwRVUR.jpg
17105,She Came Out of the Blue Sky,/1QYSTYNbDg3cbWBn9JgfF3hUln.jpg
43341,Iria: Zeiram the Animation,/c6ZnRRnfVtBEURRMI8A4a4wFVw0.jpg
3482,Beautiful People,/ytub8tujES6dZdSzATnlpjxNRaP.jpg
62601,Rin-ne,/aWTAIftIb2pEnOPyXRDgpscJOKK.jpg
21031,Dead Man's Gun,/fC3tSTAx5BXNW4Z2NkfVEAIF4YO.jpg
14433,Mansfield Park,/jfjOfckdJO45cKcMos7087XO2d8.jpg
213655,Strangers Again,/yGAXxkAa1XFCA9PF5y8R9iNxC04.jpg
14023,Sweet 18,/cOPXxP3GoFOQlLFOgJ1nYXKlNfc.jpg
65928,12-sai.: Chicchana Mune no Tokimeki,/ywgfhAcai45TSlVAXrRnsDdvwNW.jpg
97944,Code M,/x1tG6iuR0sr9mvbTHDP2pVjwd38.jpg
21183,A Woman Called Moses,/6ND5ZqmLWBsRa3ybPGrYYx0NLrf.jpg
28156,Moonfleet,/z879WtHxTammjlrnjcBt6KmmIv.jpg
82368,Boca Juniors Confidential,/i5BCZOkZ6O2iemvDRwH8tTwcFM4.jpg
111061,Eye For An Eye: Revenge Agency's Two People,/zgyi0CCQCqZO4fPkGeehyBui6M2.jpg
62941,Från A till Ö,/lG5vlqzUoxkY4iZErszDs6XejT6.jpg
12188,The Ruth Rendell Mysteries,/y9wIBLSOOBwGCiEbfMNIeRjGOzM.jpg
135323,The Ibiza Affair,/j30mGO3fWhvrikmG2oN4Bh2dItu.jpg
155471,Ida Takes Charge,/rkgnZzP7njWxgg18ivTt1eoiCXs.jpg
51821,Justice Bao,/dX4sJknVzpfEn5z6BjI7NhluSEv.jpg
31923,The Legend of the Condor Heroes,/jH4UglJjh9pl9qNevoqofEHDGOs.jpg
95554,Touch,/cVE3qkgKtwFZaB2xGmEvNGhaQJj.jpg
86767,Egyxos,/hNKOps8MakzPCCMsgcJd5YLERgL.jpg
12462,Snooper and Blabber,/2HRMSRXDOPMxvUhSKNB3pHQN332.jpg
115597,10 Bin Adım,/s3qr2K8LjVCTIBoWOnkFd6bQqcM.jpg
13871,The Koala Brothers,/wY8rYjBURMpCBtAwR7PuLJVMaJT.jpg
86857,Good Bye My Princess,/vk1MYxqBvRMuUhVhORhSSEQ4Zj7.jpg
195343,Ten Count to the Future,/qPjaOna7IAe3MKJahRthd0gTnF2.jpg
78834,Alexandra Ehle,/baOWwf1FAMX6VyCN5TjI1tCOEnV.jpg
204112,Otaku Elf,/4UIYdIJHqqX0eLLZ2uCa1g75AqR.jpg
62090,I Live with Models,/8GapLAilSEQfAE1ksCnRDCUxdTD.jpg
219586,Jack o' Frost,/hZv3rTe3U0VqxjVgr5e1PEbtcy8.jpg
90378,Hakone-chan,/gXA8pAqm1TOzH5I40ukwgXtgFqz.jpg
200961,Love in Flames of War,/9TYheN8TEHZTJaK4dzApQEjaSiW.jpg
89176,Mean Mums,/38YPPu6O8RJ06aIwPbXdpEdnInz.jpg
44567,Koi Koi Seven,/yG8pzzL4WFW4ypWZwb7MHriHLPH.jpg
103050,Outcry,/d3ReaxwpkwkROl1BaK4rUeXqOyP.jpg
19679,The Impressionists,/btlwLjbizKim4cqkOqN10el9HDg.jpg
155655,The Expanse: One Ship,/1OHsrQnGy2o0cRqp0pD3ax9NAqm.jpg
73182,Age of Legends,/dXpnbN2HIJkNYKzS4kfMmtlcPGE.jpg
155248,Rokuhoudou Colorful Days,/pJrFUvwfbm2Rvc6Im1Ph8dE3r8l.jpg
6833,Sous le soleil,/kMXRmiR6nWvQf9HNz7GA3GD4ZC5.jpg
68822,Time travels,/uP5zHXeXsm1pLdnTPinNC6nvbsN.jpg
3240,Deltora Quest,/tz4DRWdlL79TyMLNPz89nQkYe6w.jpg
103644,Wonderland,/x8MKyT7gOg8wvl5rb69V1HZNTzU.jpg
12400,Street Legal,/bp2g4RXbZTYoEs93ObPVLnngO3i.jpg
24913,The Gokusen,/nEVvv2uKLYzub8FjoS6rDxzGzRd.jpg
40839,Buona la prima!,/ttmfaAkUcgnOE9MJEBtQfGdW6ZW.jpg
92154,Daughter of Lupin,/gQOu7fJ339Qxe39imM0UHq3T8TK.jpg
1157,Ultraman 80,/sFlF6uGnoDBJdiwXdHa52fjEwGe.jpg
79893,Ika-6 na Utos,/xr31L8MA4FtELZ0YbJgUQGTEJQ.jpg
3488,The Richard Pryor Show,/udXNwULpg4gdo0c3keOQTuHiqnh.jpg
14653,The Paper Chase,/zhlofPSTCtqxi0xGQiNtO0qR7Kw.jpg
44573,Painter of the Wind,/6Ie7JRnTRs4vCgnwtPGzpu5qiSH.jpg
17723,Platinum,/1CDz2ChES0PLzJetHBGeiCkkpnj.jpg
84373,Morning Changes Everything,/35nZn2d8z6tjntgiBEUkx0pPNcW.jpg
4473,You Bet Your Life,/kFdD8LAAhDAXiWVF7KBati9l17W.jpg
69925,Pesadelo na Cozinha,/8KA33hJQ8jCnjcs6bK6gjVTUUoj.jpg
71993,The Three Stooges: Hey Moe! Hey Dad!,/2s0mOdJMfIgzgn8Q9HvWHptgCKi.jpg
204165,The U.S. and the Holocaust,/XhE7XKsSkopejjk5pUl228nllo.jpg
92808,Ink Master: Grudge Match,/38a1L0vk7KS8P5PIeL6mSC8Qkp.jpg
119847,Spirit Rangers,/o7NV5naNFB1kv0NZTJMKPQ4H0gl.jpg
1983,Mirai Sentai Timeranger,/dMbH4Uij9gwi0NqLCFatjl28SrG.jpg
118354,Thousand Autumns,/dACXDyjVUNnUsu1Y7UzdZbRUEvI.jpg
203280,That’s My Time with David Letterman,/4I755GHZSfqbe8hcygrTYLjBCl0.jpg
61219,My Secret Hotel,/9mQIDnfI7SEP3RKDZHKTDTzhKe8.jpg
110697,Six Empty Seats,/cRntYlb5XR531xZabKrvhhvO1UX.jpg
4005,Three Sheets,/my3SUntM3MHiBxr1yx5zoJzvYY8.jpg
72893,Firefly,/jsbpJXeROUCTXNo2fpidLhEqIrq.jpg
1259,Black Scorpion,/s6bPEbHXUYfrU6IQ3rE2aGkjKqQ.jpg
37839,Framed,/5BNiX571BaEiFX5iRa5BC2PJMCg.jpg
12634,Blue Seed,/xYigwpjKqbhEHDs8c1mlygs7vxQ.jpg
67932,Big Brother: Over the Top,/bzBfNW55BBpybUftOrvyemOWsRO.jpg
90456,Still a Mystery,/bVFVhkwIP0uTdQPX9kOwjIWpnbF.jpg
206619,All That We Loved,/pioZKN9PG3LJIcDrU4wfrMwotPF.jpg
153515,Mahkum,/iWp4xpTXu34d0XvNyO63UUszwxh.jpg
20789,One Summer,/yJ7RWCudodpBSpZvnCxJCW6j0m4.jpg
227158,Burden of Proof,/hRWOyqvJ08ZuDTy2O1wFbAVpf4R.jpg
10944,Harry O,/gXv0acmjk0y8AK9DtSCVzCCdvxq.jpg
112167,Respect,/2lD7iegVJ7ZQSiRHqFqE8tQ3PKV.jpg
4410,Barefoot Contessa,/8TcF0la1xRbz5EQudy87ynkhsSv.jpg
25347,100 Greatest Discoveries,/hem62I8r0v60D5Bj0fYtcoLcDKB.jpg
217641,Bardot,/5fAHVS8C88mWvwzMWqchNwYVcQO.jpg
12548,Curry and Chips,/nJMkD26q4oxFfslzSvsfqYxULi1.jpg
215384,Oh! My Assistant,/gUJsCkbGmW20K56agqpOJNCxc4W.jpg
65595,American Ninja Warrior: Ninja vs. Ninja,/tJu7tBzRw7dOpJ8ii63m7tWGbPC.jpg
6765,Pepper Dennis,/pUQWnp3rDclN4oHLJ99iA1voRcw.jpg
4403,Make Way for Noddy,/yfjSwEhuVUVodotnWN6ScNxUGwl.jpg
68874,The Body Collector,/ojxzYVywYU8In90VKTKoLyurVMj.jpg
37025,Četnické humoresky,/gmyLwmMMp4zxsONNZDtcCEn4cst.jpg
61476,Ancient Black Ops,/tk4NMpCYLROm62lKhjeBkbEWVbB.jpg
73043,The Cleaning Lady,/tRa4iZAg8qFFA2SeU7Vs9AvfI8b.jpg
66015,Prank Academy,/iSO4dKiMMUluxwl8rH8NqANoaq.jpg
103173,Theodore Roosevelt,/ytL9AXuy82mxK5zvoAfZ2BtI3u5.jpg
197259,The 1% Club,/4lfcocvGk2ZE1ZNbBG0RxMvUXmt.jpg
17107,Domingão do Faustão,/kIQrWdY9Vxm98DtezYJ0nDa6vUb.jpg
77144,Cancer: The Emperor of All Maladies,/wCibBsLRpLUwSMfYAjimn1HdULf.jpg
3810,Da Vinci's Inquest,/yTiI8j1ykKYtn0fYNedE9eju4Fr.jpg
111149,Yuri or Another,/ifhn3anBaP5uGiHAemVqT4NUPuX.jpg
93216,Kuzey Yıldızı: İlk Aşk,/73JLpSWGWtrEJwkkVsQbnGIvkPo.jpg
70463,The Real Housewives of Sydney,/cdR3tqWpB8Un1Lxtu1MdgV5Rwsz.jpg
6278,Mega Babies,/3VT1T4gYPCBcG3dNLiHkcweMC2F.jpg
63637,"Les Cordier, juge et flic",/4UUiBZP40YXYuJMTu4t1rOd1Ph.jpg
200874,Modern Love Chennai,/AuKtpbcL1OS2S7kIFRkHXvjcBr7.jpg
60627,Xanadu,/j8NJHVXA3x89zRb91r3KoSKgSEh.jpg
86803,8 Days That Made Rome,/wrpnMRcdi5i40TdJ02j4fIlwzx4.jpg
223428,African Folktales Reimagined,/5vNGB4DhV8X3LM6WcH2tKizYVbR.jpg
156811,This Is Luna,/ycdHWyK7sPpg3WSxyLxUW6aJVDM.jpg
1714,Common As Muck,/kmuL86GJOCr4ausJeUvU59oIYTs.jpg
136673,Celebrity Hunted - France - Manhunt,/4bR7yikGxUt6lbQSjkY9BMQc2Nl.jpg
14351,All In,/h05ugNCArYmfnQ6BvdV29HEfitK.jpg
12207,Lillie,/wlbo31NQ70CX4jHIE3qwb2DdQUQ.jpg
95109,Queen: Love and War,/7eVpYaLdFperkEV7LHlapQlN3Wu.jpg
65445,The Nightmare Worlds of H.G. Wells,/cSl0VSRHfqZsyjc0j4MyKThQ2nu.jpg
67759,JonBenét: An American Murder Mystery,/mS8X0K9ETSA32H70KDH2dcu2R2u.jpg
15911,Fly Tales,/jpCIjeyiy5MGDTQEcmtwet68urF.jpg
79044,They Are My Noble Masters,/grGacfAwNtsqPfrhNwcx34q7ftx.jpg
48460,Días de cine,/ukcq1C41ckPwpRuU0tI7Mo6oR1p.jpg
100657,True Terror with Robert Englund,/btIKUn9VrDn5Fw4gFElhZt0om40.jpg
44919,Mobile Suit Gundam MS IGLOO,/ehQjQzdiJMbosm4OzOY4p22DXQk.jpg
64347,Amachan,/kY1qW3LStSbyUeFVoh3hiCuygFY.jpg
27827,Money Game,/fuZBTjJENgM1m2wxJ3Ax2hQ36tY.jpg
26935,Ceres: Celestial Legend,/5FZ2K6QGVgbfI6ZwaSVJY8wb0A9.jpg
57161,Iyanla: Fix My Life,/mThGv3niqbGiadeE8BLttAdL8m.jpg
63878,Cradle to Grave,/xW36aSB2PDT83L0HaTJXMB9OkUi.jpg
35442,Cardfight!! Vanguard,/mm0ULBbs9XrHq4OAE8VUa84wvgi.jpg
87569,Very Scary People,/o5lIEkcO4ewjqkvYjumVP4SAmDj.jpg
3436,Any Day Now,/2jWMZngwlcrkGapMstew5iJS1fH.jpg
14171,Dangerous Minds,/9Ke101DrVj7CryLcf026cpeS0kk.jpg
87687,A-TEEN,/uzSCSXC3JUTTMjRLum5QHhgwFT5.jpg
2339,After You've Gone,/pwpoyIIZhAM62xKAHgbfef17wDT.jpg
18606,Manswers,/7XcUtrddmPtzbp5qq1AIbeG1Tb7.jpg
201672,Lesson in Love,/pPpy30Jr5Sjoy4RQplmIA6zGKMh.jpg
10641,Cracker,/kGsCiVDZkJXeYPhQjn3TR6xTRmy.jpg
78090,August Street,/Akzcwv9fsQzA9y8l2zkNL2GhWqv.jpg
70926,Gumus,/m8H67dhPgLTtExo1K3neuWUZUHT.jpg
908,People Like Us,/qvQaguyfGewdPxJx0Su5cUoWypM.jpg
32547,Wingin' It,/dZnbIvI80m8sBflYGZbeyODkiIN.jpg
137788,Ultraman Ginga S,/62c0hsfqi3EB9px96GLb7A8u6iz.jpg
154528,Penultimate Instance,/hJaCZMVipyXNDlQkwaoJAO28sVe.jpg
39085,Detectives in Trouble,/bKidbJ2hAXqExlMHHCjI4vD3MFm.jpg
7307,Famous 5: On the Case,/zaWaL3auzeiKBQSFjQB1DKL58iz.jpg
20618,Planet Earth: The Future,/dJeMdmu3CHxKKuD7wJJHuYTQ7VH.jpg
18618,Family Outing,/xeRfAINpyyFp4A0NbKInfcbrrBe.jpg
127327,Miss Shachiku and the Little Baby Ghost,/3RcqAojHIVHXfdhW3mqHBNlfEy7.jpg
204377,Colosseum,/mXfyYWbdZ6iBErJ9fc5G4oE8vhL.jpg
139434,7 vs. Wild,/mOpZaVHuTFOPVYL7uZXexdpHXWz.jpg
25850,Saber Marionette J,/u5cfcrmkGKli5krDC2iVPIAZXvE.jpg
230014,Time Zone,/bwAb7L4eF0e45DxktTfPawTU8ct.jpg
20044,Na dobre i na złe,/qxXj7Zd38zRzEkujn1arR5YoTcq.jpg
112442,Trash Truck,/5uY9N0H4m0HCHaOJTgkD4Mz5g2f.jpg
15640,Micro Ventures,/cjIw2bk3KQfInAed7L4DweSicYu.jpg
210524,Lost You Forever,/l4XuzcB3w6PDd0X5Ya80G8sTJw2.jpg
61876,Cockroaches,/ckaD3oixhnILXSBnKV4gUV7cAqf.jpg
10275,Ancient Mysteries,/dc3GhuA0o02XNohSogF9A4hjNeO.jpg
14464,I am Your Teacher,/ayhMUx7mVh1ILppxNZ98ssVRqs.jpg
12676,She-Wolf of London,/e2oxaBvNYx33av1Ldj9l22WuXvg.jpg
52164,The Murders,/u4cz6jE8SxmF5R4h3HyFYAkJOD6.jpg
1517,Space Cases,/fKU9RkSC1J250yvVkFD2eUGzN4w.jpg
1278,Tribe,/i0QBoDbGBkBOgX1qhbhny4Prlii.jpg
69797,Yukikaze,/qBwbPqDD79lYm6orQ2knOpnNVxi.jpg
14689,Clean House,/uDWKn1VYZ3ABTpXHUS8QBxLe99C.jpg
54399,Across Canada with Lars Monsen,/2yvKbdxVuJxgv2sOiSj967pYpBO.jpg
206584,Game of Thrones: The Iron Anniversary,/xwq2TALKkuCujBnUTpr57wDO61y.jpg
41336,Schnell ermittelt,/AkNxLMzTl2yadSHbT9f0AX3bkRa.jpg
200941,Modern Love Mumbai,/9fXl2UkUVF7jTw0tSMXhr13FHr7.jpg
80474,Samurai Warriors,/ny2Lg6afSKMEXbZSZ6Ghj1I84Bb.jpg
78840,Taskmaster: Champion of Champions,/6b9y0QNRRBa218sXoh1VHiV7VHp.jpg
82522,"RErideD – Derrida, who leaps through time –",/iDsIr8aLDulZnzHNzUJRtsYNjr2.jpg
3361,Widows,/4wN5a3LFXxd0GtZiGc0meVVymEd.jpg
154731,New York Homicide,/gTzKUulEaI62M3RZh48Ub5nCAsp.jpg
6793,The Family,/ezRpDmBCah67vk1qagaRCCXA737.jpg
209247,Heera,/ys4WHKKYeCSpUGbb6vZWnhJ0SMW.jpg
61414,Gundam Reconguista in G,/zcjOBN1b7IlgCs6G3n6MPyvo6Uk.jpg
77237,Wakakozake,/7gy2HIckhoTf67FbKVWClL4ihKj.jpg
64210,Cyber City Oedo 808,/9TaiOqFMxVPEBGwpdRZbskRgCtY.jpg
130911,Escobar by Escobar,/gKZuFmavKuxiNVTzBT7OfSN4EzD.jpg
64145,The Red Band Society,/pud1ASvVIK9K1m7defo8qSbCPpM.jpg
20164,The Hospital,/dRNLWLlVuwJEjrz4guq8YvHWIUG.jpg
127943,"The Heartthrob: TV Changed, He Didn’t",/weKngAldnTwgBqTM8jRjc0JSDNo.jpg
152296,Love in 40 Days,/x7qeqSNB5wN93U2EvOniELSXuNz.jpg
66064,The Beginning and End of the Universe,/1F8lb1oBL2Szzxt9NuPSn34lptN.jpg
77242,Mary Beard's Ultimate Rome: Empire Without Limit,/A94xR9C95iuyGKkGpgp7sfj905f.jpg
75845,Mördare utan ansikte,/231b9dh0OlHAdlMJH0cO5LIFmU4.jpg
63861,The Vault,/60V6Y0Kwrzn1rdBgohJxGvPL5SO.jpg
42577,Backlight,/eDrC0hdXACT4dW6Jg1fvdJYrjQa.jpg
2498,War and Peace,/jt3Uv6xV8lRkoavO0gpVvPeL1Py.jpg
31711,GODANNAR!!,/4k600KdSjhaHkTQ69lhW4IGACB.jpg
27777,In Search of the Trojan War,/g2jSJabfYakgCWR42OGyHlzuvB0.jpg
90762,The Office,/ljcsFR3B8PrjAxAcr7aS26DCzV0.jpg
13824,Lock-Up,/1u424sUx20HbiQJjHn4ZYfuGG4z.jpg
84755,Vella Raja,/sBnNKinQmG5D9tAXXh4xtSL0uoB.jpg
37101,Star Driver,/hKoizA27ASM5mBaeKgD2PgScbEm.jpg
70730,Once Upon a Time There Was a Country,/vRM1nmuFOzcEEYSmEVXZKzoBmv1.jpg
206234,Witness Number 3,/ndsa5dKu1U0QDpwNfDd8Ajd4tjt.jpg
61409,Wild Canada,/2ZnAEUgoSjcIwcmlalWuLHliSKI.jpg
17046,Primetime Glick,/9GEzuGqRaqIjCmT3KImOntRpQzf.jpg
34277,Bitter Coffee,/dfrLuUuCFNWXAA1jdEoBYpqY6KP.jpg
45343,Thomas Jefferson,/yX1m4gnw7DlZSkdphQNmm89Oc4T.jpg
129129,Love Under the Full Moon,/iaoi1rOtSljTiDL4jrhNCf2dqVp.jpg
67666,3x Manon,/xXiH5RQYvoQwEh6SuV8rPPiJmeg.jpg
31480,Samurai High School,/y8fIzZYYZi8pldFUelpcVoWeWQP.jpg
39555,B.L. Stryker,/vvnhccWAJ86l7zOtErWXaXEUBT1.jpg
101157,The Not-Too-Late Show with Elmo,/pFxY0D86mtZ4Efi8t7HZDLdcxwE.jpg
42193,The Bleak Old Shop of Stuff,/3niUCkhNBccOw2JKXy6P573PS8U.jpg
78576,Money & Violence,/xPW1ppqZKCLd35E9kQJU19J48kD.jpg
206075,Instant Dream Home,/tBzQZIa5qqn8pDcakGO9At9f92d.jpg
15215,Brooklyn South,/8gLANp1pDezK5hF0OVG1wDaaOxd.jpg
156130,America's Got Talent: Extreme,/9MKc4GAr5ueMuAbzLJ1aHvC0SHE.jpg
137252,Primo,/dOCkAY1J1L0pO6Z3MP6P5Bh2h7B.jpg
44485,Tokyo Babylon,/ieYl3kVOzC7lQ9jNwkvG1nwkADh.jpg
93803,Triada,/mzXDyjaa3bTjh9ArBtU09TI3ksl.jpg
99844,Six Windows in the Desert,/kJRmJ97kgnWmRtf9wIDR48t88cr.jpg
87760,Immortal Egypt with Joann Fletcher,/o573kgnTxzsw6jrHAorOqtg85h9.jpg
133814,Back to the Rafters,/ohRxTCN0GBZKrp694vZxTr76UJl.jpg
13946,Thank You,/r9oHd6CBH8WRTgEQnS4iCVzS24w.jpg
72270,Heartbroken Chocolatier,/l3GwRfhHIQtlSyn1hfF9hLOWjm4.jpg
6091,Terry Jones' Medieval Lives,/fvwePWy2hYD6YPjgdvo7lOqCPvb.jpg
81953,Eerie: Invisible Face,/qkbYtctXLRMBWvtIfVzoBQPEdZN.jpg
21586,Hot Wind,/btm6gf40VIwqpgEcQwlkbyxJQNI.jpg
28877,Earth: The Power of the Planet,/enMvfrzoC2JkuCI38PhJSOg6GT6.jpg
207242,A Kidnapping Scandal: The Florence Cassez Affair,/4c2ymCifM74fIn92teCwua2q3gH.jpg
35308,My Strange Addiction,/znKnFFSk0bcXqijgfYfVY687Cjl.jpg
72823,Military!,/bOvdCJzphgpjm9ZUrLrRNJPGKMt.jpg
21629,The Best Thing I Ever Ate,/3Rn2jvORCUmONrjGypLHiUdtd2g.jpg
64020,Glamorous Temptation,/n0Zbgf15IxiNzpd2tT3YZWBFl8L.jpg
65459,In Treatment,/s9ZNMsPehDTvjTcY2d5WbkFyHEB.jpg
107958,Ultra Galaxy Fight: The Absolute Conspiracy,/5bJpJ3tosRkkr3DddYpjnyGC7iJ.jpg
73626,Forbidden History,/l7LlCABhSsnwCpfv1yEHVQ5iTCC.jpg
49934,Panda and Hedgehog,/2deFrwS2F9S1wr17EipAcR3C4Y3.jpg
67939,Joanna Lumley's Japan,/k5v2eAbSVju94BhjdYbFbGjy7d1.jpg
19532,The Mrs Bradley Mysteries,/s1jMPnaNcKMiIDsNXpCh8SL5Bpk.jpg
1870,E-Ring,/j5fANIuET33ebfZh3B9wlidddkc.jpg
122804,Ziwe,/w38InL3XBKIOU7x6KRo5q8xYWlD.jpg
83698,Marcelino pan y vino,/aiGIjewzrhslai1CjFOHnOVDWJD.jpg
105218,Rasbhari,/uWyC7HePvLU2ePLLZLSnNAokXDG.jpg
68074,Tiger Mask W,/yisqc1PDIHL3fHoJdS0yPqGuOEO.jpg
102014,Gourmet Detective Goro Akechi,/jTAvDhGVcHyOClRrGNrrsRkDpKP.jpg
207712,Nobody Knows,/Am5QHedrFuLM0fjUkk2nffwAGGA.jpg
4207,The Shoe People,/89AQiGJLrilyGGi82WJJeWnXi77.jpg
106372,Campamento Albanta,/t3IhN8WmV1euQLxXEk2u3OTauXB.jpg
426,The Buzz on Maggie,/3eON7Qqpvdb9TWsOQT2gCE1RD8E.jpg
85219,Great Journey of Teenagers,/2cvru8EriUsCrEV6R8DnP5HILS.jpg
81145,Cupcake & Dino - General Services,/uoO5CFx4U72rNih8owCLM4iQhX5.jpg
210091,11 Minutes,/6tGsPlNcqDlduY267EP5jMRFnff.jpg
24594,A House Divided,/9w5kQgapnocMMUkF6jfo2lTwdZy.jpg
8744,The Legend of Tim Tyler: The Boy Who Lost His Laugh,/2bKPJOT9TarPRaEAUBFvUIVrA6s.jpg
42392,Young James Herriot,/iQc511H1QhMksuHfnAfR1i4gNWE.jpg
25394,How the Earth Was Made,/wcqD8LcyLfqh86JuR4ReYMB3mSu.jpg
89317,The Wind Blows,/zqkECRQMTcjlMwFIbO6GigBzied.jpg
34308,The Young Warriors,/gd9WNT3HdFDYTmdn9h5v1UW6TRR.jpg
61860,Maids,/qOJLS3GaHQ4c17zmcWCgM0WiUjh.jpg
2028,Scariest Places on Earth,/87ljk9Gss1e5xZIqbYFj8C3r7gR.jpg
80705,Jon Richardson: Ultimate Worrier,/bdoKuv7aZsd4y0ikAUb1XgcyGzI.jpg
13592,The New 3 Stooges,/wBzc3rHxecSamUMqG3YUqC9vbIc.jpg
3947,That's Life,/1S50jZfHQBShhS9L7tDuEqs63jx.jpg
137215,IDOL: The Coup,/r7wfG1EjFVl57xM9MgqcRxBzuYN.jpg
128641,High: Confessions of an Ibiza Drug Mule,/lpNOaW0ko8ufddO6Acq2PLh1xFA.jpg
32441,Scoundrels,/fnCCvnf7wq3TyHpOcCmH8gf1kKd.jpg
43068,Kendra on Top,/dOiIgHEVV479JkHLed2pPhexG0i.jpg
60890,The Legend of Mick Dodge,/1YK1c7ne7V2Qyco44NhHpYGwOAG.jpg
665,Batfink,/1lackrbLJFc04ERgCmeGd5RiAvM.jpg
89796,Takane & Hana,/7s23IC1fwrmFvwb2A21i3zcQuct.jpg
53633,Glina,/oOBJHATujQPLSQ5mOca5wFIQDIl.jpg
34151,Enchantment,/35VT38dTB8BobNOvyJCkJTRZwuj.jpg
16815,Legend of the Dragon,/1haLf3upZNAJprM6SKiyRgvkyAE.jpg
102496,Ainori Love Wagon: African Journey,/4gnXfirI7LIHX23SxwF7MVLw1gM.jpg
1389,Danger Bay,/8O4Vi2b9qYA8ftlwzaTzWA9ht7I.jpg
129637,Komi Can't Communicate,/t5Mkb1Rs0RxaCtvc91nnHistWW7.jpg
29575,Dresden,/4vQuovQrNYWOY8UU5v6Y3AT4SPw.jpg
75644,Lorca: Death of a Poet,/vXz79xmr1fulxoU0tzw73lzl73p.jpg
119645,Unexpected Business,/xU3zUrA4gzakSoiSjpZAXnn6mTR.jpg
2340,The Zack Files,/1zqsOPFRgYgsbL2aboYzc9sYPKl.jpg
80446,The 2000s,/vjGk5aJLsatgY55Dwh6zJEpVUFp.jpg
52910,Law of the Jungle,/qG2JpIDuYhuQOMSLqmMtHBBbfx5.jpg
74788,Hitler: The Rise and Fall,/jnik5OhsjWCnNHD6nGMsP6rXATw.jpg
65991,Rehab Addict,/whC3bl739xTxV0dEeqxrLhL86dY.jpg
107387,The Beauty Queen of Jerusalem,/7m25ev4OztfqOOtn74ZXcAMhmKT.jpg
87693,Strike Witches: 501st JOINT FIGHTER WING Take Off!,/aBMlhLUt4CxoskvFgqhmbLHO1S9.jpg
41988,Good Vibes,/dxnuc2I1hr6umtubDLBTdh00zfI.jpg
66073,Stone Cold Podcast,/w3lFy0C0cNiX7x6sEQqQrciVMBH.jpg
71342,Dark Days,/hta3ixoUMOiIboSXfGKZjvoofEn.jpg
101477,LEGO Masters,/aBDrCL6w1aYQ3udLLXrCQMtfJBy.jpg
26173,Angel Sanctuary,/zkWgHLlS2cJbJHTIrjVz6P1fXZZ.jpg
206088,Designing Miami,/AbeOPtohITl7EWV2TqMsf1tdfCn.jpg
66016,Ninja Boy,/cdPh9ewZ4CkF3oPfnJKWIuf9S1B.jpg
15587,Why Why Love,/lE8Y6uiuFxl0krpdEtuoFO4iW3W.jpg
87212,Alien: Isolation — The Digital Series,/uZjS5jd4U6XMGSasKVw1p2yXS62.jpg
4371,Callan,/xtOGjlpLcd2JDww8gQsOQBS70Y3.jpg
64065,Asian Provocateur,/fiVk0wzbOpVAdRT6VBX3HFPnyXW.jpg
17364,Lincoln,/cc8lye6k3lJHwAXyFnuAAOfzJFG.jpg
82155,Conspiracy of Silence,/qadiJhdUgFoiNP9DCor21f0f6LF.jpg
60859,Mystery Girls,/liO4UdLxQq49dgshML1ffzPdH7.jpg
1842,The Alvin Show,/ksDqcK9754v571qJEcEq51xuXyu.jpg
31074,Secret Girlfriend,/dx45ByuuIGMDWrbQo3iEJ8ygssL.jpg
74689,OCTB,/65x556N9QEsNpZmvKL7rSHkw5KL.jpg
89620,Go Fighting,/nYsiHMplUCBFazdAOVr1gQaGy34.jpg
98490,Die verlorene Tochter,/cX53Ha5NV0x48i9uH1xRJEjlC1V.jpg
42183,T.I. & Tiny: The Family Hustle,/vS8lAhyxj6wwnKmcko6MLdNVEqR.jpg
130677,RFDS,/1DZ7aQTriSraVU8T1ruJN0KgxQw.jpg
17566,Angel of Death,/erMjFQbdjSxNFr0nBalajIGeb2s.jpg
124841,Het jaar van Fortuyn,/f6MkeNXVQ7LknPIaiynuQWlWCWW.jpg
82293,Kamen Rider Zi-O: Supplementary Plan,/okMKxzkndR8wTX0znx7xAyruQAe.jpg
226471,Be My Favorite,/58XJdUKk2d5aXAEWbW3SJQuKbSO.jpg
211782,Al Thaman,/vfsCrC6cqbTEliqZJXTbraJSBw5.jpg
65983,The Cockpit,/1KzboHoiSJqtYL2EGBwAEMdDx2M.jpg
81102,Midnight Diner,/pePgRBbwyQrUS3ZZuI6qnI0oME8.jpg
10254,The Jim Henson Hour,/w3ETHcUlUexcmYNN4FuLyLH6UmX.jpg
197188,Kasaba Doktoru,/wFR883EIKf58gf3JZetSmLWbv7m.jpg
19845,Pororo the Little Penguin,/oD2r5c3IG4C6RDx847tG8OtLutK.jpg
80616,Wallace & Gromit's Cracking Contraptions,/laEmjpQrzwu33RaHN84Gk30wmbT.jpg
205748,All Those Things We Never Said,/lVGIdAqngCwRL70z6XIw10tkz6e.jpg
40996,Medicopter 117 – Jedes Leben zählt,/5blTWaWbHBbRYHxF60LAqJOyWj1.jpg
16673,Little Princess,/kuAaB1LFJoUH08vse7aT3agro1p.jpg
218485,America Express,/3mcoPSeQmjG5cGNQDvR3L8gDdSN.jpg
211163,Maria Clara and Ibarra,/tJJKNsoUceHjocfZ81l6sVSC1Bl.jpg
64615,Grand Designs New Zealand,/4LkYo3YNEoEVScnF0PvIeufwUCB.jpg
24400,Deadly 60,/9OhUIi351RejCO4ddjsIbtDu6Ke.jpg
52684,Years of Living Dangerously,/A60XIMm3pFBNjHMV9LooW2Rh2pr.jpg
4393,Wife Swap,/aXMRLYHgfYDGbOE6PsRorLRZ9cm.jpg
61337,Orphen,/zzgAdxDsNPV518GV1R4xP16VLqK.jpg
67473,Everything and Nothing,/mIMWNsuJ2JRt8kCbOqApY5WU4UU.jpg
64139,Garo: Crimson Moon,/cmBQH3VDPMHrFGuNHXDEJgAawfW.jpg
98031,Keep Running,/8STVpJQuboZQvS1jgFLbufyEIyc.jpg
78636,Five Points,/ieoLdIgAM5PehojthbmQ91blMKj.jpg
80279,Borges,/A4ny080cAW789NvZrpmezCSer1K.jpg
3354,Grim & Evil,/oNX0f4jCI17kSqbBWnEQMcJKJiA.jpg
119631,RPG Real Estate,/yThvCUigJRtguDcysLS9QIehPyX.jpg
1384,Four Corners,/1UWQq2JKVIEKEDc8pjydGLBApzG.jpg
62952,Hidden Identity,/cwn8rIJO4Oad4ECkgJAzAeb59U2.jpg
77367,Untouchable Lovers,/8bsdq3E3ieg0FtQM3W6yoFvv4dF.jpg
203762,The Diplomat,/h4txyCHHEohY3wB9139F5LYdfnZ.jpg
68963,Rozen Maiden - Zurückspulen,/mSafeuAM1wD150EjPGKp0Lg1ghK.jpg
4109,Lassie,/hQE9o04GSuk0y3fxAaJLUSa4Lcp.jpg
206118,My Only 12%,/5aivHCHQUb9LBiEAQlspN3GhLf7.jpg
10421,Alf Tales,/yYZev5NTJQJoxWIFJbry3E447fB.jpg
57417,Kimmo,/kDiHqD4VJYHtxiGssbBQmPaNxDg.jpg
202304,Lopez vs Lopez,/cJ8g8v0Rzu3scva16ENusPLd7Zw.jpg
17139,Cross of Fire,/j8qUB6RuW1W6kcLek3qjoPp0UhK.jpg
106964,Takeshi's Castle,/hygiW1Ii3Y2aX9r4jNLJVPYAdB2.jpg
152268,Headhunters,/8s02X1xly9uEvQQRqYf3FwfOuec.jpg
95392,Best Mistake,/48xIbjdQKGuO7QUnNgzX0yTeZnu.jpg
111711,Seven Secretaries,/4hmC8HlYuuhAolKAskN96M8h2ZB.jpg
90717,Gösta,/h9E2BLND6EyYtc6vqQeJDFrKGYw.jpg
194635,Ruxx,/M92pm8PaUpZ44bLoylMtsfB1Zl.jpg
7676,Police Commissioner Moulin,/7JLEY3IDUgAoAeZpZLnALSrCep5.jpg
9513,Hinter Gittern - Der Frauenknast,/4XdQxqrEBY1W2MAvZquPRzOcZ2R.jpg
21326,Fireball,/mDkMD7HF35VGSv0E6kkZ7EbbnM2.jpg
77410,Muppet Babies,/mKO39v4anUjh73s9NIIRp8HKlqm.jpg
44658,Crash Canyon,/yayDiN42WOG8cYTNZlPKqh3c9bV.jpg
197984,Mystery Incorporated,/fykcdOSjRYc1o3h5DRsDSH85s53.jpg
75043,Adult High School,/yypgfBMR8DvpoOCEM13Hg3uaX5d.jpg
15241,Gata salvaje,/yD70x23Ar0uBqzlMuD2KuBqpVI2.jpg
51498,Precision: The Measure of All Things,/i494praEM7K0FNOSB4BLb9bXxFM.jpg
12142,Jason of Star Command,/qZUmjLKSwKnYM6EMkN7rLq31Fa.jpg
55397,Masha's tales,/hmij2KZAm5QlmYmkctMbuEXbjuE.jpg
87702,BORDER The Urge Medical Examiner Mika HIGA,/cziAdzaJIEzjLUI8ujm6895bmbg.jpg
102735,He's Into Her,/67lr8k68eBEQ5plBgI3JkZhWjM7.jpg
217201,El Buki,/7ldWArnkH18oBDaOosGTpcCpRAQ.jpg
70612,The Real Housewives of Toronto,/vboz9pklOODoxVfNBmoNxS1AnH7.jpg
40874,Ritas Welt,/yYLuR9dyH0KW3fCH38iUa9VTnAp.jpg
195267,"Dear Doctor, I'm Coming for Soul",/7qOZcsvZLhMWDr6O2kOStZyAZyt.jpg
2727,Border Security: Australia's Front Line,/Af1CXSUwUpjTjalk7qDOJ5zF4I1.jpg
74666,At Home with Amy Sedaris,/aS3TQaKQt8eZIZewsOtkFdj4cDM.jpg
15119,The Dick Tracy Show,/oTK5tCngCw0XZyZr88BHzzJ1ZdM.jpg
206457,South Central Baddies,/yaJrOE4eZcLs7fJhulOsNFHRqVJ.jpg
92852,Voice,/zC2CM1xg9S0qy0FENF7a4OpF8Hc.jpg
84919,Is this Love Checkmate!?,/l6Xc64QmbQb6stsA6Thjqk8NQTO.jpg
61204,7 Deadly Sins,/16sSInKy0Bw4LXOixQNcDiiBgO9.jpg
48499,Paradox,/nnxZQpOpY6zEhU6yIenph7SlODk.jpg
39005,White Van Man,/uWGYAJiSN23uutUKW3QccgLEn9z.jpg
25895,Super Friends,/ftKarhxw86BwQR1gYKdhTB8REAz.jpg
2512,"Good Morning, Miami",/lkpBHfRMdhZCYYpBYE21wMBgIlf.jpg
76242,Return,/goZ5BJiikilJMbR186Jx1IHdlDA.jpg
32246,Hero: 108,/k3tWJknTKeah0J2g7nUp6voYR00.jpg
93963,Why We Hate,/5nIkgMD2bTcb4EjqezXqpR4wXpO.jpg
76826,Deffchonki,/fbnrVZIDMd4HEq10LKx8ax3MEPg.jpg
94009,90 Day Fiancé: Pillow Talk,/hLDJhb3u9gxMPxLY6aveLtgt7.jpg
11720,Adventures in Paradise,/a5q3PFrytQVmoePzbCwBClQIUKs.jpg
79989,Secrets and Lies,/yeRByjGVyJWotXdjEWGad47kh5U.jpg
109329,Scumbag System,/3gDdorjln7I2JH1vX0o1Uv20jMU.jpg
190,Def Comedy Jam,/ksjgVXKnovogx01Xqf9GzYKIZKq.jpg
39224,Death Battle!,/4VY2pLk5Jz5a8Vw9fqMbvQBqjHA.jpg
42363,James May's Things You Need To Know,/nJujambzJuFq96ZJcvZmidPjuPQ.jpg
89423,Listening Snow Tower,/47of8LRVtVHW4dQbGOZmfVPJpWz.jpg
39847,Redakai Conquer the Kairu,/bs0U3snIbnAuipISrBBQ49zHbbL.jpg
65123,Celebrity Name Game,/pxenwgq31ZxYXlNnwVPNz7uVXnX.jpg
10670,Double Dragon,/8ZGOEgazckeN9URlo70OW4d9Yn1.jpg
122741,Love Kome no Okite: Kojirase Joshi to Toshishita Danshi,/mGyQVmc5YvWZU7sSBsgu76S3JLs.jpg
202018,Small & Mighty,/mytfJf8gKV7AgvHstOwg72NBs3w.jpg
95239,Superstructures: Engineering Marvels,/ejlflHpUTbeFO46RFXbODzwR4IK.jpg
87264,Sound & Fury,/q64ivsAZ4z90gPs5cFY18aaQ04d.jpg
123825,42°C,/zVA4SuZyFpU6ocvEqhy22ubeRqM.jpg
75808,Crimes parfaits,/eesnpHSxrpompQGk866HPkLig4v.jpg
76106,Girlfriends,/njsvi5PPKHHdYT24rLYowEpg3ji.jpg
4522,Jesse,/1omlh3TNZbXod3eXOCVXw7ZRSoC.jpg
52720,Mackerel Run,/4EVcBUvW1OGUGaNSFfdwpnz09h8.jpg
218137,Full Swing,/9w9e2vtw4xrlq03GX4uZIxm5fRT.jpg
128118,Deep Insanity: The Lost Child,/msYpjVD5wLRfZDdBTbnSej4tvTC.jpg
62296,Bitter Blood,/zQDodl73yaCjuByTeP3g3luTui7.jpg
63455,Zero: Black Blood,/dJJukXZOUwUsueXEhivuxoj5P1q.jpg
108146,More Than Friends,/zAqAfATMs3C9wsrZiEVzypwgXYJ.jpg
106848,Youkai Sharehouse,/oUM1ad2Wuqxo0FN2Cz0tWFGLgd2.jpg
394,Animal Cops: Detroit,/meyHC4kxWaMSphrk1FkcgVPPVq9.jpg
3508,Anderson Cooper 360°,/iJWL5hPb0YBZEdH3nPQBHPEkLvx.jpg
80585,The Great Escape,/s3Om5Dw8spmoAl17ycslUgOE2VF.jpg
53069,"Boku no Imouto wa ""Osaka Okan""",/97duaJV0z5PAHz8rDbPOtgZcr61.jpg
66728,Power Monkeys,/awyuiWCtHb3dvNhdA2UFxmhLoWh.jpg
232745,Heart of Invictus,/9Rwvtd3Yq0CfbbBsV0FCkri0RGB.jpg
83437,Priest,/4MaJ7QC2RB0UcCVSj4BzXCaIsg2.jpg
72465,Great Yellowstone Thaw,/bLF8skfku7MhAWFQAuXfL1nKvFo.jpg
122046,Protectors,/mb6bXpDeClFYY651Fg5FeTnT2e5.jpg
11000,G.I. Joe: Sigma 6,/wh1ao1EjyuhQ9IsgGNTG3t0vr0r.jpg
63955,The Merchant: Gaekju 2015,/fmsE6ITQ2PeAvCu1E9ZEGEUNMfD.jpg
83649,Love Exposure: The TV-Show,/yHy0369g2KaO40D4bqzMwkSbjeC.jpg
85830,Back with the Ex,/b5WhHPNRizChVeSgoBOuUxpXQ57.jpg
86051,Trap,/vbWwgQ796gS2nRotu8rSL4eu02.jpg
154098,Endo and Kobayashi Live! The Latest on Tsundere Villainess Lieselotte,/u4QQjptxgPhq58YDKtVbm3QROM7.jpg
919,Charlie Rose,/ulB3Uq7xLRtqmz0omQwzfU8GqwZ.jpg
131114,Titletown High,/dqy9PwKHMI2k2otdHyndHLnvQ1i.jpg
42981,HeartCatch PreCure!,/ifzvO12NxM3pAXD0lXzm3NYm29x.jpg
65663,Zapeando,/xXkPtAKJ4rQ6eKLr3ZAG3eRroLG.jpg
76128,IDOLiSH7,/8Eo6qtyyzy27dW7duyZwV8xjl2L.jpg
41608,MA 2412,/m8OQbWw7GYa2WIjVwM9h0Sdd5LP.jpg
51926,Enemy's Enemy,/j9RhE2tzcLFjM1HAY4YTG2ymlwh.jpg
76033,Master In The House,/unKeISg4CI2b94dhaQslHL2rCws.jpg
138644,Charli vs Dixie,/xXGAqQRUfZurqM65M86LCibWp7d.jpg
46358,Franklin and Friends,/leSMFU3eAXlDmE2kjciJALnl2gO.jpg
96562,The Romance of Hua Rong,/5djxU5Nx3KbzE1u6H4D79OMAiNL.jpg
223824,Home School,/n8RhLM3jy0DANv8QI5LaVakBx0H.jpg
230939,At Home with the Furys,/9MMDK85gpE9usy6QCCLGgTzgroW.jpg
111781,Remember When,/cOjwWNchARp2WUjPeiWFHoN3HMz.jpg
205491,Claim to Fame,/lBWu1bNfk4RbuE2icIVceo1WBW.jpg
70545,World Conquest Zvezda Plot,/akaTu8osUYFJYpsPXLjSoP8APAW.jpg
156397,Race: Bubba Wallace,/6SUFevLHu1nvZpP9Srfv8hZY0ar.jpg
207521,Sweet Reincarnation,/51CKhQNOvH3cxjljRize0oPfPyR.jpg
59791,Joker: Unforgiven Investigator,/sbhseFi3zoa3CSuoCYqRmGGpXGu.jpg
97197,Ghost Loop,/50ISgMx52zfCbpcm5963AczK48H.jpg
106090,The Rise of the Murdoch Dynasty,/k1QpCldITBDLcoA28sb3vopqPYt.jpg
10343,Galtar and the Golden Lance,/7OnMOs7viVu66ezCX7JMwwzcxrp.jpg
99889,Chacha Vidhayak Hain Humare,/thMrz42QAhKOvf7dZu64LVvSeS4.jpg
10977,The Wizard,/kPYBKiOZNLBIgHlEIOMlZjDaX0u.jpg
45471,Goku Midnight Eye,/e1C89tECLK93X7ZchaeJQ9xNxjo.jpg
91460,Welcome 2 Life,/rEGAFmtX8ijriCCI6GSQvc75L4R.jpg
6680,Ultraseven X,/b9ErN229MLxV53pmDqoawki42So.jpg
7664,Muchachada Nui,/gI12Ylugd2XXYje5g7jsef4zEUs.jpg
137471,Show Window: Queen's House,/whCeG144BXyPT9HnXE4WOZLtoAm.jpg
353,Stark Raving Mad,/q0rSKw6xm7MAsZjiJ5MzFCMll7N.jpg
82261,Undercover Law,/ywPqxzMi6i7gdDCoEK3iJbC9osI.jpg
106611,Let's Make a Mug Too,/nNnyQoWgTPlKfAFLEjIci9ug1z7.jpg
70801,Marvel Disk Wars: The Avengers,/6wQAZaWSvBJOIIt68cqmC0KJjeE.jpg
32769,Worlds Within,/taEsuC2seBLeQbtLQdkeMa779Yk.jpg
219347,Drift: Partners in Crime,/ftsI7Ozl1CAmdlgdldnd8yjs5gF.jpg
35773,Bylo nás pět,/rNR80ceHkVFB2dSkOeZaMr04OCy.jpg
84574,Keiji 7-nin,/frCwpey4FowqZyg9lgaLSI7RwB2.jpg
40947,Un ciclone in famiglia,/iJNsI2qqpYIiluaXR0FNnrfIF6i.jpg
9496,State of the Planet,/dMZAPko64IDBwUja9VQ5t1uy7ju.jpg
84334,Nelly and Sherihan,/7RzmJWHM5c6809kkTUBhlr9J1o3.jpg
72927,The Mash Report,/kjuXdWaUt5KTwBwUHtp1nFiYBcj.jpg
9279,Shomuni,/tX9H3zdrOZQMVkmTQJiRZPr6jw4.jpg
69929,Star of the Universe,/psARuTqfVMzvmGe1w1Bs3hkYiOu.jpg
209489,Saving the King,/bFkr9zHVYqACkNu60JjIYP8AW7a.jpg
37380,In the Name of Love,/qYMX9j1pVSv518GJUIg2h3LsboA.jpg
112917,A Queen Is Born,/e4GCnx9gDeRTZvpdNq9vtUAs0W8.jpg
91069,Dirty King Adventure,/eCLiqparNThZ5yaF59QedmBqJ7t.jpg
731,"Un gars, une fille",/iTu2gWA5IoY45OaXSQiB6pCdmEy.jpg
79288,Planet With,/5OogZKfGrU50Q9JlOh7vhwUrHxc.jpg
66631,Ultraman X,/47aeDN6mdPTTbsJ7oHzhyVYGcce.jpg
64913,Lone Target,/ns2iHEJG5CAIU4py8LXeO4uWEWP.jpg
31090,Atheism: A Rough History of Disbelief,/rSs3xdaP5ejfOoYad29BAmGqT4k.jpg
34481,Så mycket bättre,/wEcBzoTpP15hQEMQ2onsyV4P63O.jpg
129760,Change Days,/iC764nvQ6A6eS5WdH4trj9wnG9w.jpg
92635,Summer Love,/1KUGQAxhsvwR6yiKyCEjQoxY6yY.jpg
64218,Mr. Men,/pswc4znpg8FV1yfGAfbJbIh9knc.jpg
75391,Romper Stomper,/yEC3MNiqVVlBNLFncSb4EYroMh0.jpg
122204,"Liar, Liar",/A0bEBSdrB0wqUq81X277AyTfsn6.jpg
21297,Beautiful Life,/3KRa1Kt0aHG73cxs0R1Z1uyUjEQ.jpg
201575,Sondos,/mVpg4upIlqscZEGCmWK2zJqimSY.jpg
101998,Road to Kingdom,/8ZdDzi5m6RoHtHm72fJLq5fMzZA.jpg
71635,Cachitos de hierro y cromo,/525LUVZJOd0oMC2HWFgQ2Pgo8b.jpg
11230,My Mother the Car,/bBmyhsEidL2Pzhx0B3Mou4Axo8a.jpg
65625,Kanıt,/aCqCVQOHCriAVqbFQaUxY4enLwj.jpg
92901,The Wall,/7Z1FsgBVeTtfjAUzcb0n5bOLEqp.jpg
106581,Avrodh: The Siege Within,/t4fMUfvXYdkUBNNvHoU1tbOkicl.jpg
108485,Life Below Zero: Next Generation,/nLvS9dfnDFgXJTfwYu6P0cDBOS6.jpg
1074,Tabitha,/hLjXyAZp9vgoO6sNbm5W3mwTU0v.jpg
210273,"Fanletter, Please",/yk9LSExlvtP6uWODe0aOHaC0DuJ.jpg
42361,Tokumei Sentai Go-Busters,/p2pWVLLfKOCk4kMcVJoKSkJSWMK.jpg
97630,World's Most Scenic Railway Journeys,/tf32ZePPhpCaECg0qxGQCM9u3HT.jpg
208265,Porn King: The Rise & Fall of Ron Jeremy,/fa8TKXPfZS6OkOCV4dUOFDZliOb.jpg
196965,The Deep End,/vyhQFabQSC3e7pQSRxNXEzzqNB0.jpg
45039,Tayo the Little Bus,/3sgqddHaU7Ww76hGVlT3utyvGrz.jpg
37365,The Real NCIS,/4C2gvpihjr7gT66h4PS6qMhVjFn.jpg
48139,Swordsman,/oC4AX6PUblppCW2AFVwzxN3j4u3.jpg
86152,In Pursuit with John Walsh,/kTNoKy7GSx3uttSxGJTwiIdARcN.jpg
34101,The Story of Cinderella,/khL133nlQggN5bSyYJPFgdi3Md6.jpg
76754,Mr. Right,/rkYbcJtm95nonOF8pvszZ4CngtJ.jpg
6075,Talking Heads,/6mNSKzotxHz15AesuQ6xnw0OhPV.jpg
215636,Killer Coaster,/3aXQHY6SZ8M6IAzCgP4Wn3b3Sqs.jpg
14416,Derren Brown: Trick or Treat,/s1zIYfoB0uzgJze260ntH8Q6VgZ.jpg
71249,The Real Bros of Simi Valley,/7473gxlsMnhhY5N5biMQ4wGIl5J.jpg
108977,Scar on the Praeter,/XD4BbghaZvoNWU84xT4S3tpslL.jpg
127841,Drag Race Italia,/cXzcWUT6oMNmfTp3hXotR2pjXh3.jpg
14168,East West 101,/hSOTJd61TMzc7Z6jGHd9QHhVjIt.jpg
117422,Dos vidas,/gr4mvVThwX2lXajmScgzLKYcccS.jpg
112463,CUE!,/yyCYwzb4keFcNPCQtqj2nh6URHj.jpg
71267,Happy Marriage!?,/wgee8WkqRNu9kYgdJcG4m4YmFjF.jpg
157164,Vilangu,/p1VTdQ58aMEE8GkV9eBfu0ebnao.jpg
76925,Felipe y Letizia,/yGnwC8WgAUIt7rRummUgdnuOdEk.jpg
96115,Sword Dynasty,/h4OwXzpHC7CeqiuVNyloiVfYBIi.jpg
61999,The Leatherstocking Tales,/2fznr7KlBzal42x5QGaXQehhagk.jpg
118522,Creamerie,/vUJ3zb24i2iAbzL8lJcdMYaEqEk.jpg
85672,Journey to the West – Legends of the Monkey King,/3noz3mxfoW4yM9vwzm42lY2OWe2.jpg
43864,Women in Love,/iA03K9PJGCZoXKIWd2NOrEzCRi7.jpg
42236,Chocky,/1lHH5bALTT1yvGOv9jaRVRpymI6.jpg
158764,The Principles of Pleasure,/xciWbDzIPymVMuJOYEfewJZI8d0.jpg
92265,Kids Say the Darndest Things,/foUVadrsa2rZyuyHGL4GAO2E6ML.jpg
112468,We Are Five,/foBBqz2Ln8FjIpwEwb0W6yNEjuL.jpg
47686,Menekse and Halil,/naox2MYcidTGd7grVf9xk4jpUxN.jpg
136463,My Mom's Penguins,/k19JcFzUiBFw8I4eldLxLkkXavb.jpg
90024,Chōjin Sentai Jetman,/f0n7w2d72OPOTeVgQ3UUkKIA9iP.jpg
202040,Home is My Home,/1VRgWWnc7yfQ5tGYRIgvpX8srzv.jpg
83186,Fitness,/4WQCA2V5iqFQsM9ZWkI1x7a63ke.jpg
67369,Botched By Nature,/wVeNk75OjU2hv4LsCCXiBsoncME.jpg
33175,"Man, Woman, Wild",/6NtuaE0DtnysUcqrsr2A5uE8nOM.jpg
90275,The Fallen Leaf,/xRwcstIrRQo4ED3VjORfV7BSiOF.jpg
70643,A Foreign Love Affair,/tM0Pb9Xb7Sqa7IgyXvJBJaqgqVd.jpg
102823,Mastram,/j9FnTVX6SNSFSCy953rNmoyGOyM.jpg
72514,Elegant Yokai Apartment Life,/burzxb0f8wwDAL9nzPa4BMlX7Id.jpg
102432,Magatsu Wahrheit: Zuerst,/o9hunbSF1UT7VIGs2gnVA3liqSh.jpg
229876,The Sixth Commandment,/lwZCPn0oXrceUhzfguz9jlIROJY.jpg
83042,Merc Storia: The Apathetic Boy and the Girl in a Bottle,/5EQiGTTsetziulBftJTD82xWAS7.jpg
212802,Maryland,/3At9gHOu5SGqg7hIISR29x9QrDQ.jpg
46222,My Husband is a Cartoonist,/2f95ckWlSNV6yga4bIJRNsy3NtH.jpg
21150,Colonel March of Scotland Yard,/qu5vRYxV6tptrt96URhpuCxw5hU.jpg
71226,One Sunny Day,/6QpRfJxVs7ff3k9Z3JCqIoUf6Bq.jpg
70773,Belle Epoque,/AuPsEgNCrI7zoiQVg5wsNu3QjYF.jpg
68672,The Fabric of the Cosmos,/SIrl72zvkluMA3xi4KHOk3BKZJ.jpg
35115,A Passionate Woman,/2R9hvtCrmw00VT9EkAZmR9VtP53.jpg
103462,Scooby Doo! Mystery Cases,/aATo8SovjWuiXcIZbjgRe3EgoWi.jpg
195924,Shine On! Bakumatsu Bad Boys!,/n52m4tqLLn6CsI5vXIMDCNQvhMz.jpg
80374,Sweet Dreams,/tP4i70ILoRqpuJpZPdHvkLqwh9p.jpg
223642,Totally Completely Fine,/hfKEYo5SQKuJwccSfgjCzy747h.jpg
9772,Love Boat: The Next Wave,/aVGyu1KvqeksDal0TnvZ3heIcWY.jpg
169593,Love You Seven Times,/hbxq1gs6QpOoQ5o2LWJczgbot1J.jpg
87504,İlişki Durumu: Karışık,/hhVm6nbbK4sKQG0SUGMVIhqCeG3.jpg
88416,Special Arms,/wknAN2y1LJYr7ACXA28iRAWniUS.jpg
157571,Helck,/afM9amxZCGGTXndl5KbFLpX5IQ.jpg
204625,Bad Girlfriend,/vseKAWDPbmIBjnHSoptaIZnMm9l.jpg
130845,Soap Opera,/lTA0tnrl59sItGox44ZvdMLbFo5.jpg
2523,Noel's House Party,/i4eRHuGJni0Q8ZJMfdEps7gAyJL.jpg
93088,A Little Reunion,/wF534qShu37abliVG01hnzWByur.jpg
4202,Bette,/pz4plOCgxURnNviTjyAOoEyFYFh.jpg
81299,Shadowlands,/bLwtxJ9EueCjn8Eos7AKPX89TU9.jpg
45875,Projectorparishilton,/31DvaUwOP1ErKe8YBwKylX1AuIA.jpg
18616,Dogs 101,/5cpRGAnMQWukKEcsa8H0qjPDUhA.jpg
16014,Nissene på låven,/8Pzf38gzs65rmXbnUMGv3sPeHYv.jpg
20564,Rentaghost,/xYZaRZJm6WGAfqBMkGT9fe3hgXr.jpg
86479,Ed Stafford: First Man Out,/77rXDebsD4QaEbFsBLeysFrsl9i.jpg
211688,Don't Tell Anyone,/br6puCna8vdaMyzPvLh2OTrByUU.jpg
29704,Dalgliesh,/cfSn9W2atU658Hle2fzNhZIVXgh.jpg
126892,A Female Student Arrives at the Imperial College,/ur4WjqL2n8BNbFEpdlazsqQJ1vk.jpg
61988,The Empress of China,/stcpHqW4U4W3WxklqEEFVhctr4Y.jpg
132076,Nuclear Family,/8AY7Yea6iKPEcPKBAM1YzOCij0Z.jpg
85647,Unspeakable,/xRah2JqLxvKs25zPPxwOfTPGtZJ.jpg
131388,Behind the Monsters,/nMmjYx0ZIvtktBXkr8xDuWwTZCt.jpg
130515,The Tuxedo,/5P16eKA8HvxLjLSqxJXlsdOGuQT.jpg
78475,Libra of Nil Admirari,/h3TbESt7LvCmLlb1dGb5Coo6avu.jpg
94209,God Troubles Me,/6pQNcA6ZXh6Vnsr1KyxcPJit0I0.jpg
95499,Kyuukyuu Sentai GoGoFive,/tY97Q3HvnookkJHzZzPlfoUrJdm.jpg
146393,Back From the Brink,/g5Zkg5k0qNWhkSD8kOKlEAV6bep.jpg
195276,Sweet Dreams,/iJrD7lzvWnXaO4jgkmONhk71LDq.jpg
83692,Live PD Presents: PD Cam,/90wQCx0X6EML5yipf3RjPrWrrX1.jpg
106650,The Founder of Diabolism Q,/pfBnBvdqce4cb6dC8qYW1UPAjLp.jpg
118512,"Cesar Millan: Better Human, Better Dog",/zGHqW2BIkLLxYW7oAq3t2HgBLqt.jpg
27003,Cats 101,/mRraQvf28KAOoPQhJTvgw1DqCY.jpg
42883,Paraíso Tropical,/eqstFEbqOvwffrRyFjeQg7mWbqj.jpg
135715,Poorly Drawn Lines,/mzefKnp725NoRtpbwt66KGMSIvp.jpg
65929,Aikatsu Stars!,/veAX2RjDx7pAz937TQVLRaAYNFm.jpg
62791,SunTrap,/n6xf6t6uc395NlLEMbdx9l4S6VM.jpg
121301,Hetalia: World Stars,/xeUvwN04nwOyDknOEp5Q9QtglGR.jpg
77275,Something Is Out There,/hi4eReWrWhmsG0boBzPVBMLMzsC.jpg
21175,Shinzo,/oiAajUalnrbXDSFXjtD2LYSW2zg.jpg
74824,The Class,/oifIDVNGEACjdTIzLATvVv2wmYr.jpg
104087,And the Winner Is Love,/5hRcEmPpf5IACiV6MzHlTfLp9Yg.jpg
30631,H2O: Footprints in the Sand,/tlAhXf8ZctUQvobvH4mo4jR365B.jpg
13654,Play for Today,/aIgjKkazKMhqQjytljsofAEsp3q.jpg
102266,Ancient Detective,/ootgzChvq442PNVu2Ou81jmgGZm.jpg
9091,Band of Gold,/lKsqUnrOSHSEFzevITN6FpSZLKf.jpg
49298,Plinkett Reviews,/m7A29BmSAOBQRY1Ne0fTUVFQULC.jpg
116013,High School Mystery Club,/h87xLfMcihZE5Fhw7IcfET2Leaw.jpg
213036,Tinka and the mirror of the soul,/zlc7lRq95C7ZTN12pWgtq5AtDga.jpg
22253,Der kleine Mann,/7lJYvkrznwy12SAaY6bNbisL0FY.jpg
197826,Rose Mansion,/uUJPWtRgA5z1zxS55OGJULESSr4.jpg
214250,Jinny's Kitchen,/1QLXaqN4hlwvBMk4J3fIYtcCVF8.jpg
78479,Layton Mystery Detective Agency: Kat's Mystery‑Solving Files,/ce3KtE6u6n643mFM1RlIxn0xEUe.jpg
78446,The Miracle We Met,/6ipwO1DiLnuJCA3Pm7TXuZmrcZs.jpg
109331,The Promise of Chang’An,/lDoM1yL4OI7zwOB0jYEa0Lsdjxd.jpg
101542,The Complex: Prologue,/584Q5OPaMUDl1yVp8yQlUCf23ld.jpg
70899,"Rich House, Poor House",/s7ej2zgGVidwrnyBblHnVRCqS0R.jpg
20532,Play of the Month,/rcLpsvKqxJavZiB5QuuT5p43n2d.jpg
115112,Slow Loop,/uNO2UDttAiVZYe3EbfpFgmXpx64.jpg
92552,Adult Wednesday Addams,/7JPdDsL7OKfxAkXXjinatie0tNq.jpg
15281,Forensic Heroes II,/3EnJZ8UhGHWXIyGJoYhpL4tC9oD.jpg
99673,Tribal,/y1abxKfJRw62eF0qPuPtFCzyJgD.jpg
68500,Iron Resurrection,/gzJ54wNOKAf0QbATY3kqVffqU6z.jpg
105539,The Song of Glory,/pbH09MZoVeSpFhR54M9XjrXne4S.jpg
36249,Mazinger Edition Z: The Impact!,/nR8IqzCn0MSbgPxR0FFtJg1ehnh.jpg
78649,Uncharted Walker,/jgSYbMgNktbiK7XNryxuJvqU8kW.jpg
116671,Miss Monte-Cristo,/k2MfaEjDiDnTdYQrCYMO4grgvif.jpg
73236,The Captains Close Up,/72fJa3XZKiC8VVDsXp4VknQU1KK.jpg
73700,A Rooster for Esculapio,/oNqJgMG0YYUgdlkbUKU6YMIifKG.jpg
106803,Mashin Sentai Kiramager,/lsx4nKbJZDgZ9lz5RGMdydQfsig.jpg
226645,548 Days: Abducted Online,/yqoJ698uVgN056N2dCRqRyPPJyx.jpg
100353,Bungo and Alchemist -Gears of Judgement-,/rdyxjRbAgdpvDVSBAdTDgiLkPlL.jpg
38973,Dragon Age: Redemption,/fIPB0nN3IQpz5TGR3uabKzxA25t.jpg
50948,Akros Oikogeneiakon,/oX3h3cDMorX0aS81NbyF3zQSKkM.jpg
155472,City of Streamer,/2wixJxuPna4QxrRmc1nKKUwfJkk.jpg
50841,Old School,/1LKeBPoB61jNBXbxxmun4YFQ2QZ.jpg
222008,Ramez Never Ends,/vgW75a6YOutU8eTLru4PRMqpvpy.jpg
112010,Muv-Luv Alternative,/qlxsS3sanVQ5xvvN1xI24IH4EaE.jpg
60085,Stories of an Editorial Board,/6TYM790sq3gapuYqZQs3SK0aM2Z.jpg
1099,The Girl from U.N.C.L.E.,/7a6oArBmCIkrYYBsM36SPDJvlFJ.jpg
46427,The Strange Calls,/kYRUAEhkRfUpnus3xjqO5GWPQKT.jpg
80935,The Legend of the Condor Heroes,/wFc9q0aukqLipT1Oyt1fk4udjyV.jpg
42409,Chu-Bra!!,/o60XSaOqyIOjr30N8HiCFF65900.jpg
113720,Sol Yanım,/u9jA4fJ83pwqSkNsYajTSliukZK.jpg
69610,Naked Fireman,/j2ws270tc8XdtDwz3zVsb9F5PuR.jpg
67113,Stories by Rabindranath Tagore,/su1OKx5CiPWnYcFwe1WKaK1hLGZ.jpg
64532,Wu Xin: The Monster Killer,/eD8JeAr98KX8Xtlxp6RWK9a94qm.jpg
47878,Lalka,/j7qX9fwpnIjp9S5xtRgieCxFd0w.jpg
4563,Never the Twain,/4hej7iadX0AgnctZbHseNMJDBjQ.jpg
96104,Dr. Cutie,/y2XLyfFFL4ChOSeXqZ31nY8bRAU.jpg
35831,Ebba och Didrik,/wtCaijZhHif6jpzCKWpJQ0ZllzK.jpg
123153,Just Amina,/dGP0ikfeZefCprUzdDgW6gO1QWN.jpg
68371,Charlie Golf One,/48KJEz7MrZ6uIjYaGmMTkD6kwDJ.jpg
14578,The Adventures of Peter Pan,/cPeTO5cvRdhgXCFCVo7wbn52qtn.jpg
69870,You're My Pet,/kLGDQI9PWXVKPKVWMqW086ahjNR.jpg
74956,Thermae Romae,/jat9rzHYLc0PRfKBCbh8yJPRP5l.jpg
39025,Mouse,/r5RJRhGPop5PwOF3xBHeM07wkhf.jpg
62707,Byomkesh Bakshi,/6Hudn4jiJArcg89UEDsF6gAvgWo.jpg
68561,Behind Your Smile,/jXSAGTQNiEuqtIgdJsRl8mfwQUr.jpg
135751,"The King of Tears, Lee Bang Won",/ijVdfnfCrFQDC0tWBNvPejDuZUA.jpg
76016,The Real War of Thrones,/8r2EQbMeiyAisy71lq8b0MsfQ6O.jpg
69573,Newton's Law,/ptCiwKHKCweccMGJOm0ho1mmvX9.jpg
34642,The Vigilantes in Masks,/zOCJMSaFau53JJ4J5FHOPrSbyAF.jpg
214669,Summer Job,/uCLh9dPz9dHKrtLs569lmeDwMq3.jpg
106526,Sing On! Germany,/1NkFAAPhao3nhR65ievGpcwaPtq.jpg
34850,The Parents,/iqsZAOQLvlvWj9uR9DSH4wIQklK.jpg
117760,The Arc of Life,/luN2ijqnfEbVKQENuzMhZl4YjIl.jpg
73254,Love Actually,/hBn2UrH199pyfKrZyqZ41fopj6S.jpg
89210,Teen Mom: Young Moms Club,/6VOln95OIaBdSwZJ1gKbo54TiUM.jpg
76808,Coach Snoop,/AaUuffBSzEByjiFW0FFnBK2BkOb.jpg
32568,Five Daughters,/vfxMZkHwFRa0E6SfeU93FZNhxpL.jpg
3800,Parental Control,/tyIjBMAkllFQUstYkv4OH7zhH3A.jpg
32788,The Whole Truth,/heNIMticSTyeDJxNYGvrZW5U2Sa.jpg
47189,Dead by Sunset,/1hrPSDTPKAbBHXfBETLdE3rJWWa.jpg
69203,Cupid's Chocolates,/cFherIjXhMgw7kfmXoVznwQniec.jpg
34671,Mokke,/rKK9ZkMgGh2oeB2FiG00fnkaS2w.jpg
2722,Homefront,/xiM4k9BhDuIz2bFtBOQQeP6YgUF.jpg
3287,Himitsu Sentai Goranger,/9RVSbWwobL9hpC987rHMsQ48XYK.jpg
69273,Chasing Cameron,/zHzW4zoCPcqLRsfZstR36nyCtmU.jpg
7545,Karl & Co,/7HYD4e24ONSYh1VUBbfe2KGZAPQ.jpg
220674,A Thin Line,/rspbUeRYRp8roXvDL4nEZdihcwv.jpg
77248,Animals with Cameras,/1UiWvKyYJwXsc9YamUsd7o5MKNj.jpg
84344,La obra de mi vida,/dnWdryMsokVYAT34Qj84mZUrtsD.jpg
196510,Gordon Ramsay's Future Food Stars,/aSJCut6FF6dszkbRNduJLkOrBRv.jpg
39102,Penn & Teller Tell a Lie,/a4k8kbiNG7zBLmM8XSQPwI0iltr.jpg
41252,The Fruitties,/bSemLhZADYHUowPRpj9iz2H6tWv.jpg
72049,Kafr Delhap,/hIYfD4WfZzcn8juzKT9Lk3WNypW.jpg
84312,MosGaz. Delo N4: Shakal,/wqB57s4g6paE5v5c5XQIC4Jrxcv.jpg
15851,Wicked Science,/3RxN4rhyYhOY4rdSARoYsJQLIhZ.jpg
88964,Hong Kong West Side Stories,/dFnIrarsLsvJbCQdFc7m0EvuJ93.jpg
56499,Attention Please,/cTJDncLDzm9bPz5136aqQYXb2dm.jpg
12472,Piece of Cake,/yXni4F5Fw8PsVdzw9ix2JR136v8.jpg
40889,Il commissario Manara,/1lTek9F7BRRUq8tU618zmBjnZLM.jpg
138481,A Superior Day,/6R0rOAOQHC3TAvLAPk1vdj3ZVAI.jpg
40067,White Heat,/heXcHl2sl8LNe7sz4sEgbDXNAql.jpg
10266,The Bad News Bears,/aMdYpSCDOzcGjYavAe1MbvGx3Se.jpg
76167,Pushpavalli,/5lGzXVFsgRH20Ua6fKH1zLbDaMD.jpg
69460,Crossroads,/4wK7LemDEfPNz47OUwc32HBlHXw.jpg
137045,Tokyo 24th Ward,/3NYB8HfKALKQ4cHGx8Rx4Dhd0YE.jpg
3189,Quintuplets,/1njNWXvE6kpZB9pRemQJ1EhWl1.jpg
